Conflict graph: 235 nodes, 1868 edges

Maximum independent set size: 83
(Out of 235 West Coast nodes)

These 83 nodes are all more than 30 miles apart from each other:
  (30.0774, -99.10731)
  (30.209862, -92.002378)
  (30.25011, -93.01142)
  (30.330588, -97.701649)
  (30.35815, -99.606129)
  (30.437821, -95.498724)
  (30.725159, -96.425728)
  (31.151717, -93.265081)
  (31.207465, -95.996079)
  (31.34545, -92.51807)
  (31.499498, -97.173412)
  (31.784139, -93.08731)
  (31.940555, -102.169802)
  (32.029056, -93.713243)
  (32.178328, -110.960207)
  (32.181782, -94.334174)
  (32.267588, -107.774524)
  (32.354553, -95.302495)
  (32.448848, -100.439583)
  (32.469998, -93.672804)
  (32.596725, -117.019495)
  (32.62712, -96.74537)
  (32.627591, -97.314361)
  (32.698465, -97.959695)
  (32.794671, -115.539473)
  (32.881785, -111.777561)
  (33.30006, -111.96835)
  (33.39639, -110.76888)
  (33.463568, -112.459255)
  (33.603063, -114.598023)
  (33.73573, -97.14484)
  (33.899899, -118.207088)
  (33.94423, -96.41932)
  (33.984094, -106.887526)
  (34.02094, -117.385415)
  (34.071417, -99.009382)
  (34.118101, -116.45646)
  (34.188212, -97.171022)
  (34.421443, -119.684178)
  (34.584172, -98.396813)
  (34.689589, -118.130371)
  (34.773291, -96.697633)
  (34.886448, -117.079423)
  (35.004614, -106.032837)
  (35.01643, -110.675005)
  (35.079896, -106.746225)
  (35.106478, -92.43572)
  (35.189976, -101.706309)
  (35.25655, -96.671004)
  (35.263617, -112.194139)
  (35.309665, -99.631741)
  (35.35468, -94.437379)
  (35.392817, -97.422948)
  (35.400164, -119.399727)
  (35.490972, -98.967096)
  (35.65758, -105.993406)
  (35.840761, -98.419831)
  (35.853211, -94.989243)
  (35.87844, -97.392471)
  (36.075856, -119.043996)
  (36.081743, -96.054325)
  (36.167392, -94.119169)
  (36.220567, -115.125553)
  (36.249164, -95.333829)
  (36.434113, -99.427596)
  (36.535661, -97.33916)
  (36.706596, -101.443207)
  (36.71838, -108.167694)
  (36.72136, -119.761165)
  (36.751521, -96.000152)
  (37.069631, -100.905444)
  (37.161682, -113.434692)
  (37.183969, -104.499646)
  (37.199194, -93.402643)
  (37.648431, -98.094183)
  (37.737099, -97.32375)
  (37.962455, -100.846437)
  (38.164391, -112.278183)
  (38.54421, -106.92517)
  (38.89357, -94.36045)
  (38.945105, -104.724068)
  (38.96627, -95.700495)
  (38.971499, -92.294316)
18
Num of charging stations 18
Num of proxy stations 83
Dallas closest node: (32.7658795, -96.8754612), distance: 4.6 miles
Connected to PHX? True
Connected to LA? True
Set parameter WLSAccessID
Set parameter WLSSecret
Set parameter LicenseID to value 937859
Academic license 937859 - for non-commercial use only - registered to hp___@cornell.edu
construct_parallel:   0%|          | 0/101 [00:00<?, ?it/s]construct_parallel:   1%|          | 1/101 [00:00<00:21,  4.74it/s]construct_parallel:   4%|▍         | 4/101 [00:00<00:11,  8.14it/s]construct_parallel:   9%|▉         | 9/101 [00:00<00:05, 16.39it/s]construct_parallel:  12%|█▏        | 12/101 [00:00<00:05, 15.43it/s]construct_parallel:  15%|█▍        | 15/101 [00:01<00:05, 16.71it/s]construct_parallel:  19%|█▉        | 19/101 [00:01<00:04, 17.68it/s]construct_parallel:  26%|██▌       | 26/101 [00:01<00:02, 27.31it/s]construct_parallel:  30%|██▉       | 30/101 [00:02<00:06, 10.99it/s]construct_parallel:  34%|███▎      | 34/101 [00:02<00:05, 12.88it/s]construct_parallel:  39%|███▊      | 39/101 [00:02<00:04, 15.17it/s]construct_parallel:  45%|████▍     | 45/101 [00:02<00:03, 15.89it/s]construct_parallel:  52%|█████▏    | 53/101 [00:03<00:02, 21.80it/s]construct_parallel:  55%|█████▌    | 56/101 [00:03<00:02, 22.10it/s]construct_parallel:  58%|█████▊    | 59/101 [00:03<00:02, 20.41it/s]construct_parallel:  61%|██████▏   | 62/101 [00:03<00:01, 20.90it/s]construct_parallel:  65%|██████▌   | 66/101 [00:03<00:01, 18.58it/s]construct_parallel:  72%|███████▏  | 73/101 [00:04<00:01, 22.32it/s]construct_parallel:  76%|███████▌  | 77/101 [00:04<00:00, 24.27it/s]construct_parallel:  79%|███████▉  | 80/101 [00:04<00:00, 24.18it/s]construct_parallel:  84%|████████▍ | 85/101 [00:04<00:00, 28.14it/s]construct_parallel:  88%|████████▊ | 89/101 [00:04<00:00, 24.52it/s]construct_parallel:  91%|█████████ | 92/101 [00:04<00:00, 23.17it/s]construct_parallel:  96%|█████████▌| 97/101 [00:05<00:00, 20.48it/s]construct_parallel: 100%|██████████| 101/101 [00:05<00:00, 19.32it/s]
Size of network:  12521  nodes,  230099  edges
Set parameter MIPGap to value 0.05
{(13, 74): 1, (49, 13): 1, (28, 49): 5}
'''' LOGGING ''''
Gurobi Optimizer version 13.0.1 build v13.0.1rc0 (linux64 - "Debian GNU/Linux 12 (bookworm)")

CPU model: Intel(R) Xeon(R) CPU @ 2.20GHz, instruction set [SSE2|AVX|AVX2]
Thread count: 1 physical cores, 2 logical processors, using up to 2 threads

Non-default parameters:
MIPGap  0.05

Academic license 937859 - for non-commercial use only - registered to hp___@cornell.edu
Optimize a model with 670154 rows, 1380796 columns and 3513964 nonzeros (Min)
Model fingerprint: 0x69aea3c5
Model has 991219 linear objective coefficients
Variable types: 0 continuous, 1380796 integer (0 binary)
Coefficient statistics:
  Matrix range     [1e+00, 3e+05]
  Objective range  [6e-01, 8e+02]
  Bounds range     [0e+00, 0e+00]
  RHS range        [1e+00, 5e+00]

Presolve removed 534067 rows and 704690 columns (presolve time = 5s)...
Presolve removed 539111 rows and 714772 columns (presolve time = 10s)...
Presolve removed 540870 rows and 740196 columns (presolve time = 15s)...
Presolve removed 542505 rows and 750645 columns (presolve time = 21s)...
Presolve removed 542549 rows and 753040 columns (presolve time = 25s)...
Presolve removed 542575 rows and 753085 columns (presolve time = 30s)...
Presolve removed 542568 rows and 753078 columns
Presolve time: 33.31s
Presolved: 127586 rows, 627718 columns, 1454411 nonzeros
Variable types: 0 continuous, 627718 integer (1952 binary)

Root simplex log...

Iteration    Objective       Primal Inf.    Dual Inf.      Time
       0      handle free variables                         48s
    4009    7.6969865e+02   4.250000e+01   0.000000e+00     50s
    8149    1.0260420e+03   7.456298e+01   0.000000e+00     55s
   10838    1.2658946e+03   8.975000e+01   0.000000e+00     61s
   13118    1.6355109e+03   2.138815e+02   0.000000e+00     65s
   14718    1.6683616e+03   2.342536e+02   0.000000e+00     71s
   15648    1.7104056e+03   1.135793e+02   0.000000e+00     77s
   16408    1.7174795e+03   1.020000e+02   0.000000e+00     81s
   17218    1.7448768e+03   8.600000e+01   0.000000e+00     85s
   18468    1.7680923e+03   6.920113e+01   0.000000e+00     90s
   19378    1.7770503e+03   2.929849e+02   0.000000e+00     95s
   20398    1.8139447e+03   3.495627e+02   0.000000e+00    100s
   21198    1.8197226e+03   2.560000e+02   0.000000e+00    105s
   22088    1.8292246e+03   1.606674e+02   0.000000e+00    110s
   22988    1.8632893e+03   8.711582e+01   0.000000e+00    115s
   23868    1.8711166e+03   1.336876e+02   0.000000e+00    120s
   24498    1.8726189e+03   1.229689e+02   0.000000e+00    125s
   25168    1.8742011e+03   1.736569e+02   0.000000e+00    130s
   25868    1.8815216e+03   1.703051e+02   0.000000e+00    135s
   26558    1.8873066e+03   1.618767e+02   0.000000e+00    141s
   27168    1.8902030e+03   2.478264e+02   0.000000e+00    146s
   27698    1.9229599e+03   7.615287e+01   0.000000e+00    150s
   28358    1.9298193e+03   1.997500e+02   0.000000e+00    155s
   29058    1.9445110e+03   7.700000e+01   0.000000e+00    160s
   29748    1.9669665e+03   1.480000e+02   0.000000e+00    165s
   30498    1.9945401e+03   1.462500e+02   0.000000e+00    170s
   31188    2.0213351e+03   2.141164e+02   0.000000e+00    175s
   32088    2.1270590e+03   8.500000e+01   0.000000e+00    180s
   32798    2.1601138e+03   4.280000e+02   0.000000e+00    186s
   33368    2.2411138e+03   1.500000e+02   0.000000e+00    190s
   33978    2.2682229e+03   1.390709e+02   0.000000e+00    195s
   34568    2.2826925e+03   1.245000e+02   0.000000e+00    201s
   35058    2.2950501e+03   1.187779e+03   0.000000e+00    206s
   35538    2.2994219e+03   1.623387e+02   0.000000e+00    211s
   36048    2.3076902e+03   2.422459e+03   0.000000e+00    215s
   36568    2.3140456e+03   3.148171e+02   0.000000e+00    220s
   37148    2.3189948e+03   1.719492e+02   0.000000e+00    226s
   37578    2.3223124e+03   2.322500e+02   0.000000e+00    230s
   38028    2.3235847e+03   8.781620e+02   0.000000e+00    235s
   38458    2.3239707e+03   3.950399e+02   0.000000e+00    240s
   39158    2.3551022e+03   2.032966e+02   0.000000e+00    245s
   39658    2.3592551e+03   5.695876e+02   0.000000e+00    250s
   40118    2.3673665e+03   1.336773e+02   0.000000e+00    255s
   40558    2.3678878e+03   1.488177e+02   0.000000e+00    260s
   41098    2.3725905e+03   1.125214e+02   0.000000e+00    267s
   41508    2.3803455e+03   1.444253e+02   0.000000e+00    272s
   41898    2.3872391e+03   3.097870e+02   0.000000e+00    275s
   42448    2.3888281e+03   1.207565e+02   0.000000e+00    282s
   42858    2.3919843e+03   2.247508e+02   0.000000e+00    286s
   43308    2.4204553e+03   1.976146e+02   0.000000e+00    290s
   43728    2.4335064e+03   1.005417e+02   0.000000e+00    295s
   44258    2.5306092e+03   2.627013e+02   0.000000e+00    301s
   44708    2.5948785e+03   1.242861e+02   0.000000e+00    305s
   45278    2.6120656e+03   2.774031e+02   0.000000e+00    310s
   45908    2.6287361e+03   9.904499e+01   0.000000e+00    316s
   46418    2.6292327e+03   4.494464e+02   0.000000e+00    321s
   46968    2.6297837e+03   2.373604e+02   0.000000e+00    326s
   47448    2.6599299e+03   1.597681e+02   0.000000e+00    330s
   48048    2.6741740e+03   2.465515e+02   0.000000e+00    335s
   48758    2.6779904e+03   4.909153e+02   0.000000e+00    341s
   49388    2.6852370e+03   1.472903e+02   0.000000e+00    346s
   49768    2.6854025e+03   6.324859e+01   0.000000e+00    352s
   50048    2.6857335e+03   6.991525e+01   0.000000e+00    355s
   50528    2.7013671e+03   1.144153e+02   0.000000e+00    361s
   50998    2.7074835e+03   1.269153e+02   0.000000e+00    365s
   51598    2.7184904e+03   4.291525e+01   0.000000e+00    370s
   52408    2.7859904e+03   3.009153e+02   0.000000e+00    376s
   52738    2.7869835e+03   1.209153e+02   0.000000e+00    380s
   53368    2.8534904e+03   3.784153e+02   0.000000e+00    385s
   54078    2.9547404e+03   4.691525e+01   0.000000e+00    390s
   54828    3.0571821e+03   5.169153e+02   0.000000e+00    397s
   55218    3.0834083e+03   4.755919e+02   0.000000e+00    400s
   56028    3.2515837e+03   3.819153e+02   0.000000e+00    406s
   56598    3.9554190e+03   2.659153e+02   0.000000e+00    410s
   57208    4.8792854e+03   4.103696e+02   0.000000e+00    416s
   57558    4.9592506e+03   2.526584e+02   0.000000e+00    420s
   58198    4.9957233e+03   8.891525e+01   0.000000e+00    427s
   58538    4.9990983e+03   9.791525e+01   0.000000e+00    431s
   59208    5.0161223e+03   8.741525e+01   0.000000e+00    436s
   59628    5.0227424e+03   1.310975e+02   0.000000e+00    441s
   60178    5.0514568e+03   4.550000e+01   0.000000e+00    445s
   60768    5.0784568e+03   4.900000e+01   0.000000e+00    451s
   60975    5.0805963e+03   0.000000e+00   0.000000e+00    454s
   60975    5.0805963e+03   0.000000e+00   0.000000e+00    455s

Root relaxation: objective 5.080596e+03, 60975 iterations, 412.14 seconds (87.77 work units)

    Nodes    |    Current Node    |     Objective Bounds      |     Work
 Expl Unexpl |  Obj  Depth IntInf | Incumbent    BestBd   Gap | It/Node Time

     0     0 5080.59629    0   62          - 5080.59629      -     -  525s
H    0     0                    5495.4794521 5080.59629  7.55%     -  533s
H    0     0                    5197.9041096 5080.59629  2.26%     -  550s

Explored 1 nodes (128709 simplex iterations) in 550.56 seconds (111.94 work units)
Thread count was 2 (of 2 available processors)

Solution count 2: 5197.9 5495.48 

Optimal solution found (tolerance 5.00e-02)
Best objective 5.197904109589e+03, best bound 5.080596288434e+03, gap 2.2568%
Iteration:  1
Size of network:  12521  nodes,  230099  edges
Obj Value:  5197.904109589042
a: {}
n: {2: 1.0, 5: 6.0, 13: 5.0, 21: 6.0, 23: 5.0, 26: 4.0, 28: 5.0, 31: 1.0, 34: 1.0, 36: 6.0, 39: 1.0, 40: 5.0, 43: 6.0, 50: 1.0, 58: 6.0, 67: 2.0, 69: 5.0, 72: 3.0, 76: 1.0}
{0: (34.421443, -119.684178), 1: (36.167392, -94.119169), 2: (34.071417, -99.009382), 3: (34.689589, -118.130371), 4: (36.434113, -99.427596), 5: (35.400164, -119.399727), 6: (37.2129649, -93.37103), 7: (30.25011, -93.01142), 8: (36.751521, -96.000152), 9: (35.35468, -94.437379), 10: (38.89357, -94.36045), 11: (33.7885884, -118.2150827), 12: (32.596725, -117.019495), 13: (33.30006, -111.96835), 14: (35.392817, -97.422948), 15: (38.96627, -95.700495), 16: (30.725159, -96.425728), 17: (37.737099, -97.32375), 18: (34.188212, -97.171022), 19: (33.94423, -96.41932), 20: (30.209862, -92.002378), 21: (37.183969, -104.499646), 22: (32.267588, -107.774524), 23: (36.72136, -119.761165), 24: (30.437821, -95.498724), 25: (35.079896, -106.746225), 26: (35.840761, -98.419831), 27: (31.207465, -95.996079), 28: (33.899899, -118.207088), 29: (33.3874378, -110.7609849), 30: (34.02094, -117.385415), 31: (33.603063, -114.598023), 32: (35.189976, -101.706309), 33: (35.853211, -94.989243), 34: (35.004614, -106.032837), 35: (31.151717, -93.265081), 36: (36.706596, -101.443207), 37: (37.069631, -100.905444), 38: (32.62712, -96.74537), 39: (36.075856, -119.043996), 40: (35.65758, -105.993406), 41: (32.181782, -94.334174), 42: (30.330588, -97.701649), 43: (35.01643, -110.675005), 44: (35.25655, -96.671004), 45: (33.3021433, -111.9552863), 46: (36.535661, -97.33916), 47: (32.698465, -97.959695), 48: (33.984094, -106.887526), 49: (32.7658795, -96.8754612), 50: (35.309665, -99.631741), 51: (31.784139, -93.08731), 52: (33.0390751, -117.2841996), 53: (38.164391, -112.278183), 54: (34.4349097, -119.9212861), 55: (31.499498, -97.173412), 56: (33.9541734, -117.5556971), 57: (34.118101, -116.45646), 58: (36.71838, -108.167694), 59: (31.940555, -102.169802), 60: (36.081743, -96.054325), 61: (32.469998, -93.672804), 62: (34.4425082, -119.7812613), 63: (37.648431, -98.094183), 64: (32.448848, -100.439583), 65: (32.627591, -97.314361), 66: (38.54421, -106.92517), 67: (34.886448, -117.079423), 68: (35.9874334, -119.961999), 69: (32.794671, -115.539473), 70: (36.220567, -115.125553), 71: (35.106478, -92.43572), 72: (34.584172, -98.396813), 73: (33.39639, -110.76888), 74: (37.8135094, -119.8800771), 75: (35.87844, -97.392471), 76: (35.490972, -98.967096), 77: (33.8310496, -116.5452277), 78: (32.354553, -95.302495), 79: (37.962455, -100.846437), 80: (32.178328, -110.960207), 81: (38.7747705, -119.9029911), 82: (33.463568, -112.459255), 83: (36.009923, -114.784826), 84: (35.3002628, -119.0381956), 85: (36.249164, -95.333829), 86: (33.6699802, -96.6120405), 87: (38.971499, -92.294316), 88: (32.029056, -93.713243), 89: (33.8722233, -118.2654222), 90: (35.263617, -112.194139), 91: (37.199194, -93.402643), 92: (33.73573, -97.14484), 93: (32.881785, -111.777561), 94: (37.161682, -113.434692), 95: (30.35815, -99.606129), 96: (34.773291, -96.697633), 97: (34.12755, -118.443664), 98: (31.34545, -92.51807), 99: (38.945105, -104.724068), 100: (30.0774, -99.10731)}
x_load_0: {((67, 13, 1, 1), (67, 100, 1, 3), 0): 1.0, ((39, 28, 1, 1), (39, 100, 1, 3), 0): 1.0, ((74, 33, 1, 1), (74, 33, 119, 1), 0): 1.0, ((39, 100, 1, 3), (74, 33, 1, 1), 0): 1.0, ((13, 84, 0, 3), (31, 4, 1, 0), 0): 1.0, ((31, 4, 1, 0), (31, 100, 1, 3), 0): 1.0, ((31, 100, 1, 3), (67, 13, 1, 1), 0): 1.0, ((67, 100, 1, 3), (39, 28, 1, 1), 0): 1.0}
x_ener_0: {((23, 6, 1, 0), (23, 6, 51, 0), 0): 1.0, ((28, 47, 1, 2), (30, 30, 1, 1), 0): 4.0, ((89, 70, 1, 2), (28, 70, 1, 2), 1): 4.0, ((28, 70, 1, 2), (11, 68, 1, 2), 0): 2.0, ((28, 70, 1, 2), (28, 70, 51, 2), 0): 2.0, ((30, 30, 1, 1), (30, 30, 51, 1), 0): 4.0, ((56, 59, 1, 2), (28, 47, 1, 2), 0): 4.0, ((77, 33, 1, 1), (69, 0, 1, 0), 0): 2.0, ((23, 6, 51, 0), (23, 6, 101, 0), 0): 1.0, ((56, 27, 51, 1), (56, 27, 101, 1), 0): 4.0, ((89, 47, 51, 2), (97, 40, 51, 2), 0): 1.0, ((28, 70, 51, 2), (56, 53, 51, 2), 0): 2.0, ((56, 53, 51, 2), (69, 4, 51, 0), 0): 2.0, ((30, 30, 51, 1), (56, 27, 51, 1), 0): 4.0, ((28, 6, 101, 0), (28, 6, 119, 0), 0): 5.0, ((11, 5, 101, 0), (28, 6, 101, 0), 1): 1.0, ((23, 6, 101, 0), (23, 6, 119, 0), 0): 1.0, ((30, 27, 101, 1), (28, 6, 101, 0), 0): 4.0, ((56, 27, 101, 1), (30, 27, 101, 1), 0): 4.0, ((89, 70, 101, 2), (28, 70, 101, 2), 1): 1.0, ((28, 70, 101, 2), (52, 44, 101, 2), 0): 1.0, ((67, 13, 1, 1), (67, 13, 51, 1), 0): 1.0, ((5, 10, 1, 1), (5, 10, 119, 1), 0): 1.0, ((39, 28, 1, 1), (5, 10, 1, 1), 0): 1.0, ((11, 68, 1, 2), (77, 33, 1, 1), 0): 2.0, ((11, 80, 1, 3), (28, 76, 1, 2), 0): 2.0, ((89, 80, 1, 3), (11, 80, 1, 3), 0): 2.0, ((67, 13, 51, 1), (67, 13, 101, 1), 0): 1.0, ((97, 40, 51, 2), (67, 6, 51, 0), 0): 1.0, ((97, 53, 51, 2), (89, 47, 51, 2), 0): 1.0, ((67, 13, 101, 1), (67, 13, 119, 1), 0): 1.0, ((5, 100, 1, 3), (5, 100, 51, 3), 0): 2.0, ((74, 33, 1, 1), (23, 6, 1, 0), 0): 1.0, ((5, 100, 0, 3), (84, 100, 1, 3), 0): 6.0, ((39, 100, 1, 3), (74, 33, 1, 1), 0): 1.0, ((68, 100, 1, 3), (39, 100, 1, 3), 0): 1.0, ((84, 100, 1, 3), (5, 100, 1, 3), 0): 2.0, ((84, 100, 1, 3), (89, 70, 1, 2), 0): 4.0, ((5, 89, 51, 3), (97, 53, 51, 2), 0): 1.0, ((5, 100, 51, 3), (84, 100, 51, 3), 0): 1.0, ((5, 100, 51, 3), (5, 100, 101, 3), 0): 1.0, ((67, 6, 51, 0), (67, 6, 101, 0), 0): 1.0, ((84, 100, 51, 3), (5, 89, 51, 3), 0): 1.0, ((5, 100, 101, 3), (84, 100, 101, 3), 0): 1.0, ((67, 6, 101, 0), (67, 6, 119, 0), 0): 1.0, ((84, 100, 101, 3), (89, 70, 101, 2), 0): 1.0, ((11, 74, 1, 2), (56, 59, 1, 2), 0): 4.0, ((11, 76, 1, 2), (89, 73, 1, 2), 0): 4.0, ((11, 96, 1, 3), (89, 97, 1, 3), 1): 2.0, ((69, 0, 1, 0), (69, 0, 119, 0), 0): 2.0, ((89, 73, 1, 2), (11, 74, 1, 2), 1): 4.0, ((89, 77, 1, 2), (11, 76, 1, 2), 0): 4.0, ((28, 76, 1, 2), (89, 77, 1, 2), 1): 2.0, ((89, 90, 1, 3), (11, 96, 1, 3), 0): 2.0, ((56, 95, 1, 3), (89, 77, 1, 2), 0): 2.0, ((89, 97, 1, 3), (56, 95, 1, 3), 0): 2.0, ((89, 98, 1, 3), (97, 100, 1, 3), 0): 2.0, ((97, 100, 1, 3), (89, 90, 1, 3), 0): 2.0, ((11, 86, 101, 3), (28, 90, 101, 3), 0): 1.0, ((11, 96, 101, 3), (56, 95, 101, 3), 0): 1.0, ((28, 90, 101, 3), (89, 90, 101, 3), 1): 1.0, ((89, 90, 101, 3), (11, 96, 101, 3), 0): 1.0, ((56, 95, 101, 3), (11, 86, 101, 3), 0): 1.0, ((69, 4, 51, 0), (69, 4, 101, 0), 0): 2.0, ((69, 4, 101, 0), (69, 4, 119, 0), 0): 2.0, ((52, 44, 101, 2), (11, 5, 101, 0), 0): 1.0, ((31, 59, 101, 2), (13, 4, 101, 0), 0): 5.0, ((13, 84, 0, 3), (31, 4, 1, 0), 0): 1.0, ((31, 4, 1, 0), (31, 4, 51, 0), 0): 1.0, ((31, 4, 51, 0), (31, 4, 119, 0), 0): 1.0, ((13, 4, 101, 0), (13, 4, 119, 0), 0): 5.0, ((28, 81, 0, 3), (89, 80, 1, 3), 0): 2.0, ((28, 100, 0, 3), (89, 98, 1, 3), 0): 2.0, ((31, 100, 1, 3), (67, 13, 1, 1), 0): 1.0, ((31, 100, 0, 3), (31, 100, 1, 3), 0): 1.0, ((39, 100, 0, 3), (68, 100, 1, 3), 0): 1.0, ((67, 100, 1, 3), (39, 28, 1, 1), 0): 1.0, ((67, 100, 0, 3), (67, 100, 1, 3), 0): 1.0, ((69, 100, 1, 3), (69, 100, 51, 3), 0): 5.0, ((69, 100, 0, 3), (69, 100, 1, 3), 0): 5.0, ((69, 100, 51, 3), (69, 100, 101, 3), 0): 5.0, ((69, 100, 101, 3), (31, 59, 101, 2), 0): 5.0}
(((13, np.int64(84), np.int64(0), 3), (31, 4, 1, 0), 0), ((31, 4, 1, 0), (31, 100, 1, 3), 0), ((31, 100, 1, 3), (67, 13, 1, 1), 0), ((67, 13, 1, 1), (67, 100, 1, 3), 0), ((67, 100, 1, 3), (39, 28, 1, 1), 0), ((39, 28, 1, 1), (39, 100, 1, 3), 0), ((39, 100, 1, 3), (74, 33, 1, 1), 0), ((74, 33, 1, 1), (74, 33, 119, 1), 0))
New edge added:  ((13, np.int64(84), np.int64(0), 3), (31, np.int64(4), np.int64(10), 0), 0)  Edge removed:  ((13, np.int64(84), np.int64(0), 3), (31, 4, 1, 0), 0)
x_load_1: {((72, 20, 1, 1), (72, 100, 1, 3), 0): 1.0, ((72, 100, 1, 3), (76, 63, 1, 2), 0): 1.0, ((36, 15, 1, 1), (36, 100, 1, 3), 0): 1.0, ((13, 7, 1, 0), (13, 7, 119, 0), 0): 1.0, ((21, 10, 1, 1), (21, 100, 1, 3), 0): 1.0, ((21, 100, 1, 3), (40, 30, 1, 1), 0): 1.0, ((40, 30, 1, 1), (40, 77, 1, 2), 0): 1.0, ((76, 100, 1, 3), (36, 15, 1, 1), 0): 1.0, ((43, 80, 1, 3), (13, 7, 1, 0), 0): 1.0, ((40, 77, 1, 2), (58, 4, 1, 0), 0): 1.0, ((36, 100, 1, 3), (21, 10, 1, 1), 0): 1.0, ((58, 4, 1, 0), (58, 100, 1, 3), 0): 1.0, ((43, 4, 1, 0), (43, 80, 1, 3), 0): 1.0, ((49, 100, 0, 3), (72, 20, 1, 1), 0): 1.0, ((58, 100, 1, 3), (43, 4, 1, 0), 0): 1.0, ((76, 63, 1, 2), (76, 100, 1, 3), 0): 1.0}
x_ener_1: {((5, 4, 51, 0), (5, 4, 101, 0), 0): 1.0, ((5, 4, 101, 0), (5, 4, 119, 0), 0): 1.0, ((2, 2, 1, 0), (2, 2, 51, 0), 0): 1.0, ((2, 100, 1, 3), (72, 100, 1, 3), 0): 1.0, ((72, 20, 1, 1), (2, 2, 1, 0), 0): 1.0, ((76, 2, 1, 0), (76, 2, 119, 0), 0): 1.0, ((72, 100, 1, 3), (76, 63, 1, 2), 0): 1.0, ((2, 2, 51, 0), (2, 2, 101, 0), 0): 1.0, ((2, 2, 101, 0), (2, 2, 119, 0), 0): 1.0, ((84, 10, 1, 1), (84, 10, 51, 1), 0): 1.0, ((84, 10, 51, 1), (5, 4, 51, 0), 0): 1.0, ((36, 15, 1, 1), (36, 15, 51, 1), 0): 1.0, ((36, 15, 51, 1), (36, 15, 119, 1), 0): 1.0, ((13, 7, 1, 0), (13, 7, 51, 0), 0): 1.0, ((13, 7, 51, 0), (13, 7, 119, 0), 0): 1.0, ((72, 39, 1, 1), (76, 2, 1, 0), 0): 1.0, ((21, 10, 1, 1), (21, 10, 119, 1), 0): 1.0, ((21, 100, 1, 3), (40, 30, 1, 1), 0): 1.0, ((21, 100, 0, 3), (21, 100, 1, 3), 0): 1.0, ((34, 9, 1, 0), (34, 9, 119, 0), 0): 1.0, ((40, 30, 1, 1), (34, 9, 1, 0), 0): 1.0, ((34, 100, 1, 3), (40, 77, 1, 2), 0): 1.0, ((76, 100, 1, 3), (36, 15, 1, 1), 0): 1.0, ((28, 49, 0, 2), (84, 10, 1, 1), 0): 1.0, ((43, 80, 1, 3), (13, 7, 1, 0), 0): 1.0, ((40, 77, 1, 2), (58, 4, 1, 0), 0): 1.0, ((36, 100, 1, 3), (21, 10, 1, 1), 0): 1.0, ((36, 100, 0, 3), (36, 100, 1, 3), 0): 1.0, ((58, 4, 1, 0), (58, 4, 51, 0), 0): 1.0, ((40, 100, 0, 3), (34, 100, 1, 3), 0): 1.0, ((58, 4, 51, 0), (58, 4, 119, 0), 0): 1.0, ((43, 4, 1, 0), (43, 4, 51, 0), 0): 1.0, ((43, 80, 0, 3), (43, 80, 1, 3), 0): 1.0, ((43, 4, 51, 0), (43, 4, 119, 0), 0): 1.0, ((49, 100, 0, 3), (72, 20, 1, 1), 0): 1.0, ((50, 100, 0, 3), (76, 100, 1, 3), 0): 1.0, ((58, 100, 1, 3), (43, 4, 1, 0), 0): 1.0, ((58, 100, 0, 3), (58, 100, 1, 3), 0): 1.0, ((72, 100, 0, 3), (2, 100, 1, 3), 0): 1.0, ((76, 63, 1, 2), (72, 39, 1, 1), 0): 1.0}
(((49, np.int64(100), np.int64(0), 3), (72, 20, 1, 1), 0), ((72, 20, 1, 1), (72, 100, 1, 3), 0), ((72, 100, 1, 3), (76, 63, 1, 2), 0), ((76, 63, 1, 2), (76, 100, 1, 3), 0), ((76, 100, 1, 3), (36, 15, 1, 1), 0), ((36, 15, 1, 1), (36, 100, 1, 3), 0), ((36, 100, 1, 3), (21, 10, 1, 1), 0), ((21, 10, 1, 1), (21, 100, 1, 3), 0), ((21, 100, 1, 3), (40, 30, 1, 1), 0), ((40, 30, 1, 1), (40, 77, 1, 2), 0), ((40, 77, 1, 2), (58, 4, 1, 0), 0), ((58, 4, 1, 0), (58, 100, 1, 3), 0), ((58, 100, 1, 3), (43, 4, 1, 0), 0), ((43, 4, 1, 0), (43, 80, 1, 3), 0), ((43, 80, 1, 3), (13, 7, 1, 0), 0), ((13, 7, 1, 0), (13, 7, 119, 0), 0))
New edge added:  ((49, np.int64(100), np.int64(0), 3), (72, np.int64(20), np.int64(10), 1), 0)  Edge removed:  ((49, np.int64(100), np.int64(0), 3), (72, 20, 1, 1), 0)
x_load_2: {((39, 18, 1, 1), (39, 69, 1, 2), 0): 1.0, ((39, 18, 1, 1), (39, 100, 1, 3), 0): 3.0, ((39, 14, 1, 1), (39, 100, 1, 3), 0): 1.0, ((39, 69, 1, 2), (74, 6, 1, 0), 0): 1.0, ((72, 2, 1, 0), (72, 80, 1, 3), 0): 3.0, ((76, 15, 1, 1), (76, 39, 1, 1), 0): 3.0, ((76, 15, 1, 1), (76, 100, 1, 3), 0): 2.0, ((76, 39, 1, 1), (72, 2, 1, 0), 0): 3.0, ((49, 0, 1, 0), (49, 0, 119, 0), 0): 4.0, ((72, 63, 1, 2), (72, 80, 1, 3), 0): 1.0, ((72, 63, 1, 2), (72, 100, 1, 3), 0): 1.0, ((49, 20, 1, 1), (49, 20, 119, 1), 0): 1.0, ((72, 100, 1, 3), (49, 20, 1, 1), 0): 1.0, ((74, 6, 1, 0), (74, 6, 119, 0), 0): 1.0, ((74, 33, 1, 1), (74, 33, 119, 1), 0): 4.0, ((39, 100, 1, 3), (74, 33, 1, 1), 0): 4.0, ((13, 100, 0, 3), (43, 27, 1, 1), 0): 5.0, ((43, 27, 1, 1), (43, 100, 1, 3), 0): 5.0, ((21, 9, 1, 0), (21, 100, 1, 3), 0): 5.0, ((21, 100, 1, 3), (36, 10, 1, 1), 0): 5.0, ((36, 10, 1, 1), (36, 100, 1, 3), 0): 5.0, ((58, 80, 1, 3), (40, 6, 1, 0), 0): 5.0, ((76, 100, 1, 3), (72, 63, 1, 2), 0): 2.0, ((28, 96, 0, 3), (39, 14, 1, 1), 0): 1.0, ((28, 100, 0, 3), (39, 18, 1, 1), 0): 4.0, ((40, 6, 1, 0), (40, 77, 1, 2), 0): 5.0, ((40, 77, 1, 2), (21, 9, 1, 0), 0): 5.0, ((36, 100, 1, 3), (76, 15, 1, 1), 0): 5.0, ((58, 4, 1, 0), (58, 80, 1, 3), 0): 5.0, ((43, 100, 1, 3), (58, 4, 1, 0), 0): 5.0, ((72, 80, 1, 3), (49, 0, 1, 0), 0): 4.0}
x_ener_2: {((23, 6, 1, 0), (23, 6, 119, 0), 0): 4.0, ((39, 18, 1, 1), (5, 0, 1, 0), 0): 4.0, ((39, 14, 1, 1), (39, 14, 51, 1), 0): 1.0, ((39, 69, 1, 2), (74, 6, 1, 0), 0): 1.0, ((39, 14, 51, 1), (39, 14, 119, 1), 0): 1.0, ((72, 2, 1, 0), (72, 2, 119, 0), 0): 3.0, ((50, 4, 1, 0), (50, 4, 119, 0), 0): 1.0, ((76, 15, 1, 1), (26, 2, 1, 0), 0): 4.0, ((76, 15, 1, 1), (50, 4, 1, 0), 0): 1.0, ((76, 39, 1, 1), (72, 2, 1, 0), 0): 3.0, ((49, 0, 1, 0), (49, 0, 119, 0), 0): 4.0, ((72, 63, 1, 2), (76, 39, 1, 1), 0): 3.0, ((2, 100, 0, 3), (72, 100, 1, 3), 0): 1.0, ((49, 20, 1, 1), (49, 20, 119, 1), 0): 1.0, ((72, 100, 1, 3), (49, 20, 1, 1), 0): 1.0, ((57, 67, 1, 2), (69, 12, 1, 1), 0): 1.0, ((67, 80, 1, 3), (57, 67, 1, 2), 0): 1.0, ((26, 2, 1, 0), (26, 2, 51, 0), 0): 4.0, ((26, 2, 51, 0), (26, 2, 101, 0), 0): 4.0, ((26, 2, 101, 0), (26, 2, 119, 0), 0): 4.0, ((74, 6, 1, 0), (74, 6, 51, 0), 0): 1.0, ((74, 33, 1, 1), (23, 6, 1, 0), 0): 4.0, ((39, 100, 1, 3), (74, 33, 1, 1), 0): 4.0, ((68, 100, 1, 3), (39, 100, 1, 3), 0): 4.0, ((5, 0, 1, 0), (5, 0, 119, 0), 0): 4.0, ((74, 6, 51, 0), (74, 6, 119, 0), 0): 1.0, ((69, 12, 1, 1), (69, 12, 51, 1), 0): 1.0, ((69, 12, 51, 1), (69, 12, 101, 1), 0): 1.0, ((69, 12, 101, 1), (69, 12, 119, 1), 0): 1.0, ((13, 100, 0, 3), (43, 27, 1, 1), 0): 5.0, ((43, 27, 1, 1), (43, 27, 51, 1), 0): 5.0, ((43, 27, 51, 1), (43, 27, 101, 1), 0): 5.0, ((43, 27, 101, 1), (43, 27, 119, 1), 0): 5.0, ((21, 9, 1, 0), (21, 9, 119, 0), 0): 5.0, ((21, 100, 1, 3), (36, 10, 1, 1), 0): 5.0, ((21, 100, 0, 3), (21, 100, 1, 3), 0): 5.0, ((36, 10, 1, 1), (36, 10, 119, 1), 0): 5.0, ((23, 100, 0, 3), (39, 69, 1, 2), 0): 1.0, ((23, 100, 0, 3), (68, 100, 1, 3), 0): 4.0, ((58, 80, 1, 3), (40, 6, 1, 0), 0): 5.0, ((26, 100, 1, 3), (76, 100, 1, 3), 0): 1.0, ((26, 100, 0, 3), (76, 100, 1, 3), 0): 4.0, ((76, 100, 1, 3), (72, 63, 1, 2), 0): 3.0, ((76, 100, 1, 3), (72, 80, 1, 3), 0): 2.0, ((28, 96, 0, 3), (39, 14, 1, 1), 0): 1.0, ((28, 100, 0, 3), (39, 18, 1, 1), 0): 4.0, ((40, 6, 1, 0), (40, 6, 119, 0), 0): 5.0, ((34, 100, 0, 3), (40, 77, 1, 2), 0): 1.0, ((40, 77, 1, 2), (21, 9, 1, 0), 0): 5.0, ((36, 100, 1, 3), (76, 15, 1, 1), 0): 5.0, ((36, 100, 0, 3), (36, 100, 1, 3), 0): 5.0, ((40, 77, 0, 2), (40, 77, 1, 2), 0): 4.0, ((58, 4, 1, 0), (58, 4, 119, 0), 0): 5.0, ((43, 100, 1, 3), (58, 4, 1, 0), 0): 5.0, ((43, 100, 0, 3), (43, 100, 1, 3), 0): 5.0, ((58, 80, 0, 3), (58, 80, 1, 3), 0): 5.0, ((67, 80, 0, 3), (67, 80, 1, 3), 0): 1.0, ((72, 80, 1, 3), (49, 0, 1, 0), 0): 4.0, ((72, 80, 0, 3), (72, 80, 1, 3), 0): 2.0, ((76, 100, 0, 3), (26, 100, 1, 3), 0): 1.0}
(((13, np.int64(100), np.int64(0), 3), (43, 27, 1, 1), 0), ((43, 27, 1, 1), (43, 100, 1, 3), 0), ((43, 100, 1, 3), (58, 4, 1, 0), 0), ((58, 4, 1, 0), (58, 80, 1, 3), 0), ((58, 80, 1, 3), (40, 6, 1, 0), 0), ((40, 6, 1, 0), (40, 77, 1, 2), 0), ((40, 77, 1, 2), (21, 9, 1, 0), 0), ((21, 9, 1, 0), (21, 100, 1, 3), 0), ((21, 100, 1, 3), (36, 10, 1, 1), 0), ((36, 10, 1, 1), (36, 100, 1, 3), 0), ((36, 100, 1, 3), (76, 15, 1, 1), 0), ((76, 15, 1, 1), (76, 39, 1, 1), 0), ((76, 39, 1, 1), (72, 2, 1, 0), 0), ((72, 2, 1, 0), (72, 80, 1, 3), 0), ((72, 80, 1, 3), (49, 0, 1, 0), 0), ((49, 0, 1, 0), (49, 0, 119, 0), 0))
New edge added:  ((13, np.int64(100), np.int64(0), 3), (43, np.int64(27), np.int64(9), 1), 0)  Edge removed:  ((13, np.int64(100), np.int64(0), 3), (43, 27, 1, 1), 0)
Solution cannot be extended to a feasible solution, updating network...
n[ 2 ] =  1.0
n[ 5 ] =  6.0
n[ 13 ] =  5.0
n[ 21 ] =  6.0
n[ 23 ] =  5.0
n[ 26 ] =  4.0
n[ 28 ] =  5.0
n[ 31 ] =  1.0
n[ 34 ] =  1.0
n[ 36 ] =  6.0
n[ 39 ] =  1.0
n[ 40 ] =  5.0
n[ 43 ] =  6.0
n[ 50 ] =  1.0
n[ 58 ] =  6.0
n[ 67 ] =  2.0
n[ 69 ] =  5.0
n[ 72 ] =  3.0
n[ 76 ] =  1.0
'''''''''''''''''
Gurobi Optimizer version 13.0.1 build v13.0.1rc0 (linux64 - "Debian GNU/Linux 12 (bookworm)")

CPU model: Intel(R) Xeon(R) CPU @ 2.20GHz, instruction set [SSE2|AVX|AVX2]
Thread count: 1 physical cores, 2 logical processors, using up to 2 threads

Non-default parameters:
MIPGap  0.05

Academic license 937859 - for non-commercial use only - registered to hp___@cornell.edu
Optimize a model with 675083 rows, 1389844 columns and 3541396 nonzeros (Min)
Model fingerprint: 0x630245c7
Model has 998590 linear objective coefficients
Variable types: 0 continuous, 1389844 integer (0 binary)
Coefficient statistics:
  Matrix range     [1e+00, 3e+05]
  Objective range  [6e-01, 8e+02]
  Bounds range     [0e+00, 0e+00]
  RHS range        [1e+00, 5e+00]

MIP start from previous solve did not produce a new incumbent solution
MIP start from previous solve violates constraint flow_bal_load[(31,_np.int64(4),_np.int64(1),_0),0] by 1.000000000
Processed MIP start in 1.91 seconds (0.33 work units)

Presolve removed 538845 rows and 712443 columns (presolve time = 5s)...
Presolve removed 542071 rows and 720000 columns (presolve time = 11s)...
Presolve removed 544000 rows and 739096 columns (presolve time = 15s)...
Presolve removed 545782 rows and 749318 columns (presolve time = 20s)...
Presolve removed 547410 rows and 760811 columns (presolve time = 25s)...
Presolve removed 547478 rows and 762032 columns (presolve time = 30s)...
Presolve removed 547478 rows and 762040 columns (presolve time = 35s)...
Presolve removed 547487 rows and 762035 columns
Presolve time: 36.31s
Presolved: 127596 rows, 627809 columns, 1454599 nonzeros
Variable types: 0 continuous, 627809 integer (1953 binary)

Root simplex log...

Iteration    Objective       Primal Inf.    Dual Inf.      Time
       0      handle free variables                         51s
    6368    9.5153508e+02   3.263559e+01   0.000000e+00     56s
    8688    1.0325608e+03   6.524479e+01   0.000000e+00     60s
   11321    1.3807255e+03   1.491410e+02   0.000000e+00     65s
   13611    1.6400287e+03   5.851193e+02   0.000000e+00     70s
   15301    1.7070173e+03   1.484125e+02   0.000000e+00     75s
   16731    1.7579795e+03   5.250000e+01   0.000000e+00     81s
   17731    1.7645309e+03   3.495000e+02   0.000000e+00     85s
   18781    1.8019780e+03   3.047122e+02   0.000000e+00     90s
   19761    1.8097375e+03   1.693249e+02   0.000000e+00     95s
   20561    1.8134633e+03   1.083475e+02   0.000000e+00    101s
   21351    1.8168232e+03   1.947443e+02   0.000000e+00    105s
   22311    1.8517761e+03   1.999867e+02   0.000000e+00    110s
   23271    1.8614702e+03   1.042119e+02   0.000000e+00    115s
   24171    1.8712016e+03   9.656695e+01   0.000000e+00    120s
   25051    1.8790674e+03   2.059016e+02   0.000000e+00    126s
   25771    1.8804842e+03   1.438803e+02   0.000000e+00    131s
   26601    1.9182270e+03   1.469665e+02   0.000000e+00    135s
   27481    1.9294788e+03   1.330300e+02   0.000000e+00    140s
   28291    1.9442030e+03   4.513685e+01   0.000000e+00    146s
   28881    1.9597976e+03   1.005000e+02   0.000000e+00    151s
   29501    1.9776651e+03   7.450000e+01   0.000000e+00    156s
   30191    1.9966285e+03   1.473051e+02   0.000000e+00    161s
   30881    2.0151543e+03   9.158333e+01   0.000000e+00    166s
   31771    2.0525110e+03   1.152500e+02   0.000000e+00    171s
   32591    2.2266206e+03   1.660000e+02   0.000000e+00    176s
   33331    2.2413124e+03   8.750000e+01   0.000000e+00    181s
   33821    2.2604499e+03   2.668305e+02   0.000000e+00    185s
   34511    2.2736824e+03   2.309593e+02   0.000000e+00    191s
   35011    2.2888951e+03   1.322531e+02   0.000000e+00    196s
   35521    2.2957915e+03   4.974797e+02   0.000000e+00    201s
   36081    2.3064996e+03   6.486928e+01   0.000000e+00    206s
   36561    2.3109241e+03   1.464124e+02   0.000000e+00    211s
   36991    2.3145350e+03   1.256485e+02   0.000000e+00    216s
   37501    2.3269100e+03   5.358643e+02   0.000000e+00    221s
   38101    2.3293070e+03   5.926804e+02   0.000000e+00    226s
   38611    2.3342729e+03   4.171662e+02   0.000000e+00    230s
   39351    2.3634132e+03   2.077592e+02   0.000000e+00    237s
   39741    2.3680104e+03   1.585401e+02   0.000000e+00    240s
   40121    2.3683824e+03   2.261723e+02   0.000000e+00    245s
   40541    2.3685479e+03   3.087938e+02   0.000000e+00    250s
   41241    2.3717648e+03   5.046610e+01   0.000000e+00    256s
   41681    2.3857295e+03   1.920000e+02   0.000000e+00    261s
   42311    2.3881447e+03   3.616925e+02   0.000000e+00    265s
   42831    2.3922554e+03   2.247461e+02   0.000000e+00    271s
   43491    2.4316107e+03   2.912541e+02   0.000000e+00    276s
   44061    2.4621748e+03   1.945286e+02   0.000000e+00    281s
   44561    2.4728136e+03   2.118050e+02   0.000000e+00    286s
   45181    2.5237286e+03   2.534306e+02   0.000000e+00    291s
   45581    2.5787714e+03   3.373056e+02   0.000000e+00    295s
   46081    2.6442897e+03   2.023563e+02   0.000000e+00    301s
   46511    2.6442898e+03   2.779831e+02   0.000000e+00    306s
   46881    2.6446111e+03   1.862724e+02   0.000000e+00    311s
   47531    2.6777201e+03   2.411718e+02   0.000000e+00    316s
   48131    2.6837200e+03   3.453281e+02   0.000000e+00    320s
   48591    2.6947143e+03   3.466992e+02   0.000000e+00    326s
   49011    2.7002511e+03   8.013246e+01   0.000000e+00    331s
   49381    2.7032547e+03   6.488983e+01   0.000000e+00    336s
   49841    2.7077211e+03   7.868644e+01   0.000000e+00    341s
   50381    2.7206252e+03   8.915819e+01   0.000000e+00    345s
   50981    2.7351183e+03   6.687429e+01   0.000000e+00    350s
   51551    2.7572873e+03   8.504096e+01   0.000000e+00    355s
   52321    2.8016252e+03   6.312429e+01   0.000000e+00    360s
   52941    2.8245038e+03   1.493044e+02   0.000000e+00    366s
   53771    2.8585047e+03   1.707987e+02   0.000000e+00    372s
   54141    2.8585373e+03   9.179096e+01   0.000000e+00    376s
   54471    2.8667125e+03   6.930807e+01   0.000000e+00    380s
   55121    2.9395701e+03   3.572395e+01   0.000000e+00    385s
   55811    3.0513669e+03   2.455189e+02   0.000000e+00    390s
   56441    3.0979242e+03   2.902519e+02   0.000000e+00    395s
   57281    3.2361412e+03   1.006243e+02   0.000000e+00    401s
   57811    4.1417662e+03   1.819576e+02   0.000000e+00    405s
   58451    4.9342802e+03   1.059576e+02   0.000000e+00    410s
   58981    5.0136230e+03   3.946029e+02   0.000000e+00    415s
   59461    5.0220454e+03   2.655791e+02   0.000000e+00    420s
   59811    5.0225419e+03   1.084746e+02   0.000000e+00    426s
   60091    5.0316564e+03   1.188785e+02   0.000000e+00    430s
   60631    5.0583021e+03   5.555042e+01   0.000000e+00    436s
   61061    5.0724691e+03   7.742914e+01   0.000000e+00    441s
   61311    5.0803244e+03   1.432569e+01   0.000000e+00    445s
   61383    5.0805963e+03   0.000000e+00   0.000000e+00    446s
   61383    5.0805963e+03   0.000000e+00   0.000000e+00    447s

Root relaxation: objective 5.080596e+03, 61383 iterations, 401.84 seconds (89.68 work units)

    Nodes    |    Current Node    |     Objective Bounds      |     Work
 Expl Unexpl |  Obj  Depth IntInf | Incumbent    BestBd   Gap | It/Node Time

     0     0 5080.59629    0   92          - 5080.59629      -     -  534s
H    0     0                    5495.4794521 5080.59629  7.55%     -  543s
H    0     0                    5386.2876712 5080.59629  5.68%     -  571s
H    0     0                    5102.0136986 5080.59629  0.42%     -  574s

Explored 1 nodes (122878 simplex iterations) in 574.69 seconds (116.52 work units)
Thread count was 2 (of 2 available processors)

Solution count 3: 5102.01 5386.29 5495.48 

Optimal solution found (tolerance 5.00e-02)
Best objective 5.102013698630e+03, best bound 5.080596288434e+03, gap 0.4198%
Iteration:  2
Size of network:  12593  nodes,  231604  edges
Obj Value:  5102.013698630137
a: {}
n: {5: 5.0, 13: 5.0, 21: 6.0, 23: 5.0, 26: 1.0, 31: 1.0, 36: 6.0, 39: 1.0, 40: 6.0, 43: 6.0, 58: 6.0, 67: 1.0, 69: 5.0, 72: 4.0, 76: 5.0}
{0: (34.421443, -119.684178), 1: (36.167392, -94.119169), 2: (34.071417, -99.009382), 3: (34.689589, -118.130371), 4: (36.434113, -99.427596), 5: (35.400164, -119.399727), 6: (37.2129649, -93.37103), 7: (30.25011, -93.01142), 8: (36.751521, -96.000152), 9: (35.35468, -94.437379), 10: (38.89357, -94.36045), 11: (33.7885884, -118.2150827), 12: (32.596725, -117.019495), 13: (33.30006, -111.96835), 14: (35.392817, -97.422948), 15: (38.96627, -95.700495), 16: (30.725159, -96.425728), 17: (37.737099, -97.32375), 18: (34.188212, -97.171022), 19: (33.94423, -96.41932), 20: (30.209862, -92.002378), 21: (37.183969, -104.499646), 22: (32.267588, -107.774524), 23: (36.72136, -119.761165), 24: (30.437821, -95.498724), 25: (35.079896, -106.746225), 26: (35.840761, -98.419831), 27: (31.207465, -95.996079), 28: (33.899899, -118.207088), 29: (33.3874378, -110.7609849), 30: (34.02094, -117.385415), 31: (33.603063, -114.598023), 32: (35.189976, -101.706309), 33: (35.853211, -94.989243), 34: (35.004614, -106.032837), 35: (31.151717, -93.265081), 36: (36.706596, -101.443207), 37: (37.069631, -100.905444), 38: (32.62712, -96.74537), 39: (36.075856, -119.043996), 40: (35.65758, -105.993406), 41: (32.181782, -94.334174), 42: (30.330588, -97.701649), 43: (35.01643, -110.675005), 44: (35.25655, -96.671004), 45: (33.3021433, -111.9552863), 46: (36.535661, -97.33916), 47: (32.698465, -97.959695), 48: (33.984094, -106.887526), 49: (32.7658795, -96.8754612), 50: (35.309665, -99.631741), 51: (31.784139, -93.08731), 52: (33.0390751, -117.2841996), 53: (38.164391, -112.278183), 54: (34.4349097, -119.9212861), 55: (31.499498, -97.173412), 56: (33.9541734, -117.5556971), 57: (34.118101, -116.45646), 58: (36.71838, -108.167694), 59: (31.940555, -102.169802), 60: (36.081743, -96.054325), 61: (32.469998, -93.672804), 62: (34.4425082, -119.7812613), 63: (37.648431, -98.094183), 64: (32.448848, -100.439583), 65: (32.627591, -97.314361), 66: (38.54421, -106.92517), 67: (34.886448, -117.079423), 68: (35.9874334, -119.961999), 69: (32.794671, -115.539473), 70: (36.220567, -115.125553), 71: (35.106478, -92.43572), 72: (34.584172, -98.396813), 73: (33.39639, -110.76888), 74: (37.8135094, -119.8800771), 75: (35.87844, -97.392471), 76: (35.490972, -98.967096), 77: (33.8310496, -116.5452277), 78: (32.354553, -95.302495), 79: (37.962455, -100.846437), 80: (32.178328, -110.960207), 81: (38.7747705, -119.9029911), 82: (33.463568, -112.459255), 83: (36.009923, -114.784826), 84: (35.3002628, -119.0381956), 85: (36.249164, -95.333829), 86: (33.6699802, -96.6120405), 87: (38.971499, -92.294316), 88: (32.029056, -93.713243), 89: (33.8722233, -118.2654222), 90: (35.263617, -112.194139), 91: (37.199194, -93.402643), 92: (33.73573, -97.14484), 93: (32.881785, -111.777561), 94: (37.161682, -113.434692), 95: (30.35815, -99.606129), 96: (34.773291, -96.697633), 97: (34.12755, -118.443664), 98: (31.34545, -92.51807), 99: (38.945105, -104.724068), 100: (30.0774, -99.10731)}
x_load_0: {((39, 69, 1, 2), (74, 6, 1, 0), 0): 1.0, ((67, 13, 1, 1), (67, 100, 1, 3), 0): 1.0, ((39, 28, 1, 1), (39, 69, 1, 2), 0): 1.0, ((74, 6, 1, 0), (74, 6, 119, 0), 0): 1.0, ((31, 6, 1, 0), (31, 100, 1, 3), 0): 1.0, ((13, 84, 0, 3), (82, 71, 1, 2), 0): 1.0, ((82, 71, 1, 2), (31, 6, 1, 0), 0): 1.0, ((31, 100, 1, 3), (67, 13, 1, 1), 0): 1.0, ((67, 100, 1, 3), (39, 28, 1, 1), 0): 1.0}
x_ener_0: {((39, 69, 1, 2), (74, 6, 1, 0), 0): 1.0, ((67, 13, 1, 1), (67, 13, 51, 1), 0): 1.0, ((5, 10, 1, 1), (5, 10, 119, 1), 0): 1.0, ((39, 28, 1, 1), (5, 10, 1, 1), 0): 1.0, ((67, 13, 51, 1), (67, 13, 119, 1), 0): 1.0, ((74, 6, 1, 0), (74, 6, 51, 0), 0): 1.0, ((74, 6, 51, 0), (74, 6, 101, 0), 0): 1.0, ((74, 6, 101, 0), (74, 6, 119, 0), 0): 1.0, ((31, 6, 1, 0), (31, 6, 51, 0), 0): 1.0, ((31, 6, 51, 0), (31, 6, 119, 0), 0): 1.0, ((13, 84, 0, 3), (82, 71, 1, 2), 0): 1.0, ((82, 71, 1, 2), (31, 6, 1, 0), 0): 1.0, ((23, 100, 0, 3), (39, 69, 1, 2), 0): 1.0, ((31, 100, 1, 3), (67, 13, 1, 1), 0): 1.0, ((31, 100, 0, 3), (31, 100, 1, 3), 0): 1.0, ((67, 100, 1, 3), (39, 28, 1, 1), 0): 1.0, ((67, 100, 0, 3), (67, 100, 1, 3), 0): 1.0}
(((13, np.int64(84), np.int64(0), 3), (82, 71, 1, 2), 0), ((82, 71, 1, 2), (31, 6, 1, 0), 0), ((31, 6, 1, 0), (31, 100, 1, 3), 0), ((31, 100, 1, 3), (67, 13, 1, 1), 0), ((67, 13, 1, 1), (67, 100, 1, 3), 0), ((67, 100, 1, 3), (39, 28, 1, 1), 0), ((39, 28, 1, 1), (39, 69, 1, 2), 0), ((39, 69, 1, 2), (74, 6, 1, 0), 0), ((74, 6, 1, 0), (74, 6, 119, 0), 0))
New edge added:  ((13, np.int64(84), np.int64(0), 3), (82, np.int64(68), np.int64(2), 2), 0)  Edge removed:  ((13, np.int64(84), np.int64(0), 3), (82, 71, 1, 2), 0)
x_load_1: {((72, 0, 1, 0), (72, 100, 1, 3), 0): 1.0, ((72, 100, 1, 3), (76, 63, 1, 2), 0): 1.0, ((36, 15, 1, 1), (36, 100, 1, 3), 0): 1.0, ((13, 27, 1, 1), (13, 27, 119, 1), 0): 1.0, ((21, 10, 1, 1), (21, 100, 1, 3), 0): 1.0, ((21, 100, 1, 3), (40, 30, 1, 1), 0): 1.0, ((40, 30, 1, 1), (40, 100, 1, 3), 0): 1.0, ((76, 100, 1, 3), (36, 15, 1, 1), 0): 1.0, ((40, 100, 1, 3), (58, 26, 1, 1), 0): 1.0, ((36, 100, 1, 3), (21, 10, 1, 1), 0): 1.0, ((58, 26, 1, 1), (58, 100, 1, 3), 0): 1.0, ((43, 4, 1, 0), (43, 100, 1, 3), 0): 1.0, ((43, 100, 1, 3), (13, 27, 1, 1), 0): 1.0, ((49, 80, 0, 3), (72, 0, 1, 0), 0): 1.0, ((58, 100, 1, 3), (43, 4, 1, 0), 0): 1.0, ((76, 63, 1, 2), (76, 100, 1, 3), 0): 1.0}
x_ener_1: {((2, 100, 1, 3), (72, 100, 1, 3), 0): 1.0, ((72, 0, 1, 0), (72, 0, 51, 0), 0): 1.0, ((76, 2, 1, 0), (76, 2, 51, 0), 0): 1.0, ((72, 100, 1, 3), (76, 63, 1, 2), 0): 1.0, ((72, 0, 51, 0), (72, 0, 101, 0), 0): 1.0, ((76, 2, 51, 0), (76, 2, 119, 0), 0): 1.0, ((72, 0, 101, 0), (72, 0, 119, 0), 0): 1.0, ((57, 40, 101, 2), (69, 4, 101, 0), 0): 5.0, ((36, 15, 1, 1), (36, 15, 119, 1), 0): 1.0, ((5, 100, 0, 3), (84, 100, 1, 3), 0): 5.0, ((84, 100, 1, 3), (84, 100, 51, 3), 0): 5.0, ((84, 100, 51, 3), (84, 100, 101, 3), 0): 5.0, ((84, 100, 101, 3), (30, 54, 101, 2), 0): 5.0, ((30, 54, 101, 2), (57, 40, 101, 2), 0): 5.0, ((69, 4, 101, 0), (69, 4, 119, 0), 0): 5.0, ((13, 20, 1, 1), (13, 20, 119, 1), 0): 1.0, ((13, 27, 1, 1), (82, 23, 1, 1), 0): 1.0, ((82, 23, 1, 1), (13, 20, 1, 1), 0): 1.0, ((72, 39, 1, 1), (76, 2, 1, 0), 0): 1.0, ((21, 10, 1, 1), (21, 10, 119, 1), 0): 1.0, ((21, 100, 1, 3), (40, 30, 1, 1), 0): 1.0, ((21, 100, 0, 3), (21, 100, 1, 3), 0): 1.0, ((40, 30, 1, 1), (40, 30, 119, 1), 0): 1.0, ((34, 100, 1, 3), (40, 100, 1, 3), 0): 1.0, ((26, 100, 0, 3), (76, 100, 1, 3), 0): 1.0, ((76, 100, 1, 3), (36, 15, 1, 1), 0): 1.0, ((40, 100, 1, 3), (58, 26, 1, 1), 0): 1.0, ((36, 100, 1, 3), (21, 10, 1, 1), 0): 1.0, ((36, 100, 0, 3), (37, 100, 1, 3), 0): 1.0, ((37, 100, 1, 3), (36, 100, 1, 3), 0): 1.0, ((58, 26, 1, 1), (58, 26, 119, 1), 0): 1.0, ((40, 100, 0, 3), (34, 100, 1, 3), 0): 1.0, ((43, 4, 1, 0), (43, 4, 119, 0), 0): 1.0, ((43, 100, 1, 3), (13, 27, 1, 1), 0): 1.0, ((43, 100, 0, 3), (43, 100, 1, 3), 0): 1.0, ((49, 80, 0, 3), (72, 0, 1, 0), 0): 1.0, ((58, 100, 1, 3), (43, 4, 1, 0), 0): 1.0, ((58, 100, 0, 3), (58, 100, 1, 3), 0): 1.0, ((72, 100, 0, 3), (2, 100, 1, 3), 0): 1.0, ((76, 63, 1, 2), (72, 39, 1, 1), 0): 1.0}
(((49, np.int64(80), np.int64(0), 3), (72, 0, 1, 0), 0), ((72, 0, 1, 0), (72, 100, 1, 3), 0), ((72, 100, 1, 3), (76, 63, 1, 2), 0), ((76, 63, 1, 2), (76, 100, 1, 3), 0), ((76, 100, 1, 3), (36, 15, 1, 1), 0), ((36, 15, 1, 1), (36, 100, 1, 3), 0), ((36, 100, 1, 3), (21, 10, 1, 1), 0), ((21, 10, 1, 1), (21, 100, 1, 3), 0), ((21, 100, 1, 3), (40, 30, 1, 1), 0), ((40, 30, 1, 1), (40, 100, 1, 3), 0), ((40, 100, 1, 3), (58, 26, 1, 1), 0), ((58, 26, 1, 1), (58, 100, 1, 3), 0), ((58, 100, 1, 3), (43, 4, 1, 0), 0), ((43, 4, 1, 0), (43, 100, 1, 3), 0), ((43, 100, 1, 3), (13, 27, 1, 1), 0), ((13, 27, 1, 1), (13, 27, 119, 1), 0))
New edge added:  ((49, np.int64(80), np.int64(0), 3), (72, np.int64(0), np.int64(10), 0), 0)  Edge removed:  ((49, np.int64(80), np.int64(0), 3), (72, 0, 1, 0), 0)
x_load_2: {((39, 18, 1, 1), (39, 100, 1, 3), 0): 4.0, ((39, 17, 1, 1), (39, 100, 1, 3), 0): 1.0, ((72, 2, 1, 0), (72, 80, 1, 3), 0): 3.0, ((76, 15, 1, 1), (76, 39, 1, 1), 0): 3.0, ((76, 15, 1, 1), (76, 100, 1, 3), 0): 2.0, ((76, 39, 1, 1), (72, 2, 1, 0), 0): 3.0, ((49, 0, 1, 0), (49, 0, 119, 0), 0): 5.0, ((72, 63, 1, 2), (72, 80, 1, 3), 0): 2.0, ((74, 33, 1, 1), (74, 33, 119, 1), 0): 5.0, ((39, 100, 1, 3), (74, 33, 1, 1), 0): 5.0, ((13, 80, 0, 3), (43, 7, 1, 0), 0): 5.0, ((43, 7, 1, 0), (43, 100, 1, 3), 0): 5.0, ((21, 10, 1, 1), (21, 100, 1, 3), 0): 5.0, ((21, 100, 1, 3), (36, 10, 1, 1), 0): 5.0, ((36, 10, 1, 1), (36, 100, 1, 3), 0): 5.0, ((40, 80, 1, 3), (21, 10, 1, 1), 0): 5.0, ((58, 80, 1, 3), (40, 6, 1, 0), 0): 5.0, ((76, 100, 1, 3), (72, 63, 1, 2), 0): 2.0, ((28, 98, 0, 3), (39, 17, 1, 1), 0): 1.0, ((28, 100, 0, 3), (39, 18, 1, 1), 0): 4.0, ((40, 6, 1, 0), (40, 80, 1, 3), 0): 5.0, ((36, 100, 1, 3), (76, 15, 1, 1), 0): 5.0, ((58, 4, 1, 0), (58, 80, 1, 3), 0): 5.0, ((43, 100, 1, 3), (58, 4, 1, 0), 0): 5.0, ((72, 80, 1, 3), (49, 0, 1, 0), 0): 5.0}
x_ener_2: {((39, 18, 1, 1), (5, 0, 1, 0), 0): 4.0, ((39, 17, 1, 1), (39, 17, 51, 1), 0): 1.0, ((23, 6, 51, 0), (23, 6, 101, 0), 0): 5.0, ((39, 17, 51, 1), (39, 17, 119, 1), 0): 1.0, ((23, 6, 101, 0), (23, 6, 119, 0), 0): 5.0, ((72, 2, 1, 0), (72, 2, 119, 0), 0): 3.0, ((76, 15, 1, 1), (76, 15, 51, 1), 0): 5.0, ((76, 39, 1, 1), (72, 2, 1, 0), 0): 3.0, ((49, 0, 1, 0), (49, 0, 119, 0), 0): 5.0, ((72, 63, 1, 2), (76, 39, 1, 1), 0): 3.0, ((76, 15, 51, 1), (26, 2, 51, 0), 0): 1.0, ((76, 15, 51, 1), (76, 15, 119, 1), 0): 4.0, ((26, 2, 51, 0), (26, 2, 119, 0), 0): 1.0, ((74, 33, 1, 1), (74, 33, 51, 1), 0): 5.0, ((39, 100, 1, 3), (74, 33, 1, 1), 0): 5.0, ((68, 100, 1, 3), (39, 100, 1, 3), 0): 5.0, ((5, 0, 1, 0), (5, 0, 119, 0), 0): 4.0, ((74, 33, 51, 1), (23, 6, 51, 0), 0): 5.0, ((31, 59, 51, 2), (13, 4, 51, 0), 0): 5.0, ((13, 80, 0, 3), (43, 7, 1, 0), 0): 5.0, ((43, 7, 1, 0), (43, 7, 51, 0), 0): 5.0, ((13, 4, 51, 0), (45, 4, 51, 0), 1): 5.0, ((45, 4, 51, 0), (45, 4, 101, 0), 0): 5.0, ((43, 7, 51, 0), (43, 7, 101, 0), 0): 5.0, ((13, 4, 101, 0), (13, 4, 119, 0), 0): 5.0, ((45, 4, 101, 0), (13, 4, 101, 0), 1): 5.0, ((43, 7, 101, 0), (43, 7, 119, 0), 0): 5.0, ((21, 10, 1, 1), (21, 10, 51, 1), 0): 5.0, ((21, 100, 1, 3), (36, 10, 1, 1), 0): 5.0, ((21, 100, 0, 3), (21, 100, 1, 3), 0): 5.0, ((36, 10, 1, 1), (36, 10, 51, 1), 0): 5.0, ((21, 10, 51, 1), (21, 10, 119, 1), 0): 5.0, ((36, 10, 51, 1), (36, 10, 101, 1), 0): 5.0, ((36, 10, 101, 1), (36, 10, 119, 1), 0): 5.0, ((23, 100, 0, 3), (68, 100, 1, 3), 0): 4.0, ((40, 80, 1, 3), (21, 10, 1, 1), 0): 5.0, ((58, 80, 1, 3), (40, 6, 1, 0), 0): 5.0, ((76, 100, 1, 3), (72, 63, 1, 2), 0): 3.0, ((28, 98, 0, 3), (39, 17, 1, 1), 0): 1.0, ((28, 100, 0, 3), (39, 18, 1, 1), 0): 4.0, ((40, 6, 1, 0), (40, 6, 51, 0), 0): 5.0, ((40, 6, 51, 0), (40, 6, 101, 0), 0): 5.0, ((40, 6, 101, 0), (40, 6, 119, 0), 0): 5.0, ((36, 100, 1, 3), (76, 15, 1, 1), 0): 5.0, ((36, 100, 0, 3), (37, 100, 1, 3), 0): 5.0, ((37, 100, 1, 3), (36, 100, 1, 3), 0): 5.0, ((39, 100, 0, 3), (68, 100, 1, 3), 0): 1.0, ((40, 80, 0, 3), (40, 80, 1, 3), 0): 5.0, ((58, 4, 1, 0), (58, 4, 119, 0), 0): 5.0, ((43, 100, 1, 3), (58, 4, 1, 0), 0): 5.0, ((43, 100, 0, 3), (43, 100, 1, 3), 0): 5.0, ((58, 80, 0, 3), (58, 80, 1, 3), 0): 5.0, ((69, 100, 1, 3), (69, 100, 51, 3), 0): 5.0, ((69, 100, 0, 3), (69, 100, 1, 3), 0): 5.0, ((69, 100, 51, 3), (31, 59, 51, 2), 0): 5.0, ((72, 80, 1, 3), (49, 0, 1, 0), 0): 5.0, ((72, 80, 0, 3), (72, 80, 1, 3), 0): 3.0, ((76, 100, 0, 3), (72, 80, 1, 3), 0): 2.0, ((76, 100, 0, 3), (76, 100, 1, 3), 0): 3.0}
(((13, np.int64(80), np.int64(0), 3), (43, 7, 1, 0), 0), ((43, 7, 1, 0), (43, 100, 1, 3), 0), ((43, 100, 1, 3), (58, 4, 1, 0), 0), ((58, 4, 1, 0), (58, 80, 1, 3), 0), ((58, 80, 1, 3), (40, 6, 1, 0), 0), ((40, 6, 1, 0), (40, 80, 1, 3), 0), ((40, 80, 1, 3), (21, 10, 1, 1), 0), ((21, 10, 1, 1), (21, 100, 1, 3), 0), ((21, 100, 1, 3), (36, 10, 1, 1), 0), ((36, 10, 1, 1), (36, 100, 1, 3), 0), ((36, 100, 1, 3), (76, 15, 1, 1), 0), ((76, 15, 1, 1), (76, 39, 1, 1), 0), ((76, 39, 1, 1), (72, 2, 1, 0), 0), ((72, 2, 1, 0), (72, 80, 1, 3), 0), ((72, 80, 1, 3), (49, 0, 1, 0), 0), ((49, 0, 1, 0), (49, 0, 119, 0), 0))
New edge added:  ((13, np.int64(80), np.int64(0), 3), (43, np.int64(7), np.int64(9), 0), 0)  Edge removed:  ((13, np.int64(80), np.int64(0), 3), (43, 7, 1, 0), 0)
Solution cannot be extended to a feasible solution, updating network...
n[ 5 ] =  5.0
n[ 13 ] =  5.0
n[ 21 ] =  6.0
n[ 23 ] =  5.0
n[ 26 ] =  1.0
n[ 31 ] =  1.0
n[ 36 ] =  6.0
n[ 39 ] =  1.0
n[ 40 ] =  6.0
n[ 43 ] =  6.0
n[ 58 ] =  6.0
n[ 67 ] =  1.0
n[ 69 ] =  5.0
n[ 72 ] =  4.0
n[ 76 ] =  5.0
'''''''''''''''''
Gurobi Optimizer version 13.0.1 build v13.0.1rc0 (linux64 - "Debian GNU/Linux 12 (bookworm)")

CPU model: Intel(R) Xeon(R) CPU @ 2.20GHz, instruction set [SSE2|AVX|AVX2]
Thread count: 1 physical cores, 2 logical processors, using up to 2 threads

Non-default parameters:
MIPGap  0.05

Academic license 937859 - for non-commercial use only - registered to hp___@cornell.edu
Optimize a model with 676245 rows, 1391950 columns and 3551125 nonzeros (Min)
Model fingerprint: 0x1a86afc1
Model has 1000132 linear objective coefficients
Variable types: 0 continuous, 1391950 integer (0 binary)
Coefficient statistics:
  Matrix range     [1e+00, 3e+05]
  Objective range  [6e-01, 8e+02]
  Bounds range     [0e+00, 0e+00]
  RHS range        [1e+00, 5e+00]

MIP start from previous solve did not produce a new incumbent solution
MIP start from previous solve violates constraint flow_bal_load[(82,_np.int64(71),_np.int64(1),_2),0] by 1.000000000
Processed MIP start in 1.28 seconds (0.34 work units)

Presolve removed 543797 rows and 722670 columns (presolve time = 5s)...
Presolve removed 546954 rows and 752465 columns (presolve time = 10s)...
Presolve removed 548630 rows and 764134 columns (presolve time = 15s)...
Presolve removed 548659 rows and 764174 columns (presolve time = 20s)...
Presolve removed 548651 rows and 764166 columns
Presolve time: 20.18s
Presolved: 127594 rows, 627784 columns, 1454539 nonzeros
Variable types: 0 continuous, 627784 integer (1947 binary)

Root simplex log...

Iteration    Objective       Primal Inf.    Dual Inf.      Time
       0      handle free variables                         30s
      51   -4.4550000e+33   1.800000e+32   4.455000e+03     30s
    8180    1.0192456e+03   1.012471e+02   0.000000e+00     35s
   12334    1.5569411e+03   2.892561e+02   0.000000e+00     40s
   15281    1.7091889e+03   8.317360e+02   0.000000e+00     45s
   17171    1.7579795e+03   1.320000e+02   0.000000e+00     50s
   18821    1.7984795e+03   7.350000e+01   0.000000e+00     55s
   20541    1.8164470e+03   4.300000e+01   0.000000e+00     60s
   22001    1.8592295e+03   1.265000e+02   0.000000e+00     65s
   23461    1.8703520e+03   3.445777e+02   0.000000e+00     70s
   24561    1.8733358e+03   2.735847e+02   0.000000e+00     75s
   26011    1.9181085e+03   2.229951e+02   0.000000e+00     80s
   27181    1.9234765e+03   2.122709e+02   0.000000e+00     85s
   28241    1.9540135e+03   3.084553e+02   0.000000e+00     90s
   29361    1.9842126e+03   5.634746e+01   0.000000e+00     96s
   30421    2.0085367e+03   3.150000e+01   0.000000e+00    100s
   31641    2.1180248e+03   6.480000e+02   0.000000e+00    105s
   32901    2.2358030e+03   1.062500e+02   0.000000e+00    111s
   33731    2.2574922e+03   9.025000e+01   0.000000e+00    115s
   34591    2.2798454e+03   2.165692e+02   0.000000e+00    120s
   35371    2.2959379e+03   1.047161e+02   0.000000e+00    125s
   36361    2.3111046e+03   2.516388e+02   0.000000e+00    131s
   36961    2.3225515e+03   4.144176e+02   0.000000e+00    135s
   37861    2.3428472e+03   1.867256e+02   0.000000e+00    141s
   38481    2.3528980e+03   8.233188e+02   0.000000e+00    146s
   39171    2.3626253e+03   1.169706e+02   0.000000e+00    150s
   39891    2.3746124e+03   2.246446e+02   0.000000e+00    155s
   40661    2.3808947e+03   2.408945e+02   0.000000e+00    160s
   41461    2.3989257e+03   4.134440e+02   0.000000e+00    166s
   42221    2.4050692e+03   1.185064e+02   0.000000e+00    170s
   43211    2.4619123e+03   1.314711e+02   0.000000e+00    175s
   44101    2.5234483e+03   1.529232e+02   0.000000e+00    180s
   44901    2.6353960e+03   3.302551e+02   0.000000e+00    185s
   45731    2.6773986e+03   2.360626e+02   0.000000e+00    191s
   46401    2.6843708e+03   2.220324e+02   0.000000e+00    195s
   47101    2.6854528e+03   1.456681e+02   0.000000e+00    201s
   47941    2.6892028e+03   1.626314e+02   0.000000e+00    206s
   48551    2.7168313e+03   8.422537e+01   0.000000e+00    210s
   49261    2.7178787e+03   2.670014e+02   0.000000e+00    216s
   49811    2.7193021e+03   3.430847e+02   0.000000e+00    221s
   50461    2.7230521e+03   1.145847e+02   0.000000e+00    226s
   50871    2.7520590e+03   7.258475e+01   0.000000e+00    231s
   51401    2.7593056e+03   4.955847e+02   0.000000e+00    235s
   52611    2.8533529e+03   2.613284e+02   0.000000e+00    240s
   53741    2.9353021e+03   4.130085e+01   0.000000e+00    245s
   54871    3.0365522e+03   1.963008e+02   0.000000e+00    250s
   55971    3.5077074e+03   2.786342e+02   0.000000e+00    255s
   56691    4.8330209e+03   1.982140e+02   0.000000e+00    260s
   57401    4.9620902e+03   4.954616e+02   0.000000e+00    265s
   58101    5.0152988e+03   4.743211e+02   0.000000e+00    271s
   58541    5.0225453e+03   2.488423e+02   0.000000e+00    277s
   59051    5.0383242e+03   1.539713e+02   0.000000e+00    280s
   59841    5.0607977e+03   1.250000e+02   0.000000e+00    285s
   60281    5.0805963e+03   0.000000e+00   0.000000e+00    290s
   60281    5.0805963e+03   0.000000e+00   0.000000e+00    290s

Root relaxation: objective 5.080596e+03, 60281 iterations, 263.80 seconds (92.78 work units)

    Nodes    |    Current Node    |     Objective Bounds      |     Work
 Expl Unexpl |  Obj  Depth IntInf | Incumbent    BestBd   Gap | It/Node Time

     0     0 5080.59629    0   73          - 5080.59629      -     -  321s
H    0     0                    5495.4794521 5080.59629  7.55%     -  328s
H    0     0                    5252.6986301 5080.59629  3.28%     -  340s

Explored 1 nodes (117235 simplex iterations) in 340.69 seconds (113.76 work units)
Thread count was 2 (of 2 available processors)

Solution count 2: 5252.7 5495.48 

Optimal solution found (tolerance 5.00e-02)
Best objective 5.252698630137e+03, best bound 5.080596288434e+03, gap 3.2765%
Iteration:  3
Size of network:  12617  nodes,  231952  edges
Obj Value:  5252.698630136986
a: {}
n: {5: 7.0, 13: 5.0, 21: 6.0, 23: 5.0, 25: 5.0, 26: 5.0, 28: 2.0, 31: 1.0, 36: 5.0, 37: 1.0, 39: 1.0, 40: 1.0, 43: 6.0, 44: 1.0, 57: 2.0, 58: 6.0, 67: 3.0, 69: 3.0, 72: 4.0, 76: 2.0, 93: 3.0}
{0: (34.421443, -119.684178), 1: (36.167392, -94.119169), 2: (34.071417, -99.009382), 3: (34.689589, -118.130371), 4: (36.434113, -99.427596), 5: (35.400164, -119.399727), 6: (37.2129649, -93.37103), 7: (30.25011, -93.01142), 8: (36.751521, -96.000152), 9: (35.35468, -94.437379), 10: (38.89357, -94.36045), 11: (33.7885884, -118.2150827), 12: (32.596725, -117.019495), 13: (33.30006, -111.96835), 14: (35.392817, -97.422948), 15: (38.96627, -95.700495), 16: (30.725159, -96.425728), 17: (37.737099, -97.32375), 18: (34.188212, -97.171022), 19: (33.94423, -96.41932), 20: (30.209862, -92.002378), 21: (37.183969, -104.499646), 22: (32.267588, -107.774524), 23: (36.72136, -119.761165), 24: (30.437821, -95.498724), 25: (35.079896, -106.746225), 26: (35.840761, -98.419831), 27: (31.207465, -95.996079), 28: (33.899899, -118.207088), 29: (33.3874378, -110.7609849), 30: (34.02094, -117.385415), 31: (33.603063, -114.598023), 32: (35.189976, -101.706309), 33: (35.853211, -94.989243), 34: (35.004614, -106.032837), 35: (31.151717, -93.265081), 36: (36.706596, -101.443207), 37: (37.069631, -100.905444), 38: (32.62712, -96.74537), 39: (36.075856, -119.043996), 40: (35.65758, -105.993406), 41: (32.181782, -94.334174), 42: (30.330588, -97.701649), 43: (35.01643, -110.675005), 44: (35.25655, -96.671004), 45: (33.3021433, -111.9552863), 46: (36.535661, -97.33916), 47: (32.698465, -97.959695), 48: (33.984094, -106.887526), 49: (32.7658795, -96.8754612), 50: (35.309665, -99.631741), 51: (31.784139, -93.08731), 52: (33.0390751, -117.2841996), 53: (38.164391, -112.278183), 54: (34.4349097, -119.9212861), 55: (31.499498, -97.173412), 56: (33.9541734, -117.5556971), 57: (34.118101, -116.45646), 58: (36.71838, -108.167694), 59: (31.940555, -102.169802), 60: (36.081743, -96.054325), 61: (32.469998, -93.672804), 62: (34.4425082, -119.7812613), 63: (37.648431, -98.094183), 64: (32.448848, -100.439583), 65: (32.627591, -97.314361), 66: (38.54421, -106.92517), 67: (34.886448, -117.079423), 68: (35.9874334, -119.961999), 69: (32.794671, -115.539473), 70: (36.220567, -115.125553), 71: (35.106478, -92.43572), 72: (34.584172, -98.396813), 73: (33.39639, -110.76888), 74: (37.8135094, -119.8800771), 75: (35.87844, -97.392471), 76: (35.490972, -98.967096), 77: (33.8310496, -116.5452277), 78: (32.354553, -95.302495), 79: (37.962455, -100.846437), 80: (32.178328, -110.960207), 81: (38.7747705, -119.9029911), 82: (33.463568, -112.459255), 83: (36.009923, -114.784826), 84: (35.3002628, -119.0381956), 85: (36.249164, -95.333829), 86: (33.6699802, -96.6120405), 87: (38.971499, -92.294316), 88: (32.029056, -93.713243), 89: (33.8722233, -118.2654222), 90: (35.263617, -112.194139), 91: (37.199194, -93.402643), 92: (33.73573, -97.14484), 93: (32.881785, -111.777561), 94: (37.161682, -113.434692), 95: (30.35815, -99.606129), 96: (34.773291, -96.697633), 97: (34.12755, -118.443664), 98: (31.34545, -92.51807), 99: (38.945105, -104.724068), 100: (30.0774, -99.10731)}
x_load_0: {((67, 13, 1, 1), (67, 100, 1, 3), 0): 1.0, ((39, 28, 1, 1), (39, 73, 1, 2), 0): 1.0, ((74, 6, 1, 0), (74, 6, 119, 0), 0): 1.0, ((31, 0, 1, 0), (31, 100, 1, 3), 0): 1.0, ((13, 80, 0, 3), (31, 0, 1, 0), 0): 1.0, ((31, 100, 1, 3), (67, 13, 1, 1), 0): 1.0, ((39, 73, 1, 2), (74, 6, 1, 0), 0): 1.0, ((67, 100, 1, 3), (39, 28, 1, 1), 0): 1.0}
x_ener_0: {((89, 70, 1, 2), (11, 68, 1, 2), 1): 2.0, ((97, 68, 1, 2), (97, 68, 51, 2), 0): 2.0, ((11, 66, 1, 2), (69, 6, 1, 0), 0): 2.0, ((28, 70, 1, 2), (11, 66, 1, 2), 0): 2.0, ((28, 70, 1, 2), (97, 66, 1, 2), 0): 2.0, ((67, 7, 51, 0), (67, 7, 101, 0), 0): 2.0, ((97, 68, 51, 2), (56, 50, 51, 2), 0): 2.0, ((67, 7, 101, 0), (67, 7, 119, 0), 0): 2.0, ((5, 2, 1, 0), (5, 2, 51, 0), 0): 1.0, ((67, 13, 1, 1), (67, 13, 51, 1), 0): 1.0, ((39, 28, 1, 1), (5, 2, 1, 0), 0): 1.0, ((89, 58, 1, 2), (89, 58, 51, 2), 0): 2.0, ((97, 66, 1, 2), (89, 58, 1, 2), 0): 2.0, ((11, 68, 1, 2), (28, 70, 1, 2), 1): 4.0, ((11, 80, 1, 3), (89, 77, 1, 2), 0): 2.0, ((28, 72, 1, 2), (89, 71, 1, 2), 0): 2.0, ((89, 71, 1, 2), (11, 68, 1, 2), 0): 2.0, ((89, 80, 1, 3), (11, 80, 1, 3), 0): 2.0, ((5, 2, 51, 0), (5, 2, 101, 0), 0): 1.0, ((67, 13, 51, 1), (67, 13, 119, 1), 0): 1.0, ((56, 50, 51, 2), (57, 27, 51, 1), 0): 2.0, ((89, 58, 51, 2), (67, 7, 51, 0), 0): 2.0, ((5, 2, 101, 0), (5, 2, 119, 0), 0): 1.0, ((74, 6, 1, 0), (74, 6, 51, 0), 0): 1.0, ((5, 100, 0, 3), (84, 100, 1, 3), 0): 4.0, ((68, 100, 1, 3), (39, 73, 1, 2), 0): 1.0, ((84, 100, 1, 3), (89, 70, 1, 2), 0): 2.0, ((84, 100, 1, 3), (97, 68, 1, 2), 0): 2.0, ((74, 6, 51, 0), (74, 6, 101, 0), 0): 1.0, ((74, 6, 101, 0), (74, 6, 119, 0), 0): 1.0, ((11, 74, 1, 2), (28, 72, 1, 2), 0): 2.0, ((11, 76, 1, 2), (89, 73, 1, 2), 0): 2.0, ((11, 86, 1, 3), (28, 90, 1, 3), 0): 2.0, ((11, 96, 1, 3), (28, 96, 1, 3), 1): 2.0, ((69, 6, 1, 0), (69, 6, 51, 0), 0): 2.0, ((89, 73, 1, 2), (11, 74, 1, 2), 1): 2.0, ((89, 77, 1, 2), (11, 76, 1, 2), 0): 2.0, ((28, 90, 1, 3), (89, 90, 1, 3), 1): 2.0, ((89, 90, 1, 3), (11, 96, 1, 3), 0): 2.0, ((28, 96, 1, 3), (56, 95, 1, 3), 0): 2.0, ((56, 95, 1, 3), (11, 86, 1, 3), 0): 2.0, ((69, 6, 51, 0), (69, 6, 101, 0), 0): 2.0, ((69, 6, 101, 0), (69, 6, 119, 0), 0): 2.0, ((31, 0, 1, 0), (31, 0, 51, 0), 0): 1.0, ((31, 59, 1, 2), (31, 59, 51, 2), 0): 2.0, ((31, 0, 51, 0), (31, 0, 101, 0), 0): 1.0, ((31, 59, 51, 2), (31, 59, 101, 2), 0): 2.0, ((31, 0, 101, 0), (31, 0, 119, 0), 0): 1.0, ((31, 59, 101, 2), (13, 4, 101, 0), 0): 2.0, ((13, 24, 1, 1), (93, 10, 1, 1), 0): 3.0, ((13, 80, 0, 3), (31, 0, 1, 0), 0): 1.0, ((93, 10, 1, 1), (93, 10, 119, 1), 0): 3.0, ((45, 24, 1, 1), (13, 24, 1, 1), 1): 3.0, ((13, 4, 101, 0), (13, 4, 119, 0), 0): 2.0, ((23, 100, 1, 3), (68, 100, 1, 3), 0): 1.0, ((23, 100, 0, 3), (23, 100, 1, 3), 0): 1.0, ((28, 81, 0, 3), (89, 80, 1, 3), 0): 2.0, ((57, 27, 51, 1), (57, 27, 119, 1), 0): 2.0, ((57, 90, 1, 3), (31, 59, 1, 2), 0): 2.0, ((77, 90, 1, 3), (57, 90, 1, 3), 0): 2.0, ((31, 80, 1, 3), (45, 24, 1, 1), 0): 3.0, ((31, 100, 1, 3), (67, 13, 1, 1), 0): 1.0, ((31, 100, 0, 3), (31, 100, 1, 3), 0): 1.0, ((39, 73, 1, 2), (74, 6, 1, 0), 0): 1.0, ((57, 90, 0, 3), (77, 90, 1, 3), 0): 2.0, ((67, 100, 1, 3), (39, 28, 1, 1), 0): 1.0, ((67, 100, 0, 3), (67, 100, 1, 3), 0): 1.0, ((69, 100, 1, 3), (31, 80, 1, 3), 0): 3.0, ((69, 100, 0, 3), (69, 100, 1, 3), 0): 3.0}
(((13, np.int64(80), np.int64(0), 3), (31, 0, 1, 0), 0), ((31, 0, 1, 0), (31, 100, 1, 3), 0), ((31, 100, 1, 3), (67, 13, 1, 1), 0), ((67, 13, 1, 1), (67, 100, 1, 3), 0), ((67, 100, 1, 3), (39, 28, 1, 1), 0), ((39, 28, 1, 1), (39, 73, 1, 2), 0), ((39, 73, 1, 2), (74, 6, 1, 0), 0), ((74, 6, 1, 0), (74, 6, 119, 0), 0))
New edge added:  ((13, np.int64(80), np.int64(0), 3), (31, np.int64(0), np.int64(10), 0), 0)  Edge removed:  ((13, np.int64(80), np.int64(0), 3), (31, 0, 1, 0), 0)
x_load_1: {((72, 14, 1, 1), (72, 39, 1, 1), 0): 1.0, ((76, 2, 1, 0), (76, 100, 1, 3), 0): 1.0, ((36, 15, 1, 1), (36, 100, 1, 3), 0): 1.0, ((13, 27, 1, 1), (13, 27, 119, 1), 0): 1.0, ((72, 39, 1, 1), (76, 2, 1, 0), 0): 1.0, ((21, 10, 1, 1), (21, 80, 1, 3), 0): 1.0, ((21, 80, 1, 3), (40, 10, 1, 1), 0): 1.0, ((40, 10, 1, 1), (40, 77, 1, 2), 0): 1.0, ((76, 100, 1, 3), (36, 15, 1, 1), 0): 1.0, ((40, 77, 1, 2), (58, 4, 1, 0), 0): 1.0, ((36, 100, 1, 3), (21, 10, 1, 1), 0): 1.0, ((58, 4, 1, 0), (58, 100, 1, 3), 0): 1.0, ((43, 4, 1, 0), (43, 100, 1, 3), 0): 1.0, ((43, 100, 1, 3), (13, 27, 1, 1), 0): 1.0, ((49, 94, 0, 3), (72, 14, 1, 1), 0): 1.0, ((58, 100, 1, 3), (43, 4, 1, 0), 0): 1.0}
x_ener_1: {((89, 70, 1, 2), (11, 68, 1, 2), 1): 1.0, ((11, 66, 1, 2), (11, 66, 51, 2), 0): 1.0, ((28, 70, 1, 2), (11, 66, 1, 2), 0): 1.0, ((0, 40, 51, 2), (0, 40, 101, 2), 0): 2.0, ((0, 51, 51, 2), (54, 44, 51, 2), 0): 2.0, ((89, 7, 51, 0), (11, 5, 51, 0), 1): 2.0, ((28, 6, 51, 0), (28, 6, 101, 0), 0): 2.0, ((11, 5, 51, 0), (28, 6, 51, 0), 1): 2.0, ((97, 13, 51, 1), (89, 7, 51, 0), 0): 2.0, ((62, 40, 51, 2), (97, 13, 51, 1), 0): 2.0, ((54, 44, 51, 2), (62, 40, 51, 2), 0): 2.0, ((89, 70, 51, 2), (0, 40, 51, 2), 0): 2.0, ((11, 66, 51, 2), (11, 66, 101, 2), 0): 1.0, ((0, 40, 101, 2), (62, 37, 101, 1), 0): 2.0, ((28, 6, 101, 0), (28, 6, 119, 0), 0): 2.0, ((5, 1, 101, 0), (5, 1, 119, 0), 0): 2.0, ((62, 37, 101, 1), (5, 1, 101, 0), 0): 2.0, ((89, 70, 101, 2), (28, 70, 101, 2), 1): 1.0, ((11, 66, 101, 2), (89, 70, 101, 2), 0): 1.0, ((28, 70, 101, 2), (69, 9, 101, 0), 0): 1.0, ((44, 8, 1, 0), (44, 8, 119, 0), 0): 1.0, ((72, 14, 1, 1), (72, 14, 119, 1), 0): 1.0, ((76, 2, 1, 0), (76, 2, 119, 0), 0): 1.0, ((72, 63, 1, 2), (44, 8, 1, 0), 0): 1.0, ((11, 68, 1, 2), (28, 70, 1, 2), 1): 1.0, ((36, 15, 1, 1), (36, 15, 51, 1), 0): 1.0, ((36, 15, 51, 1), (36, 15, 101, 1), 0): 1.0, ((37, 6, 101, 0), (37, 6, 119, 0), 0): 1.0, ((36, 15, 101, 1), (37, 6, 101, 0), 0): 1.0, ((5, 100, 0, 3), (84, 100, 1, 3), 0): 3.0, ((84, 100, 1, 3), (89, 70, 1, 2), 0): 1.0, ((84, 100, 1, 3), (84, 100, 51, 3), 0): 2.0, ((84, 100, 51, 3), (89, 70, 51, 2), 0): 2.0, ((69, 9, 101, 0), (69, 9, 119, 0), 0): 1.0, ((13, 7, 1, 0), (45, 7, 1, 0), 1): 3.0, ((13, 27, 1, 1), (13, 27, 51, 1), 0): 1.0, ((13, 100, 1, 3), (82, 100, 1, 3), 0): 3.0, ((45, 7, 1, 0), (45, 7, 51, 0), 0): 3.0, ((93, 16, 1, 1), (13, 7, 1, 0), 0): 3.0, ((29, 49, 1, 2), (73, 49, 1, 2), 1): 3.0, ((73, 49, 1, 2), (93, 16, 1, 1), 0): 3.0, ((82, 100, 1, 3), (29, 49, 1, 2), 0): 3.0, ((13, 20, 51, 1), (13, 20, 119, 1), 0): 1.0, ((13, 27, 51, 1), (82, 23, 51, 1), 0): 1.0, ((45, 7, 51, 0), (45, 7, 101, 0), 0): 3.0, ((82, 23, 51, 1), (13, 20, 51, 1), 0): 1.0, ((13, 7, 101, 0), (13, 7, 119, 0), 0): 3.0, ((45, 7, 101, 0), (13, 7, 101, 0), 1): 3.0, ((72, 39, 1, 1), (76, 2, 1, 0), 0): 1.0, ((21, 10, 1, 1), (21, 10, 51, 1), 0): 1.0, ((21, 80, 1, 3), (40, 10, 1, 1), 0): 1.0, ((21, 80, 0, 3), (21, 80, 1, 3), 0): 1.0, ((40, 10, 1, 1), (40, 10, 51, 1), 0): 1.0, ((21, 10, 51, 1), (21, 10, 119, 1), 0): 1.0, ((40, 10, 51, 1), (40, 10, 119, 1), 0): 1.0, ((26, 100, 1, 3), (76, 100, 1, 3), 0): 1.0, ((26, 100, 0, 3), (26, 100, 1, 3), 0): 1.0, ((76, 100, 1, 3), (36, 15, 1, 1), 0): 1.0, ((40, 77, 1, 2), (58, 4, 1, 0), 0): 1.0, ((36, 100, 1, 3), (21, 10, 1, 1), 0): 1.0, ((37, 100, 1, 3), (36, 100, 1, 3), 0): 1.0, ((37, 100, 0, 3), (37, 100, 1, 3), 0): 1.0, ((40, 77, 0, 2), (40, 77, 1, 2), 0): 1.0, ((58, 4, 1, 0), (58, 4, 119, 0), 0): 1.0, ((43, 4, 1, 0), (43, 4, 119, 0), 0): 1.0, ((43, 100, 1, 3), (13, 27, 1, 1), 0): 1.0, ((43, 100, 0, 3), (43, 100, 1, 3), 0): 1.0, ((49, 94, 0, 3), (72, 14, 1, 1), 0): 1.0, ((58, 100, 1, 3), (43, 4, 1, 0), 0): 1.0, ((58, 100, 0, 3), (58, 100, 1, 3), 0): 1.0, ((67, 100, 1, 3), (67, 100, 51, 3), 0): 2.0, ((67, 100, 0, 3), (67, 100, 1, 3), 0): 2.0, ((67, 100, 51, 3), (0, 51, 51, 2), 0): 2.0, ((72, 63, 0, 2), (72, 63, 1, 2), 0): 1.0, ((76, 63, 1, 2), (72, 39, 1, 1), 0): 1.0, ((76, 63, 0, 2), (76, 63, 1, 2), 0): 1.0, ((93, 100, 0, 3), (13, 100, 1, 3), 0): 3.0}
(((49, np.int64(94), np.int64(0), 3), (72, 14, 1, 1), 0), ((72, 14, 1, 1), (72, 39, 1, 1), 0), ((72, 39, 1, 1), (76, 2, 1, 0), 0), ((76, 2, 1, 0), (76, 100, 1, 3), 0), ((76, 100, 1, 3), (36, 15, 1, 1), 0), ((36, 15, 1, 1), (36, 100, 1, 3), 0), ((36, 100, 1, 3), (21, 10, 1, 1), 0), ((21, 10, 1, 1), (21, 80, 1, 3), 0), ((21, 80, 1, 3), (40, 10, 1, 1), 0), ((40, 10, 1, 1), (40, 77, 1, 2), 0), ((40, 77, 1, 2), (58, 4, 1, 0), 0), ((58, 4, 1, 0), (58, 100, 1, 3), 0), ((58, 100, 1, 3), (43, 4, 1, 0), 0), ((43, 4, 1, 0), (43, 100, 1, 3), 0), ((43, 100, 1, 3), (13, 27, 1, 1), 0), ((13, 27, 1, 1), (13, 27, 119, 1), 0))
New edge added:  ((49, np.int64(94), np.int64(0), 3), (72, np.int64(14), np.int64(10), 1), 0)  Edge removed:  ((49, np.int64(94), np.int64(0), 3), (72, 14, 1, 1), 0)
x_load_2: {((39, 18, 1, 1), (39, 100, 1, 3), 0): 4.0, ((39, 14, 1, 1), (39, 100, 1, 3), 0): 1.0, ((72, 2, 1, 0), (72, 100, 1, 3), 0): 2.0, ((76, 15, 1, 1), (76, 39, 1, 1), 0): 2.0, ((76, 15, 1, 1), (76, 100, 1, 3), 0): 3.0, ((76, 39, 1, 1), (72, 2, 1, 0), 0): 2.0, ((49, 0, 1, 0), (49, 0, 119, 0), 0): 2.0, ((72, 63, 1, 2), (72, 80, 1, 3), 0): 2.0, ((72, 63, 1, 2), (72, 100, 1, 3), 0): 1.0, ((49, 20, 1, 1), (49, 20, 119, 1), 0): 3.0, ((72, 100, 1, 3), (49, 20, 1, 1), 0): 3.0, ((74, 33, 1, 1), (74, 33, 119, 1), 0): 5.0, ((39, 100, 1, 3), (74, 33, 1, 1), 0): 5.0, ((13, 84, 0, 3), (43, 16, 1, 1), 0): 5.0, ((43, 16, 1, 1), (43, 100, 1, 3), 0): 5.0, ((21, 9, 1, 0), (21, 100, 1, 3), 0): 5.0, ((21, 100, 1, 3), (36, 10, 1, 1), 0): 5.0, ((36, 10, 1, 1), (36, 100, 1, 3), 0): 5.0, ((40, 26, 1, 1), (40, 77, 1, 2), 0): 5.0, ((76, 100, 1, 3), (72, 63, 1, 2), 0): 3.0, ((28, 96, 0, 3), (39, 14, 1, 1), 0): 1.0, ((28, 100, 0, 3), (39, 18, 1, 1), 0): 4.0, ((40, 77, 1, 2), (21, 9, 1, 0), 0): 5.0, ((36, 100, 1, 3), (76, 15, 1, 1), 0): 5.0, ((58, 4, 1, 0), (58, 100, 1, 3), 0): 5.0, ((43, 100, 1, 3), (58, 4, 1, 0), 0): 5.0, ((58, 100, 1, 3), (40, 26, 1, 1), 0): 5.0, ((72, 80, 1, 3), (49, 0, 1, 0), 0): 2.0}
x_ener_2: {((23, 6, 1, 0), (23, 6, 119, 0), 0): 5.0, ((39, 18, 1, 1), (39, 18, 51, 1), 0): 4.0, ((39, 14, 1, 1), (39, 14, 119, 1), 0): 1.0, ((39, 18, 51, 1), (5, 0, 51, 0), 0): 4.0, ((2, 100, 1, 3), (72, 100, 1, 3), 0): 3.0, ((72, 2, 1, 0), (72, 2, 51, 0), 0): 3.0, ((76, 15, 1, 1), (26, 2, 1, 0), 0): 5.0, ((76, 39, 1, 1), (72, 2, 1, 0), 0): 3.0, ((49, 0, 1, 0), (49, 0, 51, 0), 0): 2.0, ((72, 63, 1, 2), (76, 39, 1, 1), 0): 3.0, ((49, 20, 1, 1), (49, 20, 119, 1), 0): 3.0, ((72, 100, 1, 3), (49, 20, 1, 1), 0): 3.0, ((72, 2, 51, 0), (72, 2, 119, 0), 0): 3.0, ((76, 10, 51, 1), (76, 10, 101, 1), 0): 1.0, ((49, 0, 51, 0), (49, 0, 119, 0), 0): 2.0, ((76, 10, 101, 1), (76, 10, 119, 1), 0): 1.0, ((26, 2, 1, 0), (26, 2, 51, 0), 0): 5.0, ((26, 2, 51, 0), (26, 2, 119, 0), 0): 5.0, ((74, 33, 1, 1), (23, 6, 1, 0), 0): 5.0, ((39, 100, 1, 3), (74, 33, 1, 1), 0): 5.0, ((68, 100, 1, 3), (39, 100, 1, 3), 0): 4.0, ((5, 0, 51, 0), (5, 0, 119, 0), 0): 4.0, ((13, 84, 0, 3), (43, 16, 1, 1), 0): 5.0, ((43, 16, 1, 1), (43, 16, 51, 1), 0): 5.0, ((43, 16, 51, 1), (43, 16, 119, 1), 0): 5.0, ((14, 100, 1, 3), (14, 100, 51, 3), 0): 1.0, ((44, 100, 1, 3), (14, 100, 1, 3), 0): 1.0, ((14, 100, 51, 3), (44, 100, 51, 3), 0): 1.0, ((44, 78, 51, 2), (76, 10, 51, 1), 0): 1.0, ((44, 100, 51, 3), (96, 83, 51, 3), 0): 1.0, ((96, 83, 51, 3), (44, 78, 51, 2), 0): 1.0, ((21, 9, 1, 0), (21, 9, 119, 0), 0): 5.0, ((21, 100, 1, 3), (36, 10, 1, 1), 0): 5.0, ((21, 100, 0, 3), (21, 100, 1, 3), 0): 5.0, ((36, 10, 1, 1), (36, 10, 51, 1), 0): 5.0, ((36, 10, 51, 1), (36, 10, 101, 1), 0): 5.0, ((36, 10, 101, 1), (36, 10, 119, 1), 0): 5.0, ((23, 100, 0, 3), (68, 100, 1, 3), 0): 4.0, ((25, 8, 1, 0), (25, 8, 119, 0), 0): 5.0, ((40, 26, 1, 1), (25, 8, 1, 0), 0): 5.0, ((25, 100, 0, 3), (34, 100, 1, 3), 0): 5.0, ((34, 100, 1, 3), (40, 77, 1, 2), 0): 5.0, ((26, 100, 0, 3), (76, 100, 1, 3), 0): 4.0, ((76, 100, 1, 3), (72, 63, 1, 2), 0): 3.0, ((76, 100, 1, 3), (72, 80, 1, 3), 0): 2.0, ((28, 96, 0, 3), (39, 14, 1, 1), 0): 1.0, ((28, 100, 0, 3), (39, 18, 1, 1), 0): 4.0, ((40, 77, 1, 2), (21, 9, 1, 0), 0): 5.0, ((36, 100, 1, 3), (76, 15, 1, 1), 0): 5.0, ((36, 100, 0, 3), (36, 100, 1, 3), 0): 5.0, ((39, 100, 0, 3), (39, 100, 1, 3), 0): 1.0, ((58, 4, 1, 0), (58, 4, 51, 0), 0): 5.0, ((58, 4, 51, 0), (58, 4, 101, 0), 0): 5.0, ((58, 4, 101, 0), (58, 4, 119, 0), 0): 5.0, ((43, 100, 1, 3), (58, 4, 1, 0), 0): 5.0, ((43, 100, 0, 3), (43, 100, 1, 3), 0): 5.0, ((44, 100, 0, 3), (96, 100, 1, 3), 0): 1.0, ((96, 100, 1, 3), (44, 100, 1, 3), 0): 1.0, ((58, 100, 1, 3), (40, 26, 1, 1), 0): 5.0, ((58, 100, 0, 3), (58, 100, 1, 3), 0): 5.0, ((72, 80, 1, 3), (49, 0, 1, 0), 0): 2.0, ((72, 100, 0, 3), (2, 100, 1, 3), 0): 3.0, ((76, 100, 0, 3), (76, 100, 1, 3), 0): 1.0}
(((13, np.int64(84), np.int64(0), 3), (43, 16, 1, 1), 0), ((43, 16, 1, 1), (43, 100, 1, 3), 0), ((43, 100, 1, 3), (58, 4, 1, 0), 0), ((58, 4, 1, 0), (58, 100, 1, 3), 0), ((58, 100, 1, 3), (40, 26, 1, 1), 0), ((40, 26, 1, 1), (40, 77, 1, 2), 0), ((40, 77, 1, 2), (21, 9, 1, 0), 0), ((21, 9, 1, 0), (21, 100, 1, 3), 0), ((21, 100, 1, 3), (36, 10, 1, 1), 0), ((36, 10, 1, 1), (36, 100, 1, 3), 0), ((36, 100, 1, 3), (76, 15, 1, 1), 0), ((76, 15, 1, 1), (76, 100, 1, 3), 0), ((76, 100, 1, 3), (72, 63, 1, 2), 0), ((72, 63, 1, 2), (72, 80, 1, 3), 0), ((72, 80, 1, 3), (49, 0, 1, 0), 0), ((49, 0, 1, 0), (49, 0, 119, 0), 0))
New edge added:  ((13, np.int64(84), np.int64(0), 3), (43, np.int64(11), np.int64(9), 1), 0)  Edge removed:  ((13, np.int64(84), np.int64(0), 3), (43, 16, 1, 1), 0)
Solution cannot be extended to a feasible solution, updating network...
n[ 5 ] =  7.0
n[ 13 ] =  5.0
n[ 21 ] =  6.0
n[ 23 ] =  5.0
n[ 25 ] =  5.0
n[ 26 ] =  5.0
n[ 28 ] =  2.0
n[ 31 ] =  1.0
n[ 36 ] =  5.0
n[ 37 ] =  1.0
n[ 39 ] =  1.0
n[ 40 ] =  1.0
n[ 43 ] =  6.0
n[ 44 ] =  1.0
n[ 57 ] =  2.0
n[ 58 ] =  6.0
n[ 67 ] =  3.0
n[ 69 ] =  3.0
n[ 72 ] =  4.0
n[ 76 ] =  2.0
n[ 93 ] =  3.0
'''''''''''''''''
Gurobi Optimizer version 13.0.1 build v13.0.1rc0 (linux64 - "Debian GNU/Linux 12 (bookworm)")

CPU model: Intel(R) Xeon(R) CPU @ 2.20GHz, instruction set [SSE2|AVX|AVX2]
Thread count: 1 physical cores, 2 logical processors, using up to 2 threads

Non-default parameters:
MIPGap  0.05

Academic license 937859 - for non-commercial use only - registered to hp___@cornell.edu
Optimize a model with 676347 rows, 1392154 columns and 3555895 nonzeros (Min)
Model fingerprint: 0x462fa9af
Model has 1000261 linear objective coefficients
Variable types: 0 continuous, 1392154 integer (0 binary)
Coefficient statistics:
  Matrix range     [1e+00, 3e+05]
  Objective range  [6e-01, 8e+02]
  Bounds range     [0e+00, 0e+00]
  RHS range        [1e+00, 5e+00]

MIP start from previous solve did not produce a new incumbent solution
MIP start from previous solve violates constraint flow_bal_load[(72,_np.int64(14),_np.int64(1),_1),1] by 1.000000000
Processed MIP start in 1.35 seconds (0.34 work units)

Presolve removed 543892 rows and 722797 columns (presolve time = 5s)...
Presolve removed 547054 rows and 752210 columns (presolve time = 10s)...
Presolve removed 548730 rows and 764368 columns (presolve time = 15s)...
Presolve removed 548773 rows and 764410 columns (presolve time = 20s)...
Presolve removed 548765 rows and 764402 columns
Presolve time: 20.35s
Presolved: 127582 rows, 627752 columns, 1454464 nonzeros
Variable types: 0 continuous, 627752 integer (1940 binary)

Root simplex log...

Iteration    Objective       Primal Inf.    Dual Inf.      Time
       0      handle free variables                         30s
    5501    8.5135092e+02   5.120208e+01   0.000000e+00     37s
    6515    9.4707383e+02   4.942373e+01   0.000000e+00     41s
    8227    1.0254476e+03   5.409887e+01   0.000000e+00     45s
   11923    1.3930545e+03   4.583643e+02   0.000000e+00     50s
   14783    1.7021129e+03   1.465159e+02   0.000000e+00     55s
   17003    1.7645309e+03   1.410000e+02   0.000000e+00     60s
   18793    1.8054281e+03   8.850000e+01   0.000000e+00     65s
   20163    1.8190476e+03   2.279500e+02   0.000000e+00     70s
   21463    1.8537068e+03   1.333636e+02   0.000000e+00     75s
   22823    1.8646710e+03   1.281535e+02   0.000000e+00     80s
   23943    1.8754132e+03   8.788136e+01   0.000000e+00     85s
   25123    1.9081600e+03   3.217288e+02   0.000000e+00     90s
   26373    1.9168097e+03   1.583276e+02   0.000000e+00     96s
   27453    1.9407376e+03   9.690618e+01   0.000000e+00    100s
   28483    1.9707165e+03   7.575000e+01   0.000000e+00    105s
   29663    1.9949374e+03   1.735000e+02   0.000000e+00    110s
   30703    2.0785179e+03   3.250000e+02   0.000000e+00    115s
   31543    2.1198165e+03   2.855312e+02   0.000000e+00    120s
   32073    2.2258706e+03   1.545000e+02   0.000000e+00    125s
   32743    2.2495838e+03   4.907500e+02   0.000000e+00    130s
   33613    2.2764023e+03   1.307500e+02   0.000000e+00    135s
   34423    2.2878589e+03   1.988192e+02   0.000000e+00    140s
   35283    2.3049216e+03   1.636398e+02   0.000000e+00    145s
   36093    2.3311162e+03   2.567373e+02   0.000000e+00    151s
   36893    2.3521732e+03   2.138947e+02   0.000000e+00    156s
   37703    2.3693193e+03   2.060000e+02   0.000000e+00    161s
   38403    2.3762319e+03   3.477256e+02   0.000000e+00    165s
   39463    2.3783992e+03   1.354688e+02   0.000000e+00    171s
   40113    2.3887823e+03   3.045702e+02   0.000000e+00    175s
   40833    2.4014441e+03   4.261091e+02   0.000000e+00    180s
   41583    2.4228047e+03   2.680754e+02   0.000000e+00    186s
   42393    2.4421360e+03   6.862295e+01   0.000000e+00    191s
   43223    2.4428623e+03   6.959322e+01   0.000000e+00    195s
   44093    2.5034903e+03   3.681525e+02   0.000000e+00    200s
   45083    2.5208106e+03   1.558269e+02   0.000000e+00    205s
   45783    2.6190583e+03   1.289780e+02   0.000000e+00    210s
   46623    2.6993265e+03   3.452553e+02   0.000000e+00    216s
   47243    2.7003282e+03   1.117511e+02   0.000000e+00    221s
   47923    2.7115232e+03   3.452752e+02   0.000000e+00    226s
   48683    2.7312286e+03   2.162437e+02   0.000000e+00    230s
   49353    2.7383906e+03   2.082059e+02   0.000000e+00    235s
   50053    2.7792240e+03   2.316623e+02   0.000000e+00    242s
   50393    2.7793728e+03   2.500000e+02   0.000000e+00    246s
   50783    2.7841458e+03   1.180000e+02   0.000000e+00    251s
   51273    2.7875132e+03   1.186667e+02   0.000000e+00    256s
   52273    2.8881011e+03   6.100000e+01   0.000000e+00    260s
   53413    3.0897082e+03   6.244832e+01   0.000000e+00    265s
   54533    3.3280110e+03   3.953559e+02   0.000000e+00    270s
   55623    4.8534523e+03   1.394372e+02   0.000000e+00    276s
   56253    4.9561802e+03   7.413266e+02   0.000000e+00    280s
   56973    5.0066174e+03   8.515684e+02   0.000000e+00    286s
   57503    5.0313900e+03   5.811930e+02   0.000000e+00    291s
   57863    5.0502667e+03   2.613047e+02   0.000000e+00    295s
   58363    5.0617854e+03   2.024073e+02   0.000000e+00    301s
   58743    5.0724653e+03   6.207797e+01   0.000000e+00    305s
   59293    5.1087429e+03   1.137593e+02   0.000000e+00    310s
   59604    5.1143463e+03   0.000000e+00   0.000000e+00    314s
   59604    5.1143463e+03   0.000000e+00   0.000000e+00    314s

Root relaxation: objective 5.114346e+03, 59604 iterations, 287.44 seconds (95.41 work units)

    Nodes    |    Current Node    |     Objective Bounds      |     Work
 Expl Unexpl |  Obj  Depth IntInf | Incumbent    BestBd   Gap | It/Node Time

     0     0 5114.34629    0   77          - 5114.34629      -     -  347s
H    0     0                    5529.2294521 5114.34629  7.50%     -  353s
H    0     0                    5135.7636986 5114.34629  0.42%     -  365s

Explored 1 nodes (111722 simplex iterations) in 365.73 seconds (117.94 work units)
Thread count was 2 (of 2 available processors)

Solution count 2: 5135.76 5529.23 

Optimal solution found (tolerance 5.00e-02)
Best objective 5.135763698630e+03, best bound 5.114346288434e+03, gap 0.4170%
Iteration:  4
Size of network:  12623  nodes,  231983  edges
Obj Value:  5135.763698630138
a: {}
n: {5: 5.0, 13: 5.0, 21: 6.0, 23: 5.0, 26: 4.0, 31: 1.0, 34: 1.0, 36: 5.0, 37: 1.0, 39: 1.0, 40: 5.0, 43: 6.0, 50: 1.0, 58: 6.0, 67: 1.0, 69: 5.0, 72: 4.0, 76: 1.0}
{0: (34.421443, -119.684178), 1: (36.167392, -94.119169), 2: (34.071417, -99.009382), 3: (34.689589, -118.130371), 4: (36.434113, -99.427596), 5: (35.400164, -119.399727), 6: (37.2129649, -93.37103), 7: (30.25011, -93.01142), 8: (36.751521, -96.000152), 9: (35.35468, -94.437379), 10: (38.89357, -94.36045), 11: (33.7885884, -118.2150827), 12: (32.596725, -117.019495), 13: (33.30006, -111.96835), 14: (35.392817, -97.422948), 15: (38.96627, -95.700495), 16: (30.725159, -96.425728), 17: (37.737099, -97.32375), 18: (34.188212, -97.171022), 19: (33.94423, -96.41932), 20: (30.209862, -92.002378), 21: (37.183969, -104.499646), 22: (32.267588, -107.774524), 23: (36.72136, -119.761165), 24: (30.437821, -95.498724), 25: (35.079896, -106.746225), 26: (35.840761, -98.419831), 27: (31.207465, -95.996079), 28: (33.899899, -118.207088), 29: (33.3874378, -110.7609849), 30: (34.02094, -117.385415), 31: (33.603063, -114.598023), 32: (35.189976, -101.706309), 33: (35.853211, -94.989243), 34: (35.004614, -106.032837), 35: (31.151717, -93.265081), 36: (36.706596, -101.443207), 37: (37.069631, -100.905444), 38: (32.62712, -96.74537), 39: (36.075856, -119.043996), 40: (35.65758, -105.993406), 41: (32.181782, -94.334174), 42: (30.330588, -97.701649), 43: (35.01643, -110.675005), 44: (35.25655, -96.671004), 45: (33.3021433, -111.9552863), 46: (36.535661, -97.33916), 47: (32.698465, -97.959695), 48: (33.984094, -106.887526), 49: (32.7658795, -96.8754612), 50: (35.309665, -99.631741), 51: (31.784139, -93.08731), 52: (33.0390751, -117.2841996), 53: (38.164391, -112.278183), 54: (34.4349097, -119.9212861), 55: (31.499498, -97.173412), 56: (33.9541734, -117.5556971), 57: (34.118101, -116.45646), 58: (36.71838, -108.167694), 59: (31.940555, -102.169802), 60: (36.081743, -96.054325), 61: (32.469998, -93.672804), 62: (34.4425082, -119.7812613), 63: (37.648431, -98.094183), 64: (32.448848, -100.439583), 65: (32.627591, -97.314361), 66: (38.54421, -106.92517), 67: (34.886448, -117.079423), 68: (35.9874334, -119.961999), 69: (32.794671, -115.539473), 70: (36.220567, -115.125553), 71: (35.106478, -92.43572), 72: (34.584172, -98.396813), 73: (33.39639, -110.76888), 74: (37.8135094, -119.8800771), 75: (35.87844, -97.392471), 76: (35.490972, -98.967096), 77: (33.8310496, -116.5452277), 78: (32.354553, -95.302495), 79: (37.962455, -100.846437), 80: (32.178328, -110.960207), 81: (38.7747705, -119.9029911), 82: (33.463568, -112.459255), 83: (36.009923, -114.784826), 84: (35.3002628, -119.0381956), 85: (36.249164, -95.333829), 86: (33.6699802, -96.6120405), 87: (38.971499, -92.294316), 88: (32.029056, -93.713243), 89: (33.8722233, -118.2654222), 90: (35.263617, -112.194139), 91: (37.199194, -93.402643), 92: (33.73573, -97.14484), 93: (32.881785, -111.777561), 94: (37.161682, -113.434692), 95: (30.35815, -99.606129), 96: (34.773291, -96.697633), 97: (34.12755, -118.443664), 98: (31.34545, -92.51807), 99: (38.945105, -104.724068), 100: (30.0774, -99.10731)}
x_load_0: {((67, 13, 1, 1), (67, 100, 1, 3), 0): 1.0, ((39, 28, 1, 1), (39, 100, 1, 3), 0): 1.0, ((74, 33, 1, 1), (74, 33, 119, 1), 0): 1.0, ((39, 100, 1, 3), (74, 33, 1, 1), 0): 1.0, ((13, 100, 0, 3), (31, 20, 1, 1), 0): 1.0, ((31, 20, 1, 1), (31, 100, 1, 3), 0): 1.0, ((31, 100, 1, 3), (67, 13, 1, 1), 0): 1.0, ((67, 100, 1, 3), (39, 28, 1, 1), 0): 1.0}
x_ener_0: {((23, 6, 51, 0), (23, 6, 119, 0), 0): 1.0, ((89, 70, 101, 2), (11, 68, 101, 2), 1): 5.0, ((67, 13, 1, 1), (67, 13, 119, 1), 0): 1.0, ((39, 28, 1, 1), (39, 28, 119, 1), 0): 1.0, ((11, 68, 101, 2), (52, 41, 101, 2), 0): 5.0, ((5, 100, 1, 3), (84, 100, 1, 3), 0): 5.0, ((74, 33, 1, 1), (74, 33, 51, 1), 0): 1.0, ((5, 100, 0, 3), (5, 100, 1, 3), 0): 5.0, ((39, 100, 1, 3), (74, 33, 1, 1), 0): 1.0, ((68, 100, 1, 3), (39, 100, 1, 3), 0): 1.0, ((84, 100, 1, 3), (84, 100, 51, 3), 0): 5.0, ((5, 100, 51, 3), (5, 100, 101, 3), 0): 5.0, ((74, 33, 51, 1), (23, 6, 51, 0), 0): 1.0, ((84, 100, 51, 3), (5, 100, 51, 3), 0): 5.0, ((5, 100, 101, 3), (84, 100, 101, 3), 0): 5.0, ((84, 100, 101, 3), (89, 70, 101, 2), 0): 5.0, ((52, 41, 101, 2), (69, 4, 101, 0), 0): 5.0, ((69, 4, 101, 0), (69, 4, 119, 0), 0): 5.0, ((13, 100, 0, 3), (31, 20, 1, 1), 0): 1.0, ((31, 20, 1, 1), (31, 20, 51, 1), 0): 1.0, ((31, 20, 51, 1), (31, 20, 119, 1), 0): 1.0, ((31, 100, 1, 3), (67, 13, 1, 1), 0): 1.0, ((31, 100, 0, 3), (31, 100, 1, 3), 0): 1.0, ((39, 100, 0, 3), (68, 100, 1, 3), 0): 1.0, ((67, 100, 1, 3), (39, 28, 1, 1), 0): 1.0, ((67, 100, 0, 3), (67, 100, 1, 3), 0): 1.0}
(((13, np.int64(100), np.int64(0), 3), (31, 20, 1, 1), 0), ((31, 20, 1, 1), (31, 100, 1, 3), 0), ((31, 100, 1, 3), (67, 13, 1, 1), 0), ((67, 13, 1, 1), (67, 100, 1, 3), 0), ((67, 100, 1, 3), (39, 28, 1, 1), 0), ((39, 28, 1, 1), (39, 100, 1, 3), 0), ((39, 100, 1, 3), (74, 33, 1, 1), 0), ((74, 33, 1, 1), (74, 33, 119, 1), 0))
New edge added:  ((13, np.int64(100), np.int64(0), 3), (31, np.int64(20), np.int64(10), 1), 0)  Edge removed:  ((13, np.int64(100), np.int64(0), 3), (31, 20, 1, 1), 0)
x_load_1: {((72, 7, 1, 0), (72, 100, 1, 3), 0): 1.0, ((72, 100, 1, 3), (76, 63, 1, 2), 0): 1.0, ((36, 15, 1, 1), (36, 100, 1, 3), 0): 1.0, ((13, 27, 1, 1), (13, 27, 119, 1), 0): 1.0, ((21, 10, 1, 1), (21, 100, 1, 3), 0): 1.0, ((21, 100, 1, 3), (40, 30, 1, 1), 0): 1.0, ((40, 30, 1, 1), (40, 77, 1, 2), 0): 1.0, ((76, 100, 1, 3), (36, 15, 1, 1), 0): 1.0, ((40, 77, 1, 2), (58, 4, 1, 0), 0): 1.0, ((36, 100, 1, 3), (21, 10, 1, 1), 0): 1.0, ((58, 4, 1, 0), (58, 100, 1, 3), 0): 1.0, ((43, 4, 1, 0), (43, 100, 1, 3), 0): 1.0, ((43, 100, 1, 3), (13, 27, 1, 1), 0): 1.0, ((49, 86, 0, 3), (72, 7, 1, 0), 0): 1.0, ((58, 100, 1, 3), (43, 4, 1, 0), 0): 1.0, ((76, 63, 1, 2), (76, 100, 1, 3), 0): 1.0}
x_ener_1: {((2, 100, 1, 3), (72, 100, 1, 3), 0): 1.0, ((72, 7, 1, 0), (72, 7, 119, 0), 0): 1.0, ((76, 2, 1, 0), (76, 2, 51, 0), 0): 1.0, ((72, 100, 1, 3), (76, 63, 1, 2), 0): 1.0, ((76, 2, 51, 0), (76, 2, 119, 0), 0): 1.0, ((37, 6, 1, 0), (37, 6, 119, 0), 0): 1.0, ((36, 15, 1, 1), (37, 6, 1, 0), 0): 1.0, ((13, 27, 1, 1), (45, 27, 1, 1), 1): 1.0, ((45, 27, 1, 1), (45, 27, 51, 1), 0): 1.0, ((45, 27, 51, 1), (93, 11, 51, 1), 0): 1.0, ((93, 11, 51, 1), (93, 11, 101, 1), 0): 1.0, ((13, 0, 101, 0), (13, 0, 119, 0), 0): 1.0, ((93, 11, 101, 1), (13, 0, 101, 0), 0): 1.0, ((72, 39, 1, 1), (76, 2, 1, 0), 0): 1.0, ((21, 10, 1, 1), (21, 10, 119, 1), 0): 1.0, ((21, 100, 1, 3), (40, 30, 1, 1), 0): 1.0, ((21, 100, 0, 3), (21, 100, 1, 3), 0): 1.0, ((34, 9, 1, 0), (34, 9, 51, 0), 0): 1.0, ((40, 30, 1, 1), (34, 9, 1, 0), 0): 1.0, ((34, 9, 51, 0), (34, 9, 101, 0), 0): 1.0, ((34, 9, 101, 0), (34, 9, 119, 0), 0): 1.0, ((34, 100, 1, 3), (40, 77, 1, 2), 0): 1.0, ((76, 100, 1, 3), (36, 15, 1, 1), 0): 1.0, ((40, 77, 1, 2), (58, 4, 1, 0), 0): 1.0, ((36, 100, 1, 3), (21, 10, 1, 1), 0): 1.0, ((36, 100, 0, 3), (37, 100, 1, 3), 0): 1.0, ((37, 100, 1, 3), (36, 100, 1, 3), 0): 1.0, ((58, 4, 1, 0), (58, 4, 119, 0), 0): 1.0, ((40, 100, 0, 3), (34, 100, 1, 3), 0): 1.0, ((43, 4, 1, 0), (43, 4, 51, 0), 0): 1.0, ((43, 100, 1, 3), (13, 27, 1, 1), 0): 1.0, ((43, 100, 0, 3), (43, 100, 1, 3), 0): 1.0, ((43, 4, 51, 0), (43, 4, 119, 0), 0): 1.0, ((49, 86, 0, 3), (72, 7, 1, 0), 0): 1.0, ((50, 100, 0, 3), (76, 100, 1, 3), 0): 1.0, ((58, 100, 1, 3), (43, 4, 1, 0), 0): 1.0, ((58, 100, 0, 3), (58, 100, 1, 3), 0): 1.0, ((72, 100, 0, 3), (2, 100, 1, 3), 0): 1.0, ((76, 63, 1, 2), (72, 39, 1, 1), 0): 1.0}
(((49, np.int64(86), np.int64(0), 3), (72, 7, 1, 0), 0), ((72, 7, 1, 0), (72, 100, 1, 3), 0), ((72, 100, 1, 3), (76, 63, 1, 2), 0), ((76, 63, 1, 2), (76, 100, 1, 3), 0), ((76, 100, 1, 3), (36, 15, 1, 1), 0), ((36, 15, 1, 1), (36, 100, 1, 3), 0), ((36, 100, 1, 3), (21, 10, 1, 1), 0), ((21, 10, 1, 1), (21, 100, 1, 3), 0), ((21, 100, 1, 3), (40, 30, 1, 1), 0), ((40, 30, 1, 1), (40, 77, 1, 2), 0), ((40, 77, 1, 2), (58, 4, 1, 0), 0), ((58, 4, 1, 0), (58, 100, 1, 3), 0), ((58, 100, 1, 3), (43, 4, 1, 0), 0), ((43, 4, 1, 0), (43, 100, 1, 3), 0), ((43, 100, 1, 3), (13, 27, 1, 1), 0), ((13, 27, 1, 1), (13, 27, 119, 1), 0))
New edge added:  ((49, np.int64(86), np.int64(0), 3), (72, np.int64(6), np.int64(10), 0), 0)  Edge removed:  ((49, np.int64(86), np.int64(0), 3), (72, 7, 1, 0), 0)
x_load_2: {((39, 18, 1, 1), (39, 69, 1, 2), 0): 1.0, ((39, 18, 1, 1), (39, 100, 1, 3), 0): 4.0, ((39, 69, 1, 2), (74, 6, 1, 0), 0): 1.0, ((72, 2, 1, 0), (72, 80, 1, 3), 0): 3.0, ((76, 15, 1, 1), (76, 39, 1, 1), 0): 3.0, ((76, 15, 1, 1), (76, 100, 1, 3), 0): 2.0, ((76, 39, 1, 1), (72, 2, 1, 0), 0): 3.0, ((49, 0, 1, 0), (49, 0, 119, 0), 0): 5.0, ((72, 63, 1, 2), (72, 80, 1, 3), 0): 2.0, ((74, 6, 1, 0), (74, 6, 119, 0), 0): 1.0, ((74, 33, 1, 1), (74, 33, 119, 1), 0): 4.0, ((39, 100, 1, 3), (74, 33, 1, 1), 0): 4.0, ((13, 84, 0, 3), (45, 84, 1, 3), 0): 5.0, ((43, 16, 1, 1), (43, 100, 1, 3), 0): 5.0, ((45, 84, 1, 3), (43, 16, 1, 1), 0): 5.0, ((21, 9, 1, 0), (21, 100, 1, 3), 0): 4.0, ((21, 10, 1, 1), (21, 100, 1, 3), 0): 1.0, ((21, 100, 1, 3), (36, 10, 1, 1), 0): 5.0, ((36, 10, 1, 1), (36, 100, 1, 3), 0): 5.0, ((40, 80, 1, 3), (21, 10, 1, 1), 0): 1.0, ((58, 80, 1, 3), (40, 6, 1, 0), 0): 5.0, ((76, 100, 1, 3), (72, 63, 1, 2), 0): 2.0, ((28, 100, 0, 3), (39, 18, 1, 1), 0): 5.0, ((40, 6, 1, 0), (40, 77, 1, 2), 0): 4.0, ((40, 6, 1, 0), (40, 80, 1, 3), 0): 1.0, ((40, 77, 1, 2), (21, 9, 1, 0), 0): 4.0, ((36, 100, 1, 3), (76, 15, 1, 1), 0): 5.0, ((58, 4, 1, 0), (58, 80, 1, 3), 0): 5.0, ((43, 100, 1, 3), (58, 4, 1, 0), 0): 5.0, ((72, 80, 1, 3), (49, 0, 1, 0), 0): 5.0}
x_ener_2: {((23, 6, 1, 0), (23, 6, 119, 0), 0): 4.0, ((39, 18, 1, 1), (5, 0, 1, 0), 0): 5.0, ((39, 69, 1, 2), (74, 6, 1, 0), 0): 1.0, ((72, 2, 1, 0), (72, 2, 51, 0), 0): 3.0, ((50, 4, 1, 0), (50, 4, 119, 0), 0): 1.0, ((76, 15, 1, 1), (26, 2, 1, 0), 0): 4.0, ((76, 15, 1, 1), (50, 4, 1, 0), 0): 1.0, ((76, 39, 1, 1), (72, 2, 1, 0), 0): 3.0, ((49, 0, 1, 0), (49, 0, 119, 0), 0): 5.0, ((72, 63, 1, 2), (76, 39, 1, 1), 0): 3.0, ((72, 2, 51, 0), (72, 2, 119, 0), 0): 3.0, ((26, 2, 1, 0), (26, 2, 51, 0), 0): 4.0, ((26, 2, 51, 0), (26, 2, 119, 0), 0): 4.0, ((74, 6, 1, 0), (74, 6, 119, 0), 0): 1.0, ((74, 33, 1, 1), (23, 6, 1, 0), 0): 4.0, ((39, 100, 1, 3), (74, 33, 1, 1), 0): 4.0, ((68, 100, 1, 3), (39, 100, 1, 3), 0): 4.0, ((5, 0, 1, 0), (5, 0, 119, 0), 0): 5.0, ((31, 59, 51, 2), (31, 59, 101, 2), 0): 5.0, ((31, 59, 101, 2), (13, 4, 101, 0), 0): 5.0, ((13, 84, 0, 3), (45, 84, 1, 3), 0): 5.0, ((43, 16, 1, 1), (43, 16, 119, 1), 0): 5.0, ((45, 84, 1, 3), (43, 16, 1, 1), 0): 5.0, ((13, 4, 101, 0), (13, 4, 119, 0), 0): 5.0, ((21, 9, 1, 0), (21, 9, 119, 0), 0): 4.0, ((21, 10, 1, 1), (21, 10, 119, 1), 0): 1.0, ((21, 100, 1, 3), (36, 10, 1, 1), 0): 5.0, ((21, 100, 0, 3), (21, 100, 1, 3), 0): 5.0, ((36, 10, 1, 1), (36, 10, 51, 1), 0): 5.0, ((36, 10, 51, 1), (36, 10, 101, 1), 0): 5.0, ((36, 10, 101, 1), (36, 10, 119, 1), 0): 5.0, ((23, 100, 1, 3), (68, 100, 1, 3), 0): 4.0, ((23, 80, 0, 3), (39, 69, 1, 2), 0): 1.0, ((23, 100, 0, 3), (23, 100, 1, 3), 0): 4.0, ((25, 100, 1, 3), (40, 80, 1, 3), 0): 1.0, ((34, 100, 1, 3), (25, 100, 1, 3), 0): 1.0, ((40, 80, 1, 3), (21, 10, 1, 1), 0): 1.0, ((58, 80, 1, 3), (40, 6, 1, 0), 0): 5.0, ((26, 100, 0, 3), (76, 100, 1, 3), 0): 4.0, ((76, 100, 1, 3), (72, 63, 1, 2), 0): 3.0, ((76, 100, 1, 3), (72, 80, 1, 3), 0): 2.0, ((28, 100, 0, 3), (39, 18, 1, 1), 0): 5.0, ((40, 6, 1, 0), (40, 6, 51, 0), 0): 5.0, ((34, 100, 0, 3), (34, 100, 1, 3), 0): 1.0, ((40, 77, 1, 2), (21, 9, 1, 0), 0): 4.0, ((40, 6, 51, 0), (40, 6, 101, 0), 0): 5.0, ((40, 6, 101, 0), (40, 6, 119, 0), 0): 5.0, ((36, 100, 1, 3), (76, 15, 1, 1), 0): 5.0, ((36, 100, 0, 3), (36, 100, 1, 3), 0): 4.0, ((37, 100, 1, 3), (36, 100, 1, 3), 0): 1.0, ((37, 100, 0, 3), (37, 100, 1, 3), 0): 1.0, ((40, 77, 0, 2), (40, 77, 1, 2), 0): 4.0, ((58, 4, 1, 0), (58, 4, 119, 0), 0): 5.0, ((43, 100, 1, 3), (58, 4, 1, 0), 0): 5.0, ((43, 100, 0, 3), (43, 100, 1, 3), 0): 5.0, ((58, 80, 0, 3), (58, 80, 1, 3), 0): 5.0, ((69, 100, 1, 3), (69, 100, 51, 3), 0): 5.0, ((69, 100, 0, 3), (69, 100, 1, 3), 0): 5.0, ((69, 100, 51, 3), (31, 59, 51, 2), 0): 5.0, ((72, 80, 1, 3), (49, 0, 1, 0), 0): 5.0, ((72, 80, 0, 3), (72, 80, 1, 3), 0): 3.0, ((76, 100, 0, 3), (76, 100, 1, 3), 0): 1.0}
(((13, np.int64(84), np.int64(0), 3), (45, 84, 1, 3), 0), ((45, 84, 1, 3), (43, 16, 1, 1), 0), ((43, 16, 1, 1), (43, 100, 1, 3), 0), ((43, 100, 1, 3), (58, 4, 1, 0), 0), ((58, 4, 1, 0), (58, 80, 1, 3), 0), ((58, 80, 1, 3), (40, 6, 1, 0), 0), ((40, 6, 1, 0), (40, 77, 1, 2), 0), ((40, 77, 1, 2), (21, 9, 1, 0), 0), ((21, 9, 1, 0), (21, 100, 1, 3), 0), ((21, 100, 1, 3), (36, 10, 1, 1), 0), ((36, 10, 1, 1), (36, 100, 1, 3), 0), ((36, 100, 1, 3), (76, 15, 1, 1), 0), ((76, 15, 1, 1), (76, 39, 1, 1), 0), ((76, 39, 1, 1), (72, 2, 1, 0), 0), ((72, 2, 1, 0), (72, 80, 1, 3), 0), ((72, 80, 1, 3), (49, 0, 1, 0), 0), ((49, 0, 1, 0), (49, 0, 119, 0), 0))
New edge added:  ((45, np.int64(84), np.int64(1), 3), (43, np.int64(11), np.int64(10), 1), 0)  Edge removed:  ((45, 84, 1, 3), (43, 16, 1, 1), 0)
Solution cannot be extended to a feasible solution, updating network...
n[ 5 ] =  5.0
n[ 13 ] =  5.0
n[ 21 ] =  6.0
n[ 23 ] =  5.0
n[ 26 ] =  4.0
n[ 31 ] =  1.0
n[ 34 ] =  1.0
n[ 36 ] =  5.0
n[ 37 ] =  1.0
n[ 39 ] =  1.0
n[ 40 ] =  5.0
n[ 43 ] =  6.0
n[ 50 ] =  1.0
n[ 58 ] =  6.0
n[ 67 ] =  1.0
n[ 69 ] =  5.0
n[ 72 ] =  4.0
n[ 76 ] =  1.0
'''''''''''''''''
Gurobi Optimizer version 13.0.1 build v13.0.1rc0 (linux64 - "Debian GNU/Linux 12 (bookworm)")

CPU model: Intel(R) Xeon(R) CPU @ 2.20GHz, instruction set [SSE2|AVX|AVX2]
Thread count: 1 physical cores, 2 logical processors, using up to 2 threads

Non-default parameters:
MIPGap  0.05

Academic license 937859 - for non-commercial use only - registered to hp___@cornell.edu
Optimize a model with 677200 rows, 1393660 columns and 3563950 nonzeros (Min)
Model fingerprint: 0x79f3c79d
Model has 1001557 linear objective coefficients
Variable types: 0 continuous, 1393660 integer (0 binary)
Coefficient statistics:
  Matrix range     [1e+00, 3e+05]
  Objective range  [6e-01, 8e+02]
  Bounds range     [0e+00, 0e+00]
  RHS range        [1e+00, 5e+00]

MIP start from previous solve did not produce a new incumbent solution
MIP start from previous solve violates constraint flow_bal_load[(72,_np.int64(7),_np.int64(1),_0),1] by 1.000000000
Processed MIP start in 1.61 seconds (0.34 work units)

Presolve removed 544716 rows and 724025 columns (presolve time = 5s)...
Presolve removed 547840 rows and 748688 columns (presolve time = 10s)...
Presolve removed 547904 rows and 754357 columns (presolve time = 15s)...
Presolve removed 549539 rows and 764312 columns (presolve time = 20s)...
Presolve removed 549614 rows and 765871 columns (presolve time = 25s)...
Presolve removed 549614 rows and 765885 columns (presolve time = 30s)...
Presolve removed 549620 rows and 765879 columns
Presolve time: 34.44s
Presolved: 127580 rows, 627781 columns, 1454513 nonzeros
Variable types: 0 continuous, 627781 integer (1937 binary)

Root simplex log...

Iteration    Objective       Primal Inf.    Dual Inf.      Time
       0      handle free variables                         59s
    1939    4.0500003e+02   4.900000e+01   0.000000e+00     60s
    6143    8.9324162e+02   8.096739e+01   0.000000e+00     65s
    8804    1.0332323e+03   5.302677e+01   0.000000e+00     70s
   12416    1.5688955e+03   1.293657e+02   0.000000e+00     75s
   15096    1.7039094e+03   1.136502e+02   0.000000e+00     80s
   16886    1.7577809e+03   1.430000e+02   0.000000e+00     85s
   18566    1.8051029e+03   1.427637e+02   0.000000e+00     90s
   19906    1.8090644e+03   1.642246e+02   0.000000e+00     95s
   21496    1.8526781e+03   8.450000e+01   0.000000e+00    100s
   22506    1.8610730e+03   1.795424e+02   0.000000e+00    105s
   23816    1.8657514e+03   2.608378e+02   0.000000e+00    110s
   24606    1.8737226e+03   6.750000e+01   0.000000e+00    116s
   24866    1.8746120e+03   1.273467e+02   0.000000e+00    120s
   25006    1.8751182e+03   6.727147e+01   0.000000e+00    125s
   25416    1.8921001e+03   1.134266e+02   0.000000e+00    133s
   25686    1.9086242e+03   3.395735e+02   0.000000e+00    135s
   26746    1.9161224e+03   9.032226e+01   0.000000e+00    141s
   27736    1.9230693e+03   3.600000e+02   0.000000e+00    145s
   28676    1.9403151e+03   5.600000e+01   0.000000e+00    150s
   29766    1.9759908e+03   8.179688e+01   0.000000e+00    155s
   30906    2.0085367e+03   5.975000e+01   0.000000e+00    160s
   32236    2.1811714e+03   2.899500e+02   0.000000e+00    165s
   33356    2.2574922e+03   4.900000e+01   0.000000e+00    170s
   34236    2.2795144e+03   1.993277e+02   0.000000e+00    175s
   35006    2.2939319e+03   3.076163e+02   0.000000e+00    180s
   35836    2.3085649e+03   8.624576e+01   0.000000e+00    185s
   36286    2.3144468e+03   2.647925e+02   0.000000e+00    191s
   36576    2.3173364e+03   2.780403e+02   0.000000e+00    195s
   37206    2.3288422e+03   2.061710e+03   0.000000e+00    200s
   38016    2.3445040e+03   4.922034e+02   0.000000e+00    205s
   39056    2.3680962e+03   8.753390e+02   0.000000e+00    210s
   39866    2.3784609e+03   1.330003e+02   0.000000e+00    216s
   40436    2.3813732e+03   9.749127e+01   0.000000e+00    220s
   41246    2.3950217e+03   1.878981e+02   0.000000e+00    225s
   42116    2.4057147e+03   1.079758e+02   0.000000e+00    230s
   43106    2.4505430e+03   1.436826e+02   0.000000e+00    236s
   43886    2.5052189e+03   4.139324e+02   0.000000e+00    241s
   44726    2.5938690e+03   4.801342e+02   0.000000e+00    245s
   45596    2.6564633e+03   6.948824e+01   0.000000e+00    251s
   46336    2.6579815e+03   4.191494e+02   0.000000e+00    256s
   47186    2.6905163e+03   1.625617e+02   0.000000e+00    261s
   47756    2.6948813e+03   6.248121e+01   0.000000e+00    265s
   48476    2.7037786e+03   3.221518e+02   0.000000e+00    270s
   49306    2.7320177e+03   7.715169e+01   0.000000e+00    275s
   50126    2.7372306e+03   7.685423e+02   0.000000e+00    280s
   51126    2.8211131e+03   1.747304e+02   0.000000e+00    285s
   52096    2.8479104e+03   2.258235e+02   0.000000e+00    291s
   53026    2.8882335e+03   6.415254e+01   0.000000e+00    296s
   54206    3.0012870e+03   2.494650e+02   0.000000e+00    301s
   54986    3.0811686e+03   1.269338e+02   0.000000e+00    305s
   56236    3.2502119e+03   1.603609e+02   0.000000e+00    311s
   56846    3.9836308e+03   2.021525e+02   0.000000e+00    315s
   57756    5.0246087e+03   6.074261e+02   0.000000e+00    320s
   58386    5.0512398e+03   5.340924e+02   0.000000e+00    326s
   58996    5.0598208e+03   8.798018e+01   0.000000e+00    330s
   60036    5.0883654e+03   1.821511e+02   0.000000e+00    336s
   60576    5.1046505e+03   6.550000e+01   0.000000e+00    341s
   61076    5.1144458e+03   8.255085e+01   0.000000e+00    346s
   61436    5.1208978e+03   5.650000e+01   0.000000e+00    350s
   61806    5.1210964e+03   5.000000e-01   0.000000e+00    355s
   61811    5.1210963e+03   0.000000e+00   0.000000e+00    356s
   61826    5.1210963e+03   0.000000e+00   0.000000e+00    356s

Extra simplex iterations after uncrush: 15

Root relaxation: objective 5.121096e+03, 61826 iterations, 310.77 seconds (94.66 work units)

    Nodes    |    Current Node    |     Objective Bounds      |     Work
 Expl Unexpl |  Obj  Depth IntInf | Incumbent    BestBd   Gap | It/Node Time

     0     0 5121.09629    0   75          - 5121.09629      -     -  412s
H    0     0                    5535.9794521 5121.09629  7.49%     -  418s
H    0     0                    5306.8972603 5121.09629  3.50%     -  429s

Explored 1 nodes (108724 simplex iterations) in 430.13 seconds (122.20 work units)
Thread count was 2 (of 2 available processors)

Solution count 2: 5306.9 5535.98 

Optimal solution found (tolerance 5.00e-02)
Best objective 5.306897260274e+03, best bound 5.121096288434e+03, gap 3.5011%
Iteration:  5
Size of network:  12647  nodes,  232231  edges
Obj Value:  5306.897260273973
a: {}
n: {5: 7.0, 21: 6.0, 23: 5.0, 28: 4.0, 31: 1.0, 34: 5.0, 36: 5.0, 37: 1.0, 39: 3.0, 40: 1.0, 43: 6.0, 50: 5.0, 57: 4.0, 58: 6.0, 67: 1.0, 69: 5.0, 72: 4.0, 76: 1.0, 82: 5.0}
{0: (34.421443, -119.684178), 1: (36.167392, -94.119169), 2: (34.071417, -99.009382), 3: (34.689589, -118.130371), 4: (36.434113, -99.427596), 5: (35.400164, -119.399727), 6: (37.2129649, -93.37103), 7: (30.25011, -93.01142), 8: (36.751521, -96.000152), 9: (35.35468, -94.437379), 10: (38.89357, -94.36045), 11: (33.7885884, -118.2150827), 12: (32.596725, -117.019495), 13: (33.30006, -111.96835), 14: (35.392817, -97.422948), 15: (38.96627, -95.700495), 16: (30.725159, -96.425728), 17: (37.737099, -97.32375), 18: (34.188212, -97.171022), 19: (33.94423, -96.41932), 20: (30.209862, -92.002378), 21: (37.183969, -104.499646), 22: (32.267588, -107.774524), 23: (36.72136, -119.761165), 24: (30.437821, -95.498724), 25: (35.079896, -106.746225), 26: (35.840761, -98.419831), 27: (31.207465, -95.996079), 28: (33.899899, -118.207088), 29: (33.3874378, -110.7609849), 30: (34.02094, -117.385415), 31: (33.603063, -114.598023), 32: (35.189976, -101.706309), 33: (35.853211, -94.989243), 34: (35.004614, -106.032837), 35: (31.151717, -93.265081), 36: (36.706596, -101.443207), 37: (37.069631, -100.905444), 38: (32.62712, -96.74537), 39: (36.075856, -119.043996), 40: (35.65758, -105.993406), 41: (32.181782, -94.334174), 42: (30.330588, -97.701649), 43: (35.01643, -110.675005), 44: (35.25655, -96.671004), 45: (33.3021433, -111.9552863), 46: (36.535661, -97.33916), 47: (32.698465, -97.959695), 48: (33.984094, -106.887526), 49: (32.7658795, -96.8754612), 50: (35.309665, -99.631741), 51: (31.784139, -93.08731), 52: (33.0390751, -117.2841996), 53: (38.164391, -112.278183), 54: (34.4349097, -119.9212861), 55: (31.499498, -97.173412), 56: (33.9541734, -117.5556971), 57: (34.118101, -116.45646), 58: (36.71838, -108.167694), 59: (31.940555, -102.169802), 60: (36.081743, -96.054325), 61: (32.469998, -93.672804), 62: (34.4425082, -119.7812613), 63: (37.648431, -98.094183), 64: (32.448848, -100.439583), 65: (32.627591, -97.314361), 66: (38.54421, -106.92517), 67: (34.886448, -117.079423), 68: (35.9874334, -119.961999), 69: (32.794671, -115.539473), 70: (36.220567, -115.125553), 71: (35.106478, -92.43572), 72: (34.584172, -98.396813), 73: (33.39639, -110.76888), 74: (37.8135094, -119.8800771), 75: (35.87844, -97.392471), 76: (35.490972, -98.967096), 77: (33.8310496, -116.5452277), 78: (32.354553, -95.302495), 79: (37.962455, -100.846437), 80: (32.178328, -110.960207), 81: (38.7747705, -119.9029911), 82: (33.463568, -112.459255), 83: (36.009923, -114.784826), 84: (35.3002628, -119.0381956), 85: (36.249164, -95.333829), 86: (33.6699802, -96.6120405), 87: (38.971499, -92.294316), 88: (32.029056, -93.713243), 89: (33.8722233, -118.2654222), 90: (35.263617, -112.194139), 91: (37.199194, -93.402643), 92: (33.73573, -97.14484), 93: (32.881785, -111.777561), 94: (37.161682, -113.434692), 95: (30.35815, -99.606129), 96: (34.773291, -96.697633), 97: (34.12755, -118.443664), 98: (31.34545, -92.51807), 99: (38.945105, -104.724068), 100: (30.0774, -99.10731)}
x_load_0: {((67, 13, 1, 1), (67, 100, 1, 3), 0): 1.0, ((39, 28, 1, 1), (39, 100, 1, 3), 0): 1.0, ((74, 33, 1, 1), (74, 33, 119, 1), 0): 1.0, ((39, 100, 1, 3), (74, 33, 1, 1), 0): 1.0, ((13, 100, 0, 3), (82, 84, 1, 3), 0): 1.0, ((31, 20, 1, 1), (31, 100, 1, 3), 0): 1.0, ((82, 84, 1, 3), (31, 20, 1, 1), 0): 1.0, ((31, 100, 1, 3), (67, 13, 1, 1), 0): 1.0, ((67, 100, 1, 3), (39, 28, 1, 1), 0): 1.0}
x_ener_0: {((89, 70, 1, 2), (28, 70, 1, 2), 1): 2.0, ((11, 66, 1, 2), (56, 53, 1, 2), 0): 2.0, ((28, 70, 1, 2), (11, 66, 1, 2), 0): 2.0, ((30, 48, 1, 2), (30, 48, 51, 2), 0): 2.0, ((56, 53, 1, 2), (30, 48, 1, 2), 0): 2.0, ((23, 6, 51, 0), (23, 6, 101, 0), 0): 1.0, ((89, 70, 51, 2), (28, 70, 51, 2), 1): 2.0, ((28, 70, 51, 2), (56, 53, 51, 2), 0): 2.0, ((30, 48, 51, 2), (30, 48, 101, 2), 0): 4.0, ((56, 53, 51, 2), (30, 48, 51, 2), 0): 2.0, ((23, 6, 101, 0), (23, 6, 119, 0), 0): 1.0, ((89, 70, 101, 2), (28, 70, 101, 2), 1): 1.0, ((28, 70, 101, 2), (69, 9, 101, 0), 0): 1.0, ((30, 48, 101, 2), (57, 21, 101, 1), 0): 4.0, ((67, 13, 1, 1), (67, 13, 51, 1), 0): 1.0, ((5, 10, 1, 1), (5, 10, 119, 1), 0): 1.0, ((39, 28, 1, 1), (5, 10, 1, 1), 0): 1.0, ((67, 13, 51, 1), (67, 13, 101, 1), 0): 1.0, ((67, 13, 101, 1), (67, 13, 119, 1), 0): 1.0, ((57, 21, 101, 1), (57, 21, 119, 1), 0): 4.0, ((5, 100, 1, 3), (5, 100, 51, 3), 0): 3.0, ((74, 33, 1, 1), (74, 33, 51, 1), 0): 1.0, ((5, 100, 0, 3), (84, 100, 1, 3), 0): 5.0, ((39, 100, 1, 3), (74, 33, 1, 1), 0): 1.0, ((68, 100, 1, 3), (39, 100, 1, 3), 0): 1.0, ((84, 100, 1, 3), (5, 100, 1, 3), 0): 3.0, ((84, 100, 1, 3), (89, 70, 1, 2), 0): 2.0, ((5, 100, 51, 3), (84, 100, 51, 3), 0): 2.0, ((5, 100, 51, 3), (5, 100, 101, 3), 0): 1.0, ((74, 33, 51, 1), (23, 6, 51, 0), 0): 1.0, ((84, 100, 51, 3), (89, 70, 51, 2), 0): 2.0, ((5, 100, 101, 3), (84, 100, 101, 3), 0): 1.0, ((84, 100, 101, 3), (89, 70, 101, 2), 0): 1.0, ((69, 9, 101, 0), (69, 9, 119, 0), 0): 1.0, ((31, 59, 51, 2), (82, 15, 51, 1), 0): 2.0, ((31, 59, 101, 2), (82, 15, 101, 1), 0): 1.0, ((13, 100, 0, 3), (82, 84, 1, 3), 0): 1.0, ((31, 20, 1, 1), (31, 20, 119, 1), 0): 1.0, ((82, 84, 1, 3), (31, 20, 1, 1), 0): 1.0, ((82, 15, 51, 1), (82, 15, 119, 1), 0): 2.0, ((82, 15, 101, 1), (82, 15, 119, 1), 0): 1.0, ((23, 100, 1, 3), (68, 100, 1, 3), 0): 1.0, ((23, 100, 0, 3), (23, 100, 1, 3), 0): 1.0, ((57, 90, 51, 3), (31, 59, 51, 2), 0): 2.0, ((77, 90, 51, 3), (57, 90, 51, 3), 0): 2.0, ((31, 100, 1, 3), (67, 13, 1, 1), 0): 1.0, ((31, 100, 0, 3), (31, 100, 1, 3), 0): 1.0, ((57, 100, 1, 3), (57, 100, 51, 3), 0): 2.0, ((57, 100, 0, 3), (77, 100, 1, 3), 0): 2.0, ((77, 100, 1, 3), (57, 100, 1, 3), 0): 2.0, ((57, 100, 51, 3), (77, 90, 51, 3), 0): 2.0, ((67, 100, 1, 3), (39, 28, 1, 1), 0): 1.0, ((67, 100, 0, 3), (67, 100, 1, 3), 0): 1.0, ((69, 100, 1, 3), (69, 100, 51, 3), 0): 1.0, ((69, 100, 0, 3), (69, 100, 1, 3), 0): 1.0, ((69, 100, 51, 3), (69, 100, 101, 3), 0): 1.0, ((69, 100, 101, 3), (31, 59, 101, 2), 0): 1.0}
(((13, np.int64(100), np.int64(0), 3), (82, 84, 1, 3), 0), ((82, 84, 1, 3), (31, 20, 1, 1), 0), ((31, 20, 1, 1), (31, 100, 1, 3), 0), ((31, 100, 1, 3), (67, 13, 1, 1), 0), ((67, 13, 1, 1), (67, 100, 1, 3), 0), ((67, 100, 1, 3), (39, 28, 1, 1), 0), ((39, 28, 1, 1), (39, 100, 1, 3), 0), ((39, 100, 1, 3), (74, 33, 1, 1), 0), ((74, 33, 1, 1), (74, 33, 119, 1), 0))
New edge added:  ((13, np.int64(100), np.int64(0), 3), (82, np.int64(84), np.int64(2), 3), 0)  Edge removed:  ((13, np.int64(100), np.int64(0), 3), (82, 84, 1, 3), 0)
x_load_1: {((72, 0, 1, 0), (72, 100, 1, 3), 0): 1.0, ((72, 100, 1, 3), (76, 63, 1, 2), 0): 1.0, ((36, 15, 1, 1), (36, 100, 1, 3), 0): 1.0, ((13, 27, 1, 1), (13, 27, 119, 1), 0): 1.0, ((21, 10, 1, 1), (21, 100, 1, 3), 0): 1.0, ((21, 100, 1, 3), (40, 30, 1, 1), 0): 1.0, ((40, 30, 1, 1), (40, 80, 1, 3), 0): 1.0, ((40, 80, 1, 3), (58, 6, 1, 0), 0): 1.0, ((76, 100, 1, 3), (36, 15, 1, 1), 0): 1.0, ((36, 100, 1, 3), (21, 10, 1, 1), 0): 1.0, ((49, 80, 1, 3), (72, 0, 1, 0), 0): 1.0, ((58, 6, 1, 0), (58, 100, 1, 3), 0): 1.0, ((43, 4, 1, 0), (43, 100, 1, 3), 0): 1.0, ((43, 100, 1, 3), (13, 27, 1, 1), 0): 1.0, ((49, 80, 0, 3), (49, 80, 1, 3), 0): 1.0, ((58, 100, 1, 3), (43, 4, 1, 0), 0): 1.0, ((76, 63, 1, 2), (76, 100, 1, 3), 0): 1.0}
x_ener_1: {((39, 7, 1, 0), (39, 7, 119, 0), 0): 2.0, ((89, 70, 1, 2), (11, 68, 1, 2), 1): 2.0, ((28, 70, 1, 2), (69, 9, 1, 0), 0): 4.0, ((2, 100, 1, 3), (72, 100, 1, 3), 0): 1.0, ((72, 0, 1, 0), (72, 0, 51, 0), 0): 1.0, ((76, 2, 1, 0), (76, 2, 51, 0), 0): 1.0, ((72, 100, 1, 3), (76, 63, 1, 2), 0): 1.0, ((72, 0, 51, 0), (72, 0, 101, 0), 0): 1.0, ((76, 2, 51, 0), (76, 2, 119, 0), 0): 1.0, ((72, 0, 101, 0), (72, 0, 119, 0), 0): 1.0, ((84, 34, 1, 1), (39, 7, 1, 0), 0): 2.0, ((97, 66, 1, 2), (84, 34, 1, 1), 0): 2.0, ((11, 68, 1, 2), (28, 70, 1, 2), 1): 4.0, ((11, 80, 1, 3), (28, 76, 1, 2), 0): 2.0, ((28, 72, 1, 2), (11, 68, 1, 2), 0): 2.0, ((89, 80, 1, 3), (28, 80, 1, 3), 0): 2.0, ((37, 6, 1, 0), (37, 6, 51, 0), 0): 1.0, ((36, 15, 1, 1), (37, 6, 1, 0), 0): 1.0, ((37, 6, 51, 0), (37, 6, 101, 0), 0): 1.0, ((37, 6, 101, 0), (37, 6, 119, 0), 0): 1.0, ((5, 100, 0, 3), (84, 100, 1, 3), 0): 2.0, ((84, 100, 1, 3), (89, 70, 1, 2), 0): 2.0, ((11, 74, 1, 2), (28, 72, 1, 2), 0): 2.0, ((11, 76, 1, 2), (28, 75, 1, 2), 0): 2.0, ((11, 96, 1, 3), (89, 97, 1, 3), 1): 2.0, ((69, 9, 1, 0), (69, 9, 51, 0), 0): 4.0, ((28, 75, 1, 2), (11, 74, 1, 2), 0): 2.0, ((89, 77, 1, 2), (11, 76, 1, 2), 0): 2.0, ((28, 76, 1, 2), (89, 77, 1, 2), 1): 2.0, ((89, 90, 1, 3), (11, 96, 1, 3), 0): 2.0, ((56, 95, 1, 3), (30, 95, 1, 3), 1): 2.0, ((89, 97, 1, 3), (56, 95, 1, 3), 0): 2.0, ((89, 97, 1, 3), (97, 90, 1, 3), 0): 2.0, ((97, 90, 1, 3), (89, 90, 1, 3), 0): 2.0, ((30, 95, 1, 3), (97, 66, 1, 2), 0): 2.0, ((69, 9, 51, 0), (69, 9, 101, 0), 0): 4.0, ((69, 9, 101, 0), (69, 9, 119, 0), 0): 4.0, ((31, 59, 1, 2), (82, 15, 1, 1), 0): 2.0, ((13, 27, 1, 1), (45, 27, 1, 1), 1): 1.0, ((82, 15, 1, 1), (82, 15, 119, 1), 0): 2.0, ((45, 27, 1, 1), (45, 27, 51, 1), 0): 1.0, ((13, 27, 51, 1), (13, 27, 101, 1), 0): 1.0, ((45, 27, 51, 1), (13, 27, 51, 1), 1): 1.0, ((13, 27, 101, 1), (13, 27, 119, 1), 0): 1.0, ((72, 39, 1, 1), (76, 2, 1, 0), 0): 1.0, ((21, 10, 1, 1), (21, 10, 51, 1), 0): 1.0, ((21, 100, 1, 3), (40, 30, 1, 1), 0): 1.0, ((21, 100, 0, 3), (21, 100, 1, 3), 0): 1.0, ((40, 30, 1, 1), (40, 30, 119, 1), 0): 1.0, ((21, 10, 51, 1), (21, 10, 101, 1), 0): 1.0, ((21, 10, 101, 1), (21, 10, 119, 1), 0): 1.0, ((25, 100, 1, 3), (40, 80, 1, 3), 0): 1.0, ((40, 80, 1, 3), (58, 6, 1, 0), 0): 1.0, ((76, 100, 1, 3), (36, 15, 1, 1), 0): 1.0, ((28, 80, 1, 3), (11, 80, 1, 3), 0): 2.0, ((28, 81, 0, 3), (89, 80, 1, 3), 0): 2.0, ((28, 96, 0, 3), (89, 97, 1, 3), 0): 2.0, ((77, 90, 1, 3), (31, 59, 1, 2), 0): 2.0, ((34, 100, 0, 3), (25, 100, 1, 3), 0): 1.0, ((36, 100, 1, 3), (21, 10, 1, 1), 0): 1.0, ((36, 100, 0, 3), (37, 100, 1, 3), 0): 1.0, ((37, 100, 1, 3), (36, 100, 1, 3), 0): 1.0, ((38, 80, 1, 3), (49, 80, 1, 3), 0): 1.0, ((49, 80, 1, 3), (72, 0, 1, 0), 0): 1.0, ((58, 6, 1, 0), (58, 6, 51, 0), 0): 1.0, ((58, 6, 51, 0), (58, 6, 119, 0), 0): 1.0, ((43, 4, 1, 0), (43, 4, 51, 0), 0): 1.0, ((43, 100, 1, 3), (13, 27, 1, 1), 0): 1.0, ((43, 100, 0, 3), (43, 100, 1, 3), 0): 1.0, ((43, 4, 51, 0), (43, 4, 101, 0), 0): 1.0, ((43, 4, 101, 0), (43, 4, 119, 0), 0): 1.0, ((49, 86, 1, 3), (38, 80, 1, 3), 0): 1.0, ((49, 86, 0, 3), (49, 86, 1, 3), 0): 1.0, ((50, 100, 1, 3), (76, 100, 1, 3), 0): 1.0, ((50, 100, 0, 3), (50, 100, 1, 3), 0): 1.0, ((57, 90, 0, 3), (77, 90, 1, 3), 0): 2.0, ((58, 100, 1, 3), (43, 4, 1, 0), 0): 1.0, ((58, 100, 0, 3), (58, 100, 1, 3), 0): 1.0, ((72, 100, 0, 3), (2, 100, 1, 3), 0): 1.0, ((76, 63, 1, 2), (72, 39, 1, 1), 0): 1.0}
(((49, np.int64(80), np.int64(0), 3), (49, 80, 1, 3), 0), ((49, 80, 1, 3), (72, 0, 1, 0), 0), ((72, 0, 1, 0), (72, 100, 1, 3), 0), ((72, 100, 1, 3), (76, 63, 1, 2), 0), ((76, 63, 1, 2), (76, 100, 1, 3), 0), ((76, 100, 1, 3), (36, 15, 1, 1), 0), ((36, 15, 1, 1), (36, 100, 1, 3), 0), ((36, 100, 1, 3), (21, 10, 1, 1), 0), ((21, 10, 1, 1), (21, 100, 1, 3), 0), ((21, 100, 1, 3), (40, 30, 1, 1), 0), ((40, 30, 1, 1), (40, 80, 1, 3), 0), ((40, 80, 1, 3), (58, 6, 1, 0), 0), ((58, 6, 1, 0), (58, 100, 1, 3), 0), ((58, 100, 1, 3), (43, 4, 1, 0), 0), ((43, 4, 1, 0), (43, 100, 1, 3), 0), ((43, 100, 1, 3), (13, 27, 1, 1), 0), ((13, 27, 1, 1), (13, 27, 119, 1), 0))
New edge added:  ((49, np.int64(80), np.int64(1), 3), (72, np.int64(0), np.int64(11), 0), 0)  Edge removed:  ((49, 80, 1, 3), (72, 0, 1, 0), 0)
x_load_2: {((39, 18, 1, 1), (39, 100, 1, 3), 0): 4.0, ((39, 17, 1, 1), (39, 80, 1, 3), 0): 1.0, ((72, 2, 1, 0), (72, 80, 1, 3), 0): 2.0, ((76, 15, 1, 1), (76, 39, 1, 1), 0): 2.0, ((76, 15, 1, 1), (76, 100, 1, 3), 0): 3.0, ((76, 39, 1, 1), (72, 2, 1, 0), 0): 2.0, ((49, 0, 1, 0), (49, 0, 119, 0), 0): 5.0, ((72, 63, 1, 2), (72, 80, 1, 3), 0): 3.0, ((74, 13, 1, 1), (74, 13, 119, 1), 0): 1.0, ((74, 33, 1, 1), (74, 33, 119, 1), 0): 4.0, ((39, 100, 1, 3), (74, 33, 1, 1), 0): 4.0, ((13, 80, 1, 3), (43, 7, 1, 0), 0): 5.0, ((13, 24, 0, 1), (13, 80, 1, 3), 0): 5.0, ((43, 7, 1, 0), (43, 100, 1, 3), 0): 5.0, ((21, 9, 1, 0), (21, 100, 1, 3), 0): 5.0, ((21, 100, 1, 3), (36, 10, 1, 1), 0): 5.0, ((36, 10, 1, 1), (36, 100, 1, 3), 0): 5.0, ((39, 80, 1, 3), (74, 13, 1, 1), 0): 1.0, ((40, 26, 1, 1), (40, 77, 1, 2), 0): 5.0, ((76, 100, 1, 3), (72, 63, 1, 2), 0): 3.0, ((28, 98, 0, 3), (39, 17, 1, 1), 0): 1.0, ((28, 100, 0, 3), (39, 18, 1, 1), 0): 4.0, ((40, 77, 1, 2), (21, 9, 1, 0), 0): 5.0, ((36, 100, 1, 3), (76, 15, 1, 1), 0): 5.0, ((58, 4, 1, 0), (58, 100, 1, 3), 0): 5.0, ((43, 100, 1, 3), (58, 4, 1, 0), 0): 5.0, ((58, 100, 1, 3), (40, 26, 1, 1), 0): 5.0, ((72, 80, 1, 3), (49, 0, 1, 0), 0): 5.0}
x_ener_2: {((23, 6, 1, 0), (23, 6, 119, 0), 0): 4.0, ((39, 18, 1, 1), (5, 0, 1, 0), 0): 4.0, ((39, 17, 1, 1), (39, 17, 119, 1), 0): 1.0, ((5, 80, 1, 3), (5, 80, 51, 3), 0): 2.0, ((28, 6, 51, 0), (28, 6, 119, 0), 0): 4.0, ((5, 4, 51, 0), (5, 4, 119, 0), 0): 2.0, ((11, 6, 51, 0), (28, 6, 51, 0), 0): 4.0, ((28, 10, 51, 1), (89, 9, 51, 0), 0): 4.0, ((89, 11, 51, 1), (28, 10, 51, 1), 0): 4.0, ((89, 27, 51, 1), (28, 27, 51, 1), 0): 4.0, ((56, 47, 51, 2), (89, 27, 51, 1), 0): 4.0, ((5, 80, 51, 3), (54, 42, 51, 2), 0): 2.0, ((30, 52, 51, 2), (56, 47, 51, 2), 0): 4.0, ((72, 2, 1, 0), (72, 2, 51, 0), 0): 3.0, ((50, 4, 1, 0), (50, 4, 51, 0), 0): 5.0, ((76, 15, 1, 1), (50, 4, 1, 0), 0): 5.0, ((76, 39, 1, 1), (72, 2, 1, 0), 0): 3.0, ((49, 0, 1, 0), (49, 0, 119, 0), 0): 5.0, ((72, 63, 1, 2), (76, 39, 1, 1), 0): 3.0, ((72, 2, 51, 0), (72, 2, 101, 0), 0): 3.0, ((50, 4, 51, 0), (50, 4, 119, 0), 0): 5.0, ((72, 2, 101, 0), (72, 2, 119, 0), 0): 3.0, ((89, 9, 51, 0), (11, 6, 51, 0), 0): 4.0, ((97, 21, 51, 1), (89, 11, 51, 1), 0): 4.0, ((28, 27, 51, 1), (97, 21, 51, 1), 0): 4.0, ((54, 42, 51, 2), (5, 4, 51, 0), 0): 2.0, ((5, 89, 1, 3), (84, 89, 1, 3), 0): 2.0, ((74, 13, 1, 1), (74, 13, 119, 1), 0): 1.0, ((74, 33, 1, 1), (23, 6, 1, 0), 0): 4.0, ((84, 89, 1, 3), (5, 80, 1, 3), 0): 2.0, ((39, 100, 1, 3), (74, 33, 1, 1), 0): 4.0, ((68, 100, 1, 3), (39, 100, 1, 3), 0): 4.0, ((5, 0, 1, 0), (5, 0, 119, 0), 0): 4.0, ((13, 80, 1, 3), (43, 7, 1, 0), 0): 5.0, ((13, 100, 1, 3), (93, 84, 1, 3), 0): 5.0, ((43, 7, 1, 0), (43, 7, 51, 0), 0): 5.0, ((45, 100, 1, 3), (13, 100, 1, 3), 1): 5.0, ((82, 100, 1, 3), (45, 100, 1, 3), 0): 5.0, ((93, 84, 1, 3), (13, 80, 1, 3), 0): 5.0, ((43, 7, 51, 0), (43, 7, 101, 0), 0): 5.0, ((43, 7, 101, 0), (43, 7, 119, 0), 0): 5.0, ((21, 9, 1, 0), (21, 9, 51, 0), 0): 5.0, ((21, 100, 1, 3), (36, 10, 1, 1), 0): 5.0, ((21, 100, 0, 3), (21, 100, 1, 3), 0): 5.0, ((34, 9, 1, 0), (34, 9, 51, 0), 0): 5.0, ((36, 10, 1, 1), (36, 10, 119, 1), 0): 5.0, ((21, 9, 51, 0), (21, 9, 119, 0), 0): 5.0, ((34, 9, 51, 0), (34, 9, 101, 0), 0): 5.0, ((34, 9, 101, 0), (34, 9, 119, 0), 0): 5.0, ((23, 100, 0, 3), (39, 80, 1, 3), 0): 1.0, ((23, 100, 0, 3), (68, 100, 1, 3), 0): 3.0, ((39, 80, 1, 3), (74, 13, 1, 1), 0): 1.0, ((40, 26, 1, 1), (34, 9, 1, 0), 0): 5.0, ((34, 100, 1, 3), (40, 77, 1, 2), 0): 4.0, ((76, 100, 1, 3), (72, 63, 1, 2), 0): 3.0, ((76, 100, 1, 3), (72, 80, 1, 3), 0): 2.0, ((28, 98, 0, 3), (39, 17, 1, 1), 0): 1.0, ((28, 100, 0, 3), (39, 18, 1, 1), 0): 4.0, ((34, 100, 0, 3), (34, 100, 1, 3), 0): 4.0, ((40, 77, 1, 2), (21, 9, 1, 0), 0): 5.0, ((36, 100, 1, 3), (76, 15, 1, 1), 0): 5.0, ((36, 100, 0, 3), (36, 100, 1, 3), 0): 4.0, ((37, 100, 1, 3), (36, 100, 1, 3), 0): 1.0, ((37, 100, 0, 3), (37, 100, 1, 3), 0): 1.0, ((39, 100, 0, 3), (5, 89, 1, 3), 0): 2.0, ((39, 100, 0, 3), (68, 100, 1, 3), 0): 1.0, ((40, 77, 0, 2), (40, 77, 1, 2), 0): 1.0, ((58, 4, 1, 0), (58, 4, 119, 0), 0): 5.0, ((43, 100, 1, 3), (58, 4, 1, 0), 0): 5.0, ((43, 100, 0, 3), (43, 100, 1, 3), 0): 5.0, ((50, 100, 1, 3), (76, 100, 1, 3), 0): 1.0, ((50, 100, 0, 3), (76, 100, 1, 3), 0): 4.0, ((58, 100, 1, 3), (40, 26, 1, 1), 0): 5.0, ((58, 100, 0, 3), (58, 100, 1, 3), 0): 5.0, ((69, 100, 1, 3), (69, 100, 51, 3), 0): 4.0, ((69, 100, 0, 3), (69, 100, 1, 3), 0): 4.0, ((69, 100, 51, 3), (30, 52, 51, 2), 0): 4.0, ((72, 80, 1, 3), (49, 0, 1, 0), 0): 5.0, ((72, 80, 0, 3), (72, 80, 1, 3), 0): 3.0, ((76, 100, 0, 3), (50, 100, 1, 3), 0): 1.0, ((82, 100, 0, 3), (82, 100, 1, 3), 0): 5.0}
(((13, np.int64(24), np.int64(0), 1), (13, 80, 1, 3), 0), ((13, 80, 1, 3), (43, 7, 1, 0), 0), ((43, 7, 1, 0), (43, 100, 1, 3), 0), ((43, 100, 1, 3), (58, 4, 1, 0), 0), ((58, 4, 1, 0), (58, 100, 1, 3), 0), ((58, 100, 1, 3), (40, 26, 1, 1), 0), ((40, 26, 1, 1), (40, 77, 1, 2), 0), ((40, 77, 1, 2), (21, 9, 1, 0), 0), ((21, 9, 1, 0), (21, 100, 1, 3), 0), ((21, 100, 1, 3), (36, 10, 1, 1), 0), ((36, 10, 1, 1), (36, 100, 1, 3), 0), ((36, 100, 1, 3), (76, 15, 1, 1), 0), ((76, 15, 1, 1), (76, 39, 1, 1), 0), ((76, 39, 1, 1), (72, 2, 1, 0), 0), ((72, 2, 1, 0), (72, 80, 1, 3), 0), ((72, 80, 1, 3), (49, 0, 1, 0), 0), ((49, 0, 1, 0), (49, 0, 119, 0), 0))
New edge added:  ((13, np.int64(80), np.int64(1), 3), (43, np.int64(7), np.int64(10), 0), 0)  Edge removed:  ((13, 80, 1, 3), (43, 7, 1, 0), 0)
Solution cannot be extended to a feasible solution, updating network...
n[ 5 ] =  7.0
n[ 21 ] =  6.0
n[ 23 ] =  5.0
n[ 28 ] =  4.0
n[ 31 ] =  1.0
n[ 34 ] =  5.0
n[ 36 ] =  5.0
n[ 37 ] =  1.0
n[ 39 ] =  3.0
n[ 40 ] =  1.0
n[ 43 ] =  6.0
n[ 50 ] =  5.0
n[ 57 ] =  4.0
n[ 58 ] =  6.0
n[ 67 ] =  1.0
n[ 69 ] =  5.0
n[ 72 ] =  4.0
n[ 76 ] =  1.0
n[ 82 ] =  5.0
'''''''''''''''''
Gurobi Optimizer version 13.0.1 build v13.0.1rc0 (linux64 - "Debian GNU/Linux 12 (bookworm)")

CPU model: Intel(R) Xeon(R) CPU @ 2.20GHz, instruction set [SSE2|AVX|AVX2]
Thread count: 1 physical cores, 2 logical processors, using up to 2 threads

Non-default parameters:
MIPGap  0.05

Academic license 937859 - for non-commercial use only - registered to hp___@cornell.edu
Optimize a model with 680819 rows, 1400476 columns and 3585694 nonzeros (Min)
Model fingerprint: 0x45553707
Model has 1007059 linear objective coefficients
Variable types: 0 continuous, 1400476 integer (0 binary)
Coefficient statistics:
  Matrix range     [1e+00, 3e+05]
  Objective range  [6e-01, 8e+02]
  Bounds range     [0e+00, 0e+00]
  RHS range        [1e+00, 5e+00]

MIP start from previous solve did not produce a new incumbent solution
MIP start from previous solve violates constraint flow_bal_load[(82,_np.int64(84),_np.int64(1),_3),0] by 1.000000000
Processed MIP start in 1.99 seconds (0.34 work units)

Presolve removed 548178 rows and 728002 columns (presolve time = 5s)...
Presolve removed 551489 rows and 760338 columns (presolve time = 10s)...
Presolve removed 553182 rows and 772550 columns (presolve time = 15s)...
Presolve removed 553231 rows and 772618 columns (presolve time = 20s)...
Presolve removed 553217 rows and 772604 columns
Presolve time: 20.39s
Presolved: 127602 rows, 627872 columns, 1454684 nonzeros
Variable types: 0 continuous, 627872 integer (1932 binary)

Root simplex log...

Iteration    Objective       Primal Inf.    Dual Inf.      Time
       0      handle free variables                         31s
    7084    9.9314385e+02   7.300000e+01   0.000000e+00     35s
   11121    1.3758571e+03   4.243970e+02   0.000000e+00     40s
   14431    1.6669693e+03   4.243805e+02   0.000000e+00     45s
   16511    1.7615467e+03   6.469893e+01   0.000000e+00     50s
   18151    1.7781302e+03   8.800000e+01   0.000000e+00     55s
   19641    1.8149372e+03   1.144492e+02   0.000000e+00     60s
   21271    1.8354281e+03   8.244444e+01   0.000000e+00     65s
   22751    1.8754618e+03   1.924868e+02   0.000000e+00     70s
   23971    1.8789625e+03   3.637468e+02   0.000000e+00     75s
   25081    1.8878221e+03   1.261782e+02   0.000000e+00     80s
   26281    1.9220216e+03   1.545169e+02   0.000000e+00     85s
   27511    1.9274274e+03   3.486048e+01   0.000000e+00     91s
   28461    1.9490406e+03   1.375000e+02   0.000000e+00     96s
   29401    1.9743895e+03   1.052500e+02   0.000000e+00    100s
   30311    1.9979151e+03   4.825000e+01   0.000000e+00    105s
   31581    2.0298124e+03   1.725833e+02   0.000000e+00    110s
   32721    2.1327166e+03   1.155500e+03   0.000000e+00    115s
   33941    2.2576908e+03   1.911250e+02   0.000000e+00    120s
   34851    2.2862017e+03   1.692776e+02   0.000000e+00    126s
   35601    2.2981121e+03   2.643737e+02   0.000000e+00    131s
   36331    2.3123598e+03   5.001958e+02   0.000000e+00    135s
   37121    2.3280644e+03   5.748870e+01   0.000000e+00    141s
   37891    2.3446212e+03   3.895943e+02   0.000000e+00    146s
   38631    2.3684280e+03   4.789280e+02   0.000000e+00    150s
   39351    2.3721305e+03   1.849846e+02   0.000000e+00    155s
   40071    2.3759951e+03   2.484331e+02   0.000000e+00    161s
   40791    2.3789253e+03   3.477981e+02   0.000000e+00    166s
   41541    2.3934022e+03   5.762019e+02   0.000000e+00    171s
   42291    2.4125550e+03   1.924347e+02   0.000000e+00    175s
   43151    2.4216502e+03   2.847144e+02   0.000000e+00    181s
   43801    2.4378594e+03   1.679050e+02   0.000000e+00    185s
   44561    2.5095222e+03   1.771943e+02   0.000000e+00    190s
   45501    2.6324753e+03   3.332780e+02   0.000000e+00    196s
   46191    2.6419050e+03   1.696577e+02   0.000000e+00    201s
   46881    2.6505439e+03   1.648575e+02   0.000000e+00    206s
   47661    2.6651306e+03   2.137560e+02   0.000000e+00    211s
   48241    2.6829012e+03   3.980664e+02   0.000000e+00    215s
   48681    2.6864612e+03   2.325079e+02   0.000000e+00    220s
   49321    2.7109496e+03   2.381599e+02   0.000000e+00    225s
   49771    2.7190071e+03   1.382880e+02   0.000000e+00    230s
   50901    2.7474943e+03   2.730932e+02   0.000000e+00    236s
   51981    2.8561493e+03   1.486502e+02   0.000000e+00    240s
   53091    3.0041794e+03   2.170536e+02   0.000000e+00    245s
   53881    3.0929779e+03   1.849717e+02   0.000000e+00    250s
   54831    4.1592204e+03   5.161939e+02   0.000000e+00    255s
   55761    4.9978104e+03   4.773894e+02   0.000000e+00    260s
   56371    5.0159638e+03   3.565827e+02   0.000000e+00    266s
   56911    5.0269470e+03   2.029101e+02   0.000000e+00    270s
   57451    5.0527852e+03   3.891231e+02   0.000000e+00    276s
   57701    5.0553666e+03   3.021939e+02   0.000000e+00    281s
   57921    5.0560879e+03   2.340391e+02   0.000000e+00    286s
   58291    5.0637324e+03   9.573405e+01   0.000000e+00    290s
   59141    5.0792153e+03   9.507627e+01   0.000000e+00    295s
   60181    5.1171309e+03   3.827331e+01   0.000000e+00    300s
   61061    5.1227054e+03   9.798305e+01   0.000000e+00    306s
   61461    5.1247961e+03   8.708571e+01   0.000000e+00    310s
   61791    5.1262334e+03   9.987288e+00   0.000000e+00    315s
   62151    5.1267711e+03   1.123729e+01   0.000000e+00    321s
   62391    5.1269815e+03   9.165860e+00   0.000000e+00    326s
   62631    5.1278464e+03   7.000000e+00   0.000000e+00    330s
   62652    5.1278463e+03   0.000000e+00   0.000000e+00    331s
   62658    5.1278463e+03   0.000000e+00   0.000000e+00    332s

Extra simplex iterations after uncrush: 6

Root relaxation: objective 5.127846e+03, 62658 iterations, 304.06 seconds (99.87 work units)

    Nodes    |    Current Node    |     Objective Bounds      |     Work
 Expl Unexpl |  Obj  Depth IntInf | Incumbent    BestBd   Gap | It/Node Time

     0     0 5127.84629    0   80          - 5127.84629      -     -  364s
H    0     0                    5542.7294521 5127.84629  7.49%     -  370s
H    0     0                    5245.1541096 5127.84629  2.24%     -  385s

Explored 1 nodes (115181 simplex iterations) in 385.83 seconds (121.75 work units)
Thread count was 2 (of 2 available processors)

Solution count 2: 5245.15 5542.73 

Optimal solution found (tolerance 5.00e-02)
Best objective 5.245154109589e+03, best bound 5.127846288434e+03, gap 2.2365%
Iteration:  6
Size of network:  12685  nodes,  233364  edges
Obj Value:  5245.154109589042
a: {}
n: {5: 5.0, 13: 1.0, 21: 6.0, 23: 5.0, 28: 2.0, 30: 2.0, 31: 1.0, 34: 1.0, 36: 5.0, 37: 1.0, 39: 1.0, 40: 5.0, 43: 6.0, 57: 4.0, 58: 6.0, 67: 1.0, 69: 3.0, 72: 4.0, 76: 6.0, 82: 4.0, 93: 1.0}
{0: (34.421443, -119.684178), 1: (36.167392, -94.119169), 2: (34.071417, -99.009382), 3: (34.689589, -118.130371), 4: (36.434113, -99.427596), 5: (35.400164, -119.399727), 6: (37.2129649, -93.37103), 7: (30.25011, -93.01142), 8: (36.751521, -96.000152), 9: (35.35468, -94.437379), 10: (38.89357, -94.36045), 11: (33.7885884, -118.2150827), 12: (32.596725, -117.019495), 13: (33.30006, -111.96835), 14: (35.392817, -97.422948), 15: (38.96627, -95.700495), 16: (30.725159, -96.425728), 17: (37.737099, -97.32375), 18: (34.188212, -97.171022), 19: (33.94423, -96.41932), 20: (30.209862, -92.002378), 21: (37.183969, -104.499646), 22: (32.267588, -107.774524), 23: (36.72136, -119.761165), 24: (30.437821, -95.498724), 25: (35.079896, -106.746225), 26: (35.840761, -98.419831), 27: (31.207465, -95.996079), 28: (33.899899, -118.207088), 29: (33.3874378, -110.7609849), 30: (34.02094, -117.385415), 31: (33.603063, -114.598023), 32: (35.189976, -101.706309), 33: (35.853211, -94.989243), 34: (35.004614, -106.032837), 35: (31.151717, -93.265081), 36: (36.706596, -101.443207), 37: (37.069631, -100.905444), 38: (32.62712, -96.74537), 39: (36.075856, -119.043996), 40: (35.65758, -105.993406), 41: (32.181782, -94.334174), 42: (30.330588, -97.701649), 43: (35.01643, -110.675005), 44: (35.25655, -96.671004), 45: (33.3021433, -111.9552863), 46: (36.535661, -97.33916), 47: (32.698465, -97.959695), 48: (33.984094, -106.887526), 49: (32.7658795, -96.8754612), 50: (35.309665, -99.631741), 51: (31.784139, -93.08731), 52: (33.0390751, -117.2841996), 53: (38.164391, -112.278183), 54: (34.4349097, -119.9212861), 55: (31.499498, -97.173412), 56: (33.9541734, -117.5556971), 57: (34.118101, -116.45646), 58: (36.71838, -108.167694), 59: (31.940555, -102.169802), 60: (36.081743, -96.054325), 61: (32.469998, -93.672804), 62: (34.4425082, -119.7812613), 63: (37.648431, -98.094183), 64: (32.448848, -100.439583), 65: (32.627591, -97.314361), 66: (38.54421, -106.92517), 67: (34.886448, -117.079423), 68: (35.9874334, -119.961999), 69: (32.794671, -115.539473), 70: (36.220567, -115.125553), 71: (35.106478, -92.43572), 72: (34.584172, -98.396813), 73: (33.39639, -110.76888), 74: (37.8135094, -119.8800771), 75: (35.87844, -97.392471), 76: (35.490972, -98.967096), 77: (33.8310496, -116.5452277), 78: (32.354553, -95.302495), 79: (37.962455, -100.846437), 80: (32.178328, -110.960207), 81: (38.7747705, -119.9029911), 82: (33.463568, -112.459255), 83: (36.009923, -114.784826), 84: (35.3002628, -119.0381956), 85: (36.249164, -95.333829), 86: (33.6699802, -96.6120405), 87: (38.971499, -92.294316), 88: (32.029056, -93.713243), 89: (33.8722233, -118.2654222), 90: (35.263617, -112.194139), 91: (37.199194, -93.402643), 92: (33.73573, -97.14484), 93: (32.881785, -111.777561), 94: (37.161682, -113.434692), 95: (30.35815, -99.606129), 96: (34.773291, -96.697633), 97: (34.12755, -118.443664), 98: (31.34545, -92.51807), 99: (38.945105, -104.724068), 100: (30.0774, -99.10731)}
x_load_0: {((67, 13, 1, 1), (67, 100, 1, 3), 0): 1.0, ((39, 28, 1, 1), (39, 73, 1, 2), 0): 1.0, ((74, 6, 1, 0), (74, 6, 119, 0), 0): 1.0, ((31, 0, 1, 0), (31, 100, 1, 3), 0): 1.0, ((13, 80, 1, 3), (31, 0, 1, 0), 0): 1.0, ((13, 9, 0, 0), (13, 80, 1, 3), 0): 1.0, ((31, 100, 1, 3), (67, 13, 1, 1), 0): 1.0, ((39, 73, 1, 2), (74, 6, 1, 0), 0): 1.0, ((67, 100, 1, 3), (39, 28, 1, 1), 0): 1.0}
x_ener_0: {((89, 70, 101, 2), (11, 68, 101, 2), 1): 1.0, ((30, 52, 101, 2), (69, 4, 101, 0), 0): 1.0, ((5, 2, 1, 0), (5, 2, 119, 0), 0): 1.0, ((67, 13, 1, 1), (67, 13, 51, 1), 0): 1.0, ((39, 28, 1, 1), (5, 2, 1, 0), 0): 1.0, ((67, 13, 51, 1), (67, 13, 101, 1), 0): 1.0, ((67, 13, 101, 1), (67, 13, 119, 1), 0): 1.0, ((11, 68, 101, 2), (30, 52, 101, 2), 0): 1.0, ((74, 6, 1, 0), (74, 6, 51, 0), 0): 1.0, ((5, 100, 0, 3), (84, 100, 1, 3), 0): 1.0, ((84, 100, 1, 3), (84, 100, 51, 3), 0): 1.0, ((5, 100, 51, 3), (5, 100, 101, 3), 0): 1.0, ((74, 6, 51, 0), (74, 6, 101, 0), 0): 1.0, ((84, 100, 51, 3), (5, 100, 51, 3), 0): 1.0, ((5, 100, 101, 3), (84, 100, 101, 3), 0): 1.0, ((74, 6, 101, 0), (74, 6, 119, 0), 0): 1.0, ((84, 100, 101, 3), (89, 70, 101, 2), 0): 1.0, ((31, 0, 1, 0), (31, 0, 119, 0), 0): 1.0, ((69, 4, 101, 0), (69, 4, 119, 0), 0): 1.0, ((13, 80, 1, 3), (31, 0, 1, 0), 0): 1.0, ((13, 84, 0, 3), (82, 80, 1, 3), 0): 1.0, ((82, 80, 1, 3), (13, 80, 1, 3), 0): 1.0, ((31, 100, 1, 3), (67, 13, 1, 1), 0): 1.0, ((31, 100, 0, 3), (31, 100, 1, 3), 0): 1.0, ((39, 73, 1, 2), (74, 6, 1, 0), 0): 1.0, ((39, 73, 0, 2), (39, 73, 1, 2), 0): 1.0, ((67, 100, 1, 3), (39, 28, 1, 1), 0): 1.0, ((67, 100, 0, 3), (67, 100, 1, 3), 0): 1.0}
(((13, np.int64(9), np.int64(0), 0), (13, 80, 1, 3), 0), ((13, 80, 1, 3), (31, 0, 1, 0), 0), ((31, 0, 1, 0), (31, 100, 1, 3), 0), ((31, 100, 1, 3), (67, 13, 1, 1), 0), ((67, 13, 1, 1), (67, 100, 1, 3), 0), ((67, 100, 1, 3), (39, 28, 1, 1), 0), ((39, 28, 1, 1), (39, 73, 1, 2), 0), ((39, 73, 1, 2), (74, 6, 1, 0), 0), ((74, 6, 1, 0), (74, 6, 119, 0), 0))
New edge added:  ((13, np.int64(80), np.int64(1), 3), (31, np.int64(0), np.int64(11), 0), 0)  Edge removed:  ((13, 80, 1, 3), (31, 0, 1, 0), 0)
x_load_1: {((72, 17, 1, 1), (72, 39, 1, 1), 0): 1.0, ((76, 2, 1, 0), (76, 100, 1, 3), 0): 1.0, ((92, 64, 1, 2), (72, 17, 1, 1), 0): 1.0, ((36, 15, 1, 1), (36, 100, 1, 3), 0): 1.0, ((13, 27, 1, 1), (13, 27, 119, 1), 0): 1.0, ((72, 39, 1, 1), (76, 2, 1, 0), 0): 1.0, ((21, 10, 1, 1), (21, 100, 1, 3), 0): 1.0, ((21, 100, 1, 3), (40, 30, 1, 1), 0): 1.0, ((40, 30, 1, 1), (40, 100, 1, 3), 0): 1.0, ((76, 100, 1, 3), (36, 15, 1, 1), 0): 1.0, ((40, 100, 1, 3), (58, 26, 1, 1), 0): 1.0, ((36, 100, 1, 3), (21, 10, 1, 1), 0): 1.0, ((58, 26, 1, 1), (58, 100, 1, 3), 0): 1.0, ((43, 4, 1, 0), (43, 100, 1, 3), 0): 1.0, ((43, 100, 1, 3), (13, 27, 1, 1), 0): 1.0, ((49, 100, 0, 3), (92, 64, 1, 2), 0): 1.0, ((58, 100, 1, 3), (43, 4, 1, 0), 0): 1.0}
x_ener_1: {((57, 7, 1, 0), (57, 7, 119, 0), 0): 4.0, ((11, 60, 1, 2), (57, 7, 1, 0), 0): 4.0, ((89, 70, 1, 2), (28, 70, 1, 2), 1): 2.0, ((28, 70, 1, 2), (77, 39, 1, 1), 0): 2.0, ((2, 100, 1, 3), (72, 100, 1, 3), 0): 1.0, ((72, 17, 1, 1), (72, 17, 119, 1), 0): 1.0, ((76, 2, 1, 0), (76, 2, 119, 0), 0): 1.0, ((72, 100, 1, 3), (76, 63, 1, 2), 0): 1.0, ((92, 64, 1, 2), (72, 17, 1, 1), 0): 1.0, ((28, 59, 1, 2), (11, 60, 1, 2), 1): 4.0, ((77, 39, 1, 1), (69, 6, 1, 0), 0): 2.0, ((89, 58, 1, 2), (28, 59, 1, 2), 1): 4.0, ((97, 66, 1, 2), (89, 58, 1, 2), 0): 4.0, ((11, 80, 1, 3), (97, 66, 1, 2), 0): 2.0, ((89, 80, 1, 3), (11, 80, 1, 3), 0): 2.0, ((37, 6, 1, 0), (37, 6, 119, 0), 0): 1.0, ((36, 15, 1, 1), (37, 6, 1, 0), 0): 1.0, ((5, 100, 1, 3), (84, 100, 1, 3), 0): 2.0, ((5, 100, 0, 3), (5, 100, 1, 3), 0): 2.0, ((84, 100, 1, 3), (89, 70, 1, 2), 0): 2.0, ((11, 76, 1, 2), (89, 73, 1, 2), 0): 2.0, ((11, 96, 1, 3), (28, 96, 1, 3), 1): 2.0, ((69, 6, 1, 0), (69, 6, 51, 0), 0): 2.0, ((89, 73, 1, 2), (97, 66, 1, 2), 0): 2.0, ((89, 77, 1, 2), (11, 76, 1, 2), 0): 2.0, ((28, 76, 1, 2), (89, 77, 1, 2), 1): 2.0, ((28, 90, 1, 3), (89, 90, 1, 3), 1): 2.0, ((89, 90, 1, 3), (11, 96, 1, 3), 0): 2.0, ((28, 96, 1, 3), (56, 95, 1, 3), 0): 2.0, ((56, 95, 1, 3), (28, 76, 1, 2), 0): 2.0, ((69, 6, 51, 0), (69, 6, 119, 0), 0): 2.0, ((31, 59, 1, 2), (31, 59, 51, 2), 0): 2.0, ((31, 59, 51, 2), (31, 59, 101, 2), 0): 2.0, ((31, 59, 101, 2), (82, 15, 101, 1), 0): 2.0, ((13, 27, 1, 1), (13, 27, 119, 1), 0): 1.0, ((13, 7, 51, 0), (13, 7, 119, 0), 0): 1.0, ((45, 7, 51, 0), (13, 7, 51, 0), 1): 1.0, ((93, 10, 51, 1), (93, 10, 101, 1), 0): 1.0, ((45, 24, 51, 1), (93, 10, 51, 1), 0): 1.0, ((82, 23, 51, 1), (45, 7, 51, 0), 0): 1.0, ((93, 10, 101, 1), (93, 10, 119, 1), 0): 1.0, ((82, 15, 101, 1), (82, 15, 119, 1), 0): 2.0, ((72, 39, 1, 1), (76, 2, 1, 0), 0): 1.0, ((21, 10, 1, 1), (21, 10, 51, 1), 0): 1.0, ((21, 100, 1, 3), (40, 30, 1, 1), 0): 1.0, ((21, 100, 0, 3), (21, 100, 1, 3), 0): 1.0, ((34, 9, 1, 0), (34, 9, 119, 0), 0): 1.0, ((40, 30, 1, 1), (34, 9, 1, 0), 0): 1.0, ((21, 10, 51, 1), (21, 10, 101, 1), 0): 1.0, ((21, 10, 101, 1), (21, 10, 119, 1), 0): 1.0, ((25, 100, 1, 3), (34, 100, 1, 3), 0): 1.0, ((34, 100, 1, 3), (40, 100, 1, 3), 0): 1.0, ((26, 100, 1, 3), (76, 100, 1, 3), 0): 1.0, ((76, 100, 1, 3), (36, 15, 1, 1), 0): 1.0, ((28, 81, 0, 3), (89, 80, 1, 3), 0): 2.0, ((30, 100, 0, 3), (28, 90, 1, 3), 0): 2.0, ((57, 90, 1, 3), (31, 59, 1, 2), 0): 2.0, ((31, 80, 51, 3), (45, 24, 51, 1), 0): 1.0, ((34, 100, 0, 3), (25, 100, 1, 3), 0): 1.0, ((40, 100, 1, 3), (58, 26, 1, 1), 0): 1.0, ((36, 100, 1, 3), (21, 10, 1, 1), 0): 1.0, ((36, 100, 0, 3), (36, 100, 1, 3), 0): 1.0, ((58, 26, 1, 1), (58, 26, 119, 1), 0): 1.0, ((43, 4, 1, 0), (43, 4, 119, 0), 0): 1.0, ((43, 100, 1, 3), (13, 27, 1, 1), 0): 1.0, ((43, 100, 0, 3), (43, 100, 1, 3), 0): 1.0, ((49, 100, 0, 3), (92, 64, 1, 2), 0): 1.0, ((57, 90, 0, 3), (57, 90, 1, 3), 0): 2.0, ((58, 100, 1, 3), (43, 4, 1, 0), 0): 1.0, ((58, 100, 0, 3), (58, 100, 1, 3), 0): 1.0, ((69, 100, 1, 3), (69, 100, 51, 3), 0): 1.0, ((69, 100, 0, 3), (69, 100, 1, 3), 0): 1.0, ((69, 100, 51, 3), (31, 80, 51, 3), 0): 1.0, ((72, 100, 0, 3), (2, 100, 1, 3), 0): 1.0, ((76, 63, 1, 2), (72, 39, 1, 1), 0): 1.0, ((93, 45, 1, 2), (93, 45, 51, 2), 0): 1.0, ((93, 45, 51, 2), (82, 23, 51, 1), 0): 1.0, ((76, 100, 0, 3), (26, 100, 1, 3), 0): 1.0, ((93, 45, 0, 2), (93, 45, 1, 2), 0): 1.0}
(((49, np.int64(100), np.int64(0), 3), (92, 64, 1, 2), 0), ((92, 64, 1, 2), (72, 17, 1, 1), 0), ((72, 17, 1, 1), (72, 39, 1, 1), 0), ((72, 39, 1, 1), (76, 2, 1, 0), 0), ((76, 2, 1, 0), (76, 100, 1, 3), 0), ((76, 100, 1, 3), (36, 15, 1, 1), 0), ((36, 15, 1, 1), (36, 100, 1, 3), 0), ((36, 100, 1, 3), (21, 10, 1, 1), 0), ((21, 10, 1, 1), (21, 100, 1, 3), 0), ((21, 100, 1, 3), (40, 30, 1, 1), 0), ((40, 30, 1, 1), (40, 100, 1, 3), 0), ((40, 100, 1, 3), (58, 26, 1, 1), 0), ((58, 26, 1, 1), (58, 100, 1, 3), 0), ((58, 100, 1, 3), (43, 4, 1, 0), 0), ((43, 4, 1, 0), (43, 100, 1, 3), 0), ((43, 100, 1, 3), (13, 27, 1, 1), 0), ((13, 27, 1, 1), (13, 27, 119, 1), 0))
New edge added:  ((49, np.int64(100), np.int64(0), 3), (92, np.int64(64), np.int64(5), 2), 0)  Edge removed:  ((49, np.int64(100), np.int64(0), 3), (92, 64, 1, 2), 0)
x_load_2: {((39, 18, 1, 1), (39, 100, 1, 3), 0): 4.0, ((39, 17, 1, 1), (39, 100, 1, 3), 0): 1.0, ((72, 2, 1, 0), (72, 80, 1, 3), 0): 3.0, ((76, 15, 1, 1), (76, 39, 1, 1), 0): 3.0, ((76, 15, 1, 1), (76, 100, 1, 3), 0): 2.0, ((76, 39, 1, 1), (72, 2, 1, 0), 0): 3.0, ((49, 0, 1, 0), (49, 0, 119, 0), 0): 5.0, ((72, 63, 1, 2), (72, 80, 1, 3), 0): 2.0, ((74, 33, 1, 1), (74, 33, 119, 1), 0): 5.0, ((39, 100, 1, 3), (74, 33, 1, 1), 0): 5.0, ((13, 100, 1, 3), (43, 27, 1, 1), 0): 5.0, ((13, 44, 0, 2), (13, 100, 1, 3), 0): 5.0, ((43, 27, 1, 1), (43, 100, 1, 3), 0): 5.0, ((21, 30, 1, 1), (21, 100, 1, 3), 0): 5.0, ((21, 100, 1, 3), (36, 10, 1, 1), 0): 5.0, ((36, 10, 1, 1), (36, 100, 1, 3), 0): 5.0, ((58, 80, 1, 3), (40, 6, 1, 0), 0): 5.0, ((76, 100, 1, 3), (72, 63, 1, 2), 0): 2.0, ((28, 98, 0, 3), (39, 17, 1, 1), 0): 1.0, ((28, 100, 0, 3), (39, 18, 1, 1), 0): 4.0, ((40, 6, 1, 0), (40, 100, 1, 3), 0): 5.0, ((40, 100, 1, 3), (21, 30, 1, 1), 0): 5.0, ((36, 100, 1, 3), (76, 15, 1, 1), 0): 5.0, ((58, 4, 1, 0), (58, 80, 1, 3), 0): 5.0, ((43, 100, 1, 3), (58, 4, 1, 0), 0): 5.0, ((72, 80, 1, 3), (49, 0, 1, 0), 0): 5.0}
x_ener_2: {((23, 6, 1, 0), (23, 6, 51, 0), 0): 5.0, ((39, 18, 1, 1), (5, 0, 1, 0), 0): 4.0, ((39, 17, 1, 1), (39, 17, 51, 1), 0): 1.0, ((89, 70, 1, 2), (11, 68, 1, 2), 1): 2.0, ((23, 6, 51, 0), (23, 6, 119, 0), 0): 5.0, ((39, 17, 51, 1), (39, 17, 119, 1), 0): 1.0, ((11, 60, 51, 2), (97, 46, 51, 2), 0): 2.0, ((28, 70, 51, 2), (97, 66, 51, 2), 0): 2.0, ((89, 7, 101, 0), (28, 6, 101, 0), 1): 2.0, ((28, 6, 101, 0), (28, 6, 119, 0), 0): 2.0, ((11, 6, 101, 0), (89, 7, 101, 0), 0): 2.0, ((28, 8, 101, 0), (11, 6, 101, 0), 0): 2.0, ((97, 26, 101, 1), (11, 12, 101, 1), 0): 2.0, ((72, 2, 1, 0), (72, 2, 51, 0), 0): 3.0, ((76, 15, 1, 1), (76, 15, 51, 1), 0): 5.0, ((76, 39, 1, 1), (72, 2, 1, 0), 0): 3.0, ((49, 0, 1, 0), (49, 0, 119, 0), 0): 5.0, ((72, 63, 1, 2), (76, 39, 1, 1), 0): 3.0, ((72, 2, 51, 0), (72, 2, 119, 0), 0): 3.0, ((76, 15, 51, 1), (76, 15, 101, 1), 0): 5.0, ((76, 15, 101, 1), (76, 15, 119, 1), 0): 5.0, ((56, 20, 1, 1), (56, 20, 51, 1), 0): 2.0, ((11, 68, 1, 2), (11, 68, 51, 2), 0): 2.0, ((56, 20, 51, 1), (56, 20, 101, 1), 0): 2.0, ((97, 46, 51, 2), (97, 46, 101, 2), 0): 2.0, ((89, 58, 51, 2), (11, 60, 51, 2), 1): 2.0, ((97, 66, 51, 2), (89, 58, 51, 2), 0): 2.0, ((11, 68, 51, 2), (28, 70, 51, 2), 1): 2.0, ((11, 12, 101, 1), (28, 8, 101, 0), 0): 2.0, ((30, 22, 101, 1), (30, 22, 119, 1), 0): 2.0, ((56, 20, 101, 1), (30, 22, 101, 1), 0): 2.0, ((97, 46, 101, 2), (89, 40, 101, 2), 0): 2.0, ((89, 40, 101, 2), (11, 37, 101, 1), 0): 2.0, ((11, 37, 101, 1), (97, 26, 101, 1), 0): 2.0, ((5, 100, 1, 3), (84, 100, 1, 3), 0): 2.0, ((74, 33, 1, 1), (23, 6, 1, 0), 0): 5.0, ((5, 100, 0, 3), (5, 100, 1, 3), 0): 2.0, ((39, 100, 1, 3), (74, 33, 1, 1), 0): 5.0, ((68, 100, 1, 3), (39, 100, 1, 3), 0): 5.0, ((84, 100, 1, 3), (89, 70, 1, 2), 0): 2.0, ((5, 0, 1, 0), (5, 0, 51, 0), 0): 4.0, ((5, 0, 51, 0), (5, 0, 101, 0), 0): 4.0, ((5, 0, 101, 0), (5, 0, 119, 0), 0): 4.0, ((31, 59, 51, 2), (82, 15, 51, 1), 0): 2.0, ((13, 100, 1, 3), (43, 27, 1, 1), 0): 5.0, ((13, 100, 0, 3), (45, 100, 1, 3), 0): 1.0, ((43, 27, 1, 1), (43, 27, 51, 1), 0): 5.0, ((45, 100, 1, 3), (13, 100, 1, 3), 1): 1.0, ((82, 15, 51, 1), (82, 15, 119, 1), 0): 2.0, ((43, 27, 51, 1), (43, 27, 101, 1), 0): 5.0, ((43, 27, 101, 1), (43, 27, 119, 1), 0): 5.0, ((21, 30, 1, 1), (21, 30, 119, 1), 0): 5.0, ((21, 100, 1, 3), (36, 10, 1, 1), 0): 5.0, ((21, 100, 0, 3), (21, 100, 1, 3), 0): 5.0, ((36, 10, 1, 1), (36, 10, 51, 1), 0): 5.0, ((36, 10, 51, 1), (36, 10, 119, 1), 0): 5.0, ((23, 100, 0, 3), (68, 100, 1, 3), 0): 5.0, ((58, 80, 1, 3), (40, 6, 1, 0), 0): 5.0, ((76, 100, 1, 3), (72, 63, 1, 2), 0): 3.0, ((76, 100, 1, 3), (72, 80, 1, 3), 0): 2.0, ((28, 98, 0, 3), (39, 17, 1, 1), 0): 1.0, ((28, 100, 0, 3), (39, 18, 1, 1), 0): 4.0, ((40, 6, 1, 0), (40, 6, 119, 0), 0): 5.0, ((40, 100, 1, 3), (21, 30, 1, 1), 0): 5.0, ((36, 100, 1, 3), (76, 15, 1, 1), 0): 5.0, ((36, 100, 0, 3), (37, 100, 1, 3), 0): 4.0, ((37, 100, 1, 3), (36, 100, 1, 3), 0): 5.0, ((37, 100, 0, 3), (37, 100, 1, 3), 0): 1.0, ((58, 4, 1, 0), (58, 4, 119, 0), 0): 5.0, ((40, 100, 0, 3), (40, 100, 1, 3), 0): 5.0, ((43, 100, 1, 3), (58, 4, 1, 0), 0): 5.0, ((43, 100, 0, 3), (43, 100, 1, 3), 0): 5.0, ((57, 43, 0, 2), (56, 20, 1, 1), 0): 2.0, ((58, 80, 0, 3), (58, 80, 1, 3), 0): 5.0, ((69, 100, 1, 3), (69, 100, 51, 3), 0): 2.0, ((69, 100, 0, 3), (69, 100, 1, 3), 0): 2.0, ((69, 100, 51, 3), (31, 59, 51, 2), 0): 2.0, ((72, 80, 1, 3), (49, 0, 1, 0), 0): 5.0, ((72, 80, 0, 3), (72, 80, 1, 3), 0): 3.0, ((76, 100, 0, 3), (76, 100, 1, 3), 0): 5.0, ((82, 100, 0, 3), (13, 100, 1, 3), 0): 4.0}
(((13, np.int64(44), np.int64(0), 2), (13, 100, 1, 3), 0), ((13, 100, 1, 3), (43, 27, 1, 1), 0), ((43, 27, 1, 1), (43, 100, 1, 3), 0), ((43, 100, 1, 3), (58, 4, 1, 0), 0), ((58, 4, 1, 0), (58, 80, 1, 3), 0), ((58, 80, 1, 3), (40, 6, 1, 0), 0), ((40, 6, 1, 0), (40, 100, 1, 3), 0), ((40, 100, 1, 3), (21, 30, 1, 1), 0), ((21, 30, 1, 1), (21, 100, 1, 3), 0), ((21, 100, 1, 3), (36, 10, 1, 1), 0), ((36, 10, 1, 1), (36, 100, 1, 3), 0), ((36, 100, 1, 3), (76, 15, 1, 1), 0), ((76, 15, 1, 1), (76, 39, 1, 1), 0), ((76, 39, 1, 1), (72, 2, 1, 0), 0), ((72, 2, 1, 0), (72, 80, 1, 3), 0), ((72, 80, 1, 3), (49, 0, 1, 0), 0), ((49, 0, 1, 0), (49, 0, 119, 0), 0))
New edge added:  ((13, np.int64(100), np.int64(1), 3), (43, np.int64(27), np.int64(10), 1), 0)  Edge removed:  ((13, 100, 1, 3), (43, 27, 1, 1), 0)
Solution cannot be extended to a feasible solution, updating network...
n[ 5 ] =  5.0
n[ 13 ] =  1.0
n[ 21 ] =  6.0
n[ 23 ] =  5.0
n[ 28 ] =  2.0
n[ 30 ] =  2.0
n[ 31 ] =  1.0
n[ 34 ] =  1.0
n[ 36 ] =  5.0
n[ 37 ] =  1.0
n[ 39 ] =  1.0
n[ 40 ] =  5.0
n[ 43 ] =  6.0
n[ 57 ] =  4.0
n[ 58 ] =  6.0
n[ 67 ] =  1.0
n[ 69 ] =  3.0
n[ 72 ] =  4.0
n[ 76 ] =  6.0
n[ 82 ] =  4.0
n[ 93 ] =  1.0
'''''''''''''''''
Gurobi Optimizer version 13.0.1 build v13.0.1rc0 (linux64 - "Debian GNU/Linux 12 (bookworm)")

CPU model: Intel(R) Xeon(R) CPU @ 2.20GHz, instruction set [SSE2|AVX|AVX2]
Thread count: 1 physical cores, 2 logical processors, using up to 2 threads

Non-default parameters:
MIPGap  0.05

Academic license 937859 - for non-commercial use only - registered to hp___@cornell.edu
Optimize a model with 684481 rows, 1407262 columns and 3607513 nonzeros (Min)
Model fingerprint: 0x975119cd
Model has 1012288 linear objective coefficients
Variable types: 0 continuous, 1407262 integer (0 binary)
Coefficient statistics:
  Matrix range     [1e+00, 3e+05]
  Objective range  [6e-01, 8e+02]
  Bounds range     [0e+00, 0e+00]
  RHS range        [1e+00, 5e+00]

MIP start from previous solve did not produce a new incumbent solution
MIP start from previous solve violates constraint flow_bal_load[(31,_np.int64(0),_np.int64(1),_0),0] by 1.000000000
Processed MIP start in 1.64 seconds (0.34 work units)

Presolve removed 551725 rows and 734146 columns (presolve time = 5s)...
Presolve removed 555070 rows and 766335 columns (presolve time = 10s)...
Presolve removed 556769 rows and 778960 columns (presolve time = 15s)...
Presolve removed 556821 rows and 779019 columns (presolve time = 20s)...
Presolve removed 556814 rows and 779012 columns
Presolve time: 20.18s
Presolved: 127667 rows, 628250 columns, 1455536 nonzeros
Variable types: 0 continuous, 628250 integer (1933 binary)

Root simplex log...

Iteration    Objective       Primal Inf.    Dual Inf.      Time
       0      handle free variables                         30s
    7594    1.0016617e+03   1.692501e+02   0.000000e+00     35s
   11775    1.4150189e+03   8.775000e+01   0.000000e+00     40s
   14695    1.7052073e+03   1.023845e+02   0.000000e+00     45s
   16695    1.7619978e+03   7.798789e+01   0.000000e+00     50s
   18205    1.7722740e+03   1.020000e+02   0.000000e+00     55s
   19795    1.8127740e+03   7.300000e+01   0.000000e+00     60s
   21365    1.8551000e+03   2.207667e+02   0.000000e+00     65s
   22685    1.8686999e+03   1.472096e+02   0.000000e+00     70s
   23785    1.8884945e+03   4.047768e+02   0.000000e+00     75s
   24965    1.9065459e+03   6.946825e+01   0.000000e+00     80s
   26225    1.9152843e+03   5.409322e+01   0.000000e+00     86s
   27345    1.9235200e+03   5.747321e+01   0.000000e+00     91s
   28325    1.9453544e+03   1.903685e+02   0.000000e+00     96s
   29125    1.9573288e+03   1.137920e+02   0.000000e+00    100s
   30105    1.9742570e+03   1.045000e+02   0.000000e+00    105s
   31195    2.0253124e+03   2.995000e+02   0.000000e+00    110s
   32265    2.0793124e+03   9.000000e+01   0.000000e+00    116s
   33185    2.1124665e+03   1.935000e+02   0.000000e+00    120s
   34205    2.1871138e+03   1.115000e+02   0.000000e+00    125s
   35055    2.2592644e+03   1.415593e+02   0.000000e+00    130s
   35885    2.2750799e+03   6.073891e+02   0.000000e+00    136s
   36655    2.3018149e+03   1.879322e+02   0.000000e+00    141s
   37325    2.3170984e+03   8.054682e+02   0.000000e+00    145s
   38255    2.3288638e+03   3.107500e+02   0.000000e+00    151s
   39155    2.3460770e+03   2.003645e+02   0.000000e+00    156s
   39845    2.3501003e+03   1.850246e+02   0.000000e+00    160s
   40605    2.3669591e+03   3.221465e+02   0.000000e+00    165s
   41505    2.3698477e+03   7.795806e+02   0.000000e+00    171s
   42245    2.3829761e+03   1.483008e+02   0.000000e+00    175s
   43065    2.3980084e+03   1.670291e+02   0.000000e+00    180s
   43895    2.4496355e+03   1.515259e+02   0.000000e+00    186s
   44575    2.5935264e+03   8.973305e+01   0.000000e+00    191s
   45405    2.6303535e+03   5.248305e+01   0.000000e+00    196s
   46205    2.6313467e+03   2.044831e+02   0.000000e+00    200s
   47075    2.6641035e+03   3.244831e+02   0.000000e+00    205s
   48075    2.6701035e+03   2.434952e+02   0.000000e+00    211s
   48555    2.6756846e+03   1.783390e+02   0.000000e+00    215s
   49095    2.6968604e+03   4.673390e+02   0.000000e+00    222s
   49565    2.6978535e+03   2.465890e+02   0.000000e+00    225s
   49935    2.6983501e+03   1.240890e+02   0.000000e+00    230s
   50315    2.6986480e+03   5.883898e+01   0.000000e+00    237s
   50675    2.7316035e+03   1.548390e+02   0.000000e+00    240s
   51115    2.7653535e+03   6.033898e+01   0.000000e+00    246s
   51365    2.7656845e+03   9.767232e+01   0.000000e+00    253s
   51525    2.7657319e+03   9.788660e+01   0.000000e+00    257s
   51965    2.7663466e+03   6.933898e+01   0.000000e+00    261s
   52415    2.8238484e+03   5.184640e+02   0.000000e+00    266s
   53065    2.8338466e+03   8.878390e+02   0.000000e+00    270s
   54205    2.9080535e+03   2.504811e+02   0.000000e+00    276s
   55055    2.9750008e+03   2.333390e+02   0.000000e+00    281s
   56205    3.0855830e+03   5.758390e+02   0.000000e+00    285s
   57325    3.9324973e+03   8.425890e+02   0.000000e+00    291s
   58195    4.8966887e+03   1.572045e+02   0.000000e+00    295s
   59055    5.0038015e+03   1.351996e+03   0.000000e+00    301s
   59605    5.0187993e+03   1.653484e+02   0.000000e+00    307s
   59845    5.0205812e+03   6.739306e+02   0.000000e+00    311s
   60455    5.0262530e+03   1.337137e+02   0.000000e+00    316s
   61025    5.0402589e+03   1.138763e+02   0.000000e+00    320s
   61645    5.0592693e+03   7.921080e+01   0.000000e+00    325s
   62665    5.1009004e+03   5.138983e+01   0.000000e+00    331s
   63305    5.1245211e+03   1.825000e+01   0.000000e+00    335s
   63685    5.1261457e+03   1.500000e+01   0.000000e+00    341s
   64165    5.1278464e+03   2.000000e+01   0.000000e+00    345s
   64224    5.1278463e+03   0.000000e+00   0.000000e+00    346s
   64227    5.1278463e+03   0.000000e+00   0.000000e+00    347s

Extra simplex iterations after uncrush: 3

Root relaxation: objective 5.127846e+03, 64227 iterations, 320.22 seconds (97.16 work units)

    Nodes    |    Current Node    |     Objective Bounds      |     Work
 Expl Unexpl |  Obj  Depth IntInf | Incumbent    BestBd   Gap | It/Node Time

     0     0 5127.84629    0   74          - 5127.84629      -     -  398s
H    0     0                    5542.7294521 5127.84629  7.49%     -  405s
H    0     0                    5341.0445205 5127.84629  3.99%     -  413s

Explored 1 nodes (120855 simplex iterations) in 413.87 seconds (119.87 work units)
Thread count was 2 (of 2 available processors)

Solution count 2: 5341.04 5542.73 

Optimal solution found (tolerance 5.00e-02)
Best objective 5.341044520548e+03, best bound 5.127846288434e+03, gap 3.9917%
Iteration:  7
Size of network:  12734  nodes,  234492  edges
Obj Value:  5341.044520547945
a: {}
n: {5: 5.0, 13: 5.0, 21: 6.0, 23: 5.0, 25: 5.0, 28: 2.0, 30: 6.0, 31: 1.0, 36: 6.0, 39: 1.0, 40: 1.0, 43: 6.0, 57: 4.0, 58: 6.0, 67: 5.0, 69: 3.0, 72: 4.0, 76: 6.0}
{0: (34.421443, -119.684178), 1: (36.167392, -94.119169), 2: (34.071417, -99.009382), 3: (34.689589, -118.130371), 4: (36.434113, -99.427596), 5: (35.400164, -119.399727), 6: (37.2129649, -93.37103), 7: (30.25011, -93.01142), 8: (36.751521, -96.000152), 9: (35.35468, -94.437379), 10: (38.89357, -94.36045), 11: (33.7885884, -118.2150827), 12: (32.596725, -117.019495), 13: (33.30006, -111.96835), 14: (35.392817, -97.422948), 15: (38.96627, -95.700495), 16: (30.725159, -96.425728), 17: (37.737099, -97.32375), 18: (34.188212, -97.171022), 19: (33.94423, -96.41932), 20: (30.209862, -92.002378), 21: (37.183969, -104.499646), 22: (32.267588, -107.774524), 23: (36.72136, -119.761165), 24: (30.437821, -95.498724), 25: (35.079896, -106.746225), 26: (35.840761, -98.419831), 27: (31.207465, -95.996079), 28: (33.899899, -118.207088), 29: (33.3874378, -110.7609849), 30: (34.02094, -117.385415), 31: (33.603063, -114.598023), 32: (35.189976, -101.706309), 33: (35.853211, -94.989243), 34: (35.004614, -106.032837), 35: (31.151717, -93.265081), 36: (36.706596, -101.443207), 37: (37.069631, -100.905444), 38: (32.62712, -96.74537), 39: (36.075856, -119.043996), 40: (35.65758, -105.993406), 41: (32.181782, -94.334174), 42: (30.330588, -97.701649), 43: (35.01643, -110.675005), 44: (35.25655, -96.671004), 45: (33.3021433, -111.9552863), 46: (36.535661, -97.33916), 47: (32.698465, -97.959695), 48: (33.984094, -106.887526), 49: (32.7658795, -96.8754612), 50: (35.309665, -99.631741), 51: (31.784139, -93.08731), 52: (33.0390751, -117.2841996), 53: (38.164391, -112.278183), 54: (34.4349097, -119.9212861), 55: (31.499498, -97.173412), 56: (33.9541734, -117.5556971), 57: (34.118101, -116.45646), 58: (36.71838, -108.167694), 59: (31.940555, -102.169802), 60: (36.081743, -96.054325), 61: (32.469998, -93.672804), 62: (34.4425082, -119.7812613), 63: (37.648431, -98.094183), 64: (32.448848, -100.439583), 65: (32.627591, -97.314361), 66: (38.54421, -106.92517), 67: (34.886448, -117.079423), 68: (35.9874334, -119.961999), 69: (32.794671, -115.539473), 70: (36.220567, -115.125553), 71: (35.106478, -92.43572), 72: (34.584172, -98.396813), 73: (33.39639, -110.76888), 74: (37.8135094, -119.8800771), 75: (35.87844, -97.392471), 76: (35.490972, -98.967096), 77: (33.8310496, -116.5452277), 78: (32.354553, -95.302495), 79: (37.962455, -100.846437), 80: (32.178328, -110.960207), 81: (38.7747705, -119.9029911), 82: (33.463568, -112.459255), 83: (36.009923, -114.784826), 84: (35.3002628, -119.0381956), 85: (36.249164, -95.333829), 86: (33.6699802, -96.6120405), 87: (38.971499, -92.294316), 88: (32.029056, -93.713243), 89: (33.8722233, -118.2654222), 90: (35.263617, -112.194139), 91: (37.199194, -93.402643), 92: (33.73573, -97.14484), 93: (32.881785, -111.777561), 94: (37.161682, -113.434692), 95: (30.35815, -99.606129), 96: (34.773291, -96.697633), 97: (34.12755, -118.443664), 98: (31.34545, -92.51807), 99: (38.945105, -104.724068), 100: (30.0774, -99.10731)}
x_load_0: {((39, 69, 1, 2), (74, 6, 1, 0), 0): 1.0, ((67, 13, 1, 1), (67, 100, 1, 3), 0): 1.0, ((39, 28, 1, 1), (39, 69, 1, 2), 0): 1.0, ((74, 6, 1, 0), (74, 6, 119, 0), 0): 1.0, ((13, 84, 0, 3), (45, 84, 1, 3), 0): 1.0, ((31, 4, 1, 0), (31, 100, 1, 3), 0): 1.0, ((45, 84, 1, 3), (31, 4, 1, 0), 0): 1.0, ((31, 100, 1, 3), (67, 13, 1, 1), 0): 1.0, ((67, 100, 1, 3), (39, 28, 1, 1), 0): 1.0}
x_ener_0: {((11, 10, 1, 1), (11, 10, 51, 1), 0): 2.0, ((89, 11, 1, 1), (11, 10, 1, 1), 0): 2.0, ((28, 18, 1, 1), (11, 14, 1, 1), 0): 2.0, ((11, 14, 1, 1), (89, 11, 1, 1), 0): 2.0, ((89, 17, 1, 1), (28, 18, 1, 1), 0): 2.0, ((28, 61, 1, 2), (28, 61, 51, 2), 0): 4.0, ((97, 68, 1, 2), (28, 61, 1, 2), 0): 4.0, ((97, 68, 1, 2), (97, 68, 51, 2), 0): 1.0, ((39, 69, 1, 2), (74, 6, 1, 0), 0): 1.0, ((89, 7, 51, 0), (11, 5, 51, 0), 1): 2.0, ((28, 6, 51, 0), (89, 7, 51, 0), 1): 2.0, ((11, 5, 51, 0), (11, 5, 101, 0), 0): 2.0, ((11, 10, 51, 1), (28, 6, 51, 0), 0): 2.0, ((28, 61, 51, 2), (89, 70, 51, 2), 0): 4.0, ((89, 70, 51, 2), (11, 68, 51, 2), 1): 5.0, ((97, 68, 51, 2), (89, 70, 51, 2), 0): 1.0, ((11, 66, 51, 2), (11, 66, 101, 2), 0): 1.0, ((28, 70, 51, 2), (3, 51, 51, 2), 0): 4.0, ((28, 70, 51, 2), (11, 66, 51, 2), 0): 1.0, ((89, 7, 101, 0), (28, 6, 101, 0), 1): 2.0, ((28, 6, 101, 0), (28, 6, 119, 0), 0): 2.0, ((11, 5, 101, 0), (89, 7, 101, 0), 1): 2.0, ((89, 70, 101, 2), (28, 70, 101, 2), 1): 1.0, ((11, 66, 101, 2), (89, 70, 101, 2), 0): 1.0, ((28, 70, 101, 2), (77, 39, 101, 1), 0): 1.0, ((5, 2, 1, 0), (5, 2, 119, 0), 0): 1.0, ((67, 13, 1, 1), (67, 13, 51, 1), 0): 1.0, ((39, 28, 1, 1), (5, 2, 1, 0), 0): 1.0, ((3, 51, 51, 2), (67, 20, 51, 1), 0): 4.0, ((67, 13, 51, 1), (67, 13, 101, 1), 0): 1.0, ((67, 20, 51, 1), (67, 20, 119, 1), 0): 4.0, ((11, 68, 51, 2), (28, 70, 51, 2), 1): 5.0, ((67, 13, 101, 1), (67, 13, 119, 1), 0): 1.0, ((77, 39, 101, 1), (69, 6, 101, 0), 0): 1.0, ((74, 6, 1, 0), (74, 6, 51, 0), 0): 1.0, ((84, 89, 1, 3), (39, 69, 1, 2), 0): 1.0, ((5, 100, 0, 3), (84, 100, 1, 3), 0): 1.0, ((84, 100, 1, 3), (97, 68, 1, 2), 0): 1.0, ((74, 6, 51, 0), (74, 6, 119, 0), 0): 1.0, ((69, 6, 101, 0), (69, 6, 119, 0), 0): 1.0, ((13, 84, 0, 3), (45, 84, 1, 3), 0): 1.0, ((45, 84, 1, 3), (31, 4, 1, 0), 0): 1.0, ((30, 100, 0, 3), (97, 68, 1, 2), 0): 4.0, ((31, 100, 1, 3), (67, 13, 1, 1), 0): 1.0, ((31, 100, 0, 3), (31, 100, 1, 3), 0): 1.0, ((39, 100, 0, 3), (84, 89, 1, 3), 0): 1.0, ((67, 100, 1, 3), (39, 28, 1, 1), 0): 1.0, ((67, 100, 0, 3), (67, 100, 1, 3), 0): 1.0, ((69, 80, 0, 3), (89, 17, 1, 1), 0): 2.0, ((31, 4, 10, 0), (31, 4, 119, 0), 0): 1.0, ((31, 4, 1, 0), (31, 4, 10, 0), 0): 1.0}
(((13, np.int64(84), np.int64(0), 3), (45, 84, 1, 3), 0), ((45, 84, 1, 3), (31, 4, 1, 0), 0), ((31, 4, 1, 0), (31, 100, 1, 3), 0), ((31, 100, 1, 3), (67, 13, 1, 1), 0), ((67, 13, 1, 1), (67, 100, 1, 3), 0), ((67, 100, 1, 3), (39, 28, 1, 1), 0), ((39, 28, 1, 1), (39, 69, 1, 2), 0), ((39, 69, 1, 2), (74, 6, 1, 0), 0), ((74, 6, 1, 0), (74, 6, 119, 0), 0))
New edge added:  ((45, np.int64(84), np.int64(1), 3), (31, np.int64(4), np.int64(11), 0), 0)  Edge removed:  ((45, 84, 1, 3), (31, 4, 1, 0), 0)
x_load_1: {((72, 14, 1, 1), (72, 39, 1, 1), 0): 1.0, ((76, 2, 1, 0), (76, 100, 1, 3), 0): 1.0, ((36, 15, 1, 1), (36, 100, 1, 3), 0): 1.0, ((13, 27, 1, 1), (13, 27, 119, 1), 0): 1.0, ((72, 39, 1, 1), (76, 2, 1, 0), 0): 1.0, ((21, 10, 1, 1), (21, 80, 1, 3), 0): 1.0, ((21, 80, 1, 3), (40, 10, 1, 1), 0): 1.0, ((40, 10, 1, 1), (40, 80, 1, 3), 0): 1.0, ((40, 80, 1, 3), (58, 6, 1, 0), 0): 1.0, ((76, 100, 1, 3), (36, 15, 1, 1), 0): 1.0, ((36, 100, 1, 3), (21, 10, 1, 1), 0): 1.0, ((49, 94, 1, 3), (72, 14, 1, 1), 0): 1.0, ((58, 6, 1, 0), (58, 100, 1, 3), 0): 1.0, ((43, 4, 1, 0), (43, 100, 1, 3), 0): 1.0, ((43, 100, 1, 3), (13, 27, 1, 1), 0): 1.0, ((49, 94, 0, 3), (49, 94, 1, 3), 0): 1.0, ((58, 100, 1, 3), (43, 4, 1, 0), 0): 1.0}
x_ener_1: {((77, 33, 51, 1), (57, 23, 51, 1), 0): 4.0, ((72, 14, 1, 1), (72, 14, 119, 1), 0): 1.0, ((76, 2, 1, 0), (76, 2, 119, 0), 0): 1.0, ((72, 100, 1, 3), (76, 63, 1, 2), 0): 1.0, ((57, 43, 51, 2), (77, 33, 51, 1), 0): 4.0, ((36, 15, 1, 1), (36, 15, 119, 1), 0): 1.0, ((57, 23, 51, 1), (57, 23, 119, 1), 0): 4.0, ((13, 20, 1, 1), (13, 20, 51, 1), 0): 1.0, ((13, 27, 1, 1), (82, 23, 1, 1), 0): 1.0, ((82, 23, 1, 1), (13, 20, 1, 1), 0): 1.0, ((13, 20, 51, 1), (13, 20, 119, 1), 0): 1.0, ((13, 24, 101, 1), (13, 24, 119, 1), 0): 1.0, ((45, 24, 101, 1), (13, 24, 101, 1), 1): 1.0, ((72, 39, 1, 1), (76, 2, 1, 0), 0): 1.0, ((21, 10, 1, 1), (21, 10, 119, 1), 0): 1.0, ((21, 80, 1, 3), (40, 10, 1, 1), 0): 1.0, ((21, 80, 0, 3), (21, 80, 1, 3), 0): 1.0, ((40, 10, 1, 1), (40, 10, 119, 1), 0): 1.0, ((25, 100, 1, 3), (40, 80, 1, 3), 0): 1.0, ((34, 100, 1, 3), (25, 100, 1, 3), 0): 1.0, ((40, 80, 1, 3), (58, 6, 1, 0), 0): 1.0, ((76, 100, 1, 3), (36, 15, 1, 1), 0): 1.0, ((56, 75, 51, 2), (57, 43, 51, 2), 0): 4.0, ((31, 80, 101, 3), (45, 24, 101, 1), 0): 1.0, ((40, 100, 1, 3), (34, 100, 1, 3), 0): 1.0, ((36, 100, 1, 3), (21, 10, 1, 1), 0): 1.0, ((36, 100, 0, 3), (36, 100, 1, 3), 0): 1.0, ((49, 94, 1, 3), (72, 14, 1, 1), 0): 1.0, ((58, 6, 1, 0), (58, 6, 51, 0), 0): 1.0, ((40, 100, 0, 3), (40, 100, 1, 3), 0): 1.0, ((58, 6, 51, 0), (58, 6, 101, 0), 0): 1.0, ((58, 6, 101, 0), (58, 6, 119, 0), 0): 1.0, ((43, 4, 1, 0), (43, 4, 119, 0), 0): 1.0, ((43, 100, 1, 3), (13, 27, 1, 1), 0): 1.0, ((43, 100, 0, 3), (43, 100, 1, 3), 0): 1.0, ((49, 94, 0, 3), (49, 94, 1, 3), 0): 1.0, ((58, 100, 1, 3), (43, 4, 1, 0), 0): 1.0, ((58, 100, 0, 3), (58, 100, 1, 3), 0): 1.0, ((67, 100, 1, 3), (67, 100, 51, 3), 0): 4.0, ((67, 100, 0, 3), (67, 100, 1, 3), 0): 4.0, ((67, 100, 51, 3), (56, 75, 51, 2), 0): 4.0, ((69, 100, 1, 3), (69, 100, 51, 3), 0): 1.0, ((69, 100, 0, 3), (69, 100, 1, 3), 0): 1.0, ((69, 100, 51, 3), (69, 100, 101, 3), 0): 1.0, ((69, 100, 101, 3), (31, 80, 101, 3), 0): 1.0, ((72, 100, 0, 3), (72, 100, 1, 3), 0): 1.0, ((76, 63, 1, 2), (72, 39, 1, 1), 0): 1.0, ((76, 100, 0, 3), (76, 100, 1, 3), 0): 1.0}
(((49, np.int64(94), np.int64(0), 3), (49, 94, 1, 3), 0), ((49, 94, 1, 3), (72, 14, 1, 1), 0), ((72, 14, 1, 1), (72, 39, 1, 1), 0), ((72, 39, 1, 1), (76, 2, 1, 0), 0), ((76, 2, 1, 0), (76, 100, 1, 3), 0), ((76, 100, 1, 3), (36, 15, 1, 1), 0), ((36, 15, 1, 1), (36, 100, 1, 3), 0), ((36, 100, 1, 3), (21, 10, 1, 1), 0), ((21, 10, 1, 1), (21, 80, 1, 3), 0), ((21, 80, 1, 3), (40, 10, 1, 1), 0), ((40, 10, 1, 1), (40, 80, 1, 3), 0), ((40, 80, 1, 3), (58, 6, 1, 0), 0), ((58, 6, 1, 0), (58, 100, 1, 3), 0), ((58, 100, 1, 3), (43, 4, 1, 0), 0), ((43, 4, 1, 0), (43, 100, 1, 3), 0), ((43, 100, 1, 3), (13, 27, 1, 1), 0), ((13, 27, 1, 1), (13, 27, 119, 1), 0))
New edge added:  ((49, np.int64(94), np.int64(1), 3), (72, np.int64(14), np.int64(11), 1), 0)  Edge removed:  ((49, 94, 1, 3), (72, 14, 1, 1), 0)
x_load_2: {((39, 18, 1, 1), (39, 100, 1, 3), 0): 4.0, ((39, 14, 1, 1), (39, 100, 1, 3), 0): 1.0, ((72, 2, 1, 0), (72, 80, 1, 3), 0): 2.0, ((76, 15, 1, 1), (76, 39, 1, 1), 0): 2.0, ((76, 15, 1, 1), (76, 100, 1, 3), 0): 3.0, ((76, 39, 1, 1), (72, 2, 1, 0), 0): 2.0, ((49, 0, 1, 0), (49, 0, 119, 0), 0): 2.0, ((72, 63, 1, 2), (72, 100, 1, 3), 0): 3.0, ((49, 20, 1, 1), (49, 20, 119, 1), 0): 3.0, ((72, 100, 1, 3), (49, 20, 1, 1), 0): 3.0, ((74, 33, 1, 1), (74, 33, 119, 1), 0): 5.0, ((39, 100, 1, 3), (74, 33, 1, 1), 0): 5.0, ((13, 80, 0, 3), (45, 80, 1, 3), 0): 5.0, ((43, 7, 1, 0), (43, 100, 1, 3), 0): 5.0, ((45, 80, 1, 3), (43, 7, 1, 0), 0): 5.0, ((21, 30, 1, 1), (21, 100, 1, 3), 0): 5.0, ((21, 100, 1, 3), (36, 10, 1, 1), 0): 5.0, ((36, 10, 1, 1), (36, 100, 1, 3), 0): 5.0, ((40, 26, 1, 1), (40, 100, 1, 3), 0): 5.0, ((76, 100, 1, 3), (72, 63, 1, 2), 0): 3.0, ((28, 96, 0, 3), (39, 14, 1, 1), 0): 1.0, ((28, 100, 0, 3), (39, 18, 1, 1), 0): 4.0, ((40, 100, 1, 3), (21, 30, 1, 1), 0): 5.0, ((36, 100, 1, 3), (76, 15, 1, 1), 0): 5.0, ((58, 4, 1, 0), (58, 100, 1, 3), 0): 5.0, ((43, 100, 1, 3), (58, 4, 1, 0), 0): 5.0, ((58, 100, 1, 3), (40, 26, 1, 1), 0): 5.0, ((72, 80, 1, 3), (49, 0, 1, 0), 0): 2.0}
x_ener_2: {((23, 6, 1, 0), (23, 6, 51, 0), 0): 5.0, ((39, 18, 1, 1), (39, 18, 51, 1), 0): 4.0, ((39, 14, 1, 1), (39, 14, 119, 1), 0): 1.0, ((11, 60, 1, 2), (97, 46, 1, 2), 0): 2.0, ((89, 70, 1, 2), (28, 70, 1, 2), 1): 2.0, ((97, 68, 1, 2), (11, 54, 1, 2), 0): 2.0, ((28, 70, 1, 2), (56, 53, 1, 2), 0): 2.0, ((56, 53, 1, 2), (89, 40, 1, 2), 0): 2.0, ((23, 6, 51, 0), (23, 6, 101, 0), 0): 5.0, ((39, 18, 51, 1), (5, 0, 51, 0), 0): 4.0, ((89, 70, 51, 2), (30, 52, 51, 2), 0): 2.0, ((30, 52, 51, 2), (69, 4, 51, 0), 0): 2.0, ((23, 6, 101, 0), (23, 6, 119, 0), 0): 5.0, ((56, 19, 101, 1), (30, 22, 101, 1), 0): 6.0, ((72, 2, 1, 0), (72, 2, 51, 0), 0): 3.0, ((76, 15, 1, 1), (76, 15, 119, 1), 0): 5.0, ((76, 39, 1, 1), (72, 2, 1, 0), 0): 3.0, ((49, 0, 1, 0), (49, 0, 51, 0), 0): 2.0, ((72, 63, 1, 2), (76, 39, 1, 1), 0): 3.0, ((49, 20, 1, 1), (49, 20, 51, 1), 0): 3.0, ((72, 100, 1, 3), (49, 20, 1, 1), 0): 3.0, ((72, 2, 51, 0), (72, 2, 119, 0), 0): 3.0, ((38, 22, 51, 1), (65, 15, 51, 1), 0): 3.0, ((49, 0, 51, 0), (49, 0, 119, 0), 0): 2.0, ((49, 20, 51, 1), (38, 22, 51, 1), 0): 3.0, ((28, 35, 1, 1), (89, 35, 1, 1), 0): 6.0, ((11, 36, 1, 1), (28, 35, 1, 1), 0): 2.0, ((89, 35, 1, 1), (11, 32, 1, 1), 0): 6.0, ((28, 39, 1, 1), (89, 38, 1, 1), 0): 2.0, ((89, 38, 1, 1), (11, 36, 1, 1), 0): 2.0, ((97, 46, 1, 2), (89, 37, 1, 1), 0): 4.0, ((89, 37, 1, 1), (28, 35, 1, 1), 0): 4.0, ((89, 40, 1, 2), (28, 39, 1, 1), 0): 2.0, ((89, 58, 1, 2), (11, 60, 1, 2), 1): 2.0, ((97, 66, 1, 2), (89, 58, 1, 2), 0): 2.0, ((11, 80, 1, 3), (28, 76, 1, 2), 0): 2.0, ((89, 80, 1, 3), (11, 80, 1, 3), 0): 2.0, ((30, 22, 101, 1), (30, 22, 119, 1), 0): 6.0, ((74, 33, 1, 1), (23, 6, 1, 0), 0): 5.0, ((5, 100, 0, 3), (84, 100, 1, 3), 0): 4.0, ((11, 32, 1, 1), (11, 32, 51, 1), 0): 6.0, ((11, 54, 1, 2), (97, 46, 1, 2), 0): 2.0, ((39, 100, 1, 3), (74, 33, 1, 1), 0): 5.0, ((68, 100, 1, 3), (39, 100, 1, 3), 0): 5.0, ((84, 100, 1, 3), (89, 70, 1, 2), 0): 2.0, ((84, 100, 1, 3), (84, 100, 51, 3), 0): 2.0, ((5, 0, 51, 0), (5, 0, 101, 0), 0): 4.0, ((11, 32, 51, 1), (11, 32, 101, 1), 0): 6.0, ((84, 100, 51, 3), (89, 70, 51, 2), 0): 2.0, ((5, 0, 101, 0), (5, 0, 119, 0), 0): 4.0, ((11, 32, 101, 1), (56, 19, 101, 1), 0): 6.0, ((11, 74, 1, 2), (89, 73, 1, 2), 0): 2.0, ((11, 96, 1, 3), (89, 97, 1, 3), 1): 2.0, ((89, 73, 1, 2), (97, 66, 1, 2), 0): 2.0, ((28, 76, 1, 2), (11, 74, 1, 2), 0): 2.0, ((89, 90, 1, 3), (11, 96, 1, 3), 0): 2.0, ((56, 95, 1, 3), (97, 68, 1, 2), 0): 2.0, ((89, 97, 1, 3), (56, 95, 1, 3), 0): 2.0, ((31, 59, 1, 2), (31, 59, 51, 2), 0): 2.0, ((69, 4, 51, 0), (69, 4, 101, 0), 0): 2.0, ((31, 59, 51, 2), (31, 59, 101, 2), 0): 4.0, ((69, 4, 101, 0), (69, 4, 119, 0), 0): 2.0, ((31, 59, 101, 2), (13, 4, 101, 0), 0): 4.0, ((13, 80, 0, 3), (45, 80, 1, 3), 0): 5.0, ((43, 7, 1, 0), (43, 7, 51, 0), 0): 5.0, ((45, 80, 1, 3), (43, 7, 1, 0), 0): 5.0, ((43, 7, 51, 0), (43, 7, 119, 0), 0): 5.0, ((13, 4, 101, 0), (13, 4, 119, 0), 0): 4.0, ((49, 6, 51, 0), (49, 6, 119, 0), 0): 3.0, ((65, 15, 51, 1), (49, 6, 51, 0), 0): 3.0, ((21, 30, 1, 1), (21, 30, 51, 1), 0): 5.0, ((21, 100, 1, 3), (36, 10, 1, 1), 0): 5.0, ((21, 100, 0, 3), (21, 100, 1, 3), 0): 5.0, ((36, 10, 1, 1), (36, 10, 51, 1), 0): 5.0, ((21, 30, 51, 1), (21, 30, 119, 1), 0): 5.0, ((36, 10, 51, 1), (36, 10, 119, 1), 0): 5.0, ((23, 100, 0, 3), (68, 100, 1, 3), 0): 5.0, ((25, 8, 1, 0), (25, 8, 51, 0), 0): 5.0, ((40, 26, 1, 1), (25, 8, 1, 0), 0): 5.0, ((25, 100, 0, 3), (34, 100, 1, 3), 0): 5.0, ((34, 100, 1, 3), (40, 100, 1, 3), 0): 5.0, ((25, 8, 51, 0), (25, 8, 101, 0), 0): 5.0, ((25, 8, 101, 0), (25, 8, 119, 0), 0): 5.0, ((76, 100, 1, 3), (72, 63, 1, 2), 0): 3.0, ((28, 81, 0, 3), (89, 80, 1, 3), 0): 2.0, ((28, 96, 0, 3), (39, 14, 1, 1), 0): 1.0, ((28, 100, 0, 3), (39, 18, 1, 1), 0): 4.0, ((30, 100, 0, 3), (89, 90, 1, 3), 0): 2.0, ((57, 90, 1, 3), (31, 59, 1, 2), 0): 2.0, ((57, 90, 51, 3), (77, 90, 51, 3), 0): 2.0, ((77, 90, 51, 3), (31, 59, 51, 2), 0): 2.0, ((40, 100, 1, 3), (21, 30, 1, 1), 0): 5.0, ((36, 100, 1, 3), (76, 15, 1, 1), 0): 5.0, ((36, 100, 0, 3), (36, 100, 1, 3), 0): 5.0, ((58, 4, 1, 0), (58, 4, 51, 0), 0): 5.0, ((58, 4, 51, 0), (58, 4, 119, 0), 0): 5.0, ((43, 100, 1, 3), (58, 4, 1, 0), 0): 5.0, ((43, 100, 0, 3), (43, 100, 1, 3), 0): 5.0, ((50, 100, 1, 3), (76, 100, 1, 3), 0): 3.0, ((57, 90, 0, 3), (57, 90, 1, 3), 0): 2.0, ((57, 100, 0, 3), (77, 100, 1, 3), 0): 2.0, ((77, 100, 1, 3), (77, 100, 51, 3), 0): 2.0, ((77, 100, 51, 3), (57, 90, 51, 3), 0): 2.0, ((58, 100, 1, 3), (40, 26, 1, 1), 0): 5.0, ((58, 100, 0, 3), (58, 100, 1, 3), 0): 5.0, ((72, 80, 1, 3), (49, 0, 1, 0), 0): 2.0, ((72, 100, 0, 3), (72, 100, 1, 3), 0): 3.0, ((76, 100, 0, 3), (50, 100, 1, 3), 0): 3.0, ((76, 100, 0, 3), (72, 80, 1, 3), 0): 2.0}
(((13, np.int64(80), np.int64(0), 3), (45, 80, 1, 3), 0), ((45, 80, 1, 3), (43, 7, 1, 0), 0), ((43, 7, 1, 0), (43, 100, 1, 3), 0), ((43, 100, 1, 3), (58, 4, 1, 0), 0), ((58, 4, 1, 0), (58, 100, 1, 3), 0), ((58, 100, 1, 3), (40, 26, 1, 1), 0), ((40, 26, 1, 1), (40, 100, 1, 3), 0), ((40, 100, 1, 3), (21, 30, 1, 1), 0), ((21, 30, 1, 1), (21, 100, 1, 3), 0), ((21, 100, 1, 3), (36, 10, 1, 1), 0), ((36, 10, 1, 1), (36, 100, 1, 3), 0), ((36, 100, 1, 3), (76, 15, 1, 1), 0), ((76, 15, 1, 1), (76, 39, 1, 1), 0), ((76, 39, 1, 1), (72, 2, 1, 0), 0), ((72, 2, 1, 0), (72, 80, 1, 3), 0), ((72, 80, 1, 3), (49, 0, 1, 0), 0), ((49, 0, 1, 0), (49, 0, 119, 0), 0))
New edge added:  ((45, np.int64(80), np.int64(1), 3), (43, np.int64(7), np.int64(10), 0), 0)  Edge removed:  ((45, 80, 1, 3), (43, 7, 1, 0), 0)
Solution cannot be extended to a feasible solution, updating network...
n[ 5 ] =  5.0
n[ 13 ] =  5.0
n[ 21 ] =  6.0
n[ 23 ] =  5.0
n[ 25 ] =  5.0
n[ 28 ] =  2.0
n[ 30 ] =  6.0
n[ 31 ] =  1.0
n[ 36 ] =  6.0
n[ 39 ] =  1.0
n[ 40 ] =  1.0
n[ 43 ] =  6.0
n[ 57 ] =  4.0
n[ 58 ] =  6.0
n[ 67 ] =  5.0
n[ 69 ] =  3.0
n[ 72 ] =  4.0
n[ 76 ] =  6.0
'''''''''''''''''
Gurobi Optimizer version 13.0.1 build v13.0.1rc0 (linux64 - "Debian GNU/Linux 12 (bookworm)")

CPU model: Intel(R) Xeon(R) CPU @ 2.20GHz, instruction set [SSE2|AVX|AVX2]
Thread count: 1 physical cores, 2 logical processors, using up to 2 threads

Non-default parameters:
MIPGap  0.05

Academic license 937859 - for non-commercial use only - registered to hp___@cornell.edu
Optimize a model with 684487 rows, 1407280 columns and 3611839 nonzeros (Min)
Model fingerprint: 0xe20bda08
Model has 1012288 linear objective coefficients
Variable types: 0 continuous, 1407280 integer (0 binary)
Coefficient statistics:
  Matrix range     [1e+00, 3e+05]
  Objective range  [6e-01, 8e+02]
  Bounds range     [0e+00, 0e+00]
  RHS range        [1e+00, 5e+00]

MIP start from previous solve did not produce a new incumbent solution
MIP start from previous solve violates constraint flow_bal_load[(72,_np.int64(14),_np.int64(1),_1),1] by 1.000000000
Processed MIP start in 1.46 seconds (0.34 work units)

Presolve removed 551740 rows and 734182 columns (presolve time = 5s)...
Presolve removed 555084 rows and 766711 columns (presolve time = 10s)...
Presolve removed 556779 rows and 779021 columns (presolve time = 15s)...
Presolve removed 556830 rows and 779073 columns (presolve time = 20s)...
Presolve removed 556824 rows and 779067 columns
Presolve time: 20.32s
Presolved: 127663 rows, 628213 columns, 1455444 nonzeros
Variable types: 0 continuous, 628213 integer (1933 binary)

Root simplex log...

Iteration    Objective       Primal Inf.    Dual Inf.      Time
       0      handle free variables                         30s
    7906    1.0053040e+03   6.230110e+01   0.000000e+00     35s
   11740    1.4454625e+03   6.468757e+02   0.000000e+00     40s
   15000    1.6886075e+03   1.473504e+02   0.000000e+00     45s
   16730    1.7444795e+03   1.155000e+02   0.000000e+00     50s
   18380    1.7986781e+03   4.900000e+01   0.000000e+00     55s
   19820    1.8318958e+03   1.532853e+02   0.000000e+00     60s
   21290    1.8490904e+03   2.475043e+02   0.000000e+00     65s
   22540    1.8602226e+03   1.720000e+02   0.000000e+00     70s
   23760    1.8972196e+03   1.267956e+02   0.000000e+00     75s
   24990    1.9055685e+03   2.558283e+02   0.000000e+00     80s
   26240    1.9152627e+03   1.784933e+02   0.000000e+00     86s
   27380    1.9236559e+03   3.094561e+02   0.000000e+00     90s
   28390    1.9438058e+03   6.350534e+01   0.000000e+00     95s
   29610    1.9780624e+03   8.133333e+01   0.000000e+00    100s
   30860    2.0713706e+03   2.725000e+02   0.000000e+00    106s
   31820    2.0926138e+03   2.670000e+02   0.000000e+00    110s
   32960    2.1486817e+03   2.193051e+02   0.000000e+00    115s
   33970    2.2655327e+03   2.473021e+02   0.000000e+00    121s
   34760    2.2841060e+03   2.558763e+02   0.000000e+00    126s
   35520    2.2966331e+03   1.228483e+02   0.000000e+00    131s
   36290    2.3112551e+03   1.058661e+02   0.000000e+00    136s
   37000    2.3180370e+03   1.926606e+03   0.000000e+00    140s
   37700    2.3498334e+03   3.113750e+02   0.000000e+00    145s
   38510    2.3626116e+03   2.286115e+02   0.000000e+00    151s
   39010    2.3631277e+03   3.508455e+02   0.000000e+00    155s
   39720    2.3652979e+03   8.569794e+01   0.000000e+00    160s
   40510    2.3732522e+03   6.499162e+01   0.000000e+00    166s
   41130    2.3871747e+03   1.736210e+02   0.000000e+00    170s
   41830    2.3882152e+03   2.097778e+02   0.000000e+00    175s
   42630    2.4074902e+03   1.706528e+02   0.000000e+00    180s
   43440    2.4254516e+03   3.636073e+02   0.000000e+00    186s
   43930    2.4259477e+03   1.931865e+02   0.000000e+00    190s
   44790    2.4327970e+03   1.880085e+02   0.000000e+00    196s
   45640    2.4662987e+03   3.290085e+02   0.000000e+00    200s
   46340    2.4668205e+03   8.402646e+02   0.000000e+00    206s
   47010    2.4737973e+03   8.169756e+02   0.000000e+00    210s
   47800    2.4892194e+03   6.082185e+02   0.000000e+00    216s
   48630    2.4967978e+03   5.507136e+02   0.000000e+00    220s
   49470    2.6362570e+03   1.357913e+02   0.000000e+00    226s
   50130    2.7003464e+03   2.390258e+02   0.000000e+00    230s
   50790    2.7107992e+03   2.379211e+02   0.000000e+00    235s
   51630    2.7322783e+03   1.063132e+02   0.000000e+00    241s
   52370    2.7451824e+03   1.748132e+02   0.000000e+00    245s
   53470    2.8474255e+03   7.981316e+01   0.000000e+00    250s
   54600    2.9499986e+03   1.173132e+02   0.000000e+00    255s
   55510    3.0342519e+03   3.049115e+02   0.000000e+00    260s
   56550    3.1196872e+03   1.629663e+02   0.000000e+00    265s
   57650    4.1678088e+03   2.411597e+02   0.000000e+00    271s
   58420    4.9610222e+03   5.544443e+02   0.000000e+00    275s
   59230    5.0093724e+03   1.963429e+03   0.000000e+00    281s
   59830    5.0252283e+03   2.078975e+02   0.000000e+00    286s
   60410    5.0369285e+03   1.948868e+02   0.000000e+00    291s
   60960    5.0435817e+03   5.850648e+01   0.000000e+00    296s
   61690    5.0670511e+03   5.900000e+01   0.000000e+00    301s
   62680    5.1182173e+03   5.814159e+01   0.000000e+00    306s
   63200    5.1273457e+03   1.150000e+01   0.000000e+00    311s
   63560    5.1278464e+03   2.300000e+01   0.000000e+00    316s
   63783    5.1278464e+03   0.000000e+00   0.000000e+00    320s
   63786    5.1278463e+03   0.000000e+00   0.000000e+00    321s

Extra simplex iterations after uncrush: 3

Root relaxation: objective 5.127846e+03, 63786 iterations, 293.95 seconds (100.56 work units)

    Nodes    |    Current Node    |     Objective Bounds      |     Work
 Expl Unexpl |  Obj  Depth IntInf | Incumbent    BestBd   Gap | It/Node Time

     0     0 5127.84629    0   92          - 5127.84629      -     -  399s
H    0     0                    5542.7294521 5127.84629  7.49%     -  405s
H    0     0                    5149.2636986 5127.84629  0.42%     -  421s

Explored 1 nodes (127210 simplex iterations) in 421.41 seconds (134.91 work units)
Thread count was 2 (of 2 available processors)

Solution count 2: 5149.26 5542.73 

Optimal solution found (tolerance 5.00e-02)
Best objective 5.149263698630e+03, best bound 5.127846288434e+03, gap 0.4159%
Iteration:  8
Size of network:  12734  nodes,  234492  edges
Obj Value:  5149.263698630138
a: {}
n: {5: 5.0, 21: 6.0, 23: 5.0, 26: 4.0, 31: 1.0, 34: 5.0, 36: 5.0, 37: 1.0, 39: 1.0, 40: 1.0, 43: 6.0, 58: 6.0, 67: 1.0, 69: 5.0, 72: 4.0, 76: 2.0, 82: 5.0}
{0: (34.421443, -119.684178), 1: (36.167392, -94.119169), 2: (34.071417, -99.009382), 3: (34.689589, -118.130371), 4: (36.434113, -99.427596), 5: (35.400164, -119.399727), 6: (37.2129649, -93.37103), 7: (30.25011, -93.01142), 8: (36.751521, -96.000152), 9: (35.35468, -94.437379), 10: (38.89357, -94.36045), 11: (33.7885884, -118.2150827), 12: (32.596725, -117.019495), 13: (33.30006, -111.96835), 14: (35.392817, -97.422948), 15: (38.96627, -95.700495), 16: (30.725159, -96.425728), 17: (37.737099, -97.32375), 18: (34.188212, -97.171022), 19: (33.94423, -96.41932), 20: (30.209862, -92.002378), 21: (37.183969, -104.499646), 22: (32.267588, -107.774524), 23: (36.72136, -119.761165), 24: (30.437821, -95.498724), 25: (35.079896, -106.746225), 26: (35.840761, -98.419831), 27: (31.207465, -95.996079), 28: (33.899899, -118.207088), 29: (33.3874378, -110.7609849), 30: (34.02094, -117.385415), 31: (33.603063, -114.598023), 32: (35.189976, -101.706309), 33: (35.853211, -94.989243), 34: (35.004614, -106.032837), 35: (31.151717, -93.265081), 36: (36.706596, -101.443207), 37: (37.069631, -100.905444), 38: (32.62712, -96.74537), 39: (36.075856, -119.043996), 40: (35.65758, -105.993406), 41: (32.181782, -94.334174), 42: (30.330588, -97.701649), 43: (35.01643, -110.675005), 44: (35.25655, -96.671004), 45: (33.3021433, -111.9552863), 46: (36.535661, -97.33916), 47: (32.698465, -97.959695), 48: (33.984094, -106.887526), 49: (32.7658795, -96.8754612), 50: (35.309665, -99.631741), 51: (31.784139, -93.08731), 52: (33.0390751, -117.2841996), 53: (38.164391, -112.278183), 54: (34.4349097, -119.9212861), 55: (31.499498, -97.173412), 56: (33.9541734, -117.5556971), 57: (34.118101, -116.45646), 58: (36.71838, -108.167694), 59: (31.940555, -102.169802), 60: (36.081743, -96.054325), 61: (32.469998, -93.672804), 62: (34.4425082, -119.7812613), 63: (37.648431, -98.094183), 64: (32.448848, -100.439583), 65: (32.627591, -97.314361), 66: (38.54421, -106.92517), 67: (34.886448, -117.079423), 68: (35.9874334, -119.961999), 69: (32.794671, -115.539473), 70: (36.220567, -115.125553), 71: (35.106478, -92.43572), 72: (34.584172, -98.396813), 73: (33.39639, -110.76888), 74: (37.8135094, -119.8800771), 75: (35.87844, -97.392471), 76: (35.490972, -98.967096), 77: (33.8310496, -116.5452277), 78: (32.354553, -95.302495), 79: (37.962455, -100.846437), 80: (32.178328, -110.960207), 81: (38.7747705, -119.9029911), 82: (33.463568, -112.459255), 83: (36.009923, -114.784826), 84: (35.3002628, -119.0381956), 85: (36.249164, -95.333829), 86: (33.6699802, -96.6120405), 87: (38.971499, -92.294316), 88: (32.029056, -93.713243), 89: (33.8722233, -118.2654222), 90: (35.263617, -112.194139), 91: (37.199194, -93.402643), 92: (33.73573, -97.14484), 93: (32.881785, -111.777561), 94: (37.161682, -113.434692), 95: (30.35815, -99.606129), 96: (34.773291, -96.697633), 97: (34.12755, -118.443664), 98: (31.34545, -92.51807), 99: (38.945105, -104.724068), 100: (30.0774, -99.10731)}
x_load_0: {((67, 13, 1, 1), (67, 100, 1, 3), 0): 1.0, ((39, 28, 1, 1), (39, 72, 1, 2), 0): 1.0, ((74, 6, 1, 0), (74, 6, 119, 0), 0): 1.0, ((39, 72, 1, 2), (74, 6, 1, 0), 0): 1.0, ((13, 100, 0, 3), (45, 100, 1, 3), 0): 1.0, ((31, 20, 1, 1), (31, 100, 1, 3), 0): 1.0, ((45, 100, 1, 3), (31, 20, 1, 1), 0): 1.0, ((31, 100, 1, 3), (67, 13, 1, 1), 0): 1.0, ((67, 100, 1, 3), (39, 28, 1, 1), 0): 1.0}
x_ener_0: {((5, 2, 1, 0), (5, 2, 51, 0), 0): 1.0, ((67, 13, 1, 1), (67, 13, 119, 1), 0): 1.0, ((39, 28, 1, 1), (5, 2, 1, 0), 0): 1.0, ((5, 2, 51, 0), (5, 2, 119, 0), 0): 1.0, ((74, 6, 1, 0), (74, 6, 51, 0), 0): 1.0, ((39, 72, 1, 2), (74, 6, 1, 0), 0): 1.0, ((74, 6, 51, 0), (74, 6, 119, 0), 0): 1.0, ((13, 100, 0, 3), (45, 100, 1, 3), 0): 1.0, ((31, 20, 1, 1), (31, 20, 119, 1), 0): 1.0, ((45, 100, 1, 3), (31, 20, 1, 1), 0): 1.0, ((31, 100, 1, 3), (67, 13, 1, 1), 0): 1.0, ((31, 100, 0, 3), (31, 100, 1, 3), 0): 1.0, ((39, 72, 0, 2), (39, 72, 1, 2), 0): 1.0, ((67, 100, 1, 3), (39, 28, 1, 1), 0): 1.0, ((67, 100, 0, 3), (67, 100, 1, 3), 0): 1.0}
(((13, np.int64(100), np.int64(0), 3), (45, 100, 1, 3), 0), ((45, 100, 1, 3), (31, 20, 1, 1), 0), ((31, 20, 1, 1), (31, 100, 1, 3), 0), ((31, 100, 1, 3), (67, 13, 1, 1), 0), ((67, 13, 1, 1), (67, 100, 1, 3), 0), ((67, 100, 1, 3), (39, 28, 1, 1), 0), ((39, 28, 1, 1), (39, 72, 1, 2), 0), ((39, 72, 1, 2), (74, 6, 1, 0), 0), ((74, 6, 1, 0), (74, 6, 119, 0), 0))
New edge added:  ((45, np.int64(100), np.int64(1), 3), (31, np.int64(20), np.int64(11), 1), 0)  Edge removed:  ((45, 100, 1, 3), (31, 20, 1, 1), 0)
x_load_1: {((72, 7, 1, 0), (72, 100, 1, 3), 0): 1.0, ((72, 100, 1, 3), (76, 63, 1, 2), 0): 1.0, ((36, 15, 1, 1), (36, 100, 1, 3), 0): 1.0, ((13, 27, 1, 1), (13, 27, 119, 1), 0): 1.0, ((21, 10, 1, 1), (21, 80, 1, 3), 0): 1.0, ((21, 80, 1, 3), (40, 10, 1, 1), 0): 1.0, ((40, 10, 1, 1), (40, 100, 1, 3), 0): 1.0, ((76, 100, 1, 3), (36, 15, 1, 1), 0): 1.0, ((40, 100, 1, 3), (58, 26, 1, 1), 0): 1.0, ((36, 100, 1, 3), (21, 10, 1, 1), 0): 1.0, ((58, 26, 1, 1), (58, 100, 1, 3), 0): 1.0, ((43, 4, 1, 0), (43, 100, 1, 3), 0): 1.0, ((43, 100, 1, 3), (13, 27, 1, 1), 0): 1.0, ((49, 86, 1, 3), (72, 7, 1, 0), 0): 1.0, ((49, 86, 0, 3), (49, 86, 1, 3), 0): 1.0, ((58, 100, 1, 3), (43, 4, 1, 0), 0): 1.0, ((76, 63, 1, 2), (76, 100, 1, 3), 0): 1.0}
x_ener_1: {((89, 70, 1, 2), (28, 70, 1, 2), 1): 5.0, ((11, 66, 1, 2), (11, 66, 51, 2), 0): 5.0, ((28, 70, 1, 2), (11, 66, 1, 2), 0): 5.0, ((89, 70, 51, 2), (69, 9, 51, 0), 0): 5.0, ((11, 66, 51, 2), (28, 70, 51, 2), 0): 5.0, ((28, 70, 51, 2), (89, 70, 51, 2), 1): 5.0, ((72, 7, 1, 0), (72, 7, 51, 0), 0): 1.0, ((76, 2, 1, 0), (76, 2, 119, 0), 0): 1.0, ((72, 100, 1, 3), (76, 63, 1, 2), 0): 1.0, ((72, 7, 51, 0), (72, 7, 101, 0), 0): 1.0, ((72, 7, 101, 0), (72, 7, 119, 0), 0): 1.0, ((37, 6, 1, 0), (37, 6, 51, 0), 0): 1.0, ((36, 15, 1, 1), (37, 6, 1, 0), 0): 1.0, ((37, 6, 51, 0), (37, 6, 119, 0), 0): 1.0, ((5, 100, 1, 3), (84, 100, 1, 3), 0): 5.0, ((5, 100, 0, 3), (5, 100, 1, 3), 0): 5.0, ((84, 100, 1, 3), (89, 70, 1, 2), 0): 5.0, ((69, 9, 51, 0), (69, 9, 119, 0), 0): 5.0, ((13, 27, 1, 1), (82, 11, 1, 1), 0): 1.0, ((82, 11, 1, 1), (82, 11, 119, 1), 0): 1.0, ((72, 39, 1, 1), (76, 2, 1, 0), 0): 1.0, ((21, 10, 1, 1), (21, 10, 119, 1), 0): 1.0, ((21, 80, 1, 3), (40, 10, 1, 1), 0): 1.0, ((21, 80, 0, 3), (21, 80, 1, 3), 0): 1.0, ((40, 10, 1, 1), (40, 10, 119, 1), 0): 1.0, ((34, 100, 1, 3), (40, 100, 1, 3), 0): 1.0, ((26, 100, 0, 3), (76, 100, 1, 3), 0): 1.0, ((76, 100, 1, 3), (36, 15, 1, 1), 0): 1.0, ((34, 100, 0, 3), (34, 100, 1, 3), 0): 1.0, ((40, 100, 1, 3), (58, 26, 1, 1), 0): 1.0, ((36, 100, 1, 3), (21, 10, 1, 1), 0): 1.0, ((36, 100, 0, 3), (37, 100, 1, 3), 0): 1.0, ((37, 100, 1, 3), (36, 100, 1, 3), 0): 1.0, ((58, 26, 1, 1), (58, 26, 119, 1), 0): 1.0, ((43, 4, 1, 0), (43, 4, 119, 0), 0): 1.0, ((43, 100, 1, 3), (13, 27, 1, 1), 0): 1.0, ((43, 100, 0, 3), (43, 100, 1, 3), 0): 1.0, ((49, 86, 1, 3), (72, 7, 1, 0), 0): 1.0, ((49, 86, 0, 3), (49, 86, 1, 3), 0): 1.0, ((58, 100, 1, 3), (43, 4, 1, 0), 0): 1.0, ((58, 100, 0, 3), (58, 100, 1, 3), 0): 1.0, ((72, 100, 0, 3), (72, 100, 1, 3), 0): 1.0, ((76, 63, 1, 2), (72, 39, 1, 1), 0): 1.0}
(((49, np.int64(86), np.int64(0), 3), (49, 86, 1, 3), 0), ((49, 86, 1, 3), (72, 7, 1, 0), 0), ((72, 7, 1, 0), (72, 100, 1, 3), 0), ((72, 100, 1, 3), (76, 63, 1, 2), 0), ((76, 63, 1, 2), (76, 100, 1, 3), 0), ((76, 100, 1, 3), (36, 15, 1, 1), 0), ((36, 15, 1, 1), (36, 100, 1, 3), 0), ((36, 100, 1, 3), (21, 10, 1, 1), 0), ((21, 10, 1, 1), (21, 80, 1, 3), 0), ((21, 80, 1, 3), (40, 10, 1, 1), 0), ((40, 10, 1, 1), (40, 100, 1, 3), 0), ((40, 100, 1, 3), (58, 26, 1, 1), 0), ((58, 26, 1, 1), (58, 100, 1, 3), 0), ((58, 100, 1, 3), (43, 4, 1, 0), 0), ((43, 4, 1, 0), (43, 100, 1, 3), 0), ((43, 100, 1, 3), (13, 27, 1, 1), 0), ((13, 27, 1, 1), (13, 27, 119, 1), 0))
New edge added:  ((49, np.int64(86), np.int64(1), 3), (72, np.int64(6), np.int64(11), 0), 0)  Edge removed:  ((49, 86, 1, 3), (72, 7, 1, 0), 0)
x_load_2: {((39, 18, 1, 1), (39, 100, 1, 3), 0): 4.0, ((39, 14, 1, 1), (39, 100, 1, 3), 0): 1.0, ((72, 2, 1, 0), (72, 100, 1, 3), 0): 3.0, ((76, 15, 1, 1), (76, 39, 1, 1), 0): 3.0, ((76, 15, 1, 1), (76, 100, 1, 3), 0): 2.0, ((76, 39, 1, 1), (72, 2, 1, 0), 0): 3.0, ((49, 0, 1, 0), (49, 0, 119, 0), 0): 2.0, ((72, 63, 1, 2), (72, 80, 1, 3), 0): 2.0, ((49, 20, 1, 1), (49, 20, 119, 1), 0): 3.0, ((72, 100, 1, 3), (49, 20, 1, 1), 0): 3.0, ((74, 33, 1, 1), (74, 33, 119, 1), 0): 5.0, ((39, 100, 1, 3), (74, 33, 1, 1), 0): 5.0, ((13, 84, 1, 3), (43, 16, 1, 1), 0): 5.0, ((13, 84, 0, 3), (13, 84, 1, 3), 0): 5.0, ((43, 16, 1, 1), (43, 100, 1, 3), 0): 5.0, ((21, 9, 1, 0), (21, 100, 1, 3), 0): 5.0, ((21, 100, 1, 3), (36, 10, 1, 1), 0): 5.0, ((36, 10, 1, 1), (36, 100, 1, 3), 0): 5.0, ((40, 26, 1, 1), (40, 77, 1, 2), 0): 5.0, ((76, 100, 1, 3), (72, 63, 1, 2), 0): 2.0, ((28, 96, 0, 3), (39, 14, 1, 1), 0): 1.0, ((28, 100, 0, 3), (39, 18, 1, 1), 0): 4.0, ((40, 77, 1, 2), (21, 9, 1, 0), 0): 5.0, ((36, 100, 1, 3), (76, 15, 1, 1), 0): 5.0, ((58, 4, 1, 0), (58, 100, 1, 3), 0): 5.0, ((43, 100, 1, 3), (58, 4, 1, 0), 0): 5.0, ((58, 100, 1, 3), (40, 26, 1, 1), 0): 5.0, ((72, 80, 1, 3), (49, 0, 1, 0), 0): 2.0}
x_ener_2: {((23, 6, 1, 0), (23, 6, 51, 0), 0): 5.0, ((39, 18, 1, 1), (5, 0, 1, 0), 0): 4.0, ((39, 14, 1, 1), (39, 14, 119, 1), 0): 1.0, ((23, 6, 51, 0), (23, 6, 119, 0), 0): 5.0, ((72, 2, 1, 0), (72, 2, 51, 0), 0): 3.0, ((76, 15, 1, 1), (26, 2, 1, 0), 0): 4.0, ((76, 15, 1, 1), (76, 15, 119, 1), 0): 1.0, ((76, 39, 1, 1), (72, 2, 1, 0), 0): 3.0, ((49, 0, 1, 0), (49, 0, 51, 0), 0): 2.0, ((72, 63, 1, 2), (76, 39, 1, 1), 0): 3.0, ((49, 20, 1, 1), (49, 20, 119, 1), 0): 3.0, ((72, 100, 1, 3), (49, 20, 1, 1), 0): 3.0, ((72, 2, 51, 0), (72, 2, 101, 0), 0): 3.0, ((49, 0, 51, 0), (49, 0, 119, 0), 0): 2.0, ((72, 2, 101, 0), (72, 2, 119, 0), 0): 3.0, ((26, 2, 1, 0), (26, 2, 51, 0), 0): 4.0, ((26, 2, 51, 0), (26, 2, 119, 0), 0): 4.0, ((74, 33, 1, 1), (23, 6, 1, 0), 0): 5.0, ((39, 100, 1, 3), (74, 33, 1, 1), 0): 5.0, ((68, 100, 1, 3), (39, 100, 1, 3), 0): 5.0, ((5, 0, 1, 0), (5, 0, 119, 0), 0): 4.0, ((13, 84, 1, 3), (43, 16, 1, 1), 0): 5.0, ((43, 16, 1, 1), (43, 16, 51, 1), 0): 5.0, ((13, 0, 51, 0), (13, 0, 101, 0), 0): 1.0, ((45, 0, 51, 0), (13, 0, 51, 0), 1): 1.0, ((82, 4, 51, 0), (82, 4, 119, 0), 0): 4.0, ((43, 16, 51, 1), (43, 16, 101, 1), 0): 5.0, ((13, 0, 101, 0), (13, 0, 119, 0), 0): 1.0, ((43, 16, 101, 1), (43, 16, 119, 1), 0): 5.0, ((21, 9, 1, 0), (21, 9, 51, 0), 0): 5.0, ((21, 100, 1, 3), (36, 10, 1, 1), 0): 5.0, ((21, 100, 0, 3), (21, 100, 1, 3), 0): 5.0, ((34, 9, 1, 0), (34, 9, 51, 0), 0): 5.0, ((36, 10, 1, 1), (36, 10, 51, 1), 0): 5.0, ((21, 9, 51, 0), (21, 9, 101, 0), 0): 5.0, ((34, 9, 51, 0), (34, 9, 119, 0), 0): 5.0, ((36, 10, 51, 1), (36, 10, 101, 1), 0): 5.0, ((21, 9, 101, 0), (21, 9, 119, 0), 0): 5.0, ((36, 10, 101, 1), (36, 10, 119, 1), 0): 5.0, ((23, 100, 0, 3), (68, 100, 1, 3), 0): 5.0, ((25, 100, 1, 3), (34, 100, 1, 3), 0): 4.0, ((40, 26, 1, 1), (34, 9, 1, 0), 0): 5.0, ((34, 100, 1, 3), (40, 77, 1, 2), 0): 5.0, ((26, 100, 1, 3), (76, 100, 1, 3), 0): 3.0, ((26, 100, 0, 3), (26, 100, 1, 3), 0): 3.0, ((76, 100, 1, 3), (72, 63, 1, 2), 0): 3.0, ((28, 96, 0, 3), (39, 14, 1, 1), 0): 1.0, ((28, 100, 0, 3), (39, 18, 1, 1), 0): 4.0, ((31, 80, 51, 3), (45, 0, 51, 0), 0): 1.0, ((34, 100, 0, 3), (25, 100, 1, 3), 0): 4.0, ((40, 77, 1, 2), (21, 9, 1, 0), 0): 5.0, ((36, 100, 1, 3), (76, 15, 1, 1), 0): 5.0, ((36, 100, 0, 3), (36, 100, 1, 3), 0): 4.0, ((37, 100, 1, 3), (36, 100, 1, 3), 0): 1.0, ((37, 100, 0, 3), (37, 100, 1, 3), 0): 1.0, ((58, 4, 1, 0), (58, 4, 119, 0), 0): 5.0, ((40, 100, 0, 3), (34, 100, 1, 3), 0): 1.0, ((43, 100, 1, 3), (58, 4, 1, 0), 0): 5.0, ((43, 100, 0, 3), (43, 100, 1, 3), 0): 5.0, ((58, 100, 1, 3), (40, 26, 1, 1), 0): 5.0, ((58, 100, 0, 3), (58, 100, 1, 3), 0): 5.0, ((69, 100, 1, 3), (69, 100, 51, 3), 0): 5.0, ((69, 100, 0, 3), (69, 100, 1, 3), 0): 5.0, ((69, 100, 51, 3), (31, 80, 51, 3), 0): 1.0, ((69, 100, 51, 3), (82, 4, 51, 0), 0): 4.0, ((72, 80, 1, 3), (49, 0, 1, 0), 0): 2.0, ((72, 100, 0, 3), (72, 100, 1, 3), 0): 3.0, ((76, 100, 0, 3), (72, 80, 1, 3), 0): 2.0, ((82, 100, 0, 3), (13, 84, 1, 3), 0): 5.0}
(((13, np.int64(84), np.int64(0), 3), (13, 84, 1, 3), 0), ((13, 84, 1, 3), (43, 16, 1, 1), 0), ((43, 16, 1, 1), (43, 100, 1, 3), 0), ((43, 100, 1, 3), (58, 4, 1, 0), 0), ((58, 4, 1, 0), (58, 100, 1, 3), 0), ((58, 100, 1, 3), (40, 26, 1, 1), 0), ((40, 26, 1, 1), (40, 77, 1, 2), 0), ((40, 77, 1, 2), (21, 9, 1, 0), 0), ((21, 9, 1, 0), (21, 100, 1, 3), 0), ((21, 100, 1, 3), (36, 10, 1, 1), 0), ((36, 10, 1, 1), (36, 100, 1, 3), 0), ((36, 100, 1, 3), (76, 15, 1, 1), 0), ((76, 15, 1, 1), (76, 100, 1, 3), 0), ((76, 100, 1, 3), (72, 63, 1, 2), 0), ((72, 63, 1, 2), (72, 80, 1, 3), 0), ((72, 80, 1, 3), (49, 0, 1, 0), 0), ((49, 0, 1, 0), (49, 0, 119, 0), 0))
New edge added:  ((13, np.int64(84), np.int64(1), 3), (43, np.int64(11), np.int64(10), 1), 0)  Edge removed:  ((13, 84, 1, 3), (43, 16, 1, 1), 0)
Solution cannot be extended to a feasible solution, updating network...
n[ 5 ] =  5.0
n[ 21 ] =  6.0
n[ 23 ] =  5.0
n[ 26 ] =  4.0
n[ 31 ] =  1.0
n[ 34 ] =  5.0
n[ 36 ] =  5.0
n[ 37 ] =  1.0
n[ 39 ] =  1.0
n[ 40 ] =  1.0
n[ 43 ] =  6.0
n[ 58 ] =  6.0
n[ 67 ] =  1.0
n[ 69 ] =  5.0
n[ 72 ] =  4.0
n[ 76 ] =  2.0
n[ 82 ] =  5.0
'''''''''''''''''
Gurobi Optimizer version 13.0.1 build v13.0.1rc0 (linux64 - "Debian GNU/Linux 12 (bookworm)")

CPU model: Intel(R) Xeon(R) CPU @ 2.20GHz, instruction set [SSE2|AVX|AVX2]
Thread count: 1 physical cores, 2 logical processors, using up to 2 threads

Non-default parameters:
MIPGap  0.05

Academic license 937859 - for non-commercial use only - registered to hp___@cornell.edu
Optimize a model with 684493 rows, 1407298 columns and 3616165 nonzeros (Min)
Model fingerprint: 0x387677b0
Model has 1012288 linear objective coefficients
Variable types: 0 continuous, 1407298 integer (0 binary)
Coefficient statistics:
  Matrix range     [1e+00, 3e+05]
  Objective range  [6e-01, 8e+02]
  Bounds range     [0e+00, 0e+00]
  RHS range        [1e+00, 5e+00]

MIP start from previous solve did not produce a new incumbent solution
MIP start from previous solve violates constraint flow_bal_load[(43,_np.int64(16),_np.int64(1),_1),2] by 5.000000000
Processed MIP start in 1.55 seconds (0.34 work units)

Presolve removed 551750 rows and 734210 columns (presolve time = 5s)...
Presolve removed 555103 rows and 766425 columns (presolve time = 10s)...
Presolve removed 556804 rows and 779057 columns (presolve time = 15s)...
Presolve removed 556855 rows and 779114 columns (presolve time = 20s)...
Presolve removed 556850 rows and 779109 columns
Presolve time: 20.20s
Presolved: 127643 rows, 628189 columns, 1455369 nonzeros
Variable types: 0 continuous, 628189 integer (1933 binary)

Root simplex log...

Iteration    Objective       Primal Inf.    Dual Inf.      Time
       0      handle free variables                         30s
    7650    9.6822833e+02   6.283333e+01   0.000000e+00     35s
   11440    1.2515865e+03   2.520586e+02   0.000000e+00     40s
   14570    1.6870811e+03   2.982848e+02   0.000000e+00     45s
   16720    1.7510309e+03   1.630000e+02   0.000000e+00     50s
   18420    1.8052295e+03   1.505000e+02   0.000000e+00     55s
   19760    1.8129726e+03   1.870000e+02   0.000000e+00     60s
   21150    1.8513088e+03   5.052777e+02   0.000000e+00     65s
   22650    1.9017472e+03   6.455085e+01   0.000000e+00     70s
   23860    1.9047097e+03   4.280217e+02   0.000000e+00     76s
   24730    1.9062823e+03   1.472585e+02   0.000000e+00     80s
   25740    1.9153592e+03   1.806483e+02   0.000000e+00     85s
   26890    1.9332339e+03   1.035241e+02   0.000000e+00     90s
   27960    1.9572065e+03   8.300000e+01   0.000000e+00     95s
   29150    1.9646617e+03   5.700000e+01   0.000000e+00    100s
   30630    2.0648193e+03   7.600000e+01   0.000000e+00    105s
   31810    2.0862610e+03   1.805000e+02   0.000000e+00    110s
   32980    2.1878031e+03   6.343503e+01   0.000000e+00    115s
   34020    2.2676172e+03   1.987500e+02   0.000000e+00    120s
   35010    2.2910540e+03   3.606780e+01   0.000000e+00    125s
   35850    2.3047668e+03   4.689397e+02   0.000000e+00    130s
   36650    2.3342473e+03   3.062429e+02   0.000000e+00    135s
   37400    2.3433000e+03   7.165199e+02   0.000000e+00    141s
   38130    2.3539275e+03   1.886774e+02   0.000000e+00    145s
   38770    2.3629631e+03   1.542378e+02   0.000000e+00    150s
   39450    2.3652320e+03   1.073418e+02   0.000000e+00    156s
   40200    2.3702366e+03   4.429784e+02   0.000000e+00    161s
   40830    2.3891726e+03   1.693422e+02   0.000000e+00    165s
   41690    2.4012498e+03   8.454682e+02   0.000000e+00    170s
   42340    2.4175479e+03   2.026150e+03   0.000000e+00    175s
   43020    2.4370834e+03   1.092858e+03   0.000000e+00    180s
   43890    2.4624601e+03   9.767557e+02   0.000000e+00    186s
   44600    2.5068846e+03   5.629516e+02   0.000000e+00    190s
   45570    2.6323770e+03   1.631763e+03   0.000000e+00    196s
   46350    2.6696645e+03   2.449930e+02   0.000000e+00    201s
   46960    2.6712201e+03   6.778683e+01   0.000000e+00    206s
   47450    2.6717167e+03   1.060023e+02   0.000000e+00    210s
   48010    2.6909736e+03   2.016815e+02   0.000000e+00    216s
   48740    2.7066286e+03   8.368124e+01   0.000000e+00    221s
   49420    2.7135033e+03   6.486916e+01   0.000000e+00    225s
   50810    2.7773019e+03   1.904018e+02   0.000000e+00    231s
   51860    2.8478969e+03   3.387517e+02   0.000000e+00    235s
   53130    3.0221985e+03   4.497653e+02   0.000000e+00    240s
   54080    3.1212101e+03   9.701815e+02   0.000000e+00    245s
   55230    4.1029154e+03   1.086815e+02   0.000000e+00    250s
   56160    4.9291873e+03   5.511449e+02   0.000000e+00    255s
   56770    4.9812694e+03   3.616938e+03   0.000000e+00    260s
   57270    4.9970806e+03   5.074918e+02   0.000000e+00    265s
   57830    5.0340797e+03   2.208500e+02   0.000000e+00    270s
   58200    5.0412558e+03   4.118577e+01   0.000000e+00    275s
   59320    5.0935006e+03   4.950000e+01   0.000000e+00    281s
   59800    5.1215477e+03   9.100000e+01   0.000000e+00    286s
   60340    5.1264132e+03   1.801562e+01   0.000000e+00    291s
   60720    5.1271298e+03   2.201172e+01   0.000000e+00    296s
   61050    5.1278464e+03   2.900000e+01   0.000000e+00    301s
   61065    5.1278463e+03   0.000000e+00   0.000000e+00    302s
   61065    5.1278463e+03   0.000000e+00   0.000000e+00    302s

Root relaxation: objective 5.127846e+03, 61065 iterations, 275.03 seconds (95.00 work units)

    Nodes    |    Current Node    |     Objective Bounds      |     Work
 Expl Unexpl |  Obj  Depth IntInf | Incumbent    BestBd   Gap | It/Node Time

     0     0 5127.84629    0   73          - 5127.84629      -     -  331s
H    0     0                    5542.7294521 5127.84629  7.49%     -  337s
H    0     0                    5258.8527397 5127.84629  2.49%     -  346s

Explored 1 nodes (114328 simplex iterations) in 346.46 seconds (116.07 work units)
Thread count was 2 (of 2 available processors)

Solution count 2: 5258.85 5542.73 

Optimal solution found (tolerance 5.00e-02)
Best objective 5.258852739726e+03, best bound 5.127846288434e+03, gap 2.4912%
Iteration:  9
Size of network:  12734  nodes,  234492  edges
Obj Value:  5258.852739726028
a: {}
n: {2: 1.0, 5: 5.0, 13: 5.0, 21: 6.0, 23: 5.0, 28: 4.0, 31: 1.0, 34: 5.0, 36: 6.0, 39: 1.0, 40: 1.0, 43: 6.0, 50: 1.0, 57: 4.0, 58: 6.0, 67: 1.0, 69: 5.0, 72: 3.0, 76: 5.0}
{0: (34.421443, -119.684178), 1: (36.167392, -94.119169), 2: (34.071417, -99.009382), 3: (34.689589, -118.130371), 4: (36.434113, -99.427596), 5: (35.400164, -119.399727), 6: (37.2129649, -93.37103), 7: (30.25011, -93.01142), 8: (36.751521, -96.000152), 9: (35.35468, -94.437379), 10: (38.89357, -94.36045), 11: (33.7885884, -118.2150827), 12: (32.596725, -117.019495), 13: (33.30006, -111.96835), 14: (35.392817, -97.422948), 15: (38.96627, -95.700495), 16: (30.725159, -96.425728), 17: (37.737099, -97.32375), 18: (34.188212, -97.171022), 19: (33.94423, -96.41932), 20: (30.209862, -92.002378), 21: (37.183969, -104.499646), 22: (32.267588, -107.774524), 23: (36.72136, -119.761165), 24: (30.437821, -95.498724), 25: (35.079896, -106.746225), 26: (35.840761, -98.419831), 27: (31.207465, -95.996079), 28: (33.899899, -118.207088), 29: (33.3874378, -110.7609849), 30: (34.02094, -117.385415), 31: (33.603063, -114.598023), 32: (35.189976, -101.706309), 33: (35.853211, -94.989243), 34: (35.004614, -106.032837), 35: (31.151717, -93.265081), 36: (36.706596, -101.443207), 37: (37.069631, -100.905444), 38: (32.62712, -96.74537), 39: (36.075856, -119.043996), 40: (35.65758, -105.993406), 41: (32.181782, -94.334174), 42: (30.330588, -97.701649), 43: (35.01643, -110.675005), 44: (35.25655, -96.671004), 45: (33.3021433, -111.9552863), 46: (36.535661, -97.33916), 47: (32.698465, -97.959695), 48: (33.984094, -106.887526), 49: (32.7658795, -96.8754612), 50: (35.309665, -99.631741), 51: (31.784139, -93.08731), 52: (33.0390751, -117.2841996), 53: (38.164391, -112.278183), 54: (34.4349097, -119.9212861), 55: (31.499498, -97.173412), 56: (33.9541734, -117.5556971), 57: (34.118101, -116.45646), 58: (36.71838, -108.167694), 59: (31.940555, -102.169802), 60: (36.081743, -96.054325), 61: (32.469998, -93.672804), 62: (34.4425082, -119.7812613), 63: (37.648431, -98.094183), 64: (32.448848, -100.439583), 65: (32.627591, -97.314361), 66: (38.54421, -106.92517), 67: (34.886448, -117.079423), 68: (35.9874334, -119.961999), 69: (32.794671, -115.539473), 70: (36.220567, -115.125553), 71: (35.106478, -92.43572), 72: (34.584172, -98.396813), 73: (33.39639, -110.76888), 74: (37.8135094, -119.8800771), 75: (35.87844, -97.392471), 76: (35.490972, -98.967096), 77: (33.8310496, -116.5452277), 78: (32.354553, -95.302495), 79: (37.962455, -100.846437), 80: (32.178328, -110.960207), 81: (38.7747705, -119.9029911), 82: (33.463568, -112.459255), 83: (36.009923, -114.784826), 84: (35.3002628, -119.0381956), 85: (36.249164, -95.333829), 86: (33.6699802, -96.6120405), 87: (38.971499, -92.294316), 88: (32.029056, -93.713243), 89: (33.8722233, -118.2654222), 90: (35.263617, -112.194139), 91: (37.199194, -93.402643), 92: (33.73573, -97.14484), 93: (32.881785, -111.777561), 94: (37.161682, -113.434692), 95: (30.35815, -99.606129), 96: (34.773291, -96.697633), 97: (34.12755, -118.443664), 98: (31.34545, -92.51807), 99: (38.945105, -104.724068), 100: (30.0774, -99.10731)}
x_load_0: {((67, 8, 1, 0), (67, 100, 1, 3), 0): 1.0, ((39, 28, 1, 1), (39, 72, 1, 2), 0): 1.0, ((57, 41, 1, 2), (67, 8, 1, 0), 0): 1.0, ((74, 6, 1, 0), (74, 6, 119, 0), 0): 1.0, ((39, 72, 1, 2), (74, 6, 1, 0), 0): 1.0, ((31, 6, 1, 0), (31, 100, 1, 3), 0): 1.0, ((13, 84, 0, 3), (45, 84, 1, 3), 0): 1.0, ((82, 71, 1, 2), (31, 6, 1, 0), 0): 1.0, ((45, 84, 1, 3), (82, 71, 1, 2), 0): 1.0, ((31, 100, 1, 3), (57, 41, 1, 2), 0): 1.0, ((67, 100, 1, 3), (39, 28, 1, 1), 0): 1.0}
x_ener_0: {((67, 8, 1, 0), (67, 8, 119, 0), 0): 1.0, ((89, 70, 51, 2), (28, 70, 51, 2), 1): 3.0, ((28, 70, 51, 2), (77, 39, 51, 1), 0): 3.0, ((5, 2, 1, 0), (5, 2, 119, 0), 0): 1.0, ((39, 28, 1, 1), (5, 2, 1, 0), 0): 1.0, ((57, 41, 1, 2), (67, 8, 1, 0), 0): 1.0, ((77, 39, 51, 1), (69, 6, 51, 0), 0): 3.0, ((5, 100, 1, 3), (5, 100, 51, 3), 0): 3.0, ((74, 6, 1, 0), (74, 6, 51, 0), 0): 1.0, ((39, 72, 1, 2), (74, 6, 1, 0), 0): 1.0, ((5, 100, 0, 3), (84, 100, 1, 3), 0): 3.0, ((84, 100, 1, 3), (5, 100, 1, 3), 0): 3.0, ((5, 100, 51, 3), (84, 100, 51, 3), 0): 3.0, ((74, 6, 51, 0), (74, 6, 119, 0), 0): 1.0, ((84, 100, 51, 3), (89, 70, 51, 2), 0): 3.0, ((69, 6, 51, 0), (69, 6, 101, 0), 0): 3.0, ((69, 6, 101, 0), (69, 6, 119, 0), 0): 3.0, ((31, 6, 1, 0), (31, 6, 51, 0), 0): 1.0, ((31, 6, 51, 0), (31, 6, 119, 0), 0): 1.0, ((31, 59, 51, 2), (31, 59, 101, 2), 0): 2.0, ((31, 59, 101, 2), (45, 4, 101, 0), 0): 3.0, ((13, 84, 0, 3), (45, 84, 1, 3), 0): 1.0, ((82, 71, 1, 2), (31, 6, 1, 0), 0): 1.0, ((45, 84, 1, 3), (82, 71, 1, 2), 0): 1.0, ((13, 4, 101, 0), (13, 4, 119, 0), 0): 3.0, ((45, 4, 101, 0), (13, 4, 101, 0), 1): 3.0, ((31, 100, 1, 3), (57, 41, 1, 2), 0): 1.0, ((31, 100, 0, 3), (31, 100, 1, 3), 0): 1.0, ((39, 72, 0, 2), (39, 72, 1, 2), 0): 1.0, ((67, 100, 1, 3), (39, 28, 1, 1), 0): 1.0, ((67, 100, 0, 3), (67, 100, 1, 3), 0): 1.0, ((69, 100, 1, 3), (69, 100, 51, 3), 0): 3.0, ((69, 100, 0, 3), (69, 100, 1, 3), 0): 3.0, ((69, 100, 51, 3), (31, 59, 51, 2), 0): 2.0, ((69, 100, 51, 3), (69, 100, 101, 3), 0): 1.0, ((69, 100, 101, 3), (31, 59, 101, 2), 0): 1.0}
(((13, np.int64(84), np.int64(0), 3), (45, 84, 1, 3), 0), ((45, 84, 1, 3), (82, 71, 1, 2), 0), ((82, 71, 1, 2), (31, 6, 1, 0), 0), ((31, 6, 1, 0), (31, 100, 1, 3), 0), ((31, 100, 1, 3), (57, 41, 1, 2), 0), ((57, 41, 1, 2), (67, 8, 1, 0), 0), ((67, 8, 1, 0), (67, 100, 1, 3), 0), ((67, 100, 1, 3), (39, 28, 1, 1), 0), ((39, 28, 1, 1), (39, 72, 1, 2), 0), ((39, 72, 1, 2), (74, 6, 1, 0), 0), ((74, 6, 1, 0), (74, 6, 119, 0), 0))
New edge added:  ((45, np.int64(84), np.int64(1), 3), (82, np.int64(68), np.int64(3), 2), 0)  Edge removed:  ((45, 84, 1, 3), (82, 71, 1, 2), 0)
x_load_1: {((72, 20, 1, 1), (72, 39, 1, 1), 0): 1.0, ((76, 2, 1, 0), (76, 100, 1, 3), 0): 1.0, ((36, 15, 1, 1), (36, 100, 1, 3), 0): 1.0, ((13, 27, 1, 1), (13, 27, 119, 1), 0): 1.0, ((72, 39, 1, 1), (76, 2, 1, 0), 0): 1.0, ((21, 10, 1, 1), (21, 100, 1, 3), 0): 1.0, ((21, 100, 1, 3), (40, 30, 1, 1), 0): 1.0, ((40, 30, 1, 1), (40, 77, 1, 2), 0): 1.0, ((76, 100, 1, 3), (36, 15, 1, 1), 0): 1.0, ((40, 77, 1, 2), (58, 4, 1, 0), 0): 1.0, ((36, 100, 1, 3), (21, 10, 1, 1), 0): 1.0, ((49, 100, 1, 3), (72, 20, 1, 1), 0): 1.0, ((58, 4, 1, 0), (58, 100, 1, 3), 0): 1.0, ((43, 4, 1, 0), (43, 100, 1, 3), 0): 1.0, ((43, 100, 1, 3), (13, 27, 1, 1), 0): 1.0, ((49, 100, 0, 3), (49, 100, 1, 3), 0): 1.0, ((58, 100, 1, 3), (43, 4, 1, 0), 0): 1.0}
x_ener_1: {((89, 7, 51, 0), (28, 6, 51, 0), 1): 2.0, ((28, 6, 51, 0), (28, 6, 119, 0), 0): 2.0, ((11, 5, 51, 0), (89, 7, 51, 0), 1): 2.0, ((56, 59, 51, 2), (30, 54, 51, 2), 0): 2.0, ((2, 2, 1, 0), (2, 2, 51, 0), 0): 1.0, ((76, 2, 1, 0), (76, 2, 119, 0), 0): 1.0, ((72, 100, 1, 3), (76, 63, 1, 2), 0): 1.0, ((2, 2, 51, 0), (2, 2, 101, 0), 0): 1.0, ((2, 2, 101, 0), (2, 2, 119, 0), 0): 1.0, ((56, 24, 51, 1), (11, 5, 51, 0), 0): 2.0, ((89, 37, 51, 1), (56, 24, 51, 1), 0): 2.0, ((36, 15, 1, 1), (36, 15, 119, 1), 0): 1.0, ((30, 54, 51, 2), (89, 37, 51, 1), 0): 2.0, ((52, 80, 51, 3), (56, 59, 51, 2), 0): 2.0, ((12, 80, 51, 3), (52, 80, 51, 3), 0): 2.0, ((13, 27, 1, 1), (45, 27, 1, 1), 1): 1.0, ((45, 0, 1, 0), (13, 0, 1, 0), 1): 1.0, ((45, 27, 1, 1), (82, 11, 1, 1), 0): 1.0, ((82, 11, 1, 1), (45, 0, 1, 0), 0): 1.0, ((13, 0, 1, 0), (13, 0, 119, 0), 0): 1.0, ((72, 39, 1, 1), (76, 2, 1, 0), 0): 1.0, ((21, 10, 1, 1), (21, 10, 119, 1), 0): 1.0, ((21, 100, 1, 3), (40, 30, 1, 1), 0): 1.0, ((21, 100, 0, 3), (21, 100, 1, 3), 0): 1.0, ((34, 9, 1, 0), (34, 9, 51, 0), 0): 1.0, ((40, 30, 1, 1), (34, 9, 1, 0), 0): 1.0, ((34, 9, 51, 0), (34, 9, 119, 0), 0): 1.0, ((34, 100, 1, 3), (40, 77, 1, 2), 0): 1.0, ((76, 100, 1, 3), (36, 15, 1, 1), 0): 1.0, ((40, 77, 1, 2), (58, 4, 1, 0), 0): 1.0, ((40, 100, 1, 3), (34, 100, 1, 3), 0): 1.0, ((36, 100, 1, 3), (21, 10, 1, 1), 0): 1.0, ((36, 100, 0, 3), (36, 100, 1, 3), 0): 1.0, ((49, 100, 1, 3), (72, 20, 1, 1), 0): 1.0, ((58, 4, 1, 0), (58, 4, 51, 0), 0): 1.0, ((40, 100, 0, 3), (40, 100, 1, 3), 0): 1.0, ((58, 4, 51, 0), (58, 4, 101, 0), 0): 1.0, ((58, 4, 101, 0), (58, 4, 119, 0), 0): 1.0, ((43, 4, 1, 0), (43, 4, 119, 0), 0): 1.0, ((43, 100, 1, 3), (13, 27, 1, 1), 0): 1.0, ((43, 100, 0, 3), (43, 100, 1, 3), 0): 1.0, ((49, 100, 0, 3), (49, 100, 1, 3), 0): 1.0, ((50, 100, 1, 3), (76, 100, 1, 3), 0): 1.0, ((58, 100, 1, 3), (43, 4, 1, 0), 0): 1.0, ((58, 100, 0, 3), (58, 100, 1, 3), 0): 1.0, ((69, 100, 1, 3), (69, 100, 51, 3), 0): 2.0, ((69, 100, 0, 3), (69, 100, 1, 3), 0): 2.0, ((69, 100, 51, 3), (12, 80, 51, 3), 0): 2.0, ((72, 100, 0, 3), (72, 100, 1, 3), 0): 1.0, ((76, 63, 1, 2), (72, 39, 1, 1), 0): 1.0, ((76, 100, 0, 3), (50, 100, 1, 3), 0): 1.0, ((72, 20, 10, 1), (2, 2, 1, 0), 0): 1.0, ((72, 20, 1, 1), (72, 20, 10, 1), 0): 1.0}
(((49, np.int64(100), np.int64(0), 3), (49, 100, 1, 3), 0), ((49, 100, 1, 3), (72, 20, 1, 1), 0), ((72, 20, 1, 1), (72, 39, 1, 1), 0), ((72, 39, 1, 1), (76, 2, 1, 0), 0), ((76, 2, 1, 0), (76, 100, 1, 3), 0), ((76, 100, 1, 3), (36, 15, 1, 1), 0), ((36, 15, 1, 1), (36, 100, 1, 3), 0), ((36, 100, 1, 3), (21, 10, 1, 1), 0), ((21, 10, 1, 1), (21, 100, 1, 3), 0), ((21, 100, 1, 3), (40, 30, 1, 1), 0), ((40, 30, 1, 1), (40, 77, 1, 2), 0), ((40, 77, 1, 2), (58, 4, 1, 0), 0), ((58, 4, 1, 0), (58, 100, 1, 3), 0), ((58, 100, 1, 3), (43, 4, 1, 0), 0), ((43, 4, 1, 0), (43, 100, 1, 3), 0), ((43, 100, 1, 3), (13, 27, 1, 1), 0), ((13, 27, 1, 1), (13, 27, 119, 1), 0))
New edge added:  ((49, np.int64(100), np.int64(1), 3), (72, np.int64(20), np.int64(11), 1), 0)  Edge removed:  ((49, 100, 1, 3), (72, 20, 1, 1), 0)
x_load_2: {((39, 8, 1, 0), (39, 100, 1, 3), 0): 1.0, ((39, 18, 1, 1), (39, 100, 1, 3), 0): 4.0, ((72, 2, 1, 0), (72, 100, 1, 3), 0): 3.0, ((76, 15, 1, 1), (76, 39, 1, 1), 0): 3.0, ((76, 15, 1, 1), (76, 100, 1, 3), 0): 2.0, ((76, 39, 1, 1), (72, 2, 1, 0), 0): 3.0, ((49, 0, 1, 0), (49, 0, 119, 0), 0): 2.0, ((72, 63, 1, 2), (72, 80, 1, 3), 0): 2.0, ((49, 20, 1, 1), (49, 20, 119, 1), 0): 3.0, ((72, 100, 1, 3), (49, 20, 1, 1), 0): 3.0, ((74, 33, 1, 1), (74, 33, 119, 1), 0): 5.0, ((39, 100, 1, 3), (74, 33, 1, 1), 0): 5.0, ((13, 100, 0, 3), (45, 100, 1, 3), 0): 5.0, ((43, 27, 1, 1), (43, 100, 1, 3), 0): 5.0, ((45, 100, 1, 3), (43, 27, 1, 1), 0): 5.0, ((21, 9, 1, 0), (21, 100, 1, 3), 0): 5.0, ((21, 100, 1, 3), (36, 10, 1, 1), 0): 5.0, ((36, 10, 1, 1), (36, 100, 1, 3), 0): 5.0, ((40, 26, 1, 1), (40, 77, 1, 2), 0): 5.0, ((76, 100, 1, 3), (72, 63, 1, 2), 0): 2.0, ((28, 90, 0, 3), (39, 8, 1, 0), 0): 1.0, ((28, 100, 0, 3), (39, 18, 1, 1), 0): 4.0, ((40, 77, 1, 2), (21, 9, 1, 0), 0): 5.0, ((36, 100, 1, 3), (76, 15, 1, 1), 0): 5.0, ((58, 4, 1, 0), (58, 100, 1, 3), 0): 5.0, ((43, 100, 1, 3), (58, 4, 1, 0), 0): 5.0, ((58, 100, 1, 3), (40, 26, 1, 1), 0): 5.0, ((72, 80, 1, 3), (49, 0, 1, 0), 0): 2.0}
x_ener_2: {((39, 8, 1, 0), (39, 8, 119, 0), 0): 1.0, ((23, 6, 1, 0), (23, 6, 51, 0), 0): 5.0, ((39, 18, 1, 1), (5, 0, 1, 0), 0): 4.0, ((89, 70, 1, 2), (11, 68, 1, 2), 1): 2.0, ((11, 66, 1, 2), (69, 6, 1, 0), 0): 2.0, ((28, 70, 1, 2), (11, 66, 1, 2), 0): 2.0, ((97, 62, 1, 2), (30, 40, 1, 2), 0): 4.0, ((28, 6, 51, 0), (28, 6, 119, 0), 0): 2.0, ((23, 6, 51, 0), (23, 6, 119, 0), 0): 5.0, ((77, 9, 101, 0), (57, 3, 101, 0), 0): 4.0, ((57, 3, 101, 0), (57, 3, 119, 0), 0): 4.0, ((2, 100, 1, 3), (72, 100, 1, 3), 0): 1.0, ((72, 2, 1, 0), (72, 2, 119, 0), 0): 3.0, ((76, 15, 1, 1), (76, 15, 51, 1), 0): 5.0, ((76, 39, 1, 1), (72, 2, 1, 0), 0): 3.0, ((49, 0, 1, 0), (49, 0, 119, 0), 0): 2.0, ((72, 63, 1, 2), (76, 39, 1, 1), 0): 3.0, ((2, 100, 0, 3), (2, 100, 1, 3), 0): 1.0, ((49, 20, 1, 1), (49, 20, 51, 1), 0): 3.0, ((72, 100, 1, 3), (49, 20, 1, 1), 0): 3.0, ((76, 15, 51, 1), (76, 15, 101, 1), 0): 5.0, ((38, 14, 51, 1), (38, 14, 101, 1), 0): 3.0, ((49, 20, 51, 1), (38, 14, 51, 1), 0): 3.0, ((50, 4, 101, 0), (50, 4, 119, 0), 0): 1.0, ((76, 15, 101, 1), (50, 4, 101, 0), 0): 1.0, ((76, 15, 101, 1), (76, 15, 119, 1), 0): 4.0, ((38, 14, 101, 1), (49, 10, 101, 1), 0): 3.0, ((30, 40, 1, 2), (30, 40, 51, 2), 0): 4.0, ((11, 68, 1, 2), (28, 70, 1, 2), 1): 2.0, ((11, 80, 1, 3), (89, 77, 1, 2), 0): 2.0, ((28, 72, 1, 2), (97, 62, 1, 2), 0): 4.0, ((89, 80, 1, 3), (11, 80, 1, 3), 0): 2.0, ((11, 7, 51, 0), (28, 6, 51, 0), 0): 2.0, ((89, 9, 51, 0), (11, 7, 51, 0), 0): 2.0, ((30, 35, 51, 1), (30, 35, 101, 1), 0): 4.0, ((56, 40, 51, 2), (30, 35, 51, 1), 0): 4.0, ((30, 40, 51, 2), (56, 40, 51, 2), 0): 4.0, ((30, 35, 101, 1), (77, 9, 101, 0), 0): 4.0, ((74, 33, 1, 1), (23, 6, 1, 0), 0): 5.0, ((5, 100, 0, 3), (84, 100, 1, 3), 0): 2.0, ((39, 100, 1, 3), (74, 33, 1, 1), 0): 5.0, ((68, 100, 1, 3), (39, 100, 1, 3), 0): 5.0, ((84, 100, 1, 3), (89, 70, 1, 2), 0): 2.0, ((5, 0, 1, 0), (5, 0, 119, 0), 0): 4.0, ((11, 74, 1, 2), (28, 72, 1, 2), 0): 4.0, ((11, 86, 1, 3), (28, 90, 1, 3), 0): 2.0, ((11, 96, 1, 3), (28, 96, 1, 3), 1): 2.0, ((69, 6, 1, 0), (69, 6, 119, 0), 0): 2.0, ((89, 77, 1, 2), (11, 74, 1, 2), 0): 4.0, ((28, 90, 1, 3), (89, 90, 1, 3), 1): 2.0, ((89, 90, 1, 3), (11, 96, 1, 3), 0): 2.0, ((28, 96, 1, 3), (89, 97, 1, 3), 1): 2.0, ((56, 95, 1, 3), (89, 77, 1, 2), 0): 2.0, ((89, 97, 1, 3), (56, 95, 1, 3), 0): 2.0, ((31, 59, 101, 2), (82, 15, 101, 1), 0): 2.0, ((13, 100, 0, 3), (45, 100, 1, 3), 0): 5.0, ((45, 100, 1, 3), (43, 27, 1, 1), 0): 5.0, ((43, 27, 51, 1), (43, 27, 119, 1), 0): 5.0, ((13, 4, 101, 0), (13, 4, 119, 0), 0): 2.0, ((45, 4, 101, 0), (13, 4, 101, 0), 1): 2.0, ((82, 15, 101, 1), (45, 4, 101, 0), 0): 2.0, ((49, 10, 101, 1), (49, 10, 119, 1), 0): 3.0, ((21, 9, 1, 0), (21, 9, 119, 0), 0): 5.0, ((21, 100, 1, 3), (36, 10, 1, 1), 0): 5.0, ((21, 100, 0, 3), (21, 100, 1, 3), 0): 5.0, ((34, 9, 1, 0), (34, 9, 119, 0), 0): 4.0, ((36, 10, 1, 1), (36, 10, 119, 1), 0): 5.0, ((23, 100, 1, 3), (68, 100, 1, 3), 0): 5.0, ((23, 100, 0, 3), (23, 100, 1, 3), 0): 5.0, ((25, 100, 1, 3), (34, 100, 1, 3), 0): 5.0, ((40, 26, 1, 1), (34, 9, 1, 0), 0): 4.0, ((40, 26, 1, 1), (40, 26, 51, 1), 0): 1.0, ((34, 100, 1, 3), (40, 77, 1, 2), 0): 5.0, ((40, 26, 51, 1), (40, 26, 119, 1), 0): 1.0, ((76, 100, 1, 3), (72, 63, 1, 2), 0): 3.0, ((76, 100, 1, 3), (72, 80, 1, 3), 0): 2.0, ((28, 81, 0, 3), (89, 80, 1, 3), 0): 2.0, ((28, 90, 0, 3), (11, 86, 1, 3), 0): 2.0, ((28, 90, 0, 3), (39, 8, 1, 0), 0): 1.0, ((28, 100, 0, 3), (39, 18, 1, 1), 0): 4.0, ((57, 47, 51, 2), (89, 9, 51, 0), 0): 2.0, ((57, 90, 1, 3), (57, 90, 51, 3), 0): 2.0, ((56, 70, 51, 2), (57, 47, 51, 2), 0): 2.0, ((57, 90, 51, 3), (57, 90, 101, 3), 0): 2.0, ((57, 90, 101, 3), (77, 90, 101, 3), 0): 2.0, ((77, 90, 101, 3), (31, 59, 101, 2), 0): 2.0, ((34, 100, 0, 3), (25, 100, 1, 3), 0): 5.0, ((40, 77, 1, 2), (21, 9, 1, 0), 0): 5.0, ((36, 100, 1, 3), (76, 15, 1, 1), 0): 5.0, ((36, 100, 0, 3), (37, 100, 1, 3), 0): 5.0, ((37, 100, 1, 3), (36, 100, 1, 3), 0): 5.0, ((58, 4, 1, 0), (58, 4, 51, 0), 0): 5.0, ((58, 4, 51, 0), (58, 4, 119, 0), 0): 5.0, ((43, 100, 1, 3), (58, 4, 1, 0), 0): 5.0, ((43, 100, 0, 3), (43, 100, 1, 3), 0): 5.0, ((50, 100, 1, 3), (76, 100, 1, 3), 0): 5.0, ((50, 100, 0, 3), (50, 100, 1, 3), 0): 1.0, ((57, 100, 1, 3), (77, 100, 1, 3), 0): 2.0, ((57, 90, 0, 3), (57, 90, 1, 3), 0): 2.0, ((57, 100, 0, 3), (57, 100, 1, 3), 0): 2.0, ((77, 100, 1, 3), (77, 100, 51, 3), 0): 2.0, ((77, 100, 51, 3), (56, 70, 51, 2), 0): 2.0, ((58, 100, 1, 3), (40, 26, 1, 1), 0): 5.0, ((58, 100, 0, 3), (58, 100, 1, 3), 0): 5.0, ((72, 80, 1, 3), (49, 0, 1, 0), 0): 2.0, ((72, 100, 0, 3), (72, 100, 1, 3), 0): 2.0, ((76, 100, 0, 3), (50, 100, 1, 3), 0): 4.0, ((43, 27, 9, 1), (43, 27, 51, 1), 0): 5.0, ((43, 27, 1, 1), (43, 27, 9, 1), 0): 5.0}
(((13, np.int64(100), np.int64(0), 3), (45, 100, 1, 3), 0), ((45, 100, 1, 3), (43, 27, 1, 1), 0), ((43, 27, 1, 1), (43, 100, 1, 3), 0), ((43, 100, 1, 3), (58, 4, 1, 0), 0), ((58, 4, 1, 0), (58, 100, 1, 3), 0), ((58, 100, 1, 3), (40, 26, 1, 1), 0), ((40, 26, 1, 1), (40, 77, 1, 2), 0), ((40, 77, 1, 2), (21, 9, 1, 0), 0), ((21, 9, 1, 0), (21, 100, 1, 3), 0), ((21, 100, 1, 3), (36, 10, 1, 1), 0), ((36, 10, 1, 1), (36, 100, 1, 3), 0), ((36, 100, 1, 3), (76, 15, 1, 1), 0), ((76, 15, 1, 1), (76, 100, 1, 3), 0), ((76, 100, 1, 3), (72, 63, 1, 2), 0), ((72, 63, 1, 2), (72, 80, 1, 3), 0), ((72, 80, 1, 3), (49, 0, 1, 0), 0), ((49, 0, 1, 0), (49, 0, 119, 0), 0))
New edge added:  ((45, np.int64(100), np.int64(1), 3), (43, np.int64(27), np.int64(10), 1), 0)  Edge removed:  ((45, 100, 1, 3), (43, 27, 1, 1), 0)
Solution cannot be extended to a feasible solution, updating network...
n[ 2 ] =  1.0
n[ 5 ] =  5.0
n[ 13 ] =  5.0
n[ 21 ] =  6.0
n[ 23 ] =  5.0
n[ 28 ] =  4.0
n[ 31 ] =  1.0
n[ 34 ] =  5.0
n[ 36 ] =  6.0
n[ 39 ] =  1.0
n[ 40 ] =  1.0
n[ 43 ] =  6.0
n[ 50 ] =  1.0
n[ 57 ] =  4.0
n[ 58 ] =  6.0
n[ 67 ] =  1.0
n[ 69 ] =  5.0
n[ 72 ] =  3.0
n[ 76 ] =  5.0
'''''''''''''''''
Gurobi Optimizer version 13.0.1 build v13.0.1rc0 (linux64 - "Debian GNU/Linux 12 (bookworm)")

CPU model: Intel(R) Xeon(R) CPU @ 2.20GHz, instruction set [SSE2|AVX|AVX2]
Thread count: 1 physical cores, 2 logical processors, using up to 2 threads

Non-default parameters:
MIPGap  0.05

Academic license 937859 - for non-commercial use only - registered to hp___@cornell.edu
Optimize a model with 685634 rows, 1409368 columns and 3625837 nonzeros (Min)
Model fingerprint: 0x5c11b773
Model has 1013824 linear objective coefficients
Variable types: 0 continuous, 1409368 integer (0 binary)
Coefficient statistics:
  Matrix range     [1e+00, 3e+05]
  Objective range  [6e-01, 8e+02]
  Bounds range     [0e+00, 0e+00]
  RHS range        [1e+00, 5e+00]

MIP start from previous solve did not produce a new incumbent solution
MIP start from previous solve violates constraint flow_bal_load[(82,_np.int64(71),_np.int64(1),_2),0] by 1.000000000
Processed MIP start in 1.67 seconds (0.34 work units)

Presolve removed 548921 rows and 727757 columns (presolve time = 5s)...
Presolve removed 548921 rows and 732103 columns (presolve time = 10s)...
Presolve removed 552850 rows and 736032 columns (presolve time = 15s)...
Presolve removed 554360 rows and 741832 columns (presolve time = 20s)...
Presolve removed 556132 rows and 763263 columns (presolve time = 25s)...
Presolve removed 556214 rows and 769178 columns (presolve time = 30s)...
Presolve removed 557856 rows and 779754 columns (presolve time = 35s)...
Presolve removed 557950 rows and 781132 columns (presolve time = 40s)...
Presolve removed 557960 rows and 781123 columns
Presolve time: 42.00s
Presolved: 127674 rows, 628245 columns, 1455516 nonzeros
Variable types: 0 continuous, 628245 integer (1933 binary)

Root simplex log...

Iteration    Objective       Primal Inf.    Dual Inf.      Time
       0      handle free variables                         52s
    5751    8.5747297e+02   4.958594e+01   0.000000e+00     55s
   10758    1.1697363e+03   1.170000e+02   0.000000e+00     60s
   13970    1.6738099e+03   2.175185e+02   0.000000e+00     65s
   16600    1.7508322e+03   8.550000e+01   0.000000e+00     70s
   18480    1.8056267e+03   1.950000e+02   0.000000e+00     75s
   19990    1.8376181e+03   1.062458e+02   0.000000e+00     80s
   21660    1.8499569e+03   1.715303e+02   0.000000e+00     85s
   23130    1.8932652e+03   1.720000e+02   0.000000e+00     90s
   24720    1.9048264e+03   2.575155e+02   0.000000e+00     95s
   25900    1.9072740e+03   7.700000e+01   0.000000e+00    100s
   27200    1.9260422e+03   1.297373e+02   0.000000e+00    105s
   28330    1.9502134e+03   5.181301e+01   0.000000e+00    110s
   29340    2.0174599e+03   6.055274e+01   0.000000e+00    115s
   30270    2.0248158e+03   1.942500e+02   0.000000e+00    120s
   31330    2.0388124e+03   5.650000e+01   0.000000e+00    125s
   32520    2.0823895e+03   9.200000e+01   0.000000e+00    131s
   33450    2.1014092e+03   2.212205e+02   0.000000e+00    136s
   34250    2.1217787e+03   4.376355e+02   0.000000e+00    141s
   35210    2.1726978e+03   3.626493e+02   0.000000e+00    146s
   36170    2.2929508e+03   2.492197e+02   0.000000e+00    151s
   36960    2.3022632e+03   1.620599e+02   0.000000e+00    156s
   37720    2.3205137e+03   1.907986e+02   0.000000e+00    161s
   38400    2.3375342e+03   6.474687e+02   0.000000e+00    166s
   38680    2.3375342e+03   5.168087e+02   0.000000e+00    170s
   39200    2.3462705e+03   3.188232e+02   0.000000e+00    176s
   39870    2.3518207e+03   2.337153e+02   0.000000e+00    180s
   40550    2.3672039e+03   4.422489e+02   0.000000e+00    185s
   41290    2.3803332e+03   2.971049e+02   0.000000e+00    190s
   41960    2.3813263e+03   1.557528e+02   0.000000e+00    196s
   42850    2.3918898e+03   2.599213e+02   0.000000e+00    200s
   43740    2.4433381e+03   1.389424e+02   0.000000e+00    206s
   44380    2.5035042e+03   1.534250e+02   0.000000e+00    210s
   45310    2.5973535e+03   3.203659e+02   0.000000e+00    215s
   46170    2.6517510e+03   3.651753e+02   0.000000e+00    220s
   47290    2.6651668e+03   1.730740e+02   0.000000e+00    225s
   48170    2.6815452e+03   1.916174e+02   0.000000e+00    231s
   48910    2.6888416e+03   1.521609e+02   0.000000e+00    236s
   49480    2.6980590e+03   1.538897e+02   0.000000e+00    240s
   50210    2.7154306e+03   1.364432e+02   0.000000e+00    246s
   50960    2.7326035e+03   2.600890e+02   0.000000e+00    251s
   51620    2.7654885e+03   1.740126e+02   0.000000e+00    256s
   52560    2.8004340e+03   5.396907e+02   0.000000e+00    260s
   53770    2.9015522e+03   5.044068e+01   0.000000e+00    265s
   54720    3.0215765e+03   2.349876e+02   0.000000e+00    271s
   55380    3.0658704e+03   2.127034e+02   0.000000e+00    275s
   56430    3.9500522e+03   2.735985e+02   0.000000e+00    281s
   57250    4.9414348e+03   3.329824e+02   0.000000e+00    286s
   57820    5.0000980e+03   6.347315e+02   0.000000e+00    291s
   58330    5.0127833e+03   2.932411e+02   0.000000e+00    296s
   58980    5.0375542e+03   3.313507e+02   0.000000e+00    301s
   59790    5.0758889e+03   3.947148e+02   0.000000e+00    306s
   60170    5.0923054e+03   1.775734e+02   0.000000e+00    310s
   60790    5.0945523e+03   7.626140e+01   0.000000e+00    316s
   61440    5.1027254e+03   8.055645e+01   0.000000e+00    321s
   61970    5.1568145e+03   4.150000e+01   0.000000e+00    326s
   62720    5.1726307e+03   1.300000e+01   0.000000e+00    331s
   63090    5.1759322e+03   1.100000e+01   0.000000e+00    336s
   63440    5.1776694e+03   3.986719e+01   0.000000e+00    341s
   63660    5.1782949e+03   7.696416e+00   0.000000e+00    345s
   63916    5.1793071e+03   0.000000e+00   0.000000e+00    349s
   63916    5.1793071e+03   0.000000e+00   0.000000e+00    350s

Root relaxation: objective 5.179307e+03, 63916 iterations, 301.20 seconds (102.02 work units)

    Nodes    |    Current Node    |     Objective Bounds      |     Work
 Expl Unexpl |  Obj  Depth IntInf | Incumbent    BestBd   Gap | It/Node Time

     0     0 5179.30708    0   64          - 5179.30708      -     -  414s
H    0     0                    5338.8595890 5179.30708  2.99%     -  420s

Explored 1 nodes (129581 simplex iterations) in 421.01 seconds (129.78 work units)
Thread count was 2 (of 2 available processors)

Solution count 1: 5338.86 

Optimal solution found (tolerance 5.00e-02)
Best objective 5.338859589041e+03, best bound 5.179307077626e+03, gap 2.9885%
Iteration:  10
Size of network:  12753  nodes,  234834  edges
Obj Value:  5338.859589041096
a: {}
n: {5: 3.0, 13: 3.0, 21: 6.0, 23: 2.0, 25: 1.0, 26: 5.0, 31: 6.0, 34: 5.0, 36: 5.0, 37: 1.0, 39: 1.0, 43: 5.0, 57: 3.0, 58: 6.0, 67: 2.0, 72: 4.0, 76: 1.0, 82: 3.0, 90: 4.0}
{0: (34.421443, -119.684178), 1: (36.167392, -94.119169), 2: (34.071417, -99.009382), 3: (34.689589, -118.130371), 4: (36.434113, -99.427596), 5: (35.400164, -119.399727), 6: (37.2129649, -93.37103), 7: (30.25011, -93.01142), 8: (36.751521, -96.000152), 9: (35.35468, -94.437379), 10: (38.89357, -94.36045), 11: (33.7885884, -118.2150827), 12: (32.596725, -117.019495), 13: (33.30006, -111.96835), 14: (35.392817, -97.422948), 15: (38.96627, -95.700495), 16: (30.725159, -96.425728), 17: (37.737099, -97.32375), 18: (34.188212, -97.171022), 19: (33.94423, -96.41932), 20: (30.209862, -92.002378), 21: (37.183969, -104.499646), 22: (32.267588, -107.774524), 23: (36.72136, -119.761165), 24: (30.437821, -95.498724), 25: (35.079896, -106.746225), 26: (35.840761, -98.419831), 27: (31.207465, -95.996079), 28: (33.899899, -118.207088), 29: (33.3874378, -110.7609849), 30: (34.02094, -117.385415), 31: (33.603063, -114.598023), 32: (35.189976, -101.706309), 33: (35.853211, -94.989243), 34: (35.004614, -106.032837), 35: (31.151717, -93.265081), 36: (36.706596, -101.443207), 37: (37.069631, -100.905444), 38: (32.62712, -96.74537), 39: (36.075856, -119.043996), 40: (35.65758, -105.993406), 41: (32.181782, -94.334174), 42: (30.330588, -97.701649), 43: (35.01643, -110.675005), 44: (35.25655, -96.671004), 45: (33.3021433, -111.9552863), 46: (36.535661, -97.33916), 47: (32.698465, -97.959695), 48: (33.984094, -106.887526), 49: (32.7658795, -96.8754612), 50: (35.309665, -99.631741), 51: (31.784139, -93.08731), 52: (33.0390751, -117.2841996), 53: (38.164391, -112.278183), 54: (34.4349097, -119.9212861), 55: (31.499498, -97.173412), 56: (33.9541734, -117.5556971), 57: (34.118101, -116.45646), 58: (36.71838, -108.167694), 59: (31.940555, -102.169802), 60: (36.081743, -96.054325), 61: (32.469998, -93.672804), 62: (34.4425082, -119.7812613), 63: (37.648431, -98.094183), 64: (32.448848, -100.439583), 65: (32.627591, -97.314361), 66: (38.54421, -106.92517), 67: (34.886448, -117.079423), 68: (35.9874334, -119.961999), 69: (32.794671, -115.539473), 70: (36.220567, -115.125553), 71: (35.106478, -92.43572), 72: (34.584172, -98.396813), 73: (33.39639, -110.76888), 74: (37.8135094, -119.8800771), 75: (35.87844, -97.392471), 76: (35.490972, -98.967096), 77: (33.8310496, -116.5452277), 78: (32.354553, -95.302495), 79: (37.962455, -100.846437), 80: (32.178328, -110.960207), 81: (38.7747705, -119.9029911), 82: (33.463568, -112.459255), 83: (36.009923, -114.784826), 84: (35.3002628, -119.0381956), 85: (36.249164, -95.333829), 86: (33.6699802, -96.6120405), 87: (38.971499, -92.294316), 88: (32.029056, -93.713243), 89: (33.8722233, -118.2654222), 90: (35.263617, -112.194139), 91: (37.199194, -93.402643), 92: (33.73573, -97.14484), 93: (32.881785, -111.777561), 94: (37.161682, -113.434692), 95: (30.35815, -99.606129), 96: (34.773291, -96.697633), 97: (34.12755, -118.443664), 98: (31.34545, -92.51807), 99: (38.945105, -104.724068), 100: (30.0774, -99.10731)}
x_load_0: {((67, 13, 1, 1), (67, 100, 1, 3), 0): 1.0, ((39, 28, 1, 1), (39, 100, 1, 3), 0): 1.0, ((74, 33, 1, 1), (74, 33, 119, 1), 0): 1.0, ((39, 100, 1, 3), (74, 33, 1, 1), 0): 1.0, ((13, 100, 1, 3), (31, 20, 1, 1), 0): 1.0, ((13, 80, 0, 3), (13, 100, 1, 3), 0): 1.0, ((31, 20, 1, 1), (31, 100, 1, 3), 0): 1.0, ((31, 100, 1, 3), (67, 13, 1, 1), 0): 1.0, ((67, 100, 1, 3), (39, 28, 1, 1), 0): 1.0}
x_ener_0: {((84, 9, 1, 0), (5, 2, 1, 0), 0): 2.0, ((23, 6, 101, 0), (23, 6, 119, 0), 0): 1.0, ((5, 2, 1, 0), (5, 2, 119, 0), 0): 2.0, ((67, 13, 1, 1), (67, 13, 51, 1), 0): 2.0, ((39, 28, 1, 1), (84, 9, 1, 0), 0): 2.0, ((67, 13, 51, 1), (67, 13, 119, 1), 0): 2.0, ((74, 33, 1, 1), (74, 33, 51, 1), 0): 1.0, ((39, 100, 1, 3), (74, 33, 1, 1), 0): 1.0, ((68, 100, 1, 3), (39, 100, 1, 3), 0): 1.0, ((74, 33, 51, 1), (74, 33, 101, 1), 0): 1.0, ((74, 33, 101, 1), (23, 6, 101, 0), 0): 1.0, ((13, 100, 1, 3), (31, 20, 1, 1), 0): 3.0, ((31, 20, 1, 1), (31, 20, 119, 1), 0): 3.0, ((23, 100, 0, 3), (68, 100, 1, 3), 0): 1.0, ((31, 100, 1, 3), (67, 13, 1, 1), 0): 2.0, ((31, 100, 0, 3), (31, 100, 1, 3), 0): 2.0, ((67, 100, 1, 3), (39, 28, 1, 1), 0): 2.0, ((67, 100, 0, 3), (67, 100, 1, 3), 0): 2.0, ((82, 100, 0, 3), (13, 100, 1, 3), 0): 3.0}
(((13, np.int64(80), np.int64(0), 3), (13, 100, 1, 3), 0), ((13, 100, 1, 3), (31, 20, 1, 1), 0), ((31, 20, 1, 1), (31, 100, 1, 3), 0), ((31, 100, 1, 3), (67, 13, 1, 1), 0), ((67, 13, 1, 1), (67, 100, 1, 3), 0), ((67, 100, 1, 3), (39, 28, 1, 1), 0), ((39, 28, 1, 1), (39, 100, 1, 3), 0), ((39, 100, 1, 3), (74, 33, 1, 1), 0), ((74, 33, 1, 1), (74, 33, 119, 1), 0))
New edge added:  ((13, np.int64(100), np.int64(1), 3), (31, np.int64(20), np.int64(11), 1), 0)  Edge removed:  ((13, 100, 1, 3), (31, 20, 1, 1), 0)
x_load_1: {((72, 10, 1, 1), (72, 100, 1, 3), 0): 1.0, ((72, 100, 1, 3), (76, 63, 1, 2), 0): 1.0, ((36, 15, 1, 1), (36, 100, 1, 3), 0): 1.0, ((13, 7, 1, 0), (13, 7, 119, 0), 0): 1.0, ((92, 58, 1, 2), (72, 10, 1, 1), 0): 1.0, ((21, 10, 1, 1), (21, 100, 1, 3), 0): 1.0, ((21, 100, 1, 3), (40, 30, 1, 1), 0): 1.0, ((40, 30, 1, 1), (40, 100, 1, 3), 0): 1.0, ((76, 100, 1, 3), (36, 15, 1, 1), 0): 1.0, ((43, 80, 1, 3), (13, 7, 1, 0), 0): 1.0, ((40, 100, 1, 3), (58, 26, 1, 1), 0): 1.0, ((36, 100, 1, 3), (21, 10, 1, 1), 0): 1.0, ((58, 26, 1, 1), (58, 100, 1, 3), 0): 1.0, ((43, 4, 1, 0), (43, 80, 1, 3), 0): 1.0, ((49, 94, 0, 3), (92, 58, 1, 2), 0): 1.0, ((58, 100, 1, 3), (43, 4, 1, 0), 0): 1.0, ((76, 63, 1, 2), (76, 100, 1, 3), 0): 1.0}
x_ener_1: {((2, 100, 1, 3), (72, 100, 1, 3), 0): 1.0, ((72, 10, 1, 1), (72, 10, 119, 1), 0): 1.0, ((76, 2, 1, 0), (76, 2, 51, 0), 0): 1.0, ((72, 100, 1, 3), (76, 63, 1, 2), 0): 1.0, ((76, 2, 51, 0), (76, 2, 101, 0), 0): 1.0, ((76, 2, 101, 0), (76, 2, 119, 0), 0): 1.0, ((37, 6, 1, 0), (37, 6, 119, 0), 0): 1.0, ((36, 15, 1, 1), (37, 6, 1, 0), 0): 1.0, ((13, 7, 1, 0), (13, 7, 51, 0), 0): 1.0, ((13, 7, 51, 0), (13, 7, 119, 0), 0): 1.0, ((72, 39, 1, 1), (76, 2, 1, 0), 0): 1.0, ((92, 58, 1, 2), (72, 10, 1, 1), 0): 1.0, ((21, 10, 1, 1), (21, 10, 51, 1), 0): 1.0, ((21, 100, 1, 3), (40, 30, 1, 1), 0): 1.0, ((21, 100, 0, 3), (21, 100, 1, 3), 0): 1.0, ((40, 30, 1, 1), (40, 30, 51, 1), 0): 1.0, ((21, 10, 51, 1), (21, 10, 101, 1), 0): 1.0, ((40, 30, 51, 1), (25, 0, 51, 0), 0): 1.0, ((21, 10, 101, 1), (21, 10, 119, 1), 0): 1.0, ((25, 100, 1, 3), (34, 100, 1, 3), 0): 1.0, ((25, 100, 0, 3), (25, 100, 1, 3), 0): 1.0, ((34, 100, 1, 3), (40, 100, 1, 3), 0): 1.0, ((25, 0, 51, 0), (25, 0, 119, 0), 0): 1.0, ((26, 100, 1, 3), (76, 100, 1, 3), 0): 1.0, ((76, 100, 1, 3), (36, 15, 1, 1), 0): 1.0, ((43, 80, 1, 3), (13, 7, 1, 0), 0): 1.0, ((40, 100, 1, 3), (58, 26, 1, 1), 0): 1.0, ((36, 100, 1, 3), (21, 10, 1, 1), 0): 1.0, ((36, 100, 0, 3), (37, 100, 1, 3), 0): 1.0, ((37, 100, 1, 3), (36, 100, 1, 3), 0): 1.0, ((58, 26, 1, 1), (58, 26, 51, 1), 0): 1.0, ((58, 26, 51, 1), (58, 26, 119, 1), 0): 1.0, ((43, 4, 1, 0), (43, 4, 51, 0), 0): 1.0, ((43, 4, 51, 0), (43, 4, 119, 0), 0): 1.0, ((49, 94, 0, 3), (92, 58, 1, 2), 0): 1.0, ((58, 100, 1, 3), (43, 4, 1, 0), 0): 1.0, ((58, 100, 0, 3), (58, 100, 1, 3), 0): 1.0, ((72, 100, 0, 3), (2, 100, 1, 3), 0): 1.0, ((76, 63, 1, 2), (72, 39, 1, 1), 0): 1.0, ((76, 100, 0, 3), (26, 100, 1, 3), 0): 1.0, ((90, 100, 0, 3), (43, 80, 1, 3), 0): 1.0}
(((49, np.int64(94), np.int64(0), 3), (92, 58, 1, 2), 0), ((92, 58, 1, 2), (72, 10, 1, 1), 0), ((72, 10, 1, 1), (72, 100, 1, 3), 0), ((72, 100, 1, 3), (76, 63, 1, 2), 0), ((76, 63, 1, 2), (76, 100, 1, 3), 0), ((76, 100, 1, 3), (36, 15, 1, 1), 0), ((36, 15, 1, 1), (36, 100, 1, 3), 0), ((36, 100, 1, 3), (21, 10, 1, 1), 0), ((21, 10, 1, 1), (21, 100, 1, 3), 0), ((21, 100, 1, 3), (40, 30, 1, 1), 0), ((40, 30, 1, 1), (40, 100, 1, 3), 0), ((40, 100, 1, 3), (58, 26, 1, 1), 0), ((58, 26, 1, 1), (58, 100, 1, 3), 0), ((58, 100, 1, 3), (43, 4, 1, 0), 0), ((43, 4, 1, 0), (43, 80, 1, 3), 0), ((43, 80, 1, 3), (13, 7, 1, 0), 0), ((13, 7, 1, 0), (13, 7, 119, 0), 0))
New edge added:  ((49, np.int64(94), np.int64(0), 3), (92, np.int64(58), np.int64(5), 2), 0)  Edge removed:  ((49, np.int64(94), np.int64(0), 3), (92, 58, 1, 2), 0)
x_load_2: {((39, 18, 1, 1), (39, 100, 1, 3), 0): 1.0, ((57, 7, 1, 0), (57, 67, 1, 2), 0): 3.0, ((39, 17, 1, 1), (39, 80, 1, 3), 0): 1.0, ((72, 2, 1, 0), (72, 80, 1, 3), 0): 2.0, ((76, 15, 1, 1), (76, 39, 1, 1), 0): 2.0, ((76, 15, 1, 1), (76, 100, 1, 3), 0): 3.0, ((76, 39, 1, 1), (72, 2, 1, 0), 0): 2.0, ((49, 0, 1, 0), (49, 0, 119, 0), 0): 2.0, ((72, 63, 1, 2), (72, 100, 1, 3), 0): 3.0, ((49, 20, 1, 1), (49, 20, 119, 1), 0): 3.0, ((72, 100, 1, 3), (49, 20, 1, 1), 0): 3.0, ((28, 59, 1, 2), (57, 7, 1, 0), 0): 3.0, ((57, 67, 1, 2), (31, 10, 1, 1), 0): 3.0, ((74, 13, 1, 1), (74, 13, 119, 1), 0): 1.0, ((74, 33, 1, 1), (74, 33, 119, 1), 0): 1.0, ((39, 100, 1, 3), (74, 33, 1, 1), 0): 1.0, ((31, 10, 1, 1), (31, 100, 1, 3), 0): 3.0, ((43, 7, 1, 0), (43, 100, 1, 3), 0): 2.0, ((29, 64, 1, 2), (43, 7, 1, 0), 0): 2.0, ((13, 100, 0, 3), (29, 64, 1, 2), 0): 2.0, ((43, 54, 1, 2), (43, 100, 1, 3), 0): 3.0, ((21, 10, 1, 1), (21, 100, 1, 3), 0): 5.0, ((21, 100, 1, 3), (36, 10, 1, 1), 0): 5.0, ((36, 10, 1, 1), (36, 100, 1, 3), 0): 5.0, ((39, 80, 1, 3), (74, 13, 1, 1), 0): 1.0, ((40, 26, 1, 1), (40, 80, 1, 3), 0): 5.0, ((40, 80, 1, 3), (21, 10, 1, 1), 0): 5.0, ((76, 100, 1, 3), (72, 63, 1, 2), 0): 3.0, ((28, 24, 0, 1), (28, 59, 1, 2), 0): 3.0, ((28, 98, 0, 3), (39, 17, 1, 1), 0): 1.0, ((28, 100, 0, 3), (39, 18, 1, 1), 0): 1.0, ((31, 100, 1, 3), (90, 6, 1, 0), 0): 3.0, ((90, 6, 1, 0), (90, 100, 1, 3), 0): 3.0, ((36, 100, 1, 3), (76, 15, 1, 1), 0): 5.0, ((58, 4, 1, 0), (58, 100, 1, 3), 0): 5.0, ((43, 100, 1, 3), (58, 4, 1, 0), 0): 5.0, ((58, 100, 1, 3), (40, 26, 1, 1), 0): 5.0, ((72, 80, 1, 3), (49, 0, 1, 0), 0): 2.0, ((90, 100, 1, 3), (43, 54, 1, 2), 0): 3.0}
x_ener_2: {((23, 6, 1, 0), (23, 6, 119, 0), 0): 1.0, ((39, 18, 1, 1), (5, 0, 1, 0), 0): 1.0, ((57, 7, 1, 0), (57, 7, 119, 0), 0): 3.0, ((39, 17, 1, 1), (39, 17, 119, 1), 0): 1.0, ((11, 60, 1, 2), (28, 59, 1, 2), 1): 3.0, ((72, 2, 1, 0), (72, 2, 119, 0), 0): 3.0, ((76, 15, 1, 1), (26, 2, 1, 0), 0): 5.0, ((76, 39, 1, 1), (72, 2, 1, 0), 0): 3.0, ((49, 0, 1, 0), (49, 0, 119, 0), 0): 2.0, ((72, 63, 1, 2), (76, 39, 1, 1), 0): 3.0, ((49, 20, 1, 1), (49, 20, 51, 1), 0): 3.0, ((72, 100, 1, 3), (49, 20, 1, 1), 0): 3.0, ((49, 20, 51, 1), (49, 20, 101, 1), 0): 3.0, ((49, 20, 101, 1), (49, 20, 119, 1), 0): 3.0, ((28, 59, 1, 2), (57, 7, 1, 0), 0): 3.0, ((89, 58, 1, 2), (11, 60, 1, 2), 1): 3.0, ((57, 67, 1, 2), (31, 10, 1, 1), 0): 3.0, ((26, 2, 1, 0), (26, 2, 51, 0), 0): 5.0, ((26, 2, 51, 0), (26, 2, 119, 0), 0): 5.0, ((74, 13, 1, 1), (74, 13, 119, 1), 0): 1.0, ((74, 33, 1, 1), (23, 6, 1, 0), 0): 1.0, ((5, 100, 0, 3), (89, 58, 1, 2), 0): 3.0, ((39, 100, 1, 3), (74, 33, 1, 1), 0): 1.0, ((68, 100, 1, 3), (39, 100, 1, 3), 0): 1.0, ((5, 0, 1, 0), (5, 0, 51, 0), 0): 1.0, ((5, 0, 51, 0), (5, 0, 101, 0), 0): 1.0, ((5, 0, 101, 0), (5, 0, 119, 0), 0): 1.0, ((31, 59, 1, 2), (31, 59, 51, 2), 0): 3.0, ((31, 59, 51, 2), (31, 59, 101, 2), 0): 3.0, ((31, 59, 101, 2), (13, 4, 101, 0), 0): 3.0, ((31, 10, 1, 1), (31, 10, 51, 1), 0): 3.0, ((43, 7, 1, 0), (43, 7, 51, 0), 0): 4.0, ((29, 64, 1, 2), (43, 7, 1, 0), 0): 4.0, ((13, 100, 0, 3), (29, 64, 1, 2), 0): 4.0, ((43, 54, 1, 2), (82, 3, 1, 0), 0): 3.0, ((31, 10, 51, 1), (31, 10, 119, 1), 0): 3.0, ((43, 7, 51, 0), (43, 7, 119, 0), 0): 4.0, ((13, 4, 101, 0), (13, 4, 119, 0), 0): 3.0, ((21, 10, 1, 1), (21, 10, 119, 1), 0): 5.0, ((21, 100, 1, 3), (36, 10, 1, 1), 0): 5.0, ((21, 100, 0, 3), (21, 100, 1, 3), 0): 5.0, ((34, 9, 1, 0), (34, 9, 119, 0), 0): 5.0, ((36, 10, 1, 1), (36, 10, 119, 1), 0): 5.0, ((23, 100, 0, 3), (68, 100, 1, 3), 0): 1.0, ((39, 80, 1, 3), (74, 13, 1, 1), 0): 1.0, ((25, 100, 1, 3), (40, 80, 1, 3), 0): 5.0, ((40, 26, 1, 1), (34, 9, 1, 0), 0): 5.0, ((40, 80, 1, 3), (21, 10, 1, 1), 0): 5.0, ((26, 100, 0, 3), (76, 100, 1, 3), 0): 5.0, ((76, 100, 1, 3), (72, 63, 1, 2), 0): 3.0, ((76, 100, 1, 3), (72, 80, 1, 3), 0): 2.0, ((28, 98, 0, 3), (39, 17, 1, 1), 0): 1.0, ((28, 100, 0, 3), (30, 75, 1, 2), 0): 3.0, ((28, 100, 0, 3), (39, 18, 1, 1), 0): 1.0, ((30, 75, 1, 2), (57, 67, 1, 2), 0): 3.0, ((82, 3, 1, 0), (82, 3, 51, 0), 0): 3.0, ((82, 3, 51, 0), (82, 3, 119, 0), 0): 3.0, ((31, 100, 1, 3), (90, 6, 1, 0), 0): 4.0, ((31, 100, 0, 3), (31, 100, 1, 3), 0): 4.0, ((90, 6, 1, 0), (90, 6, 51, 0), 0): 4.0, ((90, 6, 51, 0), (90, 6, 119, 0), 0): 4.0, ((34, 100, 0, 3), (25, 100, 1, 3), 0): 5.0, ((36, 100, 1, 3), (76, 15, 1, 1), 0): 5.0, ((36, 100, 0, 3), (37, 100, 1, 3), 0): 4.0, ((37, 100, 1, 3), (36, 100, 1, 3), 0): 4.0, ((37, 100, 0, 3), (36, 100, 1, 3), 0): 1.0, ((39, 80, 0, 3), (39, 80, 1, 3), 0): 1.0, ((58, 4, 1, 0), (58, 4, 119, 0), 0): 5.0, ((43, 100, 1, 3), (58, 4, 1, 0), 0): 5.0, ((43, 100, 0, 3), (43, 100, 1, 3), 0): 5.0, ((57, 100, 0, 3), (31, 59, 1, 2), 0): 3.0, ((58, 100, 1, 3), (40, 26, 1, 1), 0): 5.0, ((58, 100, 0, 3), (58, 100, 1, 3), 0): 5.0, ((72, 80, 1, 3), (49, 0, 1, 0), 0): 2.0, ((72, 100, 0, 3), (72, 100, 1, 3), 0): 3.0, ((90, 100, 1, 3), (43, 54, 1, 2), 0): 3.0, ((90, 100, 0, 3), (90, 100, 1, 3), 0): 3.0}
(((13, np.int64(100), np.int64(0), 3), (29, 64, 1, 2), 0), ((29, 64, 1, 2), (43, 7, 1, 0), 0), ((43, 7, 1, 0), (43, 100, 1, 3), 0), ((43, 100, 1, 3), (58, 4, 1, 0), 0), ((58, 4, 1, 0), (58, 100, 1, 3), 0), ((58, 100, 1, 3), (40, 26, 1, 1), 0), ((40, 26, 1, 1), (40, 80, 1, 3), 0), ((40, 80, 1, 3), (21, 10, 1, 1), 0), ((21, 10, 1, 1), (21, 100, 1, 3), 0), ((21, 100, 1, 3), (36, 10, 1, 1), 0), ((36, 10, 1, 1), (36, 100, 1, 3), 0), ((36, 100, 1, 3), (76, 15, 1, 1), 0), ((76, 15, 1, 1), (76, 39, 1, 1), 0), ((76, 39, 1, 1), (72, 2, 1, 0), 0), ((72, 2, 1, 0), (72, 80, 1, 3), 0), ((72, 80, 1, 3), (49, 0, 1, 0), 0), ((49, 0, 1, 0), (49, 0, 119, 0), 0))
New edge added:  ((13, np.int64(100), np.int64(0), 3), (29, np.int64(64), np.int64(5), 2), 0)  Edge removed:  ((13, np.int64(100), np.int64(0), 3), (29, 64, 1, 2), 0)
Solution cannot be extended to a feasible solution, updating network...
n[ 5 ] =  3.0
n[ 13 ] =  3.0
n[ 21 ] =  6.0
n[ 23 ] =  2.0
n[ 25 ] =  1.0
n[ 26 ] =  5.0
n[ 31 ] =  6.0
n[ 34 ] =  5.0
n[ 36 ] =  5.0
n[ 37 ] =  1.0
n[ 39 ] =  1.0
n[ 43 ] =  5.0
n[ 57 ] =  3.0
n[ 58 ] =  6.0
n[ 67 ] =  2.0
n[ 72 ] =  4.0
n[ 76 ] =  1.0
n[ 82 ] =  3.0
n[ 90 ] =  4.0
'''''''''''''''''
Gurobi Optimizer version 13.0.1 build v13.0.1rc0 (linux64 - "Debian GNU/Linux 12 (bookworm)")

CPU model: Intel(R) Xeon(R) CPU @ 2.20GHz, instruction set [SSE2|AVX|AVX2]
Thread count: 1 physical cores, 2 logical processors, using up to 2 threads

Non-default parameters:
MIPGap  0.05

Academic license 937859 - for non-commercial use only - registered to hp___@cornell.edu
Optimize a model with 686163 rows, 1410496 columns and 3633098 nonzeros (Min)
Model fingerprint: 0xdc7b6a10
Model has 1014496 linear objective coefficients
Variable types: 0 continuous, 1410496 integer (0 binary)
Coefficient statistics:
  Matrix range     [1e+00, 3e+05]
  Objective range  [6e-01, 8e+02]
  Bounds range     [0e+00, 0e+00]
  RHS range        [1e+00, 5e+00]

MIP start from previous solve did not produce a new incumbent solution
MIP start from previous solve violates constraint flow_bal_load[(29,_np.int64(64),_np.int64(1),_2),2] by 2.000000000
Processed MIP start in 1.44 seconds (0.34 work units)

Presolve removed 553083 rows and 736116 columns (presolve time = 5s)...
Presolve removed 556571 rows and 769113 columns (presolve time = 10s)...
Presolve removed 558291 rows and 781758 columns (presolve time = 15s)...
Presolve removed 558352 rows and 781827 columns (presolve time = 20s)...
Presolve removed 558347 rows and 781822 columns
Presolve time: 20.12s
Presolved: 127816 rows, 628674 columns, 1456591 nonzeros
Variable types: 0 continuous, 628674 integer (2015 binary)

Root simplex log...

Iteration    Objective       Primal Inf.    Dual Inf.      Time
       0      handle free variables                         29s
    2016    4.4179865e+02   6.378809e+01   0.000000e+00     30s
    8822    1.0317990e+03   1.156045e+02   0.000000e+00     35s
   12801    1.5793078e+03   2.574617e+02   0.000000e+00     40s
   15951    1.7484056e+03   1.438302e+03   0.000000e+00     45s
   17781    1.7687795e+03   1.408000e+02   0.000000e+00     50s
   19201    1.8054281e+03   7.800000e+01   0.000000e+00     55s
   20751    1.8197226e+03   9.300000e+01   0.000000e+00     60s
   22241    1.8571874e+03   1.280763e+02   0.000000e+00     65s
   23711    1.8734763e+03   1.715781e+02   0.000000e+00     70s
   25051    1.8851653e+03   3.180758e+02   0.000000e+00     75s
   26241    1.9259639e+03   1.792789e+02   0.000000e+00     80s
   27541    1.9480892e+03   1.416905e+02   0.000000e+00     85s
   28771    1.9648744e+03   1.802017e+02   0.000000e+00     90s
   29871    1.9877324e+03   8.194397e+01   0.000000e+00     95s
   31001    2.0184530e+03   6.609479e+01   0.000000e+00    100s
   32191    2.0592610e+03   7.450000e+01   0.000000e+00    105s
   33311    2.2338672e+03   1.067500e+02   0.000000e+00    110s
   34361    2.2586172e+03   2.083672e+02   0.000000e+00    116s
   35231    2.2798266e+03   7.170535e+02   0.000000e+00    121s
   35981    2.2922980e+03   7.368205e+02   0.000000e+00    126s
   36601    2.2995181e+03   3.857645e+02   0.000000e+00    130s
   37651    2.3259113e+03   6.147930e+02   0.000000e+00    136s
   38181    2.3280228e+03   8.658635e+01   0.000000e+00    140s
   38841    2.3423032e+03   7.789788e+01   0.000000e+00    145s
   39621    2.3574757e+03   1.037367e+02   0.000000e+00    150s
   40491    2.3662264e+03   8.170838e+02   0.000000e+00    156s
   41341    2.3734203e+03   1.684641e+02   0.000000e+00    160s
   42071    2.3838026e+03   8.903646e+01   0.000000e+00    165s
   42891    2.4181732e+03   5.367854e+02   0.000000e+00    170s
   43511    2.4357088e+03   1.075868e+02   0.000000e+00    175s
   44241    2.4386794e+03   1.640171e+02   0.000000e+00    181s
   44971    2.5209201e+03   2.212128e+02   0.000000e+00    185s
   45631    2.5866087e+03   9.569703e+01   0.000000e+00    190s
   46271    2.6429251e+03   3.883992e+02   0.000000e+00    196s
   47251    2.6769059e+03   3.198185e+02   0.000000e+00    200s
   48011    2.6775640e+03   1.742870e+02   0.000000e+00    206s
   48731    2.6856223e+03   7.022081e+02   0.000000e+00    211s
   49171    2.6901535e+03   2.606506e+03   0.000000e+00    215s
   49651    2.7029237e+03   3.688390e+02   0.000000e+00    220s
   50381    2.7302211e+03   2.022062e+02   0.000000e+00    225s
   51121    2.7493021e+03   1.725490e+02   0.000000e+00    231s
   51501    2.7530521e+03   6.108475e+01   0.000000e+00    235s
   52661    2.8533090e+03   1.946271e+02   0.000000e+00    241s
   53941    2.9883090e+03   1.041271e+02   0.000000e+00    245s
   54921    3.1243022e+03   2.026271e+02   0.000000e+00    250s
   56151    3.7665453e+03   5.237924e+02   0.000000e+00    255s
   57191    4.8880141e+03   3.119146e+02   0.000000e+00    261s
   57761    4.9696378e+03   2.326633e+03   0.000000e+00    267s
   58041    4.9867863e+03   2.015401e+02   0.000000e+00    271s
   58411    4.9980719e+03   1.120635e+03   0.000000e+00    275s
   59021    5.0153462e+03   6.302073e+02   0.000000e+00    280s
   59651    5.0495923e+03   5.084888e+02   0.000000e+00    285s
   60271    5.0756938e+03   3.383918e+02   0.000000e+00    291s
   60711    5.1023155e+03   3.649937e+02   0.000000e+00    296s
   61091    5.1152126e+03   6.168918e+01   0.000000e+00    301s
   61581    5.1545019e+03   5.450000e+01   0.000000e+00    306s
   62321    5.1746079e+03   5.090991e+01   0.000000e+00    311s
   63051    5.1777058e+03   9.356250e+01   0.000000e+00    316s
   63363    5.1793071e+03   0.000000e+00   0.000000e+00    319s
   63363    5.1793071e+03   0.000000e+00   0.000000e+00    320s

Root relaxation: objective 5.179307e+03, 63363 iterations, 293.78 seconds (99.96 work units)

    Nodes    |    Current Node    |     Objective Bounds      |     Work
 Expl Unexpl |  Obj  Depth IntInf | Incumbent    BestBd   Gap | It/Node Time

     0     0 5179.30708    0   69          - 5179.30708      -     -  345s
H    0     0                    5297.5650685 5179.30708  2.23%     -  351s

Explored 1 nodes (111184 simplex iterations) in 351.48 seconds (115.88 work units)
Thread count was 2 (of 2 available processors)

Solution count 1: 5297.57 

Optimal solution found (tolerance 5.00e-02)
Best objective 5.297565068493e+03, best bound 5.179307077626e+03, gap 2.2323%
Iteration:  11
Size of network:  12772  nodes,  235019  edges
Obj Value:  5297.565068493151
a: {}
n: {5: 2.0, 13: 3.0, 21: 6.0, 23: 1.0, 25: 1.0, 31: 7.0, 36: 6.0, 39: 1.0, 40: 5.0, 43: 5.0, 50: 5.0, 57: 2.0, 58: 6.0, 67: 2.0, 72: 4.0, 76: 1.0, 90: 5.0}
{0: (34.421443, -119.684178), 1: (36.167392, -94.119169), 2: (34.071417, -99.009382), 3: (34.689589, -118.130371), 4: (36.434113, -99.427596), 5: (35.400164, -119.399727), 6: (37.2129649, -93.37103), 7: (30.25011, -93.01142), 8: (36.751521, -96.000152), 9: (35.35468, -94.437379), 10: (38.89357, -94.36045), 11: (33.7885884, -118.2150827), 12: (32.596725, -117.019495), 13: (33.30006, -111.96835), 14: (35.392817, -97.422948), 15: (38.96627, -95.700495), 16: (30.725159, -96.425728), 17: (37.737099, -97.32375), 18: (34.188212, -97.171022), 19: (33.94423, -96.41932), 20: (30.209862, -92.002378), 21: (37.183969, -104.499646), 22: (32.267588, -107.774524), 23: (36.72136, -119.761165), 24: (30.437821, -95.498724), 25: (35.079896, -106.746225), 26: (35.840761, -98.419831), 27: (31.207465, -95.996079), 28: (33.899899, -118.207088), 29: (33.3874378, -110.7609849), 30: (34.02094, -117.385415), 31: (33.603063, -114.598023), 32: (35.189976, -101.706309), 33: (35.853211, -94.989243), 34: (35.004614, -106.032837), 35: (31.151717, -93.265081), 36: (36.706596, -101.443207), 37: (37.069631, -100.905444), 38: (32.62712, -96.74537), 39: (36.075856, -119.043996), 40: (35.65758, -105.993406), 41: (32.181782, -94.334174), 42: (30.330588, -97.701649), 43: (35.01643, -110.675005), 44: (35.25655, -96.671004), 45: (33.3021433, -111.9552863), 46: (36.535661, -97.33916), 47: (32.698465, -97.959695), 48: (33.984094, -106.887526), 49: (32.7658795, -96.8754612), 50: (35.309665, -99.631741), 51: (31.784139, -93.08731), 52: (33.0390751, -117.2841996), 53: (38.164391, -112.278183), 54: (34.4349097, -119.9212861), 55: (31.499498, -97.173412), 56: (33.9541734, -117.5556971), 57: (34.118101, -116.45646), 58: (36.71838, -108.167694), 59: (31.940555, -102.169802), 60: (36.081743, -96.054325), 61: (32.469998, -93.672804), 62: (34.4425082, -119.7812613), 63: (37.648431, -98.094183), 64: (32.448848, -100.439583), 65: (32.627591, -97.314361), 66: (38.54421, -106.92517), 67: (34.886448, -117.079423), 68: (35.9874334, -119.961999), 69: (32.794671, -115.539473), 70: (36.220567, -115.125553), 71: (35.106478, -92.43572), 72: (34.584172, -98.396813), 73: (33.39639, -110.76888), 74: (37.8135094, -119.8800771), 75: (35.87844, -97.392471), 76: (35.490972, -98.967096), 77: (33.8310496, -116.5452277), 78: (32.354553, -95.302495), 79: (37.962455, -100.846437), 80: (32.178328, -110.960207), 81: (38.7747705, -119.9029911), 82: (33.463568, -112.459255), 83: (36.009923, -114.784826), 84: (35.3002628, -119.0381956), 85: (36.249164, -95.333829), 86: (33.6699802, -96.6120405), 87: (38.971499, -92.294316), 88: (32.029056, -93.713243), 89: (33.8722233, -118.2654222), 90: (35.263617, -112.194139), 91: (37.199194, -93.402643), 92: (33.73573, -97.14484), 93: (32.881785, -111.777561), 94: (37.161682, -113.434692), 95: (30.35815, -99.606129), 96: (34.773291, -96.697633), 97: (34.12755, -118.443664), 98: (31.34545, -92.51807), 99: (38.945105, -104.724068), 100: (30.0774, -99.10731)}
x_load_0: {((67, 8, 1, 0), (67, 100, 1, 3), 0): 1.0, ((39, 69, 1, 2), (74, 6, 1, 0), 0): 1.0, ((39, 28, 1, 1), (39, 69, 1, 2), 0): 1.0, ((57, 41, 1, 2), (67, 8, 1, 0), 0): 1.0, ((74, 6, 1, 0), (74, 6, 119, 0), 0): 1.0, ((31, 0, 1, 0), (31, 100, 1, 3), 0): 1.0, ((13, 80, 0, 3), (45, 80, 1, 3), 0): 1.0, ((45, 80, 1, 3), (31, 0, 1, 0), 0): 1.0, ((31, 100, 1, 3), (57, 41, 1, 2), 0): 1.0, ((67, 100, 1, 3), (39, 28, 1, 1), 0): 1.0}
x_ener_0: {((67, 8, 1, 0), (67, 8, 51, 0), 0): 2.0, ((39, 69, 1, 2), (74, 6, 1, 0), 0): 1.0, ((84, 9, 51, 0), (5, 2, 51, 0), 0): 2.0, ((67, 8, 51, 0), (67, 8, 101, 0), 0): 2.0, ((67, 8, 101, 0), (67, 8, 119, 0), 0): 2.0, ((39, 28, 1, 1), (39, 28, 51, 1), 0): 2.0, ((57, 41, 1, 2), (67, 8, 1, 0), 0): 2.0, ((5, 2, 51, 0), (5, 2, 119, 0), 0): 2.0, ((39, 28, 51, 1), (84, 9, 51, 0), 0): 2.0, ((74, 6, 1, 0), (74, 6, 51, 0), 0): 1.0, ((74, 6, 51, 0), (74, 6, 101, 0), 0): 1.0, ((74, 6, 101, 0), (74, 6, 119, 0), 0): 1.0, ((31, 0, 1, 0), (31, 0, 51, 0), 0): 3.0, ((69, 80, 1, 3), (82, 15, 1, 1), 0): 2.0, ((31, 0, 51, 0), (31, 0, 101, 0), 0): 3.0, ((31, 0, 101, 0), (31, 0, 119, 0), 0): 3.0, ((13, 4, 1, 0), (13, 4, 119, 0), 0): 2.0, ((13, 80, 0, 3), (45, 80, 1, 3), 0): 3.0, ((45, 4, 1, 0), (13, 4, 1, 0), 1): 2.0, ((82, 15, 1, 1), (45, 4, 1, 0), 0): 2.0, ((45, 80, 1, 3), (31, 0, 1, 0), 0): 3.0, ((23, 80, 1, 3), (39, 69, 1, 2), 0): 1.0, ((23, 80, 0, 3), (23, 80, 1, 3), 0): 1.0, ((31, 100, 1, 3), (57, 41, 1, 2), 0): 2.0, ((31, 100, 0, 3), (31, 100, 1, 3), 0): 2.0, ((57, 100, 0, 3), (69, 80, 1, 3), 0): 2.0, ((67, 100, 1, 3), (39, 28, 1, 1), 0): 2.0, ((67, 100, 0, 3), (67, 100, 1, 3), 0): 2.0}
(((13, np.int64(80), np.int64(0), 3), (45, 80, 1, 3), 0), ((45, 80, 1, 3), (31, 0, 1, 0), 0), ((31, 0, 1, 0), (31, 100, 1, 3), 0), ((31, 100, 1, 3), (57, 41, 1, 2), 0), ((57, 41, 1, 2), (67, 8, 1, 0), 0), ((67, 8, 1, 0), (67, 100, 1, 3), 0), ((67, 100, 1, 3), (39, 28, 1, 1), 0), ((39, 28, 1, 1), (39, 69, 1, 2), 0), ((39, 69, 1, 2), (74, 6, 1, 0), 0), ((74, 6, 1, 0), (74, 6, 119, 0), 0))
New edge added:  ((45, np.int64(80), np.int64(1), 3), (31, np.int64(0), np.int64(11), 0), 0)  Edge removed:  ((45, 80, 1, 3), (31, 0, 1, 0), 0)
x_load_1: {((72, 7, 1, 0), (72, 100, 1, 3), 0): 1.0, ((72, 100, 1, 3), (76, 63, 1, 2), 0): 1.0, ((36, 15, 1, 1), (36, 100, 1, 3), 0): 1.0, ((13, 7, 1, 0), (13, 7, 119, 0), 0): 1.0, ((92, 52, 1, 2), (72, 7, 1, 0), 0): 1.0, ((21, 10, 1, 1), (21, 100, 1, 3), 0): 1.0, ((21, 100, 1, 3), (40, 30, 1, 1), 0): 1.0, ((40, 30, 1, 1), (40, 80, 1, 3), 0): 1.0, ((40, 80, 1, 3), (58, 6, 1, 0), 0): 1.0, ((76, 100, 1, 3), (36, 15, 1, 1), 0): 1.0, ((43, 80, 1, 3), (13, 7, 1, 0), 0): 1.0, ((36, 100, 1, 3), (21, 10, 1, 1), 0): 1.0, ((58, 6, 1, 0), (58, 100, 1, 3), 0): 1.0, ((43, 4, 1, 0), (43, 80, 1, 3), 0): 1.0, ((49, 86, 0, 3), (92, 52, 1, 2), 0): 1.0, ((58, 100, 1, 3), (43, 4, 1, 0), 0): 1.0, ((76, 63, 1, 2), (76, 100, 1, 3), 0): 1.0}
x_ener_1: {((2, 100, 1, 3), (72, 100, 1, 3), 0): 1.0, ((72, 7, 1, 0), (72, 7, 51, 0), 0): 1.0, ((76, 2, 1, 0), (76, 2, 51, 0), 0): 1.0, ((72, 100, 1, 3), (76, 63, 1, 2), 0): 1.0, ((72, 7, 51, 0), (72, 7, 119, 0), 0): 1.0, ((76, 2, 51, 0), (76, 2, 119, 0), 0): 1.0, ((36, 15, 1, 1), (36, 15, 119, 1), 0): 1.0, ((13, 7, 1, 0), (45, 7, 1, 0), 1): 1.0, ((45, 7, 1, 0), (45, 7, 51, 0), 0): 1.0, ((13, 7, 51, 0), (13, 7, 119, 0), 0): 1.0, ((45, 7, 51, 0), (13, 7, 51, 0), 1): 1.0, ((72, 39, 1, 1), (76, 2, 1, 0), 0): 1.0, ((92, 52, 1, 2), (72, 7, 1, 0), 0): 1.0, ((21, 10, 1, 1), (21, 10, 119, 1), 0): 1.0, ((21, 100, 1, 3), (40, 30, 1, 1), 0): 1.0, ((21, 100, 0, 3), (21, 100, 1, 3), 0): 1.0, ((40, 30, 1, 1), (40, 30, 51, 1), 0): 1.0, ((34, 17, 51, 1), (25, 8, 51, 0), 0): 1.0, ((40, 30, 51, 1), (34, 17, 51, 1), 0): 1.0, ((40, 80, 1, 3), (58, 6, 1, 0), 0): 1.0, ((25, 8, 51, 0), (25, 8, 101, 0), 0): 1.0, ((25, 8, 101, 0), (25, 8, 119, 0), 0): 1.0, ((76, 100, 1, 3), (36, 15, 1, 1), 0): 1.0, ((43, 80, 1, 3), (13, 7, 1, 0), 0): 1.0, ((36, 100, 1, 3), (21, 10, 1, 1), 0): 1.0, ((36, 100, 0, 3), (37, 100, 1, 3), 0): 1.0, ((37, 100, 1, 3), (36, 100, 1, 3), 0): 1.0, ((40, 80, 0, 3), (40, 80, 1, 3), 0): 1.0, ((58, 6, 1, 0), (58, 6, 119, 0), 0): 1.0, ((43, 4, 1, 0), (43, 4, 51, 0), 0): 1.0, ((43, 4, 51, 0), (43, 4, 119, 0), 0): 1.0, ((49, 86, 0, 3), (92, 52, 1, 2), 0): 1.0, ((50, 100, 1, 3), (76, 100, 1, 3), 0): 1.0, ((58, 100, 1, 3), (43, 4, 1, 0), 0): 1.0, ((58, 100, 0, 3), (58, 100, 1, 3), 0): 1.0, ((72, 100, 0, 3), (2, 100, 1, 3), 0): 1.0, ((76, 63, 1, 2), (72, 39, 1, 1), 0): 1.0, ((76, 100, 0, 3), (50, 100, 1, 3), 0): 1.0, ((90, 100, 1, 3), (43, 80, 1, 3), 0): 1.0, ((90, 100, 0, 3), (90, 100, 1, 3), 0): 1.0}
(((49, np.int64(86), np.int64(0), 3), (92, 52, 1, 2), 0), ((92, 52, 1, 2), (72, 7, 1, 0), 0), ((72, 7, 1, 0), (72, 100, 1, 3), 0), ((72, 100, 1, 3), (76, 63, 1, 2), 0), ((76, 63, 1, 2), (76, 100, 1, 3), 0), ((76, 100, 1, 3), (36, 15, 1, 1), 0), ((36, 15, 1, 1), (36, 100, 1, 3), 0), ((36, 100, 1, 3), (21, 10, 1, 1), 0), ((21, 10, 1, 1), (21, 100, 1, 3), 0), ((21, 100, 1, 3), (40, 30, 1, 1), 0), ((40, 30, 1, 1), (40, 80, 1, 3), 0), ((40, 80, 1, 3), (58, 6, 1, 0), 0), ((58, 6, 1, 0), (58, 100, 1, 3), 0), ((58, 100, 1, 3), (43, 4, 1, 0), 0), ((43, 4, 1, 0), (43, 80, 1, 3), 0), ((43, 80, 1, 3), (13, 7, 1, 0), 0), ((13, 7, 1, 0), (13, 7, 119, 0), 0))
New edge added:  ((49, np.int64(86), np.int64(0), 3), (92, np.int64(50), np.int64(5), 2), 0)  Edge removed:  ((49, np.int64(86), np.int64(0), 3), (92, 52, 1, 2), 0)
x_load_2: {((57, 7, 1, 0), (57, 67, 1, 2), 0): 2.0, ((39, 17, 1, 1), (39, 100, 1, 3), 0): 1.0, ((72, 2, 1, 0), (72, 80, 1, 3), 0): 3.0, ((76, 15, 1, 1), (76, 39, 1, 1), 0): 3.0, ((76, 15, 1, 1), (76, 100, 1, 3), 0): 2.0, ((76, 39, 1, 1), (72, 2, 1, 0), 0): 3.0, ((49, 0, 1, 0), (49, 0, 119, 0), 0): 5.0, ((72, 63, 1, 2), (72, 80, 1, 3), 0): 2.0, ((30, 35, 1, 1), (57, 7, 1, 0), 0): 2.0, ((28, 59, 1, 2), (30, 35, 1, 1), 0): 2.0, ((57, 67, 1, 2), (31, 10, 1, 1), 0): 2.0, ((74, 33, 1, 1), (74, 33, 119, 1), 0): 1.0, ((39, 100, 1, 3), (74, 33, 1, 1), 0): 1.0, ((30, 95, 1, 3), (31, 10, 1, 1), 0): 2.0, ((31, 10, 1, 1), (31, 100, 1, 3), 0): 4.0, ((13, 100, 0, 3), (93, 84, 1, 3), 0): 1.0, ((43, 54, 1, 2), (43, 100, 1, 3), 0): 4.0, ((93, 84, 1, 3), (43, 0, 1, 0), 0): 1.0, ((21, 100, 1, 3), (36, 10, 1, 1), 0): 5.0, ((36, 10, 1, 1), (36, 100, 1, 3), 0): 5.0, ((21, 0, 1, 0), (21, 100, 1, 3), 0): 5.0, ((40, 70, 1, 2), (21, 0, 1, 0), 0): 5.0, ((58, 80, 1, 3), (40, 6, 1, 0), 0): 5.0, ((76, 100, 1, 3), (72, 63, 1, 2), 0): 2.0, ((28, 39, 0, 1), (28, 59, 1, 2), 0): 2.0, ((28, 98, 0, 3), (39, 17, 1, 1), 0): 1.0, ((28, 100, 0, 3), (30, 75, 1, 2), 0): 2.0, ((30, 75, 1, 2), (30, 95, 1, 3), 0): 2.0, ((43, 0, 1, 0), (43, 100, 1, 3), 0): 1.0, ((31, 100, 1, 3), (90, 6, 1, 0), 0): 4.0, ((90, 6, 1, 0), (90, 100, 1, 3), 0): 4.0, ((40, 6, 1, 0), (40, 70, 1, 2), 0): 5.0, ((36, 100, 1, 3), (76, 15, 1, 1), 0): 5.0, ((58, 4, 1, 0), (58, 80, 1, 3), 0): 5.0, ((43, 100, 1, 3), (58, 4, 1, 0), 0): 5.0, ((72, 80, 1, 3), (49, 0, 1, 0), 0): 5.0, ((90, 100, 1, 3), (43, 54, 1, 2), 0): 4.0}
x_ener_2: {((23, 6, 1, 0), (23, 6, 119, 0), 0): 1.0, ((57, 7, 1, 0), (57, 7, 119, 0), 0): 2.0, ((39, 17, 1, 1), (39, 17, 51, 1), 0): 1.0, ((11, 60, 1, 2), (28, 59, 1, 2), 1): 2.0, ((39, 17, 51, 1), (39, 17, 101, 1), 0): 1.0, ((39, 17, 101, 1), (39, 17, 119, 1), 0): 1.0, ((72, 2, 1, 0), (72, 2, 119, 0), 0): 3.0, ((50, 4, 1, 0), (50, 4, 119, 0), 0): 5.0, ((76, 15, 1, 1), (50, 4, 1, 0), 0): 5.0, ((76, 39, 1, 1), (72, 2, 1, 0), 0): 3.0, ((49, 0, 1, 0), (49, 0, 51, 0), 0): 5.0, ((72, 63, 1, 2), (76, 39, 1, 1), 0): 3.0, ((49, 0, 51, 0), (49, 0, 119, 0), 0): 5.0, ((30, 35, 1, 1), (57, 7, 1, 0), 0): 2.0, ((28, 59, 1, 2), (30, 35, 1, 1), 0): 2.0, ((89, 58, 1, 2), (11, 60, 1, 2), 1): 2.0, ((57, 67, 1, 2), (31, 10, 1, 1), 0): 2.0, ((74, 33, 1, 1), (23, 6, 1, 0), 0): 1.0, ((5, 100, 0, 3), (89, 58, 1, 2), 0): 2.0, ((39, 100, 1, 3), (74, 33, 1, 1), 0): 1.0, ((68, 100, 1, 3), (39, 100, 1, 3), 0): 1.0, ((11, 96, 1, 3), (56, 95, 1, 3), 0): 2.0, ((89, 90, 1, 3), (11, 96, 1, 3), 0): 2.0, ((56, 95, 1, 3), (30, 95, 1, 3), 1): 2.0, ((30, 95, 1, 3), (31, 10, 1, 1), 0): 2.0, ((13, 4, 1, 0), (13, 4, 119, 0), 0): 1.0, ((45, 4, 1, 0), (13, 4, 1, 0), 1): 1.0, ((31, 10, 1, 1), (31, 10, 51, 1), 0): 4.0, ((13, 100, 0, 3), (93, 84, 1, 3), 0): 1.0, ((43, 54, 1, 2), (45, 4, 1, 0), 0): 1.0, ((43, 54, 1, 2), (43, 54, 51, 2), 0): 3.0, ((93, 84, 1, 3), (43, 0, 1, 0), 0): 1.0, ((31, 10, 51, 1), (31, 10, 119, 1), 0): 4.0, ((43, 54, 51, 2), (43, 54, 101, 2), 0): 3.0, ((43, 54, 101, 2), (43, 54, 119, 2), 0): 3.0, ((21, 100, 1, 3), (36, 10, 1, 1), 0): 5.0, ((21, 100, 0, 3), (21, 100, 1, 3), 0): 5.0, ((36, 10, 1, 1), (36, 10, 51, 1), 0): 5.0, ((21, 0, 1, 0), (21, 0, 119, 0), 0): 5.0, ((36, 10, 51, 1), (36, 10, 119, 1), 0): 5.0, ((25, 79, 1, 2), (40, 70, 1, 2), 0): 4.0, ((25, 80, 1, 3), (34, 77, 1, 2), 0): 1.0, ((25, 80, 0, 3), (25, 80, 1, 3), 0): 1.0, ((34, 77, 1, 2), (40, 70, 1, 2), 0): 1.0, ((40, 70, 1, 2), (21, 0, 1, 0), 0): 5.0, ((58, 80, 1, 3), (40, 6, 1, 0), 0): 5.0, ((76, 100, 1, 3), (72, 63, 1, 2), 0): 3.0, ((76, 100, 1, 3), (72, 80, 1, 3), 0): 2.0, ((28, 90, 0, 3), (89, 90, 1, 3), 0): 2.0, ((28, 98, 0, 3), (39, 17, 1, 1), 0): 1.0, ((28, 100, 0, 3), (30, 75, 1, 2), 0): 2.0, ((30, 75, 1, 2), (57, 67, 1, 2), 0): 2.0, ((43, 0, 1, 0), (43, 0, 51, 0), 0): 1.0, ((43, 0, 51, 0), (43, 0, 119, 0), 0): 1.0, ((31, 100, 1, 3), (90, 6, 1, 0), 0): 5.0, ((31, 100, 0, 3), (31, 100, 1, 3), 0): 5.0, ((90, 6, 1, 0), (90, 6, 119, 0), 0): 5.0, ((40, 6, 1, 0), (40, 6, 119, 0), 0): 5.0, ((36, 100, 1, 3), (76, 15, 1, 1), 0): 5.0, ((36, 100, 0, 3), (36, 100, 1, 3), 0): 5.0, ((39, 100, 0, 3), (68, 100, 1, 3), 0): 1.0, ((58, 4, 1, 0), (58, 4, 51, 0), 0): 5.0, ((40, 100, 0, 3), (25, 79, 1, 2), 0): 4.0, ((58, 4, 51, 0), (58, 4, 119, 0), 0): 5.0, ((43, 100, 1, 3), (58, 4, 1, 0), 0): 5.0, ((43, 100, 0, 3), (43, 100, 1, 3), 0): 5.0, ((50, 100, 1, 3), (76, 100, 1, 3), 0): 5.0, ((50, 100, 0, 3), (50, 100, 1, 3), 0): 5.0, ((58, 80, 0, 3), (58, 80, 1, 3), 0): 5.0, ((72, 80, 1, 3), (49, 0, 1, 0), 0): 5.0, ((72, 80, 0, 3), (72, 80, 1, 3), 0): 3.0, ((90, 100, 1, 3), (43, 54, 1, 2), 0): 4.0, ((90, 100, 0, 3), (90, 100, 1, 3), 0): 4.0}
(((13, np.int64(100), np.int64(0), 3), (93, 84, 1, 3), 0), ((93, 84, 1, 3), (43, 0, 1, 0), 0), ((43, 0, 1, 0), (43, 100, 1, 3), 0), ((43, 100, 1, 3), (58, 4, 1, 0), 0), ((58, 4, 1, 0), (58, 80, 1, 3), 0), ((58, 80, 1, 3), (40, 6, 1, 0), 0), ((40, 6, 1, 0), (40, 70, 1, 2), 0), ((40, 70, 1, 2), (21, 0, 1, 0), 0), ((21, 0, 1, 0), (21, 100, 1, 3), 0), ((21, 100, 1, 3), (36, 10, 1, 1), 0), ((36, 10, 1, 1), (36, 100, 1, 3), 0), ((36, 100, 1, 3), (76, 15, 1, 1), 0), ((76, 15, 1, 1), (76, 39, 1, 1), 0), ((76, 39, 1, 1), (72, 2, 1, 0), 0), ((72, 2, 1, 0), (72, 80, 1, 3), 0), ((72, 80, 1, 3), (49, 0, 1, 0), 0), ((49, 0, 1, 0), (49, 0, 119, 0), 0))
New edge added:  ((13, np.int64(100), np.int64(0), 3), (93, np.int64(84), np.int64(2), 3), 0)  Edge removed:  ((13, np.int64(100), np.int64(0), 3), (93, 84, 1, 3), 0)
Solution cannot be extended to a feasible solution, updating network...
n[ 5 ] =  2.0
n[ 13 ] =  3.0
n[ 21 ] =  6.0
n[ 23 ] =  1.0
n[ 25 ] =  1.0
n[ 31 ] =  7.0
n[ 36 ] =  6.0
n[ 39 ] =  1.0
n[ 40 ] =  5.0
n[ 43 ] =  5.0
n[ 50 ] =  5.0
n[ 57 ] =  2.0
n[ 58 ] =  6.0
n[ 67 ] =  2.0
n[ 72 ] =  4.0
n[ 76 ] =  1.0
n[ 90 ] =  5.0
'''''''''''''''''
Gurobi Optimizer version 13.0.1 build v13.0.1rc0 (linux64 - "Debian GNU/Linux 12 (bookworm)")

CPU model: Intel(R) Xeon(R) CPU @ 2.20GHz, instruction set [SSE2|AVX|AVX2]
Thread count: 1 physical cores, 2 logical processors, using up to 2 threads

Non-default parameters:
MIPGap  0.05

Academic license 937859 - for non-commercial use only - registered to hp___@cornell.edu
Optimize a model with 687394 rows, 1412758 columns and 3643229 nonzeros (Min)
Model fingerprint: 0xf9e76abc
Model has 1016152 linear objective coefficients
Variable types: 0 continuous, 1412758 integer (0 binary)
Coefficient statistics:
  Matrix range     [1e+00, 3e+05]
  Objective range  [6e-01, 8e+02]
  Bounds range     [0e+00, 0e+00]
  RHS range        [1e+00, 5e+00]

MIP start from previous solve did not produce a new incumbent solution
MIP start from previous solve violates constraint flow_bal_load[(31,_np.int64(0),_np.int64(1),_0),0] by 1.000000000
Processed MIP start in 1.37 seconds (0.34 work units)

Presolve removed 554215 rows and 738036 columns (presolve time = 5s)...
Presolve removed 557697 rows and 771017 columns (presolve time = 10s)...
Presolve removed 559418 rows and 783663 columns (presolve time = 15s)...
Presolve removed 559475 rows and 783729 columns (presolve time = 20s)...
Presolve removed 559470 rows and 783724 columns
Presolve time: 20.19s
Presolved: 127924 rows, 629034 columns, 1457475 nonzeros
Variable types: 0 continuous, 629034 integer (2025 binary)

Root simplex log...

Iteration    Objective       Primal Inf.    Dual Inf.      Time
       0      handle free variables                         29s
    2068    4.3894865e+02   3.300000e+01   0.000000e+00     30s
    8686    1.0090191e+03   1.684892e+02   0.000000e+00     35s
   12561    1.3399010e+03   2.976898e+02   0.000000e+00     40s
   15321    1.7059805e+03   4.034000e+02   0.000000e+00     45s
   17351    1.7657227e+03   1.755000e+02   0.000000e+00     50s
   19091    1.8127740e+03   1.150000e+02   0.000000e+00     55s
   20621    1.8497680e+03   1.006980e+02   0.000000e+00     60s
   22021    1.8614586e+03   8.642615e+01   0.000000e+00     65s
   23241    1.8722959e+03   2.996668e+02   0.000000e+00     70s
   24431    1.9134281e+03   7.700000e+01   0.000000e+00     75s
   25641    1.9157726e+03   1.047950e+02   0.000000e+00     80s
   26651    1.9237544e+03   1.101789e+02   0.000000e+00     85s
   27661    1.9573158e+03   5.650000e+01   0.000000e+00     90s
   28991    2.0050624e+03   2.530000e+02   0.000000e+00     95s
   30321    2.0656138e+03   7.400000e+01   0.000000e+00    100s
   31521    2.1014317e+03   1.620000e+02   0.000000e+00    106s
   32601    2.2392843e+03   2.604735e+02   0.000000e+00    111s
   33471    2.2639446e+03   8.680000e+01   0.000000e+00    116s
   34321    2.2910540e+03   7.460898e+01   0.000000e+00    121s
   34971    2.3013815e+03   6.252806e+02   0.000000e+00    125s
   35811    2.3216960e+03   1.615504e+02   0.000000e+00    131s
   36641    2.3339911e+03   1.495729e+02   0.000000e+00    136s
   37251    2.3453154e+03   6.973303e+02   0.000000e+00    140s
   38071    2.3626902e+03   4.284746e+02   0.000000e+00    145s
   39071    2.3633207e+03   1.106815e+02   0.000000e+00    151s
   39781    2.3756079e+03   1.119391e+02   0.000000e+00    156s
   40441    2.3883793e+03   2.003436e+02   0.000000e+00    160s
   41341    2.4052350e+03   3.015508e+02   0.000000e+00    165s
   42241    2.4245187e+03   1.638978e+02   0.000000e+00    170s
   43161    2.4473954e+03   2.271107e+02   0.000000e+00    176s
   43901    2.4756231e+03   1.491914e+02   0.000000e+00    181s
   44571    2.5080300e+03   3.017935e+02   0.000000e+00    186s
   45111    2.6095700e+03   9.760614e+01   0.000000e+00    191s
   45741    2.6700508e+03   8.313246e+01   0.000000e+00    196s
   46481    2.6869891e+03   3.253926e+02   0.000000e+00    200s
   47321    2.7044310e+03   1.377544e+02   0.000000e+00    205s
   48201    2.7220588e+03   8.500199e+01   0.000000e+00    211s
   49031    2.7744189e+03   2.150916e+02   0.000000e+00    215s
   49951    2.8316582e+03   2.355331e+02   0.000000e+00    221s
   50471    2.8415870e+03   7.860147e+01   0.000000e+00    226s
   51411    2.9148441e+03   5.277679e+01   0.000000e+00    230s
   52401    3.0167779e+03   1.302280e+02   0.000000e+00    236s
   52961    3.0224856e+03   1.712741e+02   0.000000e+00    241s
   53801    3.0295863e+03   9.457040e+01   0.000000e+00    246s
   54491    3.0643294e+03   1.050000e+02   0.000000e+00    250s
   55481    3.1655794e+03   1.090000e+02   0.000000e+00    255s
   56491    4.8607982e+03   1.672380e+02   0.000000e+00    260s
   57381    5.0158417e+03   3.683668e+02   0.000000e+00    266s
   57981    5.0450131e+03   4.385849e+02   0.000000e+00    271s
   58501    5.0618531e+03   5.095537e+02   0.000000e+00    276s
   59061    5.0754928e+03   7.602643e+02   0.000000e+00    280s
   59661    5.1109091e+03   2.808921e+02   0.000000e+00    286s
   60161    5.1193473e+03   7.808624e+01   0.000000e+00    291s
   60681    5.1696451e+03   6.000000e+01   0.000000e+00    296s
   61081    5.1725495e+03   1.396877e+02   0.000000e+00    300s
   61541    5.1726565e+03   4.950000e+01   0.000000e+00    306s
   61901    5.1762322e+03   3.959115e+01   0.000000e+00    311s
   62301    5.1787051e+03   9.732812e+01   0.000000e+00    315s
   62721    5.1794065e+03   7.000000e+00   0.000000e+00    320s
   62768    5.1794064e+03   0.000000e+00   0.000000e+00    321s
   62768    5.1794064e+03   0.000000e+00   0.000000e+00    322s

Root relaxation: objective 5.179406e+03, 62768 iterations, 295.67 seconds (97.65 work units)

    Nodes    |    Current Node    |     Objective Bounds      |     Work
 Expl Unexpl |  Obj  Depth IntInf | Incumbent    BestBd   Gap | It/Node Time

     0     0 5179.40639    0   68          - 5179.40639      -     -  365s
H    0     0                    5332.1095890 5179.40639  2.86%     -  374s

Explored 1 nodes (124793 simplex iterations) in 375.25 seconds (118.84 work units)
Thread count was 2 (of 2 available processors)

Solution count 1: 5332.11 

Optimal solution found (tolerance 5.00e-02)
Best objective 5.332109589041e+03, best bound 5.179406392694e+03, gap 2.8638%
Iteration:  12
Size of network:  12796  nodes,  235393  edges
Obj Value:  5332.109589041096
a: {}
n: {2: 1.0, 5: 3.0, 13: 3.0, 21: 6.0, 23: 2.0, 25: 1.0, 26: 5.0, 31: 6.0, 36: 5.0, 37: 1.0, 39: 1.0, 40: 5.0, 43: 5.0, 50: 1.0, 57: 3.0, 58: 6.0, 67: 2.0, 72: 3.0, 82: 3.0, 90: 4.0}
{0: (34.421443, -119.684178), 1: (36.167392, -94.119169), 2: (34.071417, -99.009382), 3: (34.689589, -118.130371), 4: (36.434113, -99.427596), 5: (35.400164, -119.399727), 6: (37.2129649, -93.37103), 7: (30.25011, -93.01142), 8: (36.751521, -96.000152), 9: (35.35468, -94.437379), 10: (38.89357, -94.36045), 11: (33.7885884, -118.2150827), 12: (32.596725, -117.019495), 13: (33.30006, -111.96835), 14: (35.392817, -97.422948), 15: (38.96627, -95.700495), 16: (30.725159, -96.425728), 17: (37.737099, -97.32375), 18: (34.188212, -97.171022), 19: (33.94423, -96.41932), 20: (30.209862, -92.002378), 21: (37.183969, -104.499646), 22: (32.267588, -107.774524), 23: (36.72136, -119.761165), 24: (30.437821, -95.498724), 25: (35.079896, -106.746225), 26: (35.840761, -98.419831), 27: (31.207465, -95.996079), 28: (33.899899, -118.207088), 29: (33.3874378, -110.7609849), 30: (34.02094, -117.385415), 31: (33.603063, -114.598023), 32: (35.189976, -101.706309), 33: (35.853211, -94.989243), 34: (35.004614, -106.032837), 35: (31.151717, -93.265081), 36: (36.706596, -101.443207), 37: (37.069631, -100.905444), 38: (32.62712, -96.74537), 39: (36.075856, -119.043996), 40: (35.65758, -105.993406), 41: (32.181782, -94.334174), 42: (30.330588, -97.701649), 43: (35.01643, -110.675005), 44: (35.25655, -96.671004), 45: (33.3021433, -111.9552863), 46: (36.535661, -97.33916), 47: (32.698465, -97.959695), 48: (33.984094, -106.887526), 49: (32.7658795, -96.8754612), 50: (35.309665, -99.631741), 51: (31.784139, -93.08731), 52: (33.0390751, -117.2841996), 53: (38.164391, -112.278183), 54: (34.4349097, -119.9212861), 55: (31.499498, -97.173412), 56: (33.9541734, -117.5556971), 57: (34.118101, -116.45646), 58: (36.71838, -108.167694), 59: (31.940555, -102.169802), 60: (36.081743, -96.054325), 61: (32.469998, -93.672804), 62: (34.4425082, -119.7812613), 63: (37.648431, -98.094183), 64: (32.448848, -100.439583), 65: (32.627591, -97.314361), 66: (38.54421, -106.92517), 67: (34.886448, -117.079423), 68: (35.9874334, -119.961999), 69: (32.794671, -115.539473), 70: (36.220567, -115.125553), 71: (35.106478, -92.43572), 72: (34.584172, -98.396813), 73: (33.39639, -110.76888), 74: (37.8135094, -119.8800771), 75: (35.87844, -97.392471), 76: (35.490972, -98.967096), 77: (33.8310496, -116.5452277), 78: (32.354553, -95.302495), 79: (37.962455, -100.846437), 80: (32.178328, -110.960207), 81: (38.7747705, -119.9029911), 82: (33.463568, -112.459255), 83: (36.009923, -114.784826), 84: (35.3002628, -119.0381956), 85: (36.249164, -95.333829), 86: (33.6699802, -96.6120405), 87: (38.971499, -92.294316), 88: (32.029056, -93.713243), 89: (33.8722233, -118.2654222), 90: (35.263617, -112.194139), 91: (37.199194, -93.402643), 92: (33.73573, -97.14484), 93: (32.881785, -111.777561), 94: (37.161682, -113.434692), 95: (30.35815, -99.606129), 96: (34.773291, -96.697633), 97: (34.12755, -118.443664), 98: (31.34545, -92.51807), 99: (38.945105, -104.724068), 100: (30.0774, -99.10731)}
x_load_0: {((67, 13, 1, 1), (67, 100, 1, 3), 0): 1.0, ((39, 28, 1, 1), (39, 80, 1, 3), 0): 1.0, ((74, 13, 1, 1), (74, 13, 119, 1), 0): 1.0, ((13, 84, 1, 3), (31, 4, 1, 0), 0): 1.0, ((13, 49, 0, 2), (13, 84, 1, 3), 0): 1.0, ((31, 4, 1, 0), (31, 100, 1, 3), 0): 1.0, ((39, 80, 1, 3), (74, 13, 1, 1), 0): 1.0, ((31, 100, 1, 3), (67, 13, 1, 1), 0): 1.0, ((67, 100, 1, 3), (39, 28, 1, 1), 0): 1.0}
x_ener_0: {((84, 9, 1, 0), (5, 2, 1, 0), 0): 2.0, ((5, 2, 1, 0), (5, 2, 119, 0), 0): 2.0, ((67, 13, 1, 1), (67, 13, 51, 1), 0): 2.0, ((39, 28, 1, 1), (84, 9, 1, 0), 0): 2.0, ((67, 13, 51, 1), (67, 13, 119, 1), 0): 2.0, ((74, 13, 1, 1), (74, 13, 51, 1), 0): 1.0, ((68, 100, 1, 3), (23, 100, 1, 3), 0): 1.0, ((74, 13, 51, 1), (74, 13, 119, 1), 0): 1.0, ((31, 59, 1, 2), (31, 59, 51, 2), 0): 3.0, ((31, 59, 51, 2), (31, 59, 101, 2), 0): 3.0, ((31, 59, 101, 2), (13, 4, 101, 0), 0): 3.0, ((13, 84, 1, 3), (31, 4, 1, 0), 0): 3.0, ((31, 4, 1, 0), (31, 4, 51, 0), 0): 3.0, ((31, 4, 51, 0), (31, 4, 119, 0), 0): 3.0, ((13, 4, 101, 0), (13, 4, 119, 0), 0): 3.0, ((23, 100, 1, 3), (39, 80, 1, 3), 0): 1.0, ((39, 80, 1, 3), (74, 13, 1, 1), 0): 1.0, ((57, 90, 1, 3), (31, 59, 1, 2), 0): 3.0, ((31, 100, 1, 3), (67, 13, 1, 1), 0): 2.0, ((31, 100, 0, 3), (31, 100, 1, 3), 0): 2.0, ((39, 100, 0, 3), (68, 100, 1, 3), 0): 1.0, ((57, 90, 0, 3), (57, 90, 1, 3), 0): 3.0, ((67, 100, 1, 3), (39, 28, 1, 1), 0): 2.0, ((67, 100, 0, 3), (67, 100, 1, 3), 0): 2.0, ((82, 100, 0, 3), (13, 84, 1, 3), 0): 3.0}
(((13, np.int64(49), np.int64(0), 2), (13, 84, 1, 3), 0), ((13, 84, 1, 3), (31, 4, 1, 0), 0), ((31, 4, 1, 0), (31, 100, 1, 3), 0), ((31, 100, 1, 3), (67, 13, 1, 1), 0), ((67, 13, 1, 1), (67, 100, 1, 3), 0), ((67, 100, 1, 3), (39, 28, 1, 1), 0), ((39, 28, 1, 1), (39, 80, 1, 3), 0), ((39, 80, 1, 3), (74, 13, 1, 1), 0), ((74, 13, 1, 1), (74, 13, 119, 1), 0))
New edge added:  ((13, np.int64(84), np.int64(1), 3), (31, np.int64(4), np.int64(11), 0), 0)  Edge removed:  ((13, 84, 1, 3), (31, 4, 1, 0), 0)
x_load_1: {((2, 49, 1, 2), (50, 4, 1, 0), 0): 1.0, ((50, 4, 1, 0), (50, 100, 1, 3), 0): 1.0, ((2, 0, 1, 0), (2, 49, 1, 2), 0): 1.0, ((13, 7, 1, 0), (13, 7, 119, 0), 0): 1.0, ((21, 10, 1, 1), (21, 100, 1, 3), 0): 1.0, ((21, 100, 1, 3), (40, 30, 1, 1), 0): 1.0, ((40, 30, 1, 1), (40, 80, 1, 3), 0): 1.0, ((40, 80, 1, 3), (58, 6, 1, 0), 0): 1.0, ((43, 80, 1, 3), (13, 7, 1, 0), 0): 1.0, ((36, 27, 1, 1), (36, 100, 1, 3), 0): 1.0, ((36, 100, 1, 3), (21, 10, 1, 1), 0): 1.0, ((58, 6, 1, 0), (58, 100, 1, 3), 0): 1.0, ((43, 4, 1, 0), (43, 80, 1, 3), 0): 1.0, ((49, 80, 0, 3), (2, 0, 1, 0), 0): 1.0, ((50, 100, 1, 3), (36, 27, 1, 1), 0): 1.0, ((58, 100, 1, 3), (43, 4, 1, 0), 0): 1.0}
x_ener_1: {((2, 49, 1, 2), (50, 4, 1, 0), 0): 1.0, ((50, 4, 1, 0), (50, 4, 51, 0), 0): 1.0, ((2, 0, 1, 0), (2, 0, 51, 0), 0): 1.0, ((2, 0, 51, 0), (2, 0, 101, 0), 0): 1.0, ((50, 4, 51, 0), (50, 4, 119, 0), 0): 1.0, ((2, 0, 101, 0), (2, 0, 119, 0), 0): 1.0, ((37, 8, 1, 0), (37, 8, 119, 0), 0): 1.0, ((13, 7, 1, 0), (13, 7, 119, 0), 0): 1.0, ((21, 10, 1, 1), (21, 10, 51, 1), 0): 1.0, ((21, 100, 1, 3), (40, 30, 1, 1), 0): 1.0, ((21, 100, 0, 3), (21, 100, 1, 3), 0): 1.0, ((40, 30, 1, 1), (25, 0, 1, 0), 0): 1.0, ((21, 10, 51, 1), (21, 10, 119, 1), 0): 1.0, ((25, 100, 0, 3), (40, 80, 1, 3), 0): 1.0, ((40, 80, 1, 3), (58, 6, 1, 0), 0): 1.0, ((25, 0, 1, 0), (25, 0, 51, 0), 0): 1.0, ((25, 0, 51, 0), (25, 0, 101, 0), 0): 1.0, ((25, 0, 101, 0), (25, 0, 119, 0), 0): 1.0, ((26, 100, 1, 3), (76, 100, 1, 3), 0): 1.0, ((26, 100, 0, 3), (26, 100, 1, 3), 0): 1.0, ((76, 100, 1, 3), (50, 100, 1, 3), 0): 1.0, ((43, 80, 1, 3), (13, 7, 1, 0), 0): 1.0, ((36, 27, 1, 1), (37, 8, 1, 0), 0): 1.0, ((36, 100, 1, 3), (21, 10, 1, 1), 0): 1.0, ((37, 100, 0, 3), (36, 100, 1, 3), 0): 1.0, ((58, 6, 1, 0), (58, 6, 51, 0), 0): 1.0, ((58, 6, 51, 0), (58, 6, 119, 0), 0): 1.0, ((43, 4, 1, 0), (43, 4, 119, 0), 0): 1.0, ((49, 80, 0, 3), (2, 0, 1, 0), 0): 1.0, ((50, 100, 1, 3), (36, 27, 1, 1), 0): 1.0, ((50, 80, 0, 3), (2, 49, 1, 2), 0): 1.0, ((58, 100, 1, 3), (43, 4, 1, 0), 0): 1.0, ((58, 100, 0, 3), (58, 100, 1, 3), 0): 1.0, ((90, 100, 1, 3), (43, 80, 1, 3), 0): 1.0, ((90, 100, 0, 3), (90, 100, 1, 3), 0): 1.0}
(((49, np.int64(80), np.int64(0), 3), (2, 0, 1, 0), 0), ((2, 0, 1, 0), (2, 49, 1, 2), 0), ((2, 49, 1, 2), (50, 4, 1, 0), 0), ((50, 4, 1, 0), (50, 100, 1, 3), 0), ((50, 100, 1, 3), (36, 27, 1, 1), 0), ((36, 27, 1, 1), (36, 100, 1, 3), 0), ((36, 100, 1, 3), (21, 10, 1, 1), 0), ((21, 10, 1, 1), (21, 100, 1, 3), 0), ((21, 100, 1, 3), (40, 30, 1, 1), 0), ((40, 30, 1, 1), (40, 80, 1, 3), 0), ((40, 80, 1, 3), (58, 6, 1, 0), 0), ((58, 6, 1, 0), (58, 100, 1, 3), 0), ((58, 100, 1, 3), (43, 4, 1, 0), 0), ((43, 4, 1, 0), (43, 80, 1, 3), 0), ((43, 80, 1, 3), (13, 7, 1, 0), 0), ((13, 7, 1, 0), (13, 7, 119, 0), 0))
New edge added:  ((49, np.int64(80), np.int64(0), 3), (2, np.int64(0), np.int64(10), 0), 0)  Edge removed:  ((49, np.int64(80), np.int64(0), 3), (2, 0, 1, 0), 0)
x_load_2: {((39, 18, 1, 1), (39, 100, 1, 3), 0): 1.0, ((57, 7, 1, 0), (57, 67, 1, 2), 0): 3.0, ((39, 17, 1, 1), (39, 100, 1, 3), 0): 1.0, ((72, 2, 1, 0), (72, 80, 1, 3), 0): 1.0, ((72, 2, 1, 0), (72, 100, 1, 3), 0): 1.0, ((76, 15, 1, 1), (76, 39, 1, 1), 0): 2.0, ((76, 15, 1, 1), (76, 100, 1, 3), 0): 3.0, ((76, 39, 1, 1), (72, 2, 1, 0), 0): 2.0, ((49, 0, 1, 0), (49, 0, 119, 0), 0): 1.0, ((72, 63, 1, 2), (72, 100, 1, 3), 0): 3.0, ((49, 20, 1, 1), (49, 20, 119, 1), 0): 4.0, ((72, 100, 1, 3), (49, 20, 1, 1), 0): 4.0, ((28, 59, 1, 2), (57, 7, 1, 0), 0): 3.0, ((57, 67, 1, 2), (31, 10, 1, 1), 0): 3.0, ((74, 33, 1, 1), (74, 33, 119, 1), 0): 2.0, ((39, 100, 1, 3), (74, 33, 1, 1), 0): 2.0, ((31, 10, 1, 1), (31, 100, 1, 3), 0): 3.0, ((43, 7, 1, 0), (43, 100, 1, 3), 0): 2.0, ((73, 64, 1, 2), (43, 7, 1, 0), 0): 2.0, ((13, 100, 0, 3), (73, 64, 1, 2), 0): 2.0, ((43, 54, 1, 2), (43, 100, 1, 3), 0): 3.0, ((21, 30, 1, 1), (21, 100, 1, 3), 0): 5.0, ((21, 100, 1, 3), (36, 10, 1, 1), 0): 5.0, ((36, 10, 1, 1), (36, 100, 1, 3), 0): 5.0, ((40, 26, 1, 1), (40, 100, 1, 3), 0): 5.0, ((76, 100, 1, 3), (72, 63, 1, 2), 0): 3.0, ((28, 18, 0, 1), (28, 59, 1, 2), 0): 3.0, ((28, 98, 0, 3), (39, 17, 1, 1), 0): 1.0, ((28, 100, 0, 3), (39, 18, 1, 1), 0): 1.0, ((31, 100, 1, 3), (90, 6, 1, 0), 0): 3.0, ((90, 6, 1, 0), (90, 100, 1, 3), 0): 3.0, ((40, 100, 1, 3), (21, 30, 1, 1), 0): 5.0, ((36, 100, 1, 3), (76, 15, 1, 1), 0): 5.0, ((58, 4, 1, 0), (58, 100, 1, 3), 0): 5.0, ((43, 100, 1, 3), (58, 4, 1, 0), 0): 5.0, ((58, 100, 1, 3), (40, 26, 1, 1), 0): 5.0, ((72, 80, 1, 3), (49, 0, 1, 0), 0): 1.0, ((90, 100, 1, 3), (43, 54, 1, 2), 0): 3.0}
x_ener_2: {((39, 18, 1, 1), (5, 0, 1, 0), 0): 1.0, ((57, 7, 1, 0), (57, 7, 119, 0), 0): 3.0, ((39, 17, 1, 1), (39, 17, 119, 1), 0): 1.0, ((11, 60, 1, 2), (28, 59, 1, 2), 1): 3.0, ((23, 6, 51, 0), (23, 6, 119, 0), 0): 2.0, ((72, 2, 1, 0), (72, 2, 119, 0), 0): 3.0, ((76, 15, 1, 1), (26, 2, 1, 0), 0): 5.0, ((76, 39, 1, 1), (72, 2, 1, 0), 0): 3.0, ((38, 22, 1, 1), (38, 22, 51, 1), 0): 4.0, ((49, 0, 1, 0), (49, 0, 119, 0), 0): 1.0, ((72, 63, 1, 2), (76, 39, 1, 1), 0): 3.0, ((2, 100, 0, 3), (72, 100, 1, 3), 0): 1.0, ((49, 20, 1, 1), (38, 22, 1, 1), 0): 4.0, ((72, 100, 1, 3), (49, 20, 1, 1), 0): 4.0, ((38, 22, 51, 1), (65, 15, 51, 1), 0): 4.0, ((28, 59, 1, 2), (57, 7, 1, 0), 0): 3.0, ((89, 58, 1, 2), (11, 60, 1, 2), 1): 3.0, ((57, 67, 1, 2), (31, 10, 1, 1), 0): 3.0, ((26, 2, 1, 0), (26, 2, 119, 0), 0): 5.0, ((74, 33, 1, 1), (74, 33, 51, 1), 0): 2.0, ((5, 100, 0, 3), (89, 58, 1, 2), 0): 3.0, ((39, 100, 1, 3), (74, 33, 1, 1), 0): 2.0, ((68, 100, 1, 3), (39, 100, 1, 3), 0): 2.0, ((5, 0, 1, 0), (5, 0, 119, 0), 0): 1.0, ((74, 33, 51, 1), (23, 6, 51, 0), 0): 2.0, ((31, 10, 1, 1), (31, 10, 119, 1), 0): 3.0, ((43, 7, 1, 0), (43, 7, 51, 0), 0): 4.0, ((73, 64, 1, 2), (43, 7, 1, 0), 0): 4.0, ((13, 100, 0, 3), (73, 64, 1, 2), 0): 4.0, ((43, 54, 1, 2), (43, 54, 51, 2), 0): 3.0, ((43, 7, 51, 0), (43, 7, 101, 0), 0): 4.0, ((43, 54, 51, 2), (43, 54, 101, 2), 0): 3.0, ((43, 7, 101, 0), (43, 7, 119, 0), 0): 4.0, ((43, 54, 101, 2), (82, 3, 101, 0), 0): 3.0, ((49, 6, 51, 0), (49, 6, 119, 0), 0): 4.0, ((65, 15, 51, 1), (49, 6, 51, 0), 0): 4.0, ((21, 30, 1, 1), (21, 30, 51, 1), 0): 5.0, ((21, 100, 1, 3), (36, 10, 1, 1), 0): 5.0, ((21, 100, 0, 3), (21, 100, 1, 3), 0): 5.0, ((36, 10, 1, 1), (36, 10, 119, 1), 0): 5.0, ((21, 30, 51, 1), (21, 30, 119, 1), 0): 5.0, ((23, 100, 0, 3), (68, 100, 1, 3), 0): 2.0, ((40, 26, 1, 1), (40, 26, 119, 1), 0): 5.0, ((26, 100, 1, 3), (76, 100, 1, 3), 0): 4.0, ((26, 100, 0, 3), (26, 100, 1, 3), 0): 4.0, ((76, 100, 1, 3), (72, 63, 1, 2), 0): 3.0, ((76, 100, 1, 3), (72, 80, 1, 3), 0): 1.0, ((28, 98, 0, 3), (39, 17, 1, 1), 0): 1.0, ((28, 100, 0, 3), (30, 75, 1, 2), 0): 3.0, ((28, 100, 0, 3), (39, 18, 1, 1), 0): 1.0, ((30, 75, 1, 2), (57, 67, 1, 2), 0): 3.0, ((82, 3, 101, 0), (82, 3, 119, 0), 0): 3.0, ((31, 100, 1, 3), (90, 6, 1, 0), 0): 4.0, ((31, 100, 0, 3), (31, 100, 1, 3), 0): 4.0, ((90, 6, 1, 0), (90, 6, 119, 0), 0): 4.0, ((40, 100, 1, 3), (21, 30, 1, 1), 0): 5.0, ((36, 100, 1, 3), (76, 15, 1, 1), 0): 5.0, ((36, 100, 0, 3), (36, 100, 1, 3), 0): 5.0, ((58, 4, 1, 0), (58, 4, 119, 0), 0): 5.0, ((40, 100, 0, 3), (40, 100, 1, 3), 0): 5.0, ((43, 100, 1, 3), (58, 4, 1, 0), 0): 5.0, ((43, 100, 0, 3), (43, 100, 1, 3), 0): 5.0, ((58, 100, 1, 3), (40, 26, 1, 1), 0): 5.0, ((58, 100, 0, 3), (58, 100, 1, 3), 0): 5.0, ((72, 80, 1, 3), (49, 0, 1, 0), 0): 1.0, ((72, 100, 0, 3), (72, 100, 1, 3), 0): 3.0, ((90, 100, 1, 3), (43, 54, 1, 2), 0): 3.0, ((90, 100, 0, 3), (90, 100, 1, 3), 0): 3.0}
(((13, np.int64(100), np.int64(0), 3), (73, 64, 1, 2), 0), ((73, 64, 1, 2), (43, 7, 1, 0), 0), ((43, 7, 1, 0), (43, 100, 1, 3), 0), ((43, 100, 1, 3), (58, 4, 1, 0), 0), ((58, 4, 1, 0), (58, 100, 1, 3), 0), ((58, 100, 1, 3), (40, 26, 1, 1), 0), ((40, 26, 1, 1), (40, 100, 1, 3), 0), ((40, 100, 1, 3), (21, 30, 1, 1), 0), ((21, 30, 1, 1), (21, 100, 1, 3), 0), ((21, 100, 1, 3), (36, 10, 1, 1), 0), ((36, 10, 1, 1), (36, 100, 1, 3), 0), ((36, 100, 1, 3), (76, 15, 1, 1), 0), ((76, 15, 1, 1), (76, 39, 1, 1), 0), ((76, 39, 1, 1), (72, 2, 1, 0), 0), ((72, 2, 1, 0), (72, 80, 1, 3), 0), ((72, 80, 1, 3), (49, 0, 1, 0), 0), ((49, 0, 1, 0), (49, 0, 119, 0), 0))
New edge added:  ((13, np.int64(100), np.int64(0), 3), (73, np.int64(64), np.int64(5), 2), 0)  Edge removed:  ((13, np.int64(100), np.int64(0), 3), (73, 64, 1, 2), 0)
Solution cannot be extended to a feasible solution, updating network...
n[ 2 ] =  1.0
n[ 5 ] =  3.0
n[ 13 ] =  3.0
n[ 21 ] =  6.0
n[ 23 ] =  2.0
n[ 25 ] =  1.0
n[ 26 ] =  5.0
n[ 31 ] =  6.0
n[ 36 ] =  5.0
n[ 37 ] =  1.0
n[ 39 ] =  1.0
n[ 40 ] =  5.0
n[ 43 ] =  5.0
n[ 50 ] =  1.0
n[ 57 ] =  3.0
n[ 58 ] =  6.0
n[ 67 ] =  2.0
n[ 72 ] =  3.0
n[ 82 ] =  3.0
n[ 90 ] =  4.0
'''''''''''''''''
Gurobi Optimizer version 13.0.1 build v13.0.1rc0 (linux64 - "Debian GNU/Linux 12 (bookworm)")

CPU model: Intel(R) Xeon(R) CPU @ 2.20GHz, instruction set [SSE2|AVX|AVX2]
Thread count: 1 physical cores, 2 logical processors, using up to 2 threads

Non-default parameters:
MIPGap  0.05

Academic license 937859 - for non-commercial use only - registered to hp___@cornell.edu
Optimize a model with 690321 rows, 1418098 columns and 3661238 nonzeros (Min)
Model fingerprint: 0x20f78abf
Model has 1020400 linear objective coefficients
Variable types: 0 continuous, 1418098 integer (0 binary)
Coefficient statistics:
  Matrix range     [1e+00, 3e+05]
  Objective range  [6e-01, 8e+02]
  Bounds range     [0e+00, 0e+00]
  RHS range        [1e+00, 5e+00]

MIP start from previous solve did not produce a new incumbent solution
MIP start from previous solve violates constraint flow_bal_load[(73,_np.int64(64),_np.int64(1),_2),2] by 2.000000000
Processed MIP start in 1.37 seconds (0.35 work units)

Presolve removed 556981 rows and 742496 columns (presolve time = 5s)...
Presolve removed 560457 rows and 775715 columns (presolve time = 10s)...
Presolve removed 562196 rows and 788500 columns (presolve time = 15s)...
Presolve removed 562258 rows and 788570 columns (presolve time = 20s)...
Presolve removed 562249 rows and 788561 columns
Presolve time: 20.36s
Presolved: 128072 rows, 629537 columns, 1458765 nonzeros
Variable types: 0 continuous, 629537 integer (2021 binary)

Root simplex log...

Iteration    Objective       Primal Inf.    Dual Inf.      Time
       0      handle free variables                         30s
    1364    3.2400001e+02   3.625000e+01   0.000000e+00     30s
    8489    1.0429509e+03   1.884561e+02   0.000000e+00     35s
   12104    1.5432807e+03   3.423588e+02   0.000000e+00     40s
   14954    1.6705641e+03   2.836544e+02   0.000000e+00     45s
   16654    1.7312774e+03   1.290536e+02   0.000000e+00     50s
   18174    1.7726157e+03   1.310381e+02   0.000000e+00     55s
   19644    1.8097633e+03   2.255847e+02   0.000000e+00     60s
   21134    1.8389321e+03   2.171497e+02   0.000000e+00     65s
   22634    1.8661781e+03   7.600000e+01   0.000000e+00     70s
   24014    1.8764891e+03   3.670205e+02   0.000000e+00     75s
   25344    1.9126855e+03   1.842203e+02   0.000000e+00     80s
   26544    1.9221336e+03   2.645424e+02   0.000000e+00     85s
   27754    1.9373995e+03   2.192585e+02   0.000000e+00     90s
   28874    1.9605815e+03   6.050267e+01   0.000000e+00     96s
   29824    1.9877901e+03   8.875000e+01   0.000000e+00    100s
   30844    2.0017867e+03   3.450000e+01   0.000000e+00    105s
   32044    2.0977441e+03   1.049974e+02   0.000000e+00    111s
   33104    2.2377384e+03   2.479000e+02   0.000000e+00    115s
   33974    2.2507422e+03   9.475000e+01   0.000000e+00    120s
   35044    2.2765192e+03   8.069491e+02   0.000000e+00    126s
   35704    2.2979180e+03   1.025672e+02   0.000000e+00    130s
   36474    2.3038471e+03   3.895100e+02   0.000000e+00    135s
   37244    2.3206154e+03   4.103298e+02   0.000000e+00    141s
   37814    2.3260753e+03   6.909605e+01   0.000000e+00    145s
   38674    2.3293503e+03   2.677432e+02   0.000000e+00    151s
   39404    2.3491391e+03   2.188627e+02   0.000000e+00    156s
   40074    2.3675157e+03   1.594493e+02   0.000000e+00    161s
   40634    2.3714162e+03   3.796662e+02   0.000000e+00    165s
   41264    2.3882513e+03   3.221620e+02   0.000000e+00    170s
   42284    2.4222030e+03   1.089652e+02   0.000000e+00    176s
   42984    2.4224137e+03   1.891017e+02   0.000000e+00    180s
   43904    2.4552706e+03   3.223022e+02   0.000000e+00    185s
   44744    2.4993322e+03   2.151525e+02   0.000000e+00    190s
   45644    2.5976979e+03   2.531801e+02   0.000000e+00    196s
   46084    2.6299892e+03   1.730138e+02   0.000000e+00    200s
   46804    2.6639033e+03   4.210767e+02   0.000000e+00    205s
   47594    2.6808809e+03   2.382999e+02   0.000000e+00    211s
   48274    2.6973397e+03   3.349107e+02   0.000000e+00    216s
   48974    2.7045286e+03   9.001762e+01   0.000000e+00    221s
   49634    2.7048327e+03   8.658375e+01   0.000000e+00    226s
   50654    2.7558301e+03   5.027875e+01   0.000000e+00    230s
   51574    2.7855323e+03   2.092071e+02   0.000000e+00    236s
   52424    2.8070131e+03   7.390579e+01   0.000000e+00    240s
   53524    2.8977426e+03   1.982881e+02   0.000000e+00    245s
   54734    3.0276011e+03   2.464153e+02   0.000000e+00    250s
   55644    3.3754481e+03   6.160953e+02   0.000000e+00    255s
   56684    4.3837336e+03   5.399386e+02   0.000000e+00    261s
   57554    4.9475896e+03   4.857351e+02   0.000000e+00    266s
   58154    5.0008140e+03   1.637926e+03   0.000000e+00    270s
   58814    5.0322409e+03   3.580696e+02   0.000000e+00    276s
   59324    5.0403246e+03   6.565746e+02   0.000000e+00    281s
   59914    5.0529130e+03   3.716120e+02   0.000000e+00    285s
   60814    5.0686029e+03   1.700252e+02   0.000000e+00    290s
   61604    5.1021812e+03   3.607345e+02   0.000000e+00    296s
   62244    5.1384498e+03   1.000000e+02   0.000000e+00    300s
   62844    5.1429593e+03   1.628125e+02   0.000000e+00    305s
   63664    5.1573473e+03   1.617340e+02   0.000000e+00    311s
   64014    5.1670333e+03   7.033333e+01   0.000000e+00    315s
   64494    5.1751268e+03   6.464062e+01   0.000000e+00    321s
   64854    5.1781606e+03   1.265855e+02   0.000000e+00    327s
   65164    5.1802014e+03   7.764803e+01   0.000000e+00    330s
   65644    5.1856266e+03   2.421268e+02   0.000000e+00    336s
   66014    5.1886432e+03   8.084517e+01   0.000000e+00    341s
   66374    5.1903990e+03   5.421002e+01   0.000000e+00    346s
   66734    5.1912022e+03   4.225000e+01   0.000000e+00    351s
   66974    5.1938549e+03   7.502436e+01   0.000000e+00    355s
   67334    5.1944964e+03   3.175202e+01   0.000000e+00    361s
   67564    5.1947592e+03   6.000000e+00   0.000000e+00    365s
   67592    5.1947591e+03   0.000000e+00   0.000000e+00    366s
   67592    5.1947591e+03   0.000000e+00   0.000000e+00    366s

Root relaxation: objective 5.194759e+03, 67592 iterations, 340.05 seconds (112.71 work units)

    Nodes    |    Current Node    |     Objective Bounds      |     Work
 Expl Unexpl |  Obj  Depth IntInf | Incumbent    BestBd   Gap | It/Node Time

     0     0 5194.75913    0   41          - 5194.75913      -     -  405s
H    0     0                    5215.3732877 5194.75913  0.40%     -  411s

Explored 1 nodes (117587 simplex iterations) in 411.87 seconds (130.96 work units)
Thread count was 2 (of 2 available processors)

Solution count 1: 5215.37 

Optimal solution found (tolerance 5.00e-02)
Best objective 5.215373287671e+03, best bound 5.194759132420e+03, gap 0.3953%
Iteration:  13
Size of network:  12842  nodes,  236280  edges
Obj Value:  5215.373287671233
a: {}
n: {5: 1.0, 19: 1.0, 21: 6.0, 23: 1.0, 31: 3.0, 34: 5.0, 36: 6.0, 39: 1.0, 40: 1.0, 43: 5.0, 50: 2.0, 57: 2.0, 58: 6.0, 67: 1.0, 69: 2.0, 70: 1.0, 72: 2.0, 76: 4.0, 82: 3.0, 90: 2.0, 92: 1.0}
{0: (34.421443, -119.684178), 1: (36.167392, -94.119169), 2: (34.071417, -99.009382), 3: (34.689589, -118.130371), 4: (36.434113, -99.427596), 5: (35.400164, -119.399727), 6: (37.2129649, -93.37103), 7: (30.25011, -93.01142), 8: (36.751521, -96.000152), 9: (35.35468, -94.437379), 10: (38.89357, -94.36045), 11: (33.7885884, -118.2150827), 12: (32.596725, -117.019495), 13: (33.30006, -111.96835), 14: (35.392817, -97.422948), 15: (38.96627, -95.700495), 16: (30.725159, -96.425728), 17: (37.737099, -97.32375), 18: (34.188212, -97.171022), 19: (33.94423, -96.41932), 20: (30.209862, -92.002378), 21: (37.183969, -104.499646), 22: (32.267588, -107.774524), 23: (36.72136, -119.761165), 24: (30.437821, -95.498724), 25: (35.079896, -106.746225), 26: (35.840761, -98.419831), 27: (31.207465, -95.996079), 28: (33.899899, -118.207088), 29: (33.3874378, -110.7609849), 30: (34.02094, -117.385415), 31: (33.603063, -114.598023), 32: (35.189976, -101.706309), 33: (35.853211, -94.989243), 34: (35.004614, -106.032837), 35: (31.151717, -93.265081), 36: (36.706596, -101.443207), 37: (37.069631, -100.905444), 38: (32.62712, -96.74537), 39: (36.075856, -119.043996), 40: (35.65758, -105.993406), 41: (32.181782, -94.334174), 42: (30.330588, -97.701649), 43: (35.01643, -110.675005), 44: (35.25655, -96.671004), 45: (33.3021433, -111.9552863), 46: (36.535661, -97.33916), 47: (32.698465, -97.959695), 48: (33.984094, -106.887526), 49: (32.7658795, -96.8754612), 50: (35.309665, -99.631741), 51: (31.784139, -93.08731), 52: (33.0390751, -117.2841996), 53: (38.164391, -112.278183), 54: (34.4349097, -119.9212861), 55: (31.499498, -97.173412), 56: (33.9541734, -117.5556971), 57: (34.118101, -116.45646), 58: (36.71838, -108.167694), 59: (31.940555, -102.169802), 60: (36.081743, -96.054325), 61: (32.469998, -93.672804), 62: (34.4425082, -119.7812613), 63: (37.648431, -98.094183), 64: (32.448848, -100.439583), 65: (32.627591, -97.314361), 66: (38.54421, -106.92517), 67: (34.886448, -117.079423), 68: (35.9874334, -119.961999), 69: (32.794671, -115.539473), 70: (36.220567, -115.125553), 71: (35.106478, -92.43572), 72: (34.584172, -98.396813), 73: (33.39639, -110.76888), 74: (37.8135094, -119.8800771), 75: (35.87844, -97.392471), 76: (35.490972, -98.967096), 77: (33.8310496, -116.5452277), 78: (32.354553, -95.302495), 79: (37.962455, -100.846437), 80: (32.178328, -110.960207), 81: (38.7747705, -119.9029911), 82: (33.463568, -112.459255), 83: (36.009923, -114.784826), 84: (35.3002628, -119.0381956), 85: (36.249164, -95.333829), 86: (33.6699802, -96.6120405), 87: (38.971499, -92.294316), 88: (32.029056, -93.713243), 89: (33.8722233, -118.2654222), 90: (35.263617, -112.194139), 91: (37.199194, -93.402643), 92: (33.73573, -97.14484), 93: (32.881785, -111.777561), 94: (37.161682, -113.434692), 95: (30.35815, -99.606129), 96: (34.773291, -96.697633), 97: (34.12755, -118.443664), 98: (31.34545, -92.51807), 99: (38.945105, -104.724068), 100: (30.0774, -99.10731)}
x_load_0: {((67, 13, 1, 1), (67, 100, 1, 3), 0): 1.0, ((39, 28, 1, 1), (39, 72, 1, 2), 0): 1.0, ((74, 6, 1, 0), (74, 6, 119, 0), 0): 1.0, ((39, 72, 1, 2), (74, 6, 1, 0), 0): 1.0, ((13, 100, 1, 3), (82, 84, 1, 3), 0): 1.0, ((13, 49, 0, 2), (13, 100, 1, 3), 0): 1.0, ((31, 20, 1, 1), (31, 100, 1, 3), 0): 1.0, ((82, 84, 1, 3), (31, 20, 1, 1), 0): 1.0, ((31, 100, 1, 3), (67, 13, 1, 1), 0): 1.0, ((67, 100, 1, 3), (39, 28, 1, 1), 0): 1.0}
x_ener_0: {((5, 2, 1, 0), (5, 2, 51, 0), 0): 1.0, ((67, 13, 1, 1), (67, 13, 51, 1), 0): 1.0, ((39, 28, 1, 1), (5, 2, 1, 0), 0): 1.0, ((67, 59, 1, 2), (70, 7, 1, 0), 0): 1.0, ((5, 2, 51, 0), (5, 2, 101, 0), 0): 1.0, ((67, 13, 51, 1), (67, 13, 119, 1), 0): 1.0, ((5, 2, 101, 0), (5, 2, 119, 0), 0): 1.0, ((5, 100, 1, 3), (84, 100, 1, 3), 0): 1.0, ((74, 6, 1, 0), (74, 6, 51, 0), 0): 1.0, ((39, 72, 1, 2), (74, 6, 1, 0), 0): 1.0, ((5, 100, 0, 3), (5, 100, 1, 3), 0): 1.0, ((84, 100, 1, 3), (67, 59, 1, 2), 0): 1.0, ((74, 6, 51, 0), (74, 6, 101, 0), 0): 1.0, ((74, 6, 101, 0), (74, 6, 119, 0), 0): 1.0, ((13, 100, 1, 3), (82, 84, 1, 3), 0): 1.0, ((31, 20, 1, 1), (31, 20, 51, 1), 0): 1.0, ((45, 100, 1, 3), (13, 100, 1, 3), 1): 1.0, ((82, 84, 1, 3), (31, 20, 1, 1), 0): 1.0, ((31, 20, 51, 1), (31, 20, 119, 1), 0): 1.0, ((31, 100, 1, 3), (67, 13, 1, 1), 0): 1.0, ((31, 100, 0, 3), (31, 100, 1, 3), 0): 1.0, ((39, 72, 0, 2), (39, 72, 1, 2), 0): 1.0, ((70, 7, 1, 0), (70, 7, 119, 0), 0): 1.0, ((67, 100, 1, 3), (39, 28, 1, 1), 0): 1.0, ((67, 100, 0, 3), (67, 100, 1, 3), 0): 1.0, ((82, 100, 0, 3), (45, 100, 1, 3), 0): 1.0}
(((13, np.int64(49), np.int64(0), 2), (13, 100, 1, 3), 0), ((13, 100, 1, 3), (82, 84, 1, 3), 0), ((82, 84, 1, 3), (31, 20, 1, 1), 0), ((31, 20, 1, 1), (31, 100, 1, 3), 0), ((31, 100, 1, 3), (67, 13, 1, 1), 0), ((67, 13, 1, 1), (67, 100, 1, 3), 0), ((67, 100, 1, 3), (39, 28, 1, 1), 0), ((39, 28, 1, 1), (39, 72, 1, 2), 0), ((39, 72, 1, 2), (74, 6, 1, 0), 0), ((74, 6, 1, 0), (74, 6, 119, 0), 0))
New edge added:  ((13, np.int64(100), np.int64(1), 3), (82, np.int64(84), np.int64(3), 3), 0)  Edge removed:  ((13, 100, 1, 3), (82, 84, 1, 3), 0)
x_load_1: {((50, 7, 1, 0), (50, 100, 1, 3), 0): 1.0, ((13, 7, 1, 0), (13, 7, 119, 0), 0): 1.0, ((92, 32, 1, 1), (92, 100, 1, 3), 0): 1.0, ((92, 100, 1, 3), (50, 7, 1, 0), 0): 1.0, ((21, 10, 1, 1), (21, 80, 1, 3), 0): 1.0, ((21, 80, 1, 3), (40, 10, 1, 1), 0): 1.0, ((40, 10, 1, 1), (40, 80, 1, 3), 0): 1.0, ((40, 80, 1, 3), (58, 6, 1, 0), 0): 1.0, ((43, 80, 1, 3), (13, 7, 1, 0), 0): 1.0, ((36, 27, 1, 1), (36, 100, 1, 3), 0): 1.0, ((36, 100, 1, 3), (21, 10, 1, 1), 0): 1.0, ((58, 6, 1, 0), (58, 100, 1, 3), 0): 1.0, ((43, 4, 1, 0), (43, 80, 1, 3), 0): 1.0, ((49, 66, 0, 2), (92, 32, 1, 1), 0): 1.0, ((50, 100, 1, 3), (36, 27, 1, 1), 0): 1.0, ((58, 100, 1, 3), (43, 4, 1, 0), 0): 1.0}
x_ener_1: {((50, 7, 1, 0), (50, 7, 119, 0), 0): 1.0, ((37, 15, 1, 1), (37, 15, 51, 1), 0): 1.0, ((36, 6, 51, 0), (36, 6, 101, 0), 0): 1.0, ((37, 15, 51, 1), (36, 6, 51, 0), 0): 1.0, ((36, 6, 101, 0), (36, 6, 119, 0), 0): 1.0, ((13, 7, 1, 0), (13, 7, 119, 0), 0): 1.0, ((92, 32, 1, 1), (49, 7, 1, 0), 0): 1.0, ((18, 100, 1, 3), (92, 100, 1, 3), 0): 1.0, ((49, 7, 1, 0), (49, 7, 119, 0), 0): 1.0, ((92, 100, 1, 3), (50, 7, 1, 0), 0): 1.0, ((21, 10, 1, 1), (21, 10, 119, 1), 0): 1.0, ((21, 80, 1, 3), (40, 10, 1, 1), 0): 1.0, ((21, 80, 0, 3), (21, 80, 1, 3), 0): 1.0, ((40, 10, 1, 1), (40, 10, 51, 1), 0): 1.0, ((40, 10, 51, 1), (40, 10, 101, 1), 0): 1.0, ((40, 10, 101, 1), (40, 10, 119, 1), 0): 1.0, ((40, 80, 1, 3), (58, 6, 1, 0), 0): 1.0, ((76, 100, 1, 3), (50, 100, 1, 3), 0): 1.0, ((43, 80, 1, 3), (13, 7, 1, 0), 0): 1.0, ((36, 27, 1, 1), (37, 15, 1, 1), 0): 1.0, ((36, 100, 1, 3), (21, 10, 1, 1), 0): 1.0, ((36, 100, 0, 3), (37, 100, 1, 3), 0): 1.0, ((37, 100, 1, 3), (36, 100, 1, 3), 0): 1.0, ((40, 80, 0, 3), (40, 80, 1, 3), 0): 1.0, ((58, 6, 1, 0), (58, 6, 51, 0), 0): 1.0, ((58, 6, 51, 0), (58, 6, 119, 0), 0): 1.0, ((43, 4, 1, 0), (43, 4, 119, 0), 0): 1.0, ((49, 66, 0, 2), (92, 32, 1, 1), 0): 1.0, ((50, 100, 1, 3), (36, 27, 1, 1), 0): 1.0, ((50, 100, 0, 3), (76, 100, 1, 3), 0): 1.0, ((58, 100, 1, 3), (43, 4, 1, 0), 0): 1.0, ((58, 100, 0, 3), (58, 100, 1, 3), 0): 1.0, ((90, 100, 1, 3), (43, 80, 1, 3), 0): 1.0, ((90, 100, 0, 3), (90, 100, 1, 3), 0): 1.0, ((92, 100, 0, 3), (18, 100, 1, 3), 0): 1.0}
(((49, np.int64(66), np.int64(0), 2), (92, 32, 1, 1), 0), ((92, 32, 1, 1), (92, 100, 1, 3), 0), ((92, 100, 1, 3), (50, 7, 1, 0), 0), ((50, 7, 1, 0), (50, 100, 1, 3), 0), ((50, 100, 1, 3), (36, 27, 1, 1), 0), ((36, 27, 1, 1), (36, 100, 1, 3), 0), ((36, 100, 1, 3), (21, 10, 1, 1), 0), ((21, 10, 1, 1), (21, 80, 1, 3), 0), ((21, 80, 1, 3), (40, 10, 1, 1), 0), ((40, 10, 1, 1), (40, 80, 1, 3), 0), ((40, 80, 1, 3), (58, 6, 1, 0), 0), ((58, 6, 1, 0), (58, 100, 1, 3), 0), ((58, 100, 1, 3), (43, 4, 1, 0), 0), ((43, 4, 1, 0), (43, 80, 1, 3), 0), ((43, 80, 1, 3), (13, 7, 1, 0), 0), ((13, 7, 1, 0), (13, 7, 119, 0), 0))
New edge added:  ((49, np.int64(66), np.int64(0), 2), (92, np.int64(30), np.int64(5), 1), 0)  Edge removed:  ((49, np.int64(66), np.int64(0), 2), (92, 32, 1, 1), 0)
x_load_2: {((39, 17, 1, 1), (39, 100, 1, 3), 0): 1.0, ((72, 2, 1, 0), (72, 80, 1, 3), 0): 1.0, ((92, 7, 1, 0), (92, 100, 1, 3), 0): 1.0, ((76, 15, 1, 1), (76, 39, 1, 1), 0): 1.0, ((76, 15, 1, 1), (76, 100, 1, 3), 0): 3.0, ((76, 39, 1, 1), (72, 2, 1, 0), 0): 1.0, ((92, 17, 1, 1), (92, 40, 1, 2), 0): 1.0, ((49, 0, 1, 0), (49, 0, 119, 0), 0): 1.0, ((72, 63, 1, 2), (72, 100, 1, 3), 0): 2.0, ((49, 20, 1, 1), (49, 20, 119, 1), 0): 2.0, ((72, 100, 1, 3), (49, 20, 1, 1), 0): 2.0, ((74, 33, 1, 1), (74, 33, 119, 1), 0): 1.0, ((39, 100, 1, 3), (74, 33, 1, 1), 0): 1.0, ((30, 72, 1, 2), (30, 95, 1, 3), 0): 2.0, ((30, 95, 1, 3), (31, 10, 1, 1), 0): 2.0, ((69, 10, 1, 1), (69, 100, 1, 3), 0): 2.0, ((82, 4, 1, 0), (82, 80, 1, 3), 0): 2.0, ((31, 10, 1, 1), (31, 100, 1, 3), 0): 2.0, ((82, 80, 1, 3), (43, 3, 1, 0), 0): 2.0, ((13, 100, 0, 3), (45, 100, 1, 3), 0): 1.0, ((43, 54, 1, 2), (43, 100, 1, 3), 0): 1.0, ((45, 100, 1, 3), (93, 84, 1, 3), 0): 1.0, ((90, 54, 1, 2), (43, 10, 1, 1), 0): 1.0, ((93, 84, 1, 3), (43, 0, 1, 0), 0): 1.0, ((49, 4, 1, 0), (49, 4, 119, 0), 0): 1.0, ((92, 40, 1, 2), (49, 4, 1, 0), 0): 1.0, ((49, 64, 1, 2), (49, 64, 119, 2), 0): 1.0, ((92, 100, 1, 3), (49, 64, 1, 2), 0): 1.0, ((21, 9, 1, 0), (21, 100, 1, 3), 0): 5.0, ((21, 100, 1, 3), (36, 10, 1, 1), 0): 5.0, ((36, 10, 1, 1), (36, 100, 1, 3), 0): 5.0, ((40, 26, 1, 1), (40, 77, 1, 2), 0): 5.0, ((50, 27, 1, 1), (50, 100, 1, 3), 0): 1.0, ((76, 100, 1, 3), (72, 63, 1, 2), 0): 2.0, ((76, 100, 1, 3), (92, 17, 1, 1), 0): 1.0, ((28, 96, 0, 3), (30, 72, 1, 2), 0): 2.0, ((28, 98, 0, 3), (39, 17, 1, 1), 0): 1.0, ((28, 100, 0, 3), (69, 10, 1, 1), 0): 2.0, ((43, 0, 1, 0), (43, 100, 1, 3), 0): 1.0, ((43, 3, 1, 0), (43, 100, 1, 3), 0): 2.0, ((43, 10, 1, 1), (43, 100, 1, 3), 0): 1.0, ((31, 100, 1, 3), (90, 6, 1, 0), 0): 2.0, ((90, 6, 1, 0), (90, 54, 1, 2), 0): 1.0, ((90, 6, 1, 0), (90, 100, 1, 3), 0): 1.0, ((40, 77, 1, 2), (21, 9, 1, 0), 0): 5.0, ((36, 100, 1, 3), (50, 27, 1, 1), 0): 1.0, ((36, 100, 1, 3), (76, 15, 1, 1), 0): 4.0, ((58, 4, 1, 0), (58, 100, 1, 3), 0): 5.0, ((43, 100, 1, 3), (58, 4, 1, 0), 0): 5.0, ((50, 100, 1, 3), (92, 7, 1, 0), 0): 1.0, ((58, 100, 1, 3), (40, 26, 1, 1), 0): 5.0, ((69, 100, 1, 3), (82, 4, 1, 0), 0): 2.0, ((72, 80, 1, 3), (49, 0, 1, 0), 0): 1.0, ((90, 100, 1, 3), (43, 54, 1, 2), 0): 1.0}
x_ener_2: {((23, 6, 1, 0), (23, 6, 119, 0), 0): 1.0, ((57, 7, 1, 0), (57, 7, 119, 0), 0): 2.0, ((39, 17, 1, 1), (39, 17, 51, 1), 0): 1.0, ((39, 17, 51, 1), (39, 17, 101, 1), 0): 1.0, ((39, 17, 101, 1), (39, 17, 119, 1), 0): 1.0, ((72, 2, 1, 0), (72, 2, 119, 0), 0): 2.0, ((92, 7, 1, 0), (92, 7, 119, 0), 0): 1.0, ((76, 15, 1, 1), (76, 15, 119, 1), 0): 4.0, ((76, 39, 1, 1), (72, 2, 1, 0), 0): 2.0, ((92, 17, 1, 1), (19, 1, 1, 0), 0): 1.0, ((49, 0, 1, 0), (49, 0, 119, 0), 0): 1.0, ((72, 63, 1, 2), (76, 39, 1, 1), 0): 2.0, ((49, 20, 1, 1), (49, 20, 119, 1), 0): 2.0, ((72, 100, 1, 3), (49, 20, 1, 1), 0): 2.0, ((28, 59, 1, 2), (57, 7, 1, 0), 0): 2.0, ((89, 58, 1, 2), (28, 59, 1, 2), 1): 2.0, ((74, 33, 1, 1), (23, 6, 1, 0), 0): 1.0, ((39, 100, 1, 3), (74, 33, 1, 1), 0): 1.0, ((68, 100, 1, 3), (39, 100, 1, 3), 0): 1.0, ((30, 72, 1, 2), (89, 58, 1, 2), 0): 2.0, ((30, 95, 1, 3), (31, 10, 1, 1), 0): 2.0, ((69, 10, 1, 1), (69, 10, 51, 1), 0): 2.0, ((69, 10, 51, 1), (69, 10, 101, 1), 0): 2.0, ((69, 10, 101, 1), (69, 10, 119, 1), 0): 2.0, ((82, 4, 1, 0), (82, 4, 51, 0), 0): 2.0, ((31, 10, 1, 1), (31, 10, 119, 1), 0): 2.0, ((82, 80, 1, 3), (43, 3, 1, 0), 0): 2.0, ((13, 100, 0, 3), (45, 100, 1, 3), 0): 1.0, ((43, 54, 1, 2), (82, 3, 1, 0), 0): 1.0, ((45, 100, 1, 3), (93, 84, 1, 3), 0): 1.0, ((90, 54, 1, 2), (43, 10, 1, 1), 0): 1.0, ((93, 84, 1, 3), (43, 0, 1, 0), 0): 1.0, ((82, 4, 51, 0), (82, 4, 101, 0), 0): 2.0, ((82, 4, 101, 0), (82, 4, 119, 0), 0): 2.0, ((49, 4, 1, 0), (49, 4, 119, 0), 0): 1.0, ((92, 40, 1, 2), (49, 4, 1, 0), 0): 1.0, ((19, 1, 1, 0), (19, 1, 51, 0), 0): 1.0, ((49, 64, 1, 2), (92, 40, 1, 2), 0): 1.0, ((92, 100, 1, 3), (49, 64, 1, 2), 0): 1.0, ((19, 1, 51, 0), (19, 1, 101, 0), 0): 1.0, ((19, 1, 101, 0), (19, 1, 119, 0), 0): 1.0, ((19, 100, 0, 3), (86, 100, 1, 3), 0): 1.0, ((86, 100, 1, 3), (92, 100, 1, 3), 0): 1.0, ((21, 9, 1, 0), (21, 9, 119, 0), 0): 5.0, ((21, 100, 1, 3), (36, 10, 1, 1), 0): 5.0, ((21, 100, 0, 3), (21, 100, 1, 3), 0): 5.0, ((36, 10, 1, 1), (36, 10, 119, 1), 0): 5.0, ((34, 9, 101, 0), (34, 9, 119, 0), 0): 5.0, ((23, 100, 1, 3), (68, 100, 1, 3), 0): 1.0, ((23, 100, 0, 3), (23, 100, 1, 3), 0): 1.0, ((40, 26, 1, 1), (40, 26, 51, 1), 0): 5.0, ((40, 26, 51, 1), (40, 26, 101, 1), 0): 5.0, ((40, 26, 101, 1), (34, 9, 101, 0), 0): 5.0, ((50, 27, 1, 1), (50, 27, 119, 1), 0): 1.0, ((76, 100, 1, 3), (72, 63, 1, 2), 0): 2.0, ((76, 100, 1, 3), (72, 80, 1, 3), 0): 1.0, ((76, 100, 1, 3), (92, 17, 1, 1), 0): 1.0, ((28, 96, 0, 3), (30, 72, 1, 2), 0): 2.0, ((28, 98, 0, 3), (39, 17, 1, 1), 0): 1.0, ((28, 100, 0, 3), (69, 10, 1, 1), 0): 2.0, ((82, 3, 1, 0), (82, 3, 119, 0), 0): 1.0, ((43, 0, 1, 0), (43, 0, 119, 0), 0): 1.0, ((43, 3, 1, 0), (43, 3, 51, 0), 0): 2.0, ((43, 10, 1, 1), (43, 10, 119, 1), 0): 1.0, ((43, 3, 51, 0), (43, 3, 101, 0), 0): 2.0, ((43, 3, 101, 0), (43, 3, 119, 0), 0): 2.0, ((31, 100, 1, 3), (90, 6, 1, 0), 0): 2.0, ((31, 100, 0, 3), (31, 100, 1, 3), 0): 2.0, ((90, 6, 1, 0), (90, 6, 51, 0), 0): 2.0, ((90, 6, 51, 0), (90, 6, 119, 0), 0): 2.0, ((34, 100, 0, 3), (40, 77, 1, 2), 0): 5.0, ((40, 77, 1, 2), (21, 9, 1, 0), 0): 5.0, ((36, 100, 1, 3), (50, 27, 1, 1), 0): 1.0, ((36, 100, 1, 3), (76, 15, 1, 1), 0): 4.0, ((36, 100, 0, 3), (37, 100, 1, 3), 0): 5.0, ((37, 100, 1, 3), (36, 100, 1, 3), 0): 5.0, ((58, 4, 1, 0), (58, 4, 119, 0), 0): 5.0, ((43, 100, 1, 3), (58, 4, 1, 0), 0): 5.0, ((43, 100, 0, 3), (43, 100, 1, 3), 0): 5.0, ((50, 100, 1, 3), (92, 7, 1, 0), 0): 1.0, ((50, 100, 0, 3), (50, 100, 1, 3), 0): 1.0, ((57, 100, 1, 3), (30, 95, 1, 3), 0): 2.0, ((57, 100, 0, 3), (77, 100, 1, 3), 0): 2.0, ((77, 100, 1, 3), (57, 100, 1, 3), 0): 2.0, ((58, 100, 1, 3), (40, 26, 1, 1), 0): 5.0, ((58, 100, 0, 3), (58, 100, 1, 3), 0): 5.0, ((69, 100, 1, 3), (82, 4, 1, 0), 0): 2.0, ((69, 100, 0, 3), (69, 100, 1, 3), 0): 2.0, ((70, 100, 0, 3), (83, 100, 1, 3), 0): 1.0, ((83, 100, 1, 3), (90, 54, 1, 2), 0): 1.0, ((72, 80, 1, 3), (49, 0, 1, 0), 0): 1.0, ((72, 100, 0, 3), (72, 100, 1, 3), 0): 2.0, ((76, 100, 0, 3), (76, 100, 1, 3), 0): 4.0, ((82, 80, 0, 3), (82, 80, 1, 3), 0): 2.0, ((90, 100, 1, 3), (43, 54, 1, 2), 0): 1.0, ((90, 100, 0, 3), (90, 100, 1, 3), 0): 1.0}
(((13, np.int64(100), np.int64(0), 3), (45, 100, 1, 3), 0), ((45, 100, 1, 3), (93, 84, 1, 3), 0), ((93, 84, 1, 3), (43, 0, 1, 0), 0), ((43, 0, 1, 0), (43, 100, 1, 3), 0), ((43, 100, 1, 3), (58, 4, 1, 0), 0), ((58, 4, 1, 0), (58, 100, 1, 3), 0), ((58, 100, 1, 3), (40, 26, 1, 1), 0), ((40, 26, 1, 1), (40, 77, 1, 2), 0), ((40, 77, 1, 2), (21, 9, 1, 0), 0), ((21, 9, 1, 0), (21, 100, 1, 3), 0), ((21, 100, 1, 3), (36, 10, 1, 1), 0), ((36, 10, 1, 1), (36, 100, 1, 3), 0), ((36, 100, 1, 3), (76, 15, 1, 1), 0), ((76, 15, 1, 1), (76, 39, 1, 1), 0), ((76, 39, 1, 1), (72, 2, 1, 0), 0), ((72, 2, 1, 0), (72, 80, 1, 3), 0), ((72, 80, 1, 3), (49, 0, 1, 0), 0), ((49, 0, 1, 0), (49, 0, 119, 0), 0))
New edge added:  ((45, np.int64(100), np.int64(1), 3), (93, np.int64(84), np.int64(3), 3), 0)  Edge removed:  ((45, 100, 1, 3), (93, 84, 1, 3), 0)
Solution cannot be extended to a feasible solution, updating network...
n[ 5 ] =  1.0
n[ 19 ] =  1.0
n[ 21 ] =  6.0
n[ 23 ] =  1.0
n[ 31 ] =  3.0
n[ 34 ] =  5.0
n[ 36 ] =  6.0
n[ 39 ] =  1.0
n[ 40 ] =  1.0
n[ 43 ] =  5.0
n[ 50 ] =  2.0
n[ 57 ] =  2.0
n[ 58 ] =  6.0
n[ 67 ] =  1.0
n[ 69 ] =  2.0
n[ 70 ] =  1.0
n[ 72 ] =  2.0
n[ 76 ] =  4.0
n[ 82 ] =  3.0
n[ 90 ] =  2.0
n[ 92 ] =  1.0
'''''''''''''''''
Gurobi Optimizer version 13.0.1 build v13.0.1rc0 (linux64 - "Debian GNU/Linux 12 (bookworm)")

CPU model: Intel(R) Xeon(R) CPU @ 2.20GHz, instruction set [SSE2|AVX|AVX2]
Thread count: 1 physical cores, 2 logical processors, using up to 2 threads

Non-default parameters:
MIPGap  0.05

Academic license 937859 - for non-commercial use only - registered to hp___@cornell.edu
Optimize a model with 691588 rows, 1420432 columns and 3671555 nonzeros (Min)
Model fingerprint: 0x6b566f83
Model has 1022095 linear objective coefficients
Variable types: 0 continuous, 1420432 integer (0 binary)
Coefficient statistics:
  Matrix range     [1e+00, 3e+05]
  Objective range  [6e-01, 8e+02]
  Bounds range     [0e+00, 0e+00]
  RHS range        [1e+00, 5e+00]

MIP start from previous solve did not produce a new incumbent solution
MIP start from previous solve violates constraint flow_bal_load[(92,_np.int64(32),_np.int64(1),_1),1] by 1.000000000
Processed MIP start in 1.56 seconds (0.35 work units)

Presolve removed 558117 rows and 744355 columns (presolve time = 5s)...
Presolve removed 561623 rows and 777706 columns (presolve time = 10s)...
Presolve removed 563300 rows and 780295 columns
Presolve time: 11.30s
Presolved: 128288 rows, 640137 columns, 1480135 nonzeros
Variable types: 0 continuous, 640137 integer (2021 binary)
Performing another presolve...
Presolve removed 122 rows and 10512 columns (presolve time = 5s)...
Presolve removed 152 rows and 10551 columns
Presolve time: 9.04s

Root simplex log...

Iteration    Objective       Primal Inf.    Dual Inf.      Time
       0      handle free variables                         34s
    1855    3.4425001e+02   4.350000e+01   0.000000e+00     35s
    8742    1.0023855e+03   1.357542e+02   0.000000e+00     40s
   12329    1.4213623e+03   8.856255e+02   0.000000e+00     45s
   15419    1.6898625e+03   5.226518e+02   0.000000e+00     50s
   17419    1.7506295e+03   6.500000e+01   0.000000e+00     55s
   18889    1.7655240e+03   2.080000e+02   0.000000e+00     60s
   20469    1.8369496e+03   1.683559e+02   0.000000e+00     65s
   21959    1.8457295e+03   1.515000e+02   0.000000e+00     70s
   23019    1.8476817e+03   1.015508e+02   0.000000e+00     75s
   24619    1.8999281e+03   1.690000e+02   0.000000e+00     80s
   25679    1.9027569e+03   3.422338e+02   0.000000e+00     85s
   26769    1.9125170e+03   9.092816e+01   0.000000e+00     90s
   27839    1.9146199e+03   1.850000e+02   0.000000e+00     96s
   28679    1.9332181e+03   8.062165e+01   0.000000e+00    100s
   29879    1.9603569e+03   2.018320e+02   0.000000e+00    105s
   30789    1.9746774e+03   6.621406e+01   0.000000e+00    110s
   31929    2.0448566e+03   1.294258e+02   0.000000e+00    115s
   33019    2.0956908e+03   1.185000e+02   0.000000e+00    120s
   33939    2.1162388e+03   9.700000e+01   0.000000e+00    125s
   35109    2.2495841e+03   1.738333e+02   0.000000e+00    131s
   35859    2.2671206e+03   2.830000e+02   0.000000e+00    135s
   36709    2.2842920e+03   1.061150e+02   0.000000e+00    141s
   37499    2.3023138e+03   2.116875e+02   0.000000e+00    146s
   38279    2.3232842e+03   1.062558e+02   0.000000e+00    150s
   39079    2.3358206e+03   1.092621e+02   0.000000e+00    155s
   39789    2.3538532e+03   1.306946e+02   0.000000e+00    160s
   40589    2.3570556e+03   1.063460e+02   0.000000e+00    166s
   41439    2.3734598e+03   2.316511e+02   0.000000e+00    170s
   42119    2.3818706e+03   2.344056e+02   0.000000e+00    176s
   42789    2.4036383e+03   3.862884e+02   0.000000e+00    181s
   43449    2.4219714e+03   4.242336e+02   0.000000e+00    186s
   43989    2.4231254e+03   4.890692e+02   0.000000e+00    191s
   44699    2.4559001e+03   3.161293e+02   0.000000e+00    196s
   45329    2.4560281e+03   1.860408e+02   0.000000e+00    200s
   46029    2.4943517e+03   1.287947e+02   0.000000e+00    205s
   46779    2.6096725e+03   7.272178e+01   0.000000e+00    210s
   47489    2.6649184e+03   2.804171e+02   0.000000e+00    215s
   48309    2.6803963e+03   3.976719e+02   0.000000e+00    221s
   49039    2.6818082e+03   1.545157e+02   0.000000e+00    225s
   49869    2.7043220e+03   2.490000e+02   0.000000e+00    231s
   50519    2.7056130e+03   7.900000e+01   0.000000e+00    236s
   51329    2.7385685e+03   6.550000e+01   0.000000e+00    240s
   52439    2.8070616e+03   7.950000e+01   0.000000e+00    245s
   53609    2.8745617e+03   5.950000e+01   0.000000e+00    250s
   54719    2.9859769e+03   1.660000e+02   0.000000e+00    255s
   55629    3.0660894e+03   3.085391e+02   0.000000e+00    261s
   56409    3.7667685e+03   2.727371e+02   0.000000e+00    265s
   57379    4.8154971e+03   6.326162e+02   0.000000e+00    270s
   58249    4.9921880e+03   1.150586e+03   0.000000e+00    275s
   59069    5.0141842e+03   6.307268e+03   0.000000e+00    281s
   59699    5.0386082e+03   8.965484e+02   0.000000e+00    285s
   60389    5.0581105e+03   3.344778e+02   0.000000e+00    291s
   61189    5.0878682e+03   2.378254e+02   0.000000e+00    296s
   61669    5.0989130e+03   3.448116e+02   0.000000e+00    301s
   62139    5.1382130e+03   2.276861e+02   0.000000e+00    306s
   62639    5.1444498e+03   1.121562e+02   0.000000e+00    310s
   63239    5.1526431e+03   1.045000e+02   0.000000e+00    315s
   63719    5.1571621e+03   9.046721e+01   0.000000e+00    320s
   64199    5.1790405e+03   3.443253e+02   0.000000e+00    325s
   64679    5.1833924e+03   1.747812e+02   0.000000e+00    331s
   65029    5.1852550e+03   9.090665e+01   0.000000e+00    336s
   65489    5.1883953e+03   7.401775e+02   0.000000e+00    341s
   65819    5.1896824e+03   7.299345e+01   0.000000e+00    346s
   66059    5.1902381e+03   1.163608e+02   0.000000e+00    350s
   66539    5.1918225e+03   1.048768e+02   0.000000e+00    356s
   66899    5.1937257e+03   3.409853e+01   0.000000e+00    362s
   67139    5.1945606e+03   3.650000e+01   0.000000e+00    365s
   67415    5.1947591e+03   0.000000e+00   0.000000e+00    370s
   67415    5.1947591e+03   0.000000e+00   0.000000e+00    370s

Root relaxation: objective 5.194759e+03, 67415 iterations, 339.51 seconds (111.15 work units)
Total elapsed time = 370.21s (DegenMoves)

    Nodes    |    Current Node    |     Objective Bounds      |     Work
 Expl Unexpl |  Obj  Depth IntInf | Incumbent    BestBd   Gap | It/Node Time

     0     0 5194.75913    0   46          - 5194.75913      -     -  405s
H    0     0                    5324.7636986 5194.75913  2.44%     -  411s

Explored 1 nodes (117292 simplex iterations) in 411.75 seconds (130.97 work units)
Thread count was 2 (of 2 available processors)

Solution count 1: 5324.76 

Optimal solution found (tolerance 5.00e-02)
Best objective 5.324763698630e+03, best bound 5.194759132420e+03, gap 2.4415%
Iteration:  14
Size of network:  12866  nodes,  236666  edges
Obj Value:  5324.763698630137
a: {}
n: {5: 3.0, 21: 6.0, 23: 1.0, 25: 5.0, 26: 4.0, 31: 5.0, 34: 1.0, 36: 5.0, 37: 1.0, 39: 1.0, 43: 5.0, 50: 2.0, 57: 2.0, 58: 6.0, 67: 3.0, 69: 2.0, 70: 1.0, 72: 3.0, 82: 3.0, 90: 2.0, 92: 2.0}
{0: (34.421443, -119.684178), 1: (36.167392, -94.119169), 2: (34.071417, -99.009382), 3: (34.689589, -118.130371), 4: (36.434113, -99.427596), 5: (35.400164, -119.399727), 6: (37.2129649, -93.37103), 7: (30.25011, -93.01142), 8: (36.751521, -96.000152), 9: (35.35468, -94.437379), 10: (38.89357, -94.36045), 11: (33.7885884, -118.2150827), 12: (32.596725, -117.019495), 13: (33.30006, -111.96835), 14: (35.392817, -97.422948), 15: (38.96627, -95.700495), 16: (30.725159, -96.425728), 17: (37.737099, -97.32375), 18: (34.188212, -97.171022), 19: (33.94423, -96.41932), 20: (30.209862, -92.002378), 21: (37.183969, -104.499646), 22: (32.267588, -107.774524), 23: (36.72136, -119.761165), 24: (30.437821, -95.498724), 25: (35.079896, -106.746225), 26: (35.840761, -98.419831), 27: (31.207465, -95.996079), 28: (33.899899, -118.207088), 29: (33.3874378, -110.7609849), 30: (34.02094, -117.385415), 31: (33.603063, -114.598023), 32: (35.189976, -101.706309), 33: (35.853211, -94.989243), 34: (35.004614, -106.032837), 35: (31.151717, -93.265081), 36: (36.706596, -101.443207), 37: (37.069631, -100.905444), 38: (32.62712, -96.74537), 39: (36.075856, -119.043996), 40: (35.65758, -105.993406), 41: (32.181782, -94.334174), 42: (30.330588, -97.701649), 43: (35.01643, -110.675005), 44: (35.25655, -96.671004), 45: (33.3021433, -111.9552863), 46: (36.535661, -97.33916), 47: (32.698465, -97.959695), 48: (33.984094, -106.887526), 49: (32.7658795, -96.8754612), 50: (35.309665, -99.631741), 51: (31.784139, -93.08731), 52: (33.0390751, -117.2841996), 53: (38.164391, -112.278183), 54: (34.4349097, -119.9212861), 55: (31.499498, -97.173412), 56: (33.9541734, -117.5556971), 57: (34.118101, -116.45646), 58: (36.71838, -108.167694), 59: (31.940555, -102.169802), 60: (36.081743, -96.054325), 61: (32.469998, -93.672804), 62: (34.4425082, -119.7812613), 63: (37.648431, -98.094183), 64: (32.448848, -100.439583), 65: (32.627591, -97.314361), 66: (38.54421, -106.92517), 67: (34.886448, -117.079423), 68: (35.9874334, -119.961999), 69: (32.794671, -115.539473), 70: (36.220567, -115.125553), 71: (35.106478, -92.43572), 72: (34.584172, -98.396813), 73: (33.39639, -110.76888), 74: (37.8135094, -119.8800771), 75: (35.87844, -97.392471), 76: (35.490972, -98.967096), 77: (33.8310496, -116.5452277), 78: (32.354553, -95.302495), 79: (37.962455, -100.846437), 80: (32.178328, -110.960207), 81: (38.7747705, -119.9029911), 82: (33.463568, -112.459255), 83: (36.009923, -114.784826), 84: (35.3002628, -119.0381956), 85: (36.249164, -95.333829), 86: (33.6699802, -96.6120405), 87: (38.971499, -92.294316), 88: (32.029056, -93.713243), 89: (33.8722233, -118.2654222), 90: (35.263617, -112.194139), 91: (37.199194, -93.402643), 92: (33.73573, -97.14484), 93: (32.881785, -111.777561), 94: (37.161682, -113.434692), 95: (30.35815, -99.606129), 96: (34.773291, -96.697633), 97: (34.12755, -118.443664), 98: (31.34545, -92.51807), 99: (38.945105, -104.724068), 100: (30.0774, -99.10731)}
x_load_0: {((67, 8, 1, 0), (67, 100, 1, 3), 0): 1.0, ((39, 28, 1, 1), (39, 72, 1, 2), 0): 1.0, ((57, 41, 1, 2), (67, 8, 1, 0), 0): 1.0, ((74, 6, 1, 0), (74, 6, 119, 0), 0): 1.0, ((39, 72, 1, 2), (74, 6, 1, 0), 0): 1.0, ((13, 100, 0, 3), (45, 100, 1, 3), 0): 1.0, ((31, 20, 1, 1), (31, 100, 1, 3), 0): 1.0, ((45, 100, 1, 3), (82, 84, 1, 3), 0): 1.0, ((82, 84, 1, 3), (31, 20, 1, 1), 0): 1.0, ((31, 100, 1, 3), (57, 41, 1, 2), 0): 1.0, ((67, 100, 1, 3), (39, 28, 1, 1), 0): 1.0}
x_ener_0: {((67, 8, 1, 0), (67, 8, 119, 0), 0): 3.0, ((5, 2, 1, 0), (5, 2, 51, 0), 0): 3.0, ((39, 28, 1, 1), (5, 2, 1, 0), 0): 3.0, ((57, 41, 1, 2), (67, 8, 1, 0), 0): 3.0, ((67, 59, 1, 2), (70, 7, 1, 0), 0): 1.0, ((5, 2, 51, 0), (5, 2, 101, 0), 0): 3.0, ((5, 2, 101, 0), (5, 2, 119, 0), 0): 3.0, ((5, 89, 1, 3), (39, 72, 1, 2), 0): 1.0, ((74, 6, 1, 0), (74, 6, 51, 0), 0): 1.0, ((39, 72, 1, 2), (74, 6, 1, 0), 0): 1.0, ((84, 89, 1, 3), (5, 89, 1, 3), 0): 1.0, ((5, 100, 0, 3), (84, 100, 1, 3), 0): 1.0, ((39, 100, 1, 3), (84, 89, 1, 3), 0): 1.0, ((68, 100, 1, 3), (39, 100, 1, 3), 0): 1.0, ((84, 100, 1, 3), (67, 59, 1, 2), 0): 1.0, ((74, 6, 51, 0), (74, 6, 101, 0), 0): 1.0, ((74, 6, 101, 0), (74, 6, 119, 0), 0): 1.0, ((13, 100, 0, 3), (45, 100, 1, 3), 0): 1.0, ((31, 20, 1, 1), (31, 20, 51, 1), 0): 1.0, ((45, 100, 1, 3), (82, 84, 1, 3), 0): 1.0, ((82, 84, 1, 3), (31, 20, 1, 1), 0): 1.0, ((31, 20, 51, 1), (31, 20, 101, 1), 0): 1.0, ((31, 20, 101, 1), (31, 20, 119, 1), 0): 1.0, ((23, 100, 1, 3), (68, 100, 1, 3), 0): 1.0, ((23, 100, 0, 3), (23, 100, 1, 3), 0): 1.0, ((31, 100, 1, 3), (57, 41, 1, 2), 0): 3.0, ((31, 100, 0, 3), (31, 100, 1, 3), 0): 3.0, ((70, 7, 1, 0), (70, 7, 51, 0), 0): 1.0, ((70, 7, 51, 0), (70, 7, 119, 0), 0): 1.0, ((67, 100, 1, 3), (39, 28, 1, 1), 0): 3.0, ((67, 100, 0, 3), (67, 100, 1, 3), 0): 3.0}
(((13, np.int64(100), np.int64(0), 3), (45, 100, 1, 3), 0), ((45, 100, 1, 3), (82, 84, 1, 3), 0), ((82, 84, 1, 3), (31, 20, 1, 1), 0), ((31, 20, 1, 1), (31, 100, 1, 3), 0), ((31, 100, 1, 3), (57, 41, 1, 2), 0), ((57, 41, 1, 2), (67, 8, 1, 0), 0), ((67, 8, 1, 0), (67, 100, 1, 3), 0), ((67, 100, 1, 3), (39, 28, 1, 1), 0), ((39, 28, 1, 1), (39, 72, 1, 2), 0), ((39, 72, 1, 2), (74, 6, 1, 0), 0), ((74, 6, 1, 0), (74, 6, 119, 0), 0))
New edge added:  ((45, np.int64(100), np.int64(1), 3), (82, np.int64(84), np.int64(3), 3), 0)  Edge removed:  ((45, 100, 1, 3), (82, 84, 1, 3), 0)
x_load_1: {((76, 17, 1, 1), (76, 100, 1, 3), 0): 1.0, ((36, 15, 1, 1), (36, 100, 1, 3), 0): 1.0, ((13, 7, 1, 0), (13, 7, 119, 0), 0): 1.0, ((92, 44, 1, 2), (92, 100, 1, 3), 0): 1.0, ((92, 100, 1, 3), (76, 17, 1, 1), 0): 1.0, ((21, 10, 1, 1), (21, 100, 1, 3), 0): 1.0, ((21, 100, 1, 3), (40, 30, 1, 1), 0): 1.0, ((40, 30, 1, 1), (40, 80, 1, 3), 0): 1.0, ((40, 80, 1, 3), (58, 6, 1, 0), 0): 1.0, ((76, 100, 1, 3), (36, 15, 1, 1), 0): 1.0, ((43, 80, 1, 3), (13, 7, 1, 0), 0): 1.0, ((36, 100, 1, 3), (21, 10, 1, 1), 0): 1.0, ((58, 6, 1, 0), (58, 100, 1, 3), 0): 1.0, ((43, 4, 1, 0), (43, 80, 1, 3), 0): 1.0, ((49, 80, 0, 3), (92, 44, 1, 2), 0): 1.0, ((58, 100, 1, 3), (43, 4, 1, 0), 0): 1.0}
x_ener_1: {((76, 17, 1, 1), (76, 17, 51, 1), 0): 1.0, ((49, 20, 1, 1), (49, 20, 51, 1), 0): 1.0, ((76, 17, 51, 1), (76, 17, 101, 1), 0): 1.0, ((49, 20, 51, 1), (49, 20, 119, 1), 0): 1.0, ((26, 4, 101, 0), (26, 4, 119, 0), 0): 1.0, ((76, 17, 101, 1), (26, 4, 101, 0), 0): 1.0, ((37, 6, 1, 0), (37, 6, 51, 0), 0): 1.0, ((36, 15, 1, 1), (37, 6, 1, 0), 0): 1.0, ((37, 6, 51, 0), (37, 6, 101, 0), 0): 1.0, ((37, 6, 101, 0), (37, 6, 119, 0), 0): 1.0, ((13, 7, 1, 0), (13, 7, 119, 0), 0): 1.0, ((18, 100, 1, 3), (92, 100, 1, 3), 0): 1.0, ((92, 44, 1, 2), (49, 20, 1, 1), 0): 1.0, ((92, 100, 1, 3), (76, 17, 1, 1), 0): 1.0, ((21, 10, 1, 1), (21, 10, 119, 1), 0): 1.0, ((21, 100, 1, 3), (40, 30, 1, 1), 0): 1.0, ((21, 100, 0, 3), (21, 100, 1, 3), 0): 1.0, ((34, 9, 1, 0), (34, 9, 51, 0), 0): 1.0, ((40, 30, 1, 1), (34, 9, 1, 0), 0): 1.0, ((34, 9, 51, 0), (34, 9, 101, 0), 0): 1.0, ((34, 9, 101, 0), (34, 9, 119, 0), 0): 1.0, ((25, 100, 1, 3), (40, 80, 1, 3), 0): 1.0, ((25, 100, 0, 3), (34, 100, 1, 3), 0): 1.0, ((34, 100, 1, 3), (25, 100, 1, 3), 0): 1.0, ((40, 80, 1, 3), (58, 6, 1, 0), 0): 1.0, ((76, 100, 1, 3), (36, 15, 1, 1), 0): 1.0, ((43, 80, 1, 3), (13, 7, 1, 0), 0): 1.0, ((36, 100, 1, 3), (21, 10, 1, 1), 0): 1.0, ((36, 100, 0, 3), (37, 100, 1, 3), 0): 1.0, ((37, 100, 1, 3), (36, 100, 1, 3), 0): 1.0, ((58, 6, 1, 0), (58, 6, 51, 0), 0): 1.0, ((58, 6, 51, 0), (58, 6, 119, 0), 0): 1.0, ((43, 4, 1, 0), (43, 4, 119, 0), 0): 1.0, ((49, 80, 0, 3), (92, 44, 1, 2), 0): 1.0, ((50, 100, 1, 3), (76, 100, 1, 3), 0): 1.0, ((50, 100, 0, 3), (50, 100, 1, 3), 0): 1.0, ((58, 100, 1, 3), (43, 4, 1, 0), 0): 1.0, ((58, 100, 0, 3), (58, 100, 1, 3), 0): 1.0, ((90, 100, 1, 3), (43, 80, 1, 3), 0): 1.0, ((90, 100, 0, 3), (90, 100, 1, 3), 0): 1.0, ((92, 100, 0, 3), (18, 100, 1, 3), 0): 1.0}
(((49, np.int64(80), np.int64(0), 3), (92, 44, 1, 2), 0), ((92, 44, 1, 2), (92, 100, 1, 3), 0), ((92, 100, 1, 3), (76, 17, 1, 1), 0), ((76, 17, 1, 1), (76, 100, 1, 3), 0), ((76, 100, 1, 3), (36, 15, 1, 1), 0), ((36, 15, 1, 1), (36, 100, 1, 3), 0), ((36, 100, 1, 3), (21, 10, 1, 1), 0), ((21, 10, 1, 1), (21, 100, 1, 3), 0), ((21, 100, 1, 3), (40, 30, 1, 1), 0), ((40, 30, 1, 1), (40, 80, 1, 3), 0), ((40, 80, 1, 3), (58, 6, 1, 0), 0), ((58, 6, 1, 0), (58, 100, 1, 3), 0), ((58, 100, 1, 3), (43, 4, 1, 0), 0), ((43, 4, 1, 0), (43, 80, 1, 3), 0), ((43, 80, 1, 3), (13, 7, 1, 0), 0), ((13, 7, 1, 0), (13, 7, 119, 0), 0))
New edge added:  ((49, np.int64(80), np.int64(0), 3), (92, np.int64(44), np.int64(5), 2), 0)  Edge removed:  ((49, np.int64(80), np.int64(0), 3), (92, 44, 1, 2), 0)
x_load_2: {((39, 8, 1, 0), (39, 100, 1, 3), 0): 1.0, ((57, 7, 1, 0), (57, 67, 1, 2), 0): 2.0, ((72, 2, 1, 0), (72, 100, 1, 3), 0): 3.0, ((50, 7, 1, 0), (50, 100, 1, 3), 0): 2.0, ((92, 7, 1, 0), (92, 40, 1, 2), 0): 1.0, ((92, 7, 1, 0), (92, 100, 1, 3), 0): 1.0, ((76, 15, 1, 1), (76, 39, 1, 1), 0): 3.0, ((76, 39, 1, 1), (72, 2, 1, 0), 0): 3.0, ((49, 20, 1, 1), (49, 20, 119, 1), 0): 3.0, ((72, 100, 1, 3), (49, 20, 1, 1), 0): 3.0, ((28, 59, 1, 2), (57, 7, 1, 0), 0): 2.0, ((57, 67, 1, 2), (31, 10, 1, 1), 0): 2.0, ((74, 33, 1, 1), (74, 33, 119, 1), 0): 1.0, ((39, 100, 1, 3), (74, 33, 1, 1), 0): 1.0, ((69, 10, 1, 1), (69, 100, 1, 3), 0): 2.0, ((13, 100, 1, 3), (73, 64, 1, 2), 0): 1.0, ((13, 44, 0, 2), (13, 100, 1, 3), 0): 1.0, ((82, 4, 1, 0), (82, 80, 1, 3), 0): 2.0, ((31, 10, 1, 1), (31, 100, 1, 3), 0): 2.0, ((43, 7, 1, 0), (43, 100, 1, 3), 0): 1.0, ((73, 64, 1, 2), (43, 7, 1, 0), 0): 1.0, ((82, 80, 1, 3), (43, 3, 1, 0), 0): 2.0, ((43, 54, 1, 2), (43, 100, 1, 3), 0): 1.0, ((90, 54, 1, 2), (43, 10, 1, 1), 0): 1.0, ((49, 4, 1, 0), (49, 4, 119, 0), 0): 1.0, ((92, 40, 1, 2), (49, 4, 1, 0), 0): 1.0, ((49, 64, 1, 2), (49, 64, 119, 2), 0): 1.0, ((92, 100, 1, 3), (49, 64, 1, 2), 0): 1.0, ((21, 30, 1, 1), (21, 100, 1, 3), 0): 5.0, ((21, 100, 1, 3), (36, 10, 1, 1), 0): 5.0, ((36, 10, 1, 1), (36, 80, 1, 3), 0): 2.0, ((36, 10, 1, 1), (36, 100, 1, 3), 0): 3.0, ((40, 26, 1, 1), (40, 100, 1, 3), 0): 5.0, ((28, 32, 0, 1), (28, 59, 1, 2), 0): 2.0, ((28, 90, 0, 3), (39, 8, 1, 0), 0): 1.0, ((28, 100, 0, 3), (69, 10, 1, 1), 0): 2.0, ((43, 3, 1, 0), (43, 100, 1, 3), 0): 2.0, ((43, 10, 1, 1), (43, 100, 1, 3), 0): 1.0, ((31, 100, 1, 3), (90, 6, 1, 0), 0): 2.0, ((90, 6, 1, 0), (90, 54, 1, 2), 0): 1.0, ((90, 6, 1, 0), (90, 100, 1, 3), 0): 1.0, ((36, 80, 1, 3), (50, 7, 1, 0), 0): 2.0, ((40, 100, 1, 3), (21, 30, 1, 1), 0): 5.0, ((36, 100, 1, 3), (76, 15, 1, 1), 0): 3.0, ((58, 4, 1, 0), (58, 100, 1, 3), 0): 5.0, ((43, 100, 1, 3), (58, 4, 1, 0), 0): 5.0, ((50, 100, 1, 3), (92, 7, 1, 0), 0): 2.0, ((58, 100, 1, 3), (40, 26, 1, 1), 0): 5.0, ((69, 100, 1, 3), (82, 4, 1, 0), 0): 2.0, ((90, 100, 1, 3), (43, 54, 1, 2), 0): 1.0}
x_ener_2: {((39, 8, 1, 0), (39, 8, 119, 0), 0): 1.0, ((23, 6, 1, 0), (23, 6, 119, 0), 0): 1.0, ((57, 7, 1, 0), (57, 7, 119, 0), 0): 2.0, ((11, 60, 1, 2), (28, 59, 1, 2), 1): 2.0, ((2, 100, 1, 3), (72, 100, 1, 3), 0): 3.0, ((72, 2, 1, 0), (72, 2, 51, 0), 0): 3.0, ((50, 7, 1, 0), (50, 7, 51, 0), 0): 2.0, ((92, 7, 1, 0), (92, 7, 51, 0), 0): 2.0, ((76, 15, 1, 1), (76, 15, 51, 1), 0): 3.0, ((76, 39, 1, 1), (72, 2, 1, 0), 0): 3.0, ((72, 63, 1, 2), (76, 39, 1, 1), 0): 3.0, ((49, 20, 1, 1), (49, 20, 119, 1), 0): 3.0, ((72, 100, 1, 3), (49, 20, 1, 1), 0): 3.0, ((72, 2, 51, 0), (72, 2, 119, 0), 0): 3.0, ((50, 7, 51, 0), (50, 7, 101, 0), 0): 2.0, ((92, 7, 51, 0), (92, 7, 119, 0), 0): 2.0, ((76, 15, 51, 1), (76, 15, 101, 1), 0): 3.0, ((50, 7, 101, 0), (50, 7, 119, 0), 0): 2.0, ((76, 15, 101, 1), (26, 2, 101, 0), 0): 3.0, ((28, 59, 1, 2), (57, 7, 1, 0), 0): 2.0, ((89, 58, 1, 2), (11, 60, 1, 2), 1): 2.0, ((57, 67, 1, 2), (31, 10, 1, 1), 0): 2.0, ((26, 2, 101, 0), (26, 2, 119, 0), 0): 3.0, ((74, 33, 1, 1), (23, 6, 1, 0), 0): 1.0, ((5, 100, 0, 3), (89, 58, 1, 2), 0): 2.0, ((39, 100, 1, 3), (74, 33, 1, 1), 0): 1.0, ((30, 95, 1, 3), (31, 10, 1, 1), 0): 2.0, ((69, 10, 1, 1), (69, 10, 119, 1), 0): 2.0, ((13, 100, 1, 3), (73, 64, 1, 2), 0): 1.0, ((13, 100, 1, 3), (93, 100, 1, 3), 0): 2.0, ((82, 4, 1, 0), (82, 4, 119, 0), 0): 2.0, ((31, 10, 1, 1), (31, 10, 51, 1), 0): 4.0, ((43, 7, 1, 0), (43, 7, 119, 0), 0): 1.0, ((73, 64, 1, 2), (43, 7, 1, 0), 0): 1.0, ((82, 80, 1, 3), (43, 3, 1, 0), 0): 2.0, ((43, 54, 1, 2), (82, 3, 1, 0), 0): 1.0, ((45, 100, 1, 3), (13, 100, 1, 3), 1): 3.0, ((90, 54, 1, 2), (43, 10, 1, 1), 0): 1.0, ((93, 100, 1, 3), (82, 80, 1, 3), 0): 2.0, ((31, 10, 51, 1), (31, 10, 119, 1), 0): 4.0, ((49, 4, 1, 0), (49, 4, 51, 0), 0): 1.0, ((92, 40, 1, 2), (49, 4, 1, 0), 0): 1.0, ((49, 4, 51, 0), (49, 4, 101, 0), 0): 1.0, ((49, 4, 101, 0), (49, 4, 119, 0), 0): 1.0, ((49, 64, 1, 2), (92, 40, 1, 2), 0): 1.0, ((92, 100, 1, 3), (49, 64, 1, 2), 0): 1.0, ((21, 30, 1, 1), (21, 30, 51, 1), 0): 5.0, ((21, 100, 1, 3), (36, 10, 1, 1), 0): 5.0, ((21, 100, 0, 3), (21, 100, 1, 3), 0): 5.0, ((36, 10, 1, 1), (36, 10, 51, 1), 0): 5.0, ((21, 30, 51, 1), (21, 30, 119, 1), 0): 5.0, ((36, 10, 51, 1), (36, 10, 119, 1), 0): 5.0, ((25, 8, 1, 0), (25, 8, 51, 0), 0): 5.0, ((25, 100, 1, 3), (34, 100, 1, 3), 0): 4.0, ((40, 26, 1, 1), (25, 8, 1, 0), 0): 5.0, ((25, 100, 0, 3), (25, 100, 1, 3), 0): 4.0, ((34, 100, 1, 3), (40, 100, 1, 3), 0): 5.0, ((25, 8, 51, 0), (25, 8, 101, 0), 0): 5.0, ((25, 8, 101, 0), (25, 8, 119, 0), 0): 5.0, ((26, 100, 1, 3), (76, 100, 1, 3), 0): 4.0, ((26, 100, 0, 3), (26, 100, 1, 3), 0): 4.0, ((76, 100, 1, 3), (50, 100, 1, 3), 0): 1.0, ((76, 100, 1, 3), (72, 63, 1, 2), 0): 3.0, ((28, 90, 0, 3), (39, 8, 1, 0), 0): 1.0, ((28, 100, 0, 3), (30, 75, 1, 2), 0): 2.0, ((28, 100, 0, 3), (69, 10, 1, 1), 0): 2.0, ((30, 75, 1, 2), (57, 67, 1, 2), 0): 2.0, ((82, 3, 1, 0), (82, 3, 119, 0), 0): 1.0, ((43, 3, 1, 0), (43, 3, 51, 0), 0): 2.0, ((43, 10, 1, 1), (43, 10, 119, 1), 0): 1.0, ((43, 3, 51, 0), (43, 3, 119, 0), 0): 2.0, ((31, 100, 1, 3), (90, 6, 1, 0), 0): 2.0, ((31, 100, 0, 3), (31, 100, 1, 3), 0): 2.0, ((90, 6, 1, 0), (90, 6, 51, 0), 0): 2.0, ((90, 6, 51, 0), (90, 6, 101, 0), 0): 2.0, ((90, 6, 101, 0), (90, 6, 119, 0), 0): 2.0, ((36, 80, 1, 3), (50, 7, 1, 0), 0): 2.0, ((34, 100, 0, 3), (34, 100, 1, 3), 0): 1.0, ((40, 100, 1, 3), (21, 30, 1, 1), 0): 5.0, ((36, 100, 1, 3), (37, 80, 1, 3), 0): 1.0, ((36, 100, 1, 3), (76, 15, 1, 1), 0): 3.0, ((36, 100, 0, 3), (37, 100, 1, 3), 0): 4.0, ((37, 80, 1, 3), (36, 80, 1, 3), 0): 2.0, ((37, 100, 1, 3), (36, 100, 1, 3), 0): 4.0, ((37, 80, 0, 3), (37, 80, 1, 3), 0): 1.0, ((39, 100, 0, 3), (39, 100, 1, 3), 0): 1.0, ((58, 4, 1, 0), (58, 4, 51, 0), 0): 5.0, ((58, 4, 51, 0), (58, 4, 119, 0), 0): 5.0, ((43, 100, 1, 3), (58, 4, 1, 0), 0): 5.0, ((43, 100, 0, 3), (43, 100, 1, 3), 0): 5.0, ((50, 100, 1, 3), (92, 7, 1, 0), 0): 2.0, ((50, 100, 0, 3), (50, 100, 1, 3), 0): 1.0, ((57, 100, 0, 3), (30, 95, 1, 3), 0): 2.0, ((58, 100, 1, 3), (40, 26, 1, 1), 0): 5.0, ((58, 100, 0, 3), (58, 100, 1, 3), 0): 5.0, ((69, 100, 1, 3), (82, 4, 1, 0), 0): 2.0, ((69, 100, 0, 3), (69, 100, 1, 3), 0): 2.0, ((70, 100, 1, 3), (83, 100, 1, 3), 0): 1.0, ((70, 100, 0, 3), (70, 100, 1, 3), 0): 1.0, ((83, 100, 1, 3), (90, 54, 1, 2), 0): 1.0, ((72, 100, 0, 3), (2, 100, 1, 3), 0): 3.0, ((82, 100, 0, 3), (45, 100, 1, 3), 0): 3.0, ((90, 100, 1, 3), (43, 54, 1, 2), 0): 1.0, ((90, 100, 0, 3), (90, 100, 1, 3), 0): 1.0, ((92, 100, 0, 3), (92, 100, 1, 3), 0): 1.0}
(((13, np.int64(44), np.int64(0), 2), (13, 100, 1, 3), 0), ((13, 100, 1, 3), (73, 64, 1, 2), 0), ((73, 64, 1, 2), (43, 7, 1, 0), 0), ((43, 7, 1, 0), (43, 100, 1, 3), 0), ((43, 100, 1, 3), (58, 4, 1, 0), 0), ((58, 4, 1, 0), (58, 100, 1, 3), 0), ((58, 100, 1, 3), (40, 26, 1, 1), 0), ((40, 26, 1, 1), (40, 100, 1, 3), 0), ((40, 100, 1, 3), (21, 30, 1, 1), 0), ((21, 30, 1, 1), (21, 100, 1, 3), 0), ((21, 100, 1, 3), (36, 10, 1, 1), 0), ((36, 10, 1, 1), (36, 80, 1, 3), 0), ((36, 80, 1, 3), (50, 7, 1, 0), 0), ((50, 7, 1, 0), (50, 100, 1, 3), 0), ((50, 100, 1, 3), (92, 7, 1, 0), 0), ((92, 7, 1, 0), (92, 40, 1, 2), 0), ((92, 40, 1, 2), (49, 4, 1, 0), 0), ((49, 4, 1, 0), (49, 4, 119, 0), 0))
New edge added:  ((13, np.int64(100), np.int64(1), 3), (73, np.int64(64), np.int64(6), 2), 0)  Edge removed:  ((13, 100, 1, 3), (73, 64, 1, 2), 0)
Solution cannot be extended to a feasible solution, updating network...
n[ 5 ] =  3.0
n[ 21 ] =  6.0
n[ 23 ] =  1.0
n[ 25 ] =  5.0
n[ 26 ] =  4.0
n[ 31 ] =  5.0
n[ 34 ] =  1.0
n[ 36 ] =  5.0
n[ 37 ] =  1.0
n[ 39 ] =  1.0
n[ 43 ] =  5.0
n[ 50 ] =  2.0
n[ 57 ] =  2.0
n[ 58 ] =  6.0
n[ 67 ] =  3.0
n[ 69 ] =  2.0
n[ 70 ] =  1.0
n[ 72 ] =  3.0
n[ 82 ] =  3.0
n[ 90 ] =  2.0
n[ 92 ] =  2.0
'''''''''''''''''
Gurobi Optimizer version 13.0.1 build v13.0.1rc0 (linux64 - "Debian GNU/Linux 12 (bookworm)")

CPU model: Intel(R) Xeon(R) CPU @ 2.20GHz, instruction set [SSE2|AVX|AVX2]
Thread count: 1 physical cores, 2 logical processors, using up to 2 threads

Non-default parameters:
MIPGap  0.05

Academic license 937859 - for non-commercial use only - registered to hp___@cornell.edu
Optimize a model with 692645 rows, 1422352 columns and 3680837 nonzeros (Min)
Model fingerprint: 0x69ccc7d7
Model has 1023502 linear objective coefficients
Variable types: 0 continuous, 1422352 integer (0 binary)
Coefficient statistics:
  Matrix range     [1e+00, 3e+05]
  Objective range  [6e-01, 8e+02]
  Bounds range     [0e+00, 0e+00]
  RHS range        [1e+00, 5e+00]

MIP start from previous solve did not produce a new incumbent solution
MIP start from previous solve violates constraint flow_bal_load[(92,_np.int64(44),_np.int64(1),_2),1] by 1.000000000
Processed MIP start in 1.49 seconds (0.35 work units)

Presolve removed 555062 rows and 741815 columns (presolve time = 5s)...
Presolve removed 562578 rows and 774392 columns (presolve time = 10s)...
Presolve removed 564261 rows and 781898 columns
Presolve time: 12.09s
Presolved: 128384 rows, 640454 columns, 1480867 nonzeros
Variable types: 0 continuous, 640454 integer (2080 binary)
Performing another presolve...
Presolve removed 125 rows and 10591 columns (presolve time = 5s)...
Presolve removed 158 rows and 10633 columns
Presolve time: 8.76s

Root simplex log...

Iteration    Objective       Primal Inf.    Dual Inf.      Time
       0      handle free variables                         34s
    2180    4.2525002e+02   3.800000e+01   0.000000e+00     35s
    8964    1.0130631e+03   8.486160e+01   0.000000e+00     40s
   12873    1.5667283e+03   2.336747e+02   0.000000e+00     45s
   15743    1.7071547e+03   2.526198e+02   0.000000e+00     50s
   17363    1.7643322e+03   1.245000e+02   0.000000e+00     56s
   18283    1.7722740e+03   1.745000e+02   0.000000e+00     60s
   19333    1.8052295e+03   4.500000e+01   0.000000e+00     65s
   20753    1.8410474e+03   1.785650e+02   0.000000e+00     70s
   22253    1.8525788e+03   2.060000e+02   0.000000e+00     75s
   23623    1.8671713e+03   5.950000e+01   0.000000e+00     80s
   25013    1.9145953e+03   1.165000e+02   0.000000e+00     85s
   26243    1.9195017e+03   1.000014e+02   0.000000e+00     90s
   27573    1.9349238e+03   1.072562e+02   0.000000e+00     95s
   28933    1.9502305e+03   1.118222e+02   0.000000e+00    101s
   29953    1.9578290e+03   1.674596e+02   0.000000e+00    105s
   31093    2.0034035e+03   2.062104e+02   0.000000e+00    110s
   32303    2.0291056e+03   1.814167e+02   0.000000e+00    115s
   33703    2.2333706e+03   2.230000e+02   0.000000e+00    120s
   34683    2.2546138e+03   1.970000e+02   0.000000e+00    125s
   35443    2.2623569e+03   2.605000e+02   0.000000e+00    130s
   36313    2.2844922e+03   1.015000e+02   0.000000e+00    136s
   37083    2.2950476e+03   6.033333e+01   0.000000e+00    141s
   37723    2.3090225e+03   2.655512e+02   0.000000e+00    145s
   38433    2.3113455e+03   5.943220e+01   0.000000e+00    150s
   39243    2.3281163e+03   4.084172e+02   0.000000e+00    155s
   40103    2.3525316e+03   4.486263e+02   0.000000e+00    161s
   40653    2.3652718e+03   3.513740e+02   0.000000e+00    165s
   41423    2.3719311e+03   1.696698e+03   0.000000e+00    171s
   42073    2.3742400e+03   1.794968e+02   0.000000e+00    175s
   42893    2.3821557e+03   3.453860e+02   0.000000e+00    180s
   43663    2.4046617e+03   1.678742e+02   0.000000e+00    186s
   44373    2.4318921e+03   1.047577e+02   0.000000e+00    191s
   45053    2.5130336e+03   3.427748e+02   0.000000e+00    195s
   45813    2.6263092e+03   3.537223e+02   0.000000e+00    201s
   46943    2.6571700e+03   5.631540e+02   0.000000e+00    206s
   47823    2.6791462e+03   3.331282e+02   0.000000e+00    210s
   48503    2.6935561e+03   6.461226e+01   0.000000e+00    215s
   49103    2.7016487e+03   8.816146e+01   0.000000e+00    220s
   49653    2.7173157e+03   1.711915e+02   0.000000e+00    225s
   50463    2.7245806e+03   2.504217e+02   0.000000e+00    231s
   51083    2.7441778e+03   1.186766e+03   0.000000e+00    236s
   51993    2.7965521e+03   1.635480e+02   0.000000e+00    240s
   52713    2.8433035e+03   1.715895e+02   0.000000e+00    246s
   53213    2.8514035e+03   6.695743e+02   0.000000e+00    251s
   54293    3.0043677e+03   4.033265e+02   0.000000e+00    256s
   55253    3.1454112e+03   1.265468e+02   0.000000e+00    260s
   56333    4.0919602e+03   1.707458e+02   0.000000e+00    266s
   57013    4.9200819e+03   2.278190e+02   0.000000e+00    270s
   57673    5.0105311e+03   2.401581e+02   0.000000e+00    275s
   58143    5.0206042e+03   6.727085e+02   0.000000e+00    281s
   58673    5.0347340e+03   5.062158e+02   0.000000e+00    286s
   59143    5.0503844e+03   4.674092e+02   0.000000e+00    291s
   59493    5.0610839e+03   2.809963e+02   0.000000e+00    295s
   60273    5.0758422e+03   2.871603e+02   0.000000e+00    301s
   61003    5.1317178e+03   3.526342e+02   0.000000e+00    306s
   61353    5.1322799e+03   1.131875e+02   0.000000e+00    310s
   62213    5.1587871e+03   1.200000e+02   0.000000e+00    316s
   62573    5.1604536e+03   9.314886e+01   0.000000e+00    321s
   62933    5.1632745e+03   9.553145e+01   0.000000e+00    326s
   63293    5.1678292e+03   5.468568e+01   0.000000e+00    331s
   63663    5.1791935e+03   1.178585e+02   0.000000e+00    336s
   64023    5.1823741e+03   1.677076e+02   0.000000e+00    341s
   64383    5.1847693e+03   2.363584e+02   0.000000e+00    347s
   64623    5.1855132e+03   6.141397e+02   0.000000e+00    350s
   64963    5.1869418e+03   5.346351e+01   0.000000e+00    356s
   65323    5.1907056e+03   1.290000e+02   0.000000e+00    361s
   65543    5.1912270e+03   4.200000e+01   0.000000e+00    365s
   65873    5.1931775e+03   3.670000e+01   0.000000e+00    371s
   66213    5.1934182e+03   5.038774e+01   0.000000e+00    377s
   66433    5.1938749e+03   2.828788e+01   0.000000e+00    381s
   66745    5.1947591e+03   0.000000e+00   0.000000e+00    386s
   66745    5.1947591e+03   0.000000e+00   0.000000e+00    387s

Root relaxation: objective 5.194759e+03, 66745 iterations, 355.93 seconds (115.28 work units)
Total elapsed time = 386.83s (DegenMoves)

    Nodes    |    Current Node    |     Objective Bounds      |     Work
 Expl Unexpl |  Obj  Depth IntInf | Incumbent    BestBd   Gap | It/Node Time

     0     0 5194.75913    0   43          - 5194.75913      -     -  417s
H    0     0                    5270.1678082 5194.75913  1.43%     -  423s

Explored 1 nodes (116069 simplex iterations) in 424.13 seconds (134.42 work units)
Thread count was 2 (of 2 available processors)

Solution count 1: 5270.17 

Optimal solution found (tolerance 5.00e-02)
Best objective 5.270167808219e+03, best bound 5.194759132420e+03, gap 1.4309%
Iteration:  15
Size of network:  12884  nodes,  236983  edges
Obj Value:  5270.167808219178
a: {}
n: {5: 2.0, 13: 1.0, 21: 6.0, 23: 1.0, 30: 2.0, 31: 4.0, 34: 1.0, 36: 5.0, 37: 1.0, 39: 1.0, 40: 5.0, 43: 5.0, 50: 6.0, 58: 6.0, 67: 2.0, 69: 2.0, 70: 1.0, 82: 2.0, 90: 2.0, 92: 5.0}
{0: (34.421443, -119.684178), 1: (36.167392, -94.119169), 2: (34.071417, -99.009382), 3: (34.689589, -118.130371), 4: (36.434113, -99.427596), 5: (35.400164, -119.399727), 6: (37.2129649, -93.37103), 7: (30.25011, -93.01142), 8: (36.751521, -96.000152), 9: (35.35468, -94.437379), 10: (38.89357, -94.36045), 11: (33.7885884, -118.2150827), 12: (32.596725, -117.019495), 13: (33.30006, -111.96835), 14: (35.392817, -97.422948), 15: (38.96627, -95.700495), 16: (30.725159, -96.425728), 17: (37.737099, -97.32375), 18: (34.188212, -97.171022), 19: (33.94423, -96.41932), 20: (30.209862, -92.002378), 21: (37.183969, -104.499646), 22: (32.267588, -107.774524), 23: (36.72136, -119.761165), 24: (30.437821, -95.498724), 25: (35.079896, -106.746225), 26: (35.840761, -98.419831), 27: (31.207465, -95.996079), 28: (33.899899, -118.207088), 29: (33.3874378, -110.7609849), 30: (34.02094, -117.385415), 31: (33.603063, -114.598023), 32: (35.189976, -101.706309), 33: (35.853211, -94.989243), 34: (35.004614, -106.032837), 35: (31.151717, -93.265081), 36: (36.706596, -101.443207), 37: (37.069631, -100.905444), 38: (32.62712, -96.74537), 39: (36.075856, -119.043996), 40: (35.65758, -105.993406), 41: (32.181782, -94.334174), 42: (30.330588, -97.701649), 43: (35.01643, -110.675005), 44: (35.25655, -96.671004), 45: (33.3021433, -111.9552863), 46: (36.535661, -97.33916), 47: (32.698465, -97.959695), 48: (33.984094, -106.887526), 49: (32.7658795, -96.8754612), 50: (35.309665, -99.631741), 51: (31.784139, -93.08731), 52: (33.0390751, -117.2841996), 53: (38.164391, -112.278183), 54: (34.4349097, -119.9212861), 55: (31.499498, -97.173412), 56: (33.9541734, -117.5556971), 57: (34.118101, -116.45646), 58: (36.71838, -108.167694), 59: (31.940555, -102.169802), 60: (36.081743, -96.054325), 61: (32.469998, -93.672804), 62: (34.4425082, -119.7812613), 63: (37.648431, -98.094183), 64: (32.448848, -100.439583), 65: (32.627591, -97.314361), 66: (38.54421, -106.92517), 67: (34.886448, -117.079423), 68: (35.9874334, -119.961999), 69: (32.794671, -115.539473), 70: (36.220567, -115.125553), 71: (35.106478, -92.43572), 72: (34.584172, -98.396813), 73: (33.39639, -110.76888), 74: (37.8135094, -119.8800771), 75: (35.87844, -97.392471), 76: (35.490972, -98.967096), 77: (33.8310496, -116.5452277), 78: (32.354553, -95.302495), 79: (37.962455, -100.846437), 80: (32.178328, -110.960207), 81: (38.7747705, -119.9029911), 82: (33.463568, -112.459255), 83: (36.009923, -114.784826), 84: (35.3002628, -119.0381956), 85: (36.249164, -95.333829), 86: (33.6699802, -96.6120405), 87: (38.971499, -92.294316), 88: (32.029056, -93.713243), 89: (33.8722233, -118.2654222), 90: (35.263617, -112.194139), 91: (37.199194, -93.402643), 92: (33.73573, -97.14484), 93: (32.881785, -111.777561), 94: (37.161682, -113.434692), 95: (30.35815, -99.606129), 96: (34.773291, -96.697633), 97: (34.12755, -118.443664), 98: (31.34545, -92.51807), 99: (38.945105, -104.724068), 100: (30.0774, -99.10731)}
x_load_0: {((67, 13, 1, 1), (67, 100, 1, 3), 0): 1.0, ((39, 28, 1, 1), (39, 73, 1, 2), 0): 1.0, ((74, 6, 1, 0), (74, 6, 119, 0), 0): 1.0, ((31, 6, 1, 0), (31, 100, 1, 3), 0): 1.0, ((13, 84, 1, 3), (82, 71, 1, 2), 0): 1.0, ((13, 40, 0, 2), (13, 84, 1, 3), 0): 1.0, ((82, 71, 1, 2), (31, 6, 1, 0), 0): 1.0, ((31, 100, 1, 3), (67, 13, 1, 1), 0): 1.0, ((39, 73, 1, 2), (74, 6, 1, 0), 0): 1.0, ((67, 100, 1, 3), (39, 28, 1, 1), 0): 1.0}
x_ener_0: {((5, 2, 1, 0), (5, 2, 119, 0), 0): 2.0, ((67, 13, 1, 1), (67, 13, 119, 1), 0): 2.0, ((39, 28, 1, 1), (5, 2, 1, 0), 0): 2.0, ((74, 6, 1, 0), (74, 6, 51, 0), 0): 1.0, ((68, 100, 1, 3), (39, 73, 1, 2), 0): 1.0, ((74, 6, 51, 0), (74, 6, 101, 0), 0): 1.0, ((74, 6, 101, 0), (74, 6, 119, 0), 0): 1.0, ((31, 6, 1, 0), (31, 6, 51, 0), 0): 1.0, ((31, 6, 51, 0), (31, 6, 101, 0), 0): 1.0, ((31, 6, 101, 0), (31, 6, 119, 0), 0): 1.0, ((13, 84, 1, 3), (82, 71, 1, 2), 0): 1.0, ((13, 84, 0, 3), (45, 84, 1, 3), 0): 1.0, ((82, 71, 1, 2), (31, 6, 1, 0), 0): 1.0, ((45, 84, 1, 3), (13, 84, 1, 3), 1): 1.0, ((23, 100, 0, 3), (68, 100, 1, 3), 0): 1.0, ((31, 100, 1, 3), (67, 13, 1, 1), 0): 2.0, ((31, 100, 0, 3), (31, 100, 1, 3), 0): 2.0, ((39, 73, 1, 2), (74, 6, 1, 0), 0): 1.0, ((67, 100, 1, 3), (39, 28, 1, 1), 0): 2.0, ((67, 100, 0, 3), (67, 100, 1, 3), 0): 2.0}
(((13, np.int64(40), np.int64(0), 2), (13, 84, 1, 3), 0), ((13, 84, 1, 3), (82, 71, 1, 2), 0), ((82, 71, 1, 2), (31, 6, 1, 0), 0), ((31, 6, 1, 0), (31, 100, 1, 3), 0), ((31, 100, 1, 3), (67, 13, 1, 1), 0), ((67, 13, 1, 1), (67, 100, 1, 3), 0), ((67, 100, 1, 3), (39, 28, 1, 1), 0), ((39, 28, 1, 1), (39, 73, 1, 2), 0), ((39, 73, 1, 2), (74, 6, 1, 0), 0), ((74, 6, 1, 0), (74, 6, 119, 0), 0))
New edge added:  ((13, np.int64(84), np.int64(1), 3), (82, np.int64(68), np.int64(3), 2), 0)  Edge removed:  ((13, 84, 1, 3), (82, 71, 1, 2), 0)
x_load_1: {((50, 7, 1, 0), (50, 100, 1, 3), 0): 1.0, ((13, 7, 1, 0), (13, 7, 119, 0), 0): 1.0, ((92, 38, 1, 1), (92, 100, 1, 3), 0): 1.0, ((92, 100, 1, 3), (50, 7, 1, 0), 0): 1.0, ((21, 10, 1, 1), (21, 100, 1, 3), 0): 1.0, ((21, 100, 1, 3), (40, 30, 1, 1), 0): 1.0, ((40, 30, 1, 1), (40, 100, 1, 3), 0): 1.0, ((43, 80, 1, 3), (13, 7, 1, 0), 0): 1.0, ((40, 100, 1, 3), (58, 26, 1, 1), 0): 1.0, ((36, 27, 1, 1), (36, 100, 1, 3), 0): 1.0, ((36, 100, 1, 3), (21, 10, 1, 1), 0): 1.0, ((58, 26, 1, 1), (58, 100, 1, 3), 0): 1.0, ((43, 4, 1, 0), (43, 80, 1, 3), 0): 1.0, ((49, 74, 0, 2), (92, 38, 1, 1), 0): 1.0, ((50, 100, 1, 3), (36, 27, 1, 1), 0): 1.0, ((58, 100, 1, 3), (43, 4, 1, 0), 0): 1.0}
x_ener_1: {((50, 7, 1, 0), (50, 7, 119, 0), 0): 1.0, ((37, 8, 1, 0), (37, 8, 119, 0), 0): 1.0, ((13, 7, 1, 0), (13, 7, 119, 0), 0): 1.0, ((92, 38, 1, 1), (38, 10, 1, 1), 0): 1.0, ((38, 10, 1, 1), (49, 6, 1, 0), 0): 1.0, ((49, 6, 1, 0), (49, 6, 51, 0), 0): 1.0, ((49, 6, 51, 0), (49, 6, 119, 0), 0): 1.0, ((92, 100, 1, 3), (50, 7, 1, 0), 0): 1.0, ((21, 10, 1, 1), (21, 10, 51, 1), 0): 1.0, ((21, 100, 1, 3), (40, 30, 1, 1), 0): 1.0, ((34, 17, 1, 1), (34, 17, 51, 1), 0): 1.0, ((21, 100, 0, 3), (21, 100, 1, 3), 0): 1.0, ((40, 30, 1, 1), (34, 17, 1, 1), 0): 1.0, ((21, 10, 51, 1), (21, 10, 119, 1), 0): 1.0, ((34, 17, 51, 1), (34, 17, 101, 1), 0): 1.0, ((34, 17, 101, 1), (34, 17, 119, 1), 0): 1.0, ((43, 80, 1, 3), (13, 7, 1, 0), 0): 1.0, ((34, 100, 0, 3), (40, 100, 1, 3), 0): 1.0, ((40, 100, 1, 3), (58, 26, 1, 1), 0): 1.0, ((36, 27, 1, 1), (37, 8, 1, 0), 0): 1.0, ((36, 100, 1, 3), (21, 10, 1, 1), 0): 1.0, ((37, 100, 1, 3), (36, 100, 1, 3), 0): 1.0, ((37, 100, 0, 3), (37, 100, 1, 3), 0): 1.0, ((58, 26, 1, 1), (58, 26, 119, 1), 0): 1.0, ((43, 4, 1, 0), (43, 4, 51, 0), 0): 1.0, ((43, 4, 51, 0), (43, 4, 101, 0), 0): 1.0, ((43, 4, 101, 0), (43, 4, 119, 0), 0): 1.0, ((49, 74, 0, 2), (92, 38, 1, 1), 0): 1.0, ((50, 100, 1, 3), (36, 27, 1, 1), 0): 1.0, ((50, 100, 0, 3), (50, 100, 1, 3), 0): 1.0, ((58, 100, 1, 3), (43, 4, 1, 0), 0): 1.0, ((58, 100, 0, 3), (58, 100, 1, 3), 0): 1.0, ((90, 100, 0, 3), (43, 80, 1, 3), 0): 1.0, ((92, 100, 0, 3), (92, 100, 1, 3), 0): 1.0}
(((49, np.int64(74), np.int64(0), 2), (92, 38, 1, 1), 0), ((92, 38, 1, 1), (92, 100, 1, 3), 0), ((92, 100, 1, 3), (50, 7, 1, 0), 0), ((50, 7, 1, 0), (50, 100, 1, 3), 0), ((50, 100, 1, 3), (36, 27, 1, 1), 0), ((36, 27, 1, 1), (36, 100, 1, 3), 0), ((36, 100, 1, 3), (21, 10, 1, 1), 0), ((21, 10, 1, 1), (21, 100, 1, 3), 0), ((21, 100, 1, 3), (40, 30, 1, 1), 0), ((40, 30, 1, 1), (40, 100, 1, 3), 0), ((40, 100, 1, 3), (58, 26, 1, 1), 0), ((58, 26, 1, 1), (58, 100, 1, 3), 0), ((58, 100, 1, 3), (43, 4, 1, 0), 0), ((43, 4, 1, 0), (43, 80, 1, 3), 0), ((43, 80, 1, 3), (13, 7, 1, 0), 0), ((13, 7, 1, 0), (13, 7, 119, 0), 0))
New edge added:  ((49, np.int64(74), np.int64(0), 2), (92, np.int64(38), np.int64(5), 1), 0)  Edge removed:  ((49, np.int64(74), np.int64(0), 2), (92, 38, 1, 1), 0)
x_load_2: {((39, 8, 1, 0), (39, 100, 1, 3), 0): 1.0, ((50, 7, 1, 0), (50, 100, 1, 3), 0): 5.0, ((92, 7, 1, 0), (92, 40, 1, 2), 0): 1.0, ((92, 7, 1, 0), (92, 100, 1, 3), 0): 4.0, ((57, 67, 1, 2), (31, 10, 1, 1), 0): 2.0, ((74, 33, 1, 1), (74, 33, 119, 1), 0): 1.0, ((39, 100, 1, 3), (74, 33, 1, 1), 0): 1.0, ((69, 0, 1, 0), (69, 100, 1, 3), 0): 2.0, ((30, 95, 1, 3), (57, 67, 1, 2), 0): 2.0, ((82, 4, 1, 0), (82, 84, 1, 3), 0): 2.0, ((31, 10, 1, 1), (31, 100, 1, 3), 0): 2.0, ((43, 7, 1, 0), (43, 100, 1, 3), 0): 3.0, ((29, 64, 1, 2), (43, 7, 1, 0), 0): 1.0, ((13, 100, 0, 3), (45, 100, 1, 3), 0): 1.0, ((43, 54, 1, 2), (43, 100, 1, 3), 0): 1.0, ((45, 100, 1, 3), (29, 64, 1, 2), 0): 1.0, ((82, 84, 1, 3), (43, 7, 1, 0), 0): 2.0, ((90, 54, 1, 2), (43, 10, 1, 1), 0): 1.0, ((49, 4, 1, 0), (49, 4, 119, 0), 0): 1.0, ((92, 40, 1, 2), (49, 4, 1, 0), 0): 1.0, ((49, 64, 1, 2), (49, 64, 119, 2), 0): 4.0, ((92, 100, 1, 3), (49, 64, 1, 2), 0): 4.0, ((21, 10, 1, 1), (21, 100, 1, 3), 0): 5.0, ((21, 100, 1, 3), (36, 10, 1, 1), 0): 5.0, ((36, 10, 1, 1), (36, 80, 1, 3), 0): 5.0, ((40, 80, 1, 3), (21, 10, 1, 1), 0): 5.0, ((58, 80, 1, 3), (40, 6, 1, 0), 0): 5.0, ((28, 90, 0, 3), (39, 8, 1, 0), 0): 1.0, ((28, 90, 0, 3), (69, 0, 1, 0), 0): 2.0, ((28, 100, 0, 3), (30, 75, 1, 2), 0): 2.0, ((30, 75, 1, 2), (30, 95, 1, 3), 0): 2.0, ((43, 10, 1, 1), (43, 100, 1, 3), 0): 1.0, ((31, 100, 1, 3), (90, 6, 1, 0), 0): 2.0, ((90, 6, 1, 0), (90, 54, 1, 2), 0): 1.0, ((90, 6, 1, 0), (90, 100, 1, 3), 0): 1.0, ((36, 80, 1, 3), (50, 7, 1, 0), 0): 5.0, ((40, 6, 1, 0), (40, 80, 1, 3), 0): 5.0, ((58, 4, 1, 0), (58, 80, 1, 3), 0): 5.0, ((43, 100, 1, 3), (58, 4, 1, 0), 0): 5.0, ((50, 100, 1, 3), (92, 7, 1, 0), 0): 5.0, ((69, 100, 1, 3), (82, 4, 1, 0), 0): 2.0, ((90, 100, 1, 3), (43, 54, 1, 2), 0): 1.0}
x_ener_2: {((30, 2, 1, 0), (30, 2, 119, 0), 0): 2.0, ((39, 8, 1, 0), (39, 8, 51, 0), 0): 1.0, ((23, 6, 1, 0), (23, 6, 119, 0), 0): 1.0, ((89, 70, 1, 2), (28, 70, 1, 2), 1): 2.0, ((28, 70, 1, 2), (57, 21, 1, 1), 0): 2.0, ((39, 8, 51, 0), (39, 8, 101, 0), 0): 1.0, ((39, 8, 101, 0), (39, 8, 119, 0), 0): 1.0, ((50, 7, 1, 0), (50, 7, 119, 0), 0): 5.0, ((92, 7, 1, 0), (92, 7, 51, 0), 0): 5.0, ((92, 7, 51, 0), (92, 7, 119, 0), 0): 5.0, ((57, 21, 1, 1), (30, 2, 1, 0), 0): 2.0, ((57, 67, 1, 2), (31, 10, 1, 1), 0): 3.0, ((57, 67, 1, 2), (57, 67, 51, 2), 0): 1.0, ((57, 67, 51, 2), (77, 64, 51, 2), 0): 1.0, ((77, 64, 51, 2), (77, 64, 101, 2), 0): 1.0, ((57, 67, 101, 2), (83, 10, 101, 1), 0): 1.0, ((77, 64, 101, 2), (57, 67, 101, 2), 0): 1.0, ((74, 33, 1, 1), (23, 6, 1, 0), 0): 1.0, ((5, 100, 0, 3), (84, 100, 1, 3), 0): 2.0, ((39, 100, 1, 3), (74, 33, 1, 1), 0): 1.0, ((68, 100, 1, 3), (39, 100, 1, 3), 0): 1.0, ((84, 100, 1, 3), (89, 70, 1, 2), 0): 2.0, ((11, 96, 1, 3), (56, 95, 1, 3), 0): 2.0, ((69, 0, 1, 0), (69, 0, 51, 0), 0): 2.0, ((89, 90, 1, 3), (11, 96, 1, 3), 0): 2.0, ((56, 95, 1, 3), (30, 95, 1, 3), 1): 2.0, ((30, 95, 1, 3), (57, 67, 1, 2), 0): 2.0, ((69, 0, 51, 0), (69, 0, 119, 0), 0): 2.0, ((13, 4, 1, 0), (13, 4, 119, 0), 0): 1.0, ((45, 4, 1, 0), (13, 4, 1, 0), 1): 1.0, ((82, 4, 1, 0), (82, 4, 51, 0), 0): 2.0, ((31, 10, 1, 1), (31, 10, 51, 1), 0): 3.0, ((43, 7, 1, 0), (43, 7, 119, 0), 0): 3.0, ((29, 64, 1, 2), (43, 7, 1, 0), 0): 1.0, ((13, 100, 0, 3), (45, 100, 1, 3), 0): 1.0, ((43, 54, 1, 2), (45, 4, 1, 0), 0): 1.0, ((45, 100, 1, 3), (29, 64, 1, 2), 0): 1.0, ((82, 84, 1, 3), (43, 7, 1, 0), 0): 2.0, ((90, 54, 1, 2), (43, 10, 1, 1), 0): 1.0, ((82, 4, 51, 0), (82, 4, 119, 0), 0): 2.0, ((31, 10, 51, 1), (31, 10, 101, 1), 0): 3.0, ((31, 10, 101, 1), (31, 10, 119, 1), 0): 3.0, ((49, 4, 1, 0), (49, 4, 51, 0), 0): 4.0, ((92, 40, 1, 2), (49, 4, 1, 0), 0): 4.0, ((49, 4, 51, 0), (49, 4, 101, 0), 0): 4.0, ((49, 4, 101, 0), (49, 4, 119, 0), 0): 4.0, ((18, 100, 1, 3), (92, 100, 1, 3), 0): 4.0, ((49, 64, 1, 2), (92, 40, 1, 2), 0): 4.0, ((92, 100, 1, 3), (49, 64, 1, 2), 0): 4.0, ((21, 10, 1, 1), (21, 10, 119, 1), 0): 5.0, ((21, 100, 1, 3), (36, 10, 1, 1), 0): 5.0, ((21, 100, 0, 3), (21, 100, 1, 3), 0): 5.0, ((36, 10, 1, 1), (36, 10, 119, 1), 0): 5.0, ((40, 80, 1, 3), (21, 10, 1, 1), 0): 5.0, ((58, 80, 1, 3), (40, 6, 1, 0), 0): 5.0, ((76, 100, 1, 3), (50, 100, 1, 3), 0): 5.0, ((28, 90, 0, 3), (39, 8, 1, 0), 0): 1.0, ((28, 90, 0, 3), (69, 0, 1, 0), 0): 2.0, ((28, 100, 0, 3), (30, 75, 1, 2), 0): 2.0, ((30, 75, 1, 2), (57, 67, 1, 2), 0): 2.0, ((43, 10, 1, 1), (43, 10, 119, 1), 0): 1.0, ((30, 100, 0, 3), (89, 90, 1, 3), 0): 2.0, ((31, 100, 1, 3), (90, 6, 1, 0), 0): 2.0, ((31, 100, 0, 3), (31, 100, 1, 3), 0): 2.0, ((90, 6, 1, 0), (90, 6, 119, 0), 0): 2.0, ((70, 4, 101, 0), (70, 4, 119, 0), 0): 1.0, ((36, 80, 1, 3), (50, 7, 1, 0), 0): 5.0, ((40, 6, 1, 0), (40, 6, 119, 0), 0): 5.0, ((36, 100, 0, 3), (37, 80, 1, 3), 0): 5.0, ((37, 80, 1, 3), (36, 80, 1, 3), 0): 5.0, ((39, 100, 0, 3), (68, 100, 1, 3), 0): 1.0, ((40, 80, 0, 3), (40, 80, 1, 3), 0): 5.0, ((58, 4, 1, 0), (58, 4, 119, 0), 0): 5.0, ((43, 100, 1, 3), (58, 4, 1, 0), 0): 5.0, ((43, 100, 0, 3), (43, 100, 1, 3), 0): 5.0, ((50, 100, 1, 3), (92, 7, 1, 0), 0): 5.0, ((50, 100, 0, 3), (76, 100, 1, 3), 0): 5.0, ((83, 10, 101, 1), (70, 4, 101, 0), 0): 1.0, ((58, 80, 0, 3), (58, 80, 1, 3), 0): 5.0, ((69, 100, 1, 3), (82, 4, 1, 0), 0): 2.0, ((69, 100, 0, 3), (69, 100, 1, 3), 0): 2.0, ((70, 100, 1, 3), (83, 100, 1, 3), 0): 1.0, ((70, 100, 0, 3), (70, 100, 1, 3), 0): 1.0, ((83, 100, 1, 3), (90, 54, 1, 2), 0): 1.0, ((82, 84, 0, 3), (82, 84, 1, 3), 0): 2.0, ((90, 100, 1, 3), (43, 54, 1, 2), 0): 1.0, ((90, 100, 0, 3), (90, 100, 1, 3), 0): 1.0, ((92, 100, 0, 3), (18, 100, 1, 3), 0): 4.0}
(((13, np.int64(100), np.int64(0), 3), (45, 100, 1, 3), 0), ((45, 100, 1, 3), (29, 64, 1, 2), 0), ((29, 64, 1, 2), (43, 7, 1, 0), 0), ((43, 7, 1, 0), (43, 100, 1, 3), 0), ((43, 100, 1, 3), (58, 4, 1, 0), 0), ((58, 4, 1, 0), (58, 80, 1, 3), 0), ((58, 80, 1, 3), (40, 6, 1, 0), 0), ((40, 6, 1, 0), (40, 80, 1, 3), 0), ((40, 80, 1, 3), (21, 10, 1, 1), 0), ((21, 10, 1, 1), (21, 100, 1, 3), 0), ((21, 100, 1, 3), (36, 10, 1, 1), 0), ((36, 10, 1, 1), (36, 80, 1, 3), 0), ((36, 80, 1, 3), (50, 7, 1, 0), 0), ((50, 7, 1, 0), (50, 100, 1, 3), 0), ((50, 100, 1, 3), (92, 7, 1, 0), 0), ((92, 7, 1, 0), (92, 40, 1, 2), 0), ((92, 40, 1, 2), (49, 4, 1, 0), 0), ((49, 4, 1, 0), (49, 4, 119, 0), 0))
New edge added:  ((45, np.int64(100), np.int64(1), 3), (29, np.int64(64), np.int64(6), 2), 0)  Edge removed:  ((45, 100, 1, 3), (29, 64, 1, 2), 0)
Solution cannot be extended to a feasible solution, updating network...
n[ 5 ] =  2.0
n[ 13 ] =  1.0
n[ 21 ] =  6.0
n[ 23 ] =  1.0
n[ 30 ] =  2.0
n[ 31 ] =  4.0
n[ 34 ] =  1.0
n[ 36 ] =  5.0
n[ 37 ] =  1.0
n[ 39 ] =  1.0
n[ 40 ] =  5.0
n[ 43 ] =  5.0
n[ 50 ] =  6.0
n[ 58 ] =  6.0
n[ 67 ] =  2.0
n[ 69 ] =  2.0
n[ 70 ] =  1.0
n[ 82 ] =  2.0
n[ 90 ] =  2.0
n[ 92 ] =  5.0
'''''''''''''''''
Gurobi Optimizer version 13.0.1 build v13.0.1rc0 (linux64 - "Debian GNU/Linux 12 (bookworm)")

CPU model: Intel(R) Xeon(R) CPU @ 2.20GHz, instruction set [SSE2|AVX|AVX2]
Thread count: 1 physical cores, 2 logical processors, using up to 2 threads

Non-default parameters:
MIPGap  0.05

Academic license 937859 - for non-commercial use only - registered to hp___@cornell.edu
Optimize a model with 693174 rows, 1423480 columns and 3688098 nonzeros (Min)
Model fingerprint: 0xb70c261a
Model has 1024174 linear objective coefficients
Variable types: 0 continuous, 1423480 integer (0 binary)
Coefficient statistics:
  Matrix range     [1e+00, 3e+05]
  Objective range  [6e-01, 8e+02]
  Bounds range     [0e+00, 0e+00]
  RHS range        [1e+00, 5e+00]

MIP start from previous solve did not produce a new incumbent solution
MIP start from previous solve violates constraint flow_bal_load[(92,_np.int64(38),_np.int64(1),_1),1] by 1.000000000
Processed MIP start in 1.76 seconds (0.35 work units)

Presolve removed 558920 rows and 744947 columns (presolve time = 5s)...
Presolve removed 562685 rows and 778817 columns (presolve time = 10s)...
Presolve removed 564417 rows and 790819 columns (presolve time = 15s)...
Presolve removed 564483 rows and 792151 columns (presolve time = 20s)...
Presolve removed 564473 rows and 792141 columns
Presolve time: 20.57s
Presolved: 128701 rows, 631339 columns, 1463219 nonzeros
Variable types: 0 continuous, 631339 integer (2120 binary)

Root simplex log...

Iteration    Objective       Primal Inf.    Dual Inf.      Time
       0      handle free variables                         30s
    7994    9.6148739e+02   1.026250e+02   0.000000e+00     35s
   12215    1.2457955e+03   2.757373e+02   0.000000e+00     40s
   15625    1.6893870e+03   2.351197e+02   0.000000e+00     45s
   17815    1.7550435e+03   1.584339e+02   0.000000e+00     50s
   19645    1.8137166e+03   1.015000e+02   0.000000e+00     55s
   20905    1.8152277e+03   6.161364e+01   0.000000e+00     60s
   22305    1.8542166e+03   6.000000e+01   0.000000e+00     65s
   23625    1.8658663e+03   3.989036e+02   0.000000e+00     70s
   25215    1.8837615e+03   1.808362e+02   0.000000e+00     75s
   26615    1.9268490e+03   2.851270e+02   0.000000e+00     80s
   27785    1.9351132e+03   1.607500e+02   0.000000e+00     85s
   29095    1.9447574e+03   1.022181e+02   0.000000e+00     90s
   30335    1.9758183e+03   5.704444e+01   0.000000e+00     95s
   31505    2.0064893e+03   7.885334e+01   0.000000e+00    100s
   32785    2.1033265e+03   1.225000e+02   0.000000e+00    105s
   34005    2.1825031e+03   3.360000e+02   0.000000e+00    110s
   35115    2.2659794e+03   1.260000e+02   0.000000e+00    115s
   36145    2.3053395e+03   2.136172e+02   0.000000e+00    121s
   36815    2.3153177e+03   1.483983e+02   0.000000e+00    125s
   37585    2.3260684e+03   2.179877e+02   0.000000e+00    131s
   38355    2.3418054e+03   1.659958e+02   0.000000e+00    136s
   39105    2.3447116e+03   1.910117e+02   0.000000e+00    141s
   39805    2.3470917e+03   2.270601e+02   0.000000e+00    146s
   40215    2.3626310e+03   1.690078e+02   0.000000e+00    152s
   40535    2.3660968e+03   1.038923e+02   0.000000e+00    156s
   41055    2.3737546e+03   1.878324e+02   0.000000e+00    161s
   42045    2.3981790e+03   2.135276e+02   0.000000e+00    166s
   42755    2.4359954e+03   1.099691e+02   0.000000e+00    171s
   43305    2.4943151e+03   1.540838e+02   0.000000e+00    175s
   44125    2.6117406e+03   1.093621e+02   0.000000e+00    181s
   44805    2.6156282e+03   1.536466e+02   0.000000e+00    185s
   45515    2.6275136e+03   1.112596e+02   0.000000e+00    190s
   46355    2.6371162e+03   9.452936e+01   0.000000e+00    196s
   47095    2.6536203e+03   1.205562e+02   0.000000e+00    201s
   47605    2.6758530e+03   6.745834e+02   0.000000e+00    206s
   48115    2.6989531e+03   3.958235e+02   0.000000e+00    211s
   48795    2.7182496e+03   1.027871e+02   0.000000e+00    215s
   49815    2.7520639e+03   2.460534e+02   0.000000e+00    220s
   50805    2.8533095e+03   3.330549e+02   0.000000e+00    225s
   51835    2.8883726e+03   1.483445e+02   0.000000e+00    230s
   52975    3.0021436e+03   2.591627e+02   0.000000e+00    235s
   53945    3.0960018e+03   1.865297e+02   0.000000e+00    240s
   55065    3.3013346e+03   6.616725e+02   0.000000e+00    245s
   56185    4.8272379e+03   5.666052e+02   0.000000e+00    250s
   57015    4.9818245e+03   9.450453e+02   0.000000e+00    256s
   57395    4.9882891e+03   3.336160e+02   0.000000e+00    260s
   58065    5.0135875e+03   8.356910e+02   0.000000e+00    266s
   58625    5.0299393e+03   1.204283e+03   0.000000e+00    271s
   59105    5.0490987e+03   6.697278e+02   0.000000e+00    276s
   59455    5.0584439e+03   3.507664e+02   0.000000e+00    280s
   59945    5.1107685e+03   1.079413e+03   0.000000e+00    285s
   60535    5.1231998e+03   2.557889e+02   0.000000e+00    291s
   61325    5.1400051e+03   1.048333e+02   0.000000e+00    295s
   62235    5.1604459e+03   1.280833e+02   0.000000e+00    301s
   62635    5.1708683e+03   2.640254e+02   0.000000e+00    306s
   63325    5.1798823e+03   1.620000e+02   0.000000e+00    311s
   63795    5.1852392e+03   1.617988e+02   0.000000e+00    315s
   64225    5.1885874e+03   9.522034e+01   0.000000e+00    320s
   64815    5.1952529e+03   1.234956e+02   0.000000e+00    326s
   65175    5.1986159e+03   4.701590e+01   0.000000e+00    331s
   65505    5.1998973e+03   1.417157e+02   0.000000e+00    336s
   65855    5.2001237e+03   5.990207e+01   0.000000e+00    341s
   66335    5.2010505e+03   6.266667e+01   0.000000e+00    345s
   66785    5.2014019e+03   0.000000e+00   0.000000e+00    350s
   66785    5.2014019e+03   0.000000e+00   0.000000e+00    350s

Root relaxation: objective 5.201402e+03, 66785 iterations, 323.40 seconds (108.40 work units)

    Nodes    |    Current Node    |     Objective Bounds      |     Work
 Expl Unexpl |  Obj  Depth IntInf | Incumbent    BestBd   Gap | It/Node Time

     0     0 5201.40192    0   98          - 5201.40192      -     -  369s
H    0     0                    5277.3150685 5201.40192  1.44%     -  372s

Explored 1 nodes (113886 simplex iterations) in 372.79 seconds (125.40 work units)
Thread count was 2 (of 2 available processors)

Solution count 1: 5277.32 

Optimal solution found (tolerance 5.00e-02)
Best objective 5.277315068493e+03, best bound 5.201401917808e+03, gap 1.4385%
Iteration:  16
Size of network:  12903  nodes,  237168  edges
Obj Value:  5277.315068493151
a: {}
n: {5: 3.0, 13: 1.0, 21: 6.0, 23: 2.0, 26: 1.0, 31: 6.0, 36: 5.0, 37: 1.0, 39: 1.0, 40: 6.0, 43: 5.0, 50: 5.0, 57: 2.0, 58: 6.0, 67: 2.0, 70: 1.0, 72: 3.0, 82: 1.0, 90: 3.0, 92: 2.0}
{0: (34.421443, -119.684178), 1: (36.167392, -94.119169), 2: (34.071417, -99.009382), 3: (34.689589, -118.130371), 4: (36.434113, -99.427596), 5: (35.400164, -119.399727), 6: (37.2129649, -93.37103), 7: (30.25011, -93.01142), 8: (36.751521, -96.000152), 9: (35.35468, -94.437379), 10: (38.89357, -94.36045), 11: (33.7885884, -118.2150827), 12: (32.596725, -117.019495), 13: (33.30006, -111.96835), 14: (35.392817, -97.422948), 15: (38.96627, -95.700495), 16: (30.725159, -96.425728), 17: (37.737099, -97.32375), 18: (34.188212, -97.171022), 19: (33.94423, -96.41932), 20: (30.209862, -92.002378), 21: (37.183969, -104.499646), 22: (32.267588, -107.774524), 23: (36.72136, -119.761165), 24: (30.437821, -95.498724), 25: (35.079896, -106.746225), 26: (35.840761, -98.419831), 27: (31.207465, -95.996079), 28: (33.899899, -118.207088), 29: (33.3874378, -110.7609849), 30: (34.02094, -117.385415), 31: (33.603063, -114.598023), 32: (35.189976, -101.706309), 33: (35.853211, -94.989243), 34: (35.004614, -106.032837), 35: (31.151717, -93.265081), 36: (36.706596, -101.443207), 37: (37.069631, -100.905444), 38: (32.62712, -96.74537), 39: (36.075856, -119.043996), 40: (35.65758, -105.993406), 41: (32.181782, -94.334174), 42: (30.330588, -97.701649), 43: (35.01643, -110.675005), 44: (35.25655, -96.671004), 45: (33.3021433, -111.9552863), 46: (36.535661, -97.33916), 47: (32.698465, -97.959695), 48: (33.984094, -106.887526), 49: (32.7658795, -96.8754612), 50: (35.309665, -99.631741), 51: (31.784139, -93.08731), 52: (33.0390751, -117.2841996), 53: (38.164391, -112.278183), 54: (34.4349097, -119.9212861), 55: (31.499498, -97.173412), 56: (33.9541734, -117.5556971), 57: (34.118101, -116.45646), 58: (36.71838, -108.167694), 59: (31.940555, -102.169802), 60: (36.081743, -96.054325), 61: (32.469998, -93.672804), 62: (34.4425082, -119.7812613), 63: (37.648431, -98.094183), 64: (32.448848, -100.439583), 65: (32.627591, -97.314361), 66: (38.54421, -106.92517), 67: (34.886448, -117.079423), 68: (35.9874334, -119.961999), 69: (32.794671, -115.539473), 70: (36.220567, -115.125553), 71: (35.106478, -92.43572), 72: (34.584172, -98.396813), 73: (33.39639, -110.76888), 74: (37.8135094, -119.8800771), 75: (35.87844, -97.392471), 76: (35.490972, -98.967096), 77: (33.8310496, -116.5452277), 78: (32.354553, -95.302495), 79: (37.962455, -100.846437), 80: (32.178328, -110.960207), 81: (38.7747705, -119.9029911), 82: (33.463568, -112.459255), 83: (36.009923, -114.784826), 84: (35.3002628, -119.0381956), 85: (36.249164, -95.333829), 86: (33.6699802, -96.6120405), 87: (38.971499, -92.294316), 88: (32.029056, -93.713243), 89: (33.8722233, -118.2654222), 90: (35.263617, -112.194139), 91: (37.199194, -93.402643), 92: (33.73573, -97.14484), 93: (32.881785, -111.777561), 94: (37.161682, -113.434692), 95: (30.35815, -99.606129), 96: (34.773291, -96.697633), 97: (34.12755, -118.443664), 98: (31.34545, -92.51807), 99: (38.945105, -104.724068), 100: (30.0774, -99.10731)}
x_load_0: {((67, 13, 1, 1), (67, 100, 1, 3), 0): 1.0, ((39, 28, 1, 1), (39, 72, 1, 2), 0): 1.0, ((74, 6, 1, 0), (74, 6, 119, 0), 0): 1.0, ((39, 72, 1, 2), (74, 6, 1, 0), 0): 1.0, ((13, 20, 1, 1), (82, 4, 1, 0), 0): 1.0, ((13, 20, 0, 1), (13, 20, 1, 1), 0): 1.0, ((82, 4, 1, 0), (82, 84, 1, 3), 0): 1.0, ((31, 20, 1, 1), (31, 100, 1, 3), 0): 1.0, ((82, 84, 1, 3), (31, 20, 1, 1), 0): 1.0, ((31, 100, 1, 3), (67, 13, 1, 1), 0): 1.0, ((67, 100, 1, 3), (39, 28, 1, 1), 0): 1.0}
x_ener_0: {((84, 9, 1, 0), (5, 2, 1, 0), 0): 2.0, ((5, 2, 1, 0), (5, 2, 51, 0), 0): 2.0, ((67, 13, 1, 1), (67, 13, 51, 1), 0): 2.0, ((39, 28, 1, 1), (84, 9, 1, 0), 0): 2.0, ((5, 2, 51, 0), (5, 2, 119, 0), 0): 2.0, ((67, 13, 51, 1), (67, 13, 119, 1), 0): 2.0, ((67, 59, 51, 2), (70, 7, 51, 0), 0): 1.0, ((5, 100, 1, 3), (5, 100, 51, 3), 0): 1.0, ((74, 6, 1, 0), (74, 6, 51, 0), 0): 1.0, ((39, 72, 1, 2), (74, 6, 1, 0), 0): 1.0, ((5, 100, 0, 3), (84, 100, 1, 3), 0): 1.0, ((84, 100, 1, 3), (5, 100, 1, 3), 0): 1.0, ((5, 100, 51, 3), (84, 100, 51, 3), 0): 1.0, ((74, 6, 51, 0), (74, 6, 101, 0), 0): 1.0, ((84, 100, 51, 3), (67, 59, 51, 2), 0): 1.0, ((74, 6, 101, 0), (74, 6, 119, 0), 0): 1.0, ((13, 20, 1, 1), (82, 4, 1, 0), 0): 1.0, ((13, 40, 1, 2), (82, 24, 1, 1), 0): 1.0, ((13, 64, 1, 2), (82, 49, 1, 2), 0): 1.0, ((82, 4, 1, 0), (82, 4, 119, 0), 0): 1.0, ((45, 40, 1, 2), (13, 40, 1, 2), 1): 1.0, ((82, 24, 1, 1), (13, 20, 1, 1), 0): 1.0, ((82, 49, 1, 2), (45, 40, 1, 2), 0): 1.0, ((82, 64, 1, 2), (13, 64, 1, 2), 0): 1.0, ((31, 20, 1, 1), (31, 20, 51, 1), 0): 1.0, ((82, 84, 1, 3), (31, 20, 1, 1), 0): 1.0, ((31, 20, 51, 1), (31, 20, 119, 1), 0): 1.0, ((31, 100, 1, 3), (67, 13, 1, 1), 0): 2.0, ((31, 100, 0, 3), (82, 64, 1, 2), 0): 1.0, ((31, 100, 0, 3), (31, 100, 1, 3), 0): 2.0, ((39, 72, 0, 2), (39, 72, 1, 2), 0): 1.0, ((70, 7, 51, 0), (70, 7, 119, 0), 0): 1.0, ((67, 100, 1, 3), (39, 28, 1, 1), 0): 2.0, ((67, 100, 0, 3), (67, 100, 1, 3), 0): 2.0, ((82, 84, 0, 3), (82, 84, 1, 3), 0): 1.0}
(((13, np.int64(20), np.int64(0), 1), (13, 20, 1, 1), 0), ((13, 20, 1, 1), (82, 4, 1, 0), 0), ((82, 4, 1, 0), (82, 84, 1, 3), 0), ((82, 84, 1, 3), (31, 20, 1, 1), 0), ((31, 20, 1, 1), (31, 100, 1, 3), 0), ((31, 100, 1, 3), (67, 13, 1, 1), 0), ((67, 13, 1, 1), (67, 100, 1, 3), 0), ((67, 100, 1, 3), (39, 28, 1, 1), 0), ((39, 28, 1, 1), (39, 72, 1, 2), 0), ((39, 72, 1, 2), (74, 6, 1, 0), 0), ((74, 6, 1, 0), (74, 6, 119, 0), 0))
New edge added:  ((13, np.int64(20), np.int64(1), 1), (82, np.int64(4), np.int64(3), 0), 0)  Edge removed:  ((13, 20, 1, 1), (82, 4, 1, 0), 0)
x_load_1: {((50, 7, 1, 0), (50, 100, 1, 3), 0): 1.0, ((13, 7, 1, 0), (13, 7, 119, 0), 0): 1.0, ((92, 32, 1, 1), (92, 100, 1, 3), 0): 1.0, ((92, 100, 1, 3), (50, 7, 1, 0), 0): 1.0, ((21, 10, 1, 1), (21, 80, 1, 3), 0): 1.0, ((21, 80, 1, 3), (40, 10, 1, 1), 0): 1.0, ((40, 10, 1, 1), (40, 77, 1, 2), 0): 1.0, ((43, 80, 1, 3), (13, 7, 1, 0), 0): 1.0, ((40, 77, 1, 2), (58, 4, 1, 0), 0): 1.0, ((36, 27, 1, 1), (36, 100, 1, 3), 0): 1.0, ((36, 100, 1, 3), (21, 10, 1, 1), 0): 1.0, ((58, 4, 1, 0), (58, 100, 1, 3), 0): 1.0, ((43, 4, 1, 0), (43, 80, 1, 3), 0): 1.0, ((49, 64, 0, 2), (92, 32, 1, 1), 0): 1.0, ((50, 100, 1, 3), (36, 27, 1, 1), 0): 1.0, ((58, 100, 1, 3), (43, 4, 1, 0), 0): 1.0}
x_ener_1: {((50, 7, 1, 0), (50, 7, 119, 0), 0): 1.0, ((37, 8, 1, 0), (37, 8, 51, 0), 0): 1.0, ((37, 8, 51, 0), (37, 8, 101, 0), 0): 1.0, ((37, 8, 101, 0), (37, 8, 119, 0), 0): 1.0, ((13, 7, 1, 0), (13, 7, 119, 0), 0): 1.0, ((92, 32, 1, 1), (49, 7, 1, 0), 0): 1.0, ((49, 7, 1, 0), (49, 7, 119, 0), 0): 1.0, ((92, 100, 1, 3), (50, 7, 1, 0), 0): 1.0, ((21, 10, 1, 1), (21, 10, 51, 1), 0): 1.0, ((21, 80, 1, 3), (40, 10, 1, 1), 0): 1.0, ((21, 80, 0, 3), (21, 80, 1, 3), 0): 1.0, ((40, 10, 1, 1), (40, 10, 51, 1), 0): 1.0, ((21, 10, 51, 1), (21, 10, 101, 1), 0): 1.0, ((40, 10, 51, 1), (40, 10, 101, 1), 0): 1.0, ((21, 10, 101, 1), (21, 10, 119, 1), 0): 1.0, ((40, 10, 101, 1), (40, 10, 119, 1), 0): 1.0, ((34, 100, 1, 3), (40, 77, 1, 2), 0): 1.0, ((26, 100, 0, 3), (76, 100, 1, 3), 0): 1.0, ((76, 100, 1, 3), (50, 100, 1, 3), 0): 1.0, ((43, 80, 1, 3), (13, 7, 1, 0), 0): 1.0, ((40, 77, 1, 2), (58, 4, 1, 0), 0): 1.0, ((36, 27, 1, 1), (37, 8, 1, 0), 0): 1.0, ((36, 100, 1, 3), (21, 10, 1, 1), 0): 1.0, ((36, 100, 0, 3), (36, 100, 1, 3), 0): 1.0, ((58, 4, 1, 0), (58, 4, 51, 0), 0): 1.0, ((40, 100, 0, 3), (34, 100, 1, 3), 0): 1.0, ((58, 4, 51, 0), (58, 4, 101, 0), 0): 1.0, ((58, 4, 101, 0), (58, 4, 119, 0), 0): 1.0, ((43, 4, 1, 0), (43, 4, 51, 0), 0): 1.0, ((43, 4, 51, 0), (43, 4, 101, 0), 0): 1.0, ((43, 4, 101, 0), (43, 4, 119, 0), 0): 1.0, ((49, 64, 0, 2), (92, 32, 1, 1), 0): 1.0, ((50, 100, 1, 3), (36, 27, 1, 1), 0): 1.0, ((58, 100, 1, 3), (43, 4, 1, 0), 0): 1.0, ((58, 100, 0, 3), (58, 100, 1, 3), 0): 1.0, ((90, 100, 1, 3), (43, 80, 1, 3), 0): 1.0, ((90, 100, 0, 3), (90, 100, 1, 3), 0): 1.0, ((92, 100, 0, 3), (92, 100, 1, 3), 0): 1.0}
(((49, np.int64(64), np.int64(0), 2), (92, 32, 1, 1), 0), ((92, 32, 1, 1), (92, 100, 1, 3), 0), ((92, 100, 1, 3), (50, 7, 1, 0), 0), ((50, 7, 1, 0), (50, 100, 1, 3), 0), ((50, 100, 1, 3), (36, 27, 1, 1), 0), ((36, 27, 1, 1), (36, 100, 1, 3), 0), ((36, 100, 1, 3), (21, 10, 1, 1), 0), ((21, 10, 1, 1), (21, 80, 1, 3), 0), ((21, 80, 1, 3), (40, 10, 1, 1), 0), ((40, 10, 1, 1), (40, 77, 1, 2), 0), ((40, 77, 1, 2), (58, 4, 1, 0), 0), ((58, 4, 1, 0), (58, 100, 1, 3), 0), ((58, 100, 1, 3), (43, 4, 1, 0), 0), ((43, 4, 1, 0), (43, 80, 1, 3), 0), ((43, 80, 1, 3), (13, 7, 1, 0), 0), ((13, 7, 1, 0), (13, 7, 119, 0), 0))
New edge added:  ((49, np.int64(64), np.int64(0), 2), (92, np.int64(28), np.int64(5), 1), 0)  Edge removed:  ((49, np.int64(64), np.int64(0), 2), (92, 32, 1, 1), 0)
x_load_2: {((39, 18, 1, 1), (39, 100, 1, 3), 0): 2.0, ((72, 2, 1, 0), (72, 100, 1, 3), 0): 3.0, ((50, 7, 1, 0), (50, 100, 1, 3), 0): 2.0, ((92, 7, 1, 0), (92, 40, 1, 2), 0): 1.0, ((92, 7, 1, 0), (92, 100, 1, 3), 0): 1.0, ((76, 15, 1, 1), (76, 39, 1, 1), 0): 3.0, ((76, 39, 1, 1), (72, 2, 1, 0), 0): 3.0, ((49, 20, 1, 1), (49, 20, 119, 1), 0): 3.0, ((72, 100, 1, 3), (49, 20, 1, 1), 0): 3.0, ((57, 67, 1, 2), (31, 10, 1, 1), 0): 3.0, ((74, 33, 1, 1), (74, 33, 119, 1), 0): 2.0, ((39, 100, 1, 3), (74, 33, 1, 1), 0): 2.0, ((30, 95, 1, 3), (57, 67, 1, 2), 0): 2.0, ((13, 100, 1, 3), (93, 84, 1, 3), 0): 2.0, ((13, 9, 0, 0), (13, 100, 1, 3), 0): 2.0, ((31, 10, 1, 1), (31, 100, 1, 3), 0): 3.0, ((43, 54, 1, 2), (43, 100, 1, 3), 0): 2.0, ((90, 54, 1, 2), (43, 10, 1, 1), 0): 1.0, ((93, 84, 1, 3), (43, 0, 1, 0), 0): 2.0, ((49, 4, 1, 0), (49, 4, 119, 0), 0): 1.0, ((92, 40, 1, 2), (49, 4, 1, 0), 0): 1.0, ((49, 64, 1, 2), (49, 64, 119, 2), 0): 1.0, ((92, 100, 1, 3), (49, 64, 1, 2), 0): 1.0, ((21, 10, 1, 1), (21, 100, 1, 3), 0): 5.0, ((21, 100, 1, 3), (36, 10, 1, 1), 0): 5.0, ((36, 10, 1, 1), (36, 80, 1, 3), 0): 2.0, ((36, 10, 1, 1), (36, 100, 1, 3), 0): 3.0, ((40, 26, 1, 1), (40, 80, 1, 3), 0): 5.0, ((40, 80, 1, 3), (21, 10, 1, 1), 0): 5.0, ((28, 100, 0, 3), (30, 75, 1, 2), 0): 2.0, ((28, 100, 0, 3), (39, 18, 1, 1), 0): 2.0, ((28, 100, 0, 3), (57, 47, 1, 2), 0): 1.0, ((30, 75, 1, 2), (30, 95, 1, 3), 0): 2.0, ((57, 47, 1, 2), (57, 67, 1, 2), 0): 1.0, ((43, 0, 1, 0), (43, 100, 1, 3), 0): 2.0, ((43, 10, 1, 1), (43, 100, 1, 3), 0): 1.0, ((31, 100, 1, 3), (90, 6, 1, 0), 0): 3.0, ((90, 6, 1, 0), (90, 54, 1, 2), 0): 1.0, ((90, 6, 1, 0), (90, 100, 1, 3), 0): 2.0, ((36, 80, 1, 3), (50, 7, 1, 0), 0): 2.0, ((36, 100, 1, 3), (76, 15, 1, 1), 0): 3.0, ((58, 4, 1, 0), (58, 100, 1, 3), 0): 5.0, ((43, 100, 1, 3), (58, 4, 1, 0), 0): 5.0, ((50, 100, 1, 3), (92, 7, 1, 0), 0): 2.0, ((58, 100, 1, 3), (40, 26, 1, 1), 0): 5.0, ((90, 100, 1, 3), (43, 54, 1, 2), 0): 2.0}
x_ener_2: {((23, 6, 1, 0), (23, 6, 51, 0), 0): 2.0, ((39, 18, 1, 1), (39, 18, 51, 1), 0): 1.0, ((39, 18, 1, 1), (39, 18, 119, 1), 0): 1.0, ((30, 30, 1, 1), (57, 3, 1, 0), 0): 2.0, ((57, 3, 1, 0), (57, 3, 51, 0), 0): 2.0, ((23, 6, 51, 0), (23, 6, 119, 0), 0): 2.0, ((39, 18, 51, 1), (5, 0, 51, 0), 0): 1.0, ((57, 3, 51, 0), (57, 3, 101, 0), 0): 2.0, ((57, 3, 101, 0), (57, 3, 119, 0), 0): 2.0, ((72, 2, 1, 0), (72, 2, 51, 0), 0): 3.0, ((50, 4, 1, 0), (50, 4, 51, 0), 0): 2.0, ((50, 7, 1, 0), (50, 7, 119, 0), 0): 2.0, ((92, 7, 1, 0), (92, 7, 119, 0), 0): 2.0, ((76, 15, 1, 1), (26, 2, 1, 0), 0): 1.0, ((76, 15, 1, 1), (50, 4, 1, 0), 0): 2.0, ((38, 14, 1, 1), (38, 14, 51, 1), 0): 3.0, ((76, 39, 1, 1), (72, 2, 1, 0), 0): 3.0, ((72, 63, 1, 2), (76, 39, 1, 1), 0): 3.0, ((49, 20, 1, 1), (38, 14, 1, 1), 0): 3.0, ((72, 100, 1, 3), (49, 20, 1, 1), 0): 3.0, ((72, 2, 51, 0), (72, 2, 119, 0), 0): 3.0, ((50, 4, 51, 0), (50, 4, 101, 0), 0): 2.0, ((38, 14, 51, 1), (38, 14, 101, 1), 0): 3.0, ((50, 4, 101, 0), (50, 4, 119, 0), 0): 2.0, ((38, 14, 101, 1), (49, 8, 101, 0), 0): 3.0, ((28, 55, 1, 2), (30, 30, 1, 1), 0): 2.0, ((57, 67, 1, 2), (31, 10, 1, 1), 0): 4.0, ((26, 2, 1, 0), (26, 2, 51, 0), 0): 1.0, ((26, 2, 51, 0), (26, 2, 101, 0), 0): 1.0, ((26, 2, 101, 0), (26, 2, 119, 0), 0): 1.0, ((74, 33, 1, 1), (23, 6, 1, 0), 0): 2.0, ((5, 100, 0, 3), (28, 55, 1, 2), 0): 2.0, ((39, 100, 1, 3), (74, 33, 1, 1), 0): 2.0, ((68, 100, 1, 3), (39, 100, 1, 3), 0): 2.0, ((5, 0, 51, 0), (5, 0, 101, 0), 0): 1.0, ((5, 0, 101, 0), (5, 0, 119, 0), 0): 1.0, ((30, 95, 1, 3), (57, 67, 1, 2), 0): 2.0, ((31, 6, 1, 0), (31, 6, 51, 0), 0): 1.0, ((31, 6, 51, 0), (31, 6, 101, 0), 0): 1.0, ((31, 6, 101, 0), (31, 6, 119, 0), 0): 1.0, ((13, 100, 1, 3), (93, 84, 1, 3), 0): 2.0, ((31, 10, 1, 1), (31, 10, 51, 1), 0): 4.0, ((13, 100, 0, 3), (45, 100, 1, 3), 0): 2.0, ((43, 54, 1, 2), (43, 54, 51, 2), 0): 1.0, ((43, 54, 1, 2), (43, 54, 119, 2), 0): 1.0, ((45, 100, 1, 3), (13, 100, 1, 3), 1): 2.0, ((90, 54, 1, 2), (43, 10, 1, 1), 0): 1.0, ((93, 84, 1, 3), (43, 0, 1, 0), 0): 2.0, ((31, 10, 51, 1), (31, 10, 119, 1), 0): 4.0, ((43, 54, 51, 2), (43, 54, 101, 2), 0): 1.0, ((13, 4, 101, 0), (13, 4, 119, 0), 0): 1.0, ((45, 4, 101, 0), (13, 4, 101, 0), 1): 1.0, ((43, 54, 101, 2), (45, 4, 101, 0), 0): 1.0, ((49, 4, 1, 0), (49, 4, 51, 0), 0): 1.0, ((92, 40, 1, 2), (49, 4, 1, 0), 0): 1.0, ((49, 4, 51, 0), (49, 4, 101, 0), 0): 1.0, ((49, 4, 101, 0), (49, 4, 119, 0), 0): 1.0, ((18, 100, 1, 3), (92, 100, 1, 3), 0): 1.0, ((49, 64, 1, 2), (92, 40, 1, 2), 0): 1.0, ((92, 100, 1, 3), (49, 64, 1, 2), 0): 1.0, ((49, 8, 101, 0), (49, 8, 119, 0), 0): 3.0, ((21, 10, 1, 1), (21, 10, 119, 1), 0): 5.0, ((21, 100, 1, 3), (36, 10, 1, 1), 0): 5.0, ((21, 100, 0, 3), (21, 100, 1, 3), 0): 5.0, ((36, 10, 1, 1), (36, 10, 119, 1), 0): 5.0, ((23, 100, 0, 3), (68, 100, 1, 3), 0): 2.0, ((25, 100, 1, 3), (40, 80, 1, 3), 0): 5.0, ((40, 26, 1, 1), (40, 26, 119, 1), 0): 5.0, ((34, 100, 1, 3), (25, 100, 1, 3), 0): 5.0, ((40, 80, 1, 3), (21, 10, 1, 1), 0): 5.0, ((76, 100, 1, 3), (50, 100, 1, 3), 0): 2.0, ((76, 100, 1, 3), (72, 63, 1, 2), 0): 3.0, ((28, 100, 0, 3), (30, 75, 1, 2), 0): 2.0, ((28, 100, 0, 3), (39, 18, 1, 1), 0): 2.0, ((28, 100, 0, 3), (57, 47, 1, 2), 0): 1.0, ((30, 75, 1, 2), (57, 67, 1, 2), 0): 2.0, ((57, 47, 1, 2), (31, 6, 1, 0), 0): 1.0, ((43, 0, 1, 0), (43, 0, 51, 0), 0): 2.0, ((43, 10, 1, 1), (43, 10, 51, 1), 0): 1.0, ((43, 0, 51, 0), (43, 0, 101, 0), 0): 2.0, ((43, 10, 51, 1), (43, 10, 119, 1), 0): 1.0, ((43, 0, 101, 0), (43, 0, 119, 0), 0): 2.0, ((31, 100, 1, 3), (90, 6, 1, 0), 0): 3.0, ((31, 100, 0, 3), (31, 100, 1, 3), 0): 3.0, ((90, 6, 1, 0), (90, 6, 51, 0), 0): 3.0, ((90, 6, 51, 0), (90, 6, 101, 0), 0): 3.0, ((90, 6, 101, 0), (90, 6, 119, 0), 0): 3.0, ((36, 80, 1, 3), (50, 7, 1, 0), 0): 2.0, ((40, 100, 1, 3), (34, 100, 1, 3), 0): 5.0, ((36, 100, 1, 3), (76, 15, 1, 1), 0): 3.0, ((36, 80, 0, 3), (36, 80, 1, 3), 0): 1.0, ((36, 100, 0, 3), (36, 100, 1, 3), 0): 3.0, ((37, 80, 0, 3), (36, 80, 1, 3), 0): 1.0, ((58, 4, 1, 0), (58, 4, 51, 0), 0): 5.0, ((40, 100, 0, 3), (40, 100, 1, 3), 0): 5.0, ((58, 4, 51, 0), (58, 4, 101, 0), 0): 5.0, ((58, 4, 101, 0), (58, 4, 119, 0), 0): 5.0, ((43, 100, 1, 3), (58, 4, 1, 0), 0): 5.0, ((43, 100, 0, 3), (43, 100, 1, 3), 0): 5.0, ((50, 100, 1, 3), (92, 7, 1, 0), 0): 2.0, ((50, 100, 0, 3), (76, 100, 1, 3), 0): 5.0, ((57, 100, 0, 3), (30, 95, 1, 3), 0): 2.0, ((58, 100, 1, 3), (40, 26, 1, 1), 0): 5.0, ((58, 100, 0, 3), (58, 100, 1, 3), 0): 5.0, ((70, 100, 1, 3), (83, 100, 1, 3), 0): 1.0, ((70, 100, 0, 3), (70, 100, 1, 3), 0): 1.0, ((83, 100, 1, 3), (90, 54, 1, 2), 0): 1.0, ((72, 100, 0, 3), (72, 100, 1, 3), 0): 3.0, ((90, 100, 1, 3), (43, 54, 1, 2), 0): 2.0, ((90, 100, 0, 3), (90, 100, 1, 3), 0): 2.0, ((92, 100, 0, 3), (18, 100, 1, 3), 0): 1.0}
(((13, np.int64(9), np.int64(0), 0), (13, 100, 1, 3), 0), ((13, 100, 1, 3), (93, 84, 1, 3), 0), ((93, 84, 1, 3), (43, 0, 1, 0), 0), ((43, 0, 1, 0), (43, 100, 1, 3), 0), ((43, 100, 1, 3), (58, 4, 1, 0), 0), ((58, 4, 1, 0), (58, 100, 1, 3), 0), ((58, 100, 1, 3), (40, 26, 1, 1), 0), ((40, 26, 1, 1), (40, 80, 1, 3), 0), ((40, 80, 1, 3), (21, 10, 1, 1), 0), ((21, 10, 1, 1), (21, 100, 1, 3), 0), ((21, 100, 1, 3), (36, 10, 1, 1), 0), ((36, 10, 1, 1), (36, 80, 1, 3), 0), ((36, 80, 1, 3), (50, 7, 1, 0), 0), ((50, 7, 1, 0), (50, 100, 1, 3), 0), ((50, 100, 1, 3), (92, 7, 1, 0), 0), ((92, 7, 1, 0), (92, 40, 1, 2), 0), ((92, 40, 1, 2), (49, 4, 1, 0), 0), ((49, 4, 1, 0), (49, 4, 119, 0), 0))
New edge added:  ((13, np.int64(100), np.int64(1), 3), (93, np.int64(84), np.int64(3), 3), 0)  Edge removed:  ((13, 100, 1, 3), (93, 84, 1, 3), 0)
Solution cannot be extended to a feasible solution, updating network...
n[ 5 ] =  3.0
n[ 13 ] =  1.0
n[ 21 ] =  6.0
n[ 23 ] =  2.0
n[ 26 ] =  1.0
n[ 31 ] =  6.0
n[ 36 ] =  5.0
n[ 37 ] =  1.0
n[ 39 ] =  1.0
n[ 40 ] =  6.0
n[ 43 ] =  5.0
n[ 50 ] =  5.0
n[ 57 ] =  2.0
n[ 58 ] =  6.0
n[ 67 ] =  2.0
n[ 70 ] =  1.0
n[ 72 ] =  3.0
n[ 82 ] =  1.0
n[ 90 ] =  3.0
n[ 92 ] =  2.0
'''''''''''''''''
Gurobi Optimizer version 13.0.1 build v13.0.1rc0 (linux64 - "Debian GNU/Linux 12 (bookworm)")

CPU model: Intel(R) Xeon(R) CPU @ 2.20GHz, instruction set [SSE2|AVX|AVX2]
Thread count: 1 physical cores, 2 logical processors, using up to 2 threads

Non-default parameters:
MIPGap  0.05

Academic license 937859 - for non-commercial use only - registered to hp___@cornell.edu
Optimize a model with 693336 rows, 1423804 columns and 3693171 nonzeros (Min)
Model fingerprint: 0x90be1f8c
Model has 1024411 linear objective coefficients
Variable types: 0 continuous, 1423804 integer (0 binary)
Coefficient statistics:
  Matrix range     [1e+00, 3e+05]
  Objective range  [6e-01, 8e+02]
  Bounds range     [0e+00, 0e+00]
  RHS range        [1e+00, 5e+00]

MIP start from previous solve did not produce a new incumbent solution
MIP start from previous solve violates constraint flow_bal_load[(92,_np.int64(32),_np.int64(1),_1),1] by 1.000000000
Processed MIP start in 1.16 seconds (0.35 work units)

Presolve removed 560851 rows and 769953 columns (presolve time = 5s)...
Presolve removed 564582 rows and 792321 columns (presolve time = 10s)...
Presolve removed 564635 rows and 792391 columns
Presolve time: 13.82s
Presolved: 128701 rows, 631413 columns, 1463365 nonzeros
Variable types: 0 continuous, 631413 integer (2121 binary)

Root simplex log...

Iteration    Objective       Primal Inf.    Dual Inf.      Time
       0      handle free variables                         20s
     667    1.8900000e+02   3.900000e+01   0.000000e+00     20s
   11264    1.1710594e+03   6.737500e+01   0.000000e+00     25s
   16458    1.7256450e+03   4.613780e+02   0.000000e+00     30s
   19468    1.8135384e+03   3.940205e+02   0.000000e+00     35s
   21738    1.8581585e+03   1.822147e+02   0.000000e+00     40s
   24158    1.8790281e+03   4.029065e+02   0.000000e+00     45s
   25878    1.8885146e+03   1.455270e+02   0.000000e+00     50s
   27668    1.9315844e+03   8.372034e+01   0.000000e+00     55s
   29148    1.9415159e+03   1.234844e+02   0.000000e+00     60s
   30788    1.9907814e+03   1.580312e+02   0.000000e+00     65s
   32408    2.0243529e+03   1.152500e+02   0.000000e+00     70s
   34358    2.2251158e+03   2.267500e+02   0.000000e+00     75s
   35758    2.2793151e+03   6.889583e+01   0.000000e+00     80s
   36958    2.3035325e+03   5.154350e+02   0.000000e+00     85s
   38438    2.3449330e+03   1.724492e+02   0.000000e+00     91s
   39638    2.3654265e+03   1.386973e+02   0.000000e+00     96s
   40578    2.3720334e+03   3.320311e+02   0.000000e+00    100s
   41708    2.3940365e+03   4.759963e+02   0.000000e+00    105s
   43058    2.3984549e+03   2.094206e+02   0.000000e+00    111s
   44038    2.4267750e+03   3.467610e+02   0.000000e+00    115s
   45388    2.5252519e+03   1.688409e+02   0.000000e+00    120s
   46548    2.6356077e+03   1.047329e+02   0.000000e+00    125s
   47928    2.6677392e+03   5.156553e+02   0.000000e+00    130s
   49158    2.6821689e+03   1.213221e+02   0.000000e+00    135s
   50198    2.7040876e+03   1.314717e+02   0.000000e+00    140s
   51528    2.7123030e+03   1.275781e+02   0.000000e+00    145s
   52808    2.7373013e+03   1.939348e+02   0.000000e+00    150s
   54618    2.8253047e+03   3.123098e+02   0.000000e+00    155s
   56338    2.9866572e+03   2.721634e+02   0.000000e+00    161s
   58028    3.1866577e+03   2.639553e+02   0.000000e+00    165s
   59338    4.8240510e+03   4.282258e+02   0.000000e+00    170s
   60558    5.0064278e+03   1.322385e+03   0.000000e+00    175s
   61418    5.0327943e+03   3.882462e+02   0.000000e+00    181s
   62348    5.0646637e+03   2.472571e+02   0.000000e+00    185s
   63258    5.1133588e+03   3.352121e+02   0.000000e+00    191s
   64198    5.1405574e+03   1.444722e+02   0.000000e+00    195s
   65038    5.1609833e+03   1.424375e+02   0.000000e+00    201s
   65578    5.1762626e+03   9.683333e+01   0.000000e+00    205s
   66058    5.1861042e+03   4.270319e+02   0.000000e+00    210s
   66548    5.1896244e+03   1.062485e+02   0.000000e+00    216s
   67028    5.1933753e+03   1.270281e+02   0.000000e+00    221s
   67388    5.1956283e+03   2.372966e+02   0.000000e+00    225s
   67888    5.1990810e+03   3.602797e+01   0.000000e+00    231s
   68368    5.2005638e+03   2.025000e+01   0.000000e+00    236s
   68848    5.2012270e+03   2.538590e+01   0.000000e+00    241s
   69278    5.2015136e+03   1.675000e+01   0.000000e+00    246s
   69339    5.2015632e+03   0.000000e+00   0.000000e+00    247s
   69339    5.2015632e+03   0.000000e+00   0.000000e+00    247s

Root relaxation: objective 5.201563e+03, 69339 iterations, 229.65 seconds (116.28 work units)

    Nodes    |    Current Node    |     Objective Bounds      |     Work
 Expl Unexpl |  Obj  Depth IntInf | Incumbent    BestBd   Gap | It/Node Time

     0     0 5201.56317    0   90          - 5201.56317      -     -  274s
H    0     0                    5277.1164384 5201.56317  1.43%     -  277s

Explored 1 nodes (121653 simplex iterations) in 277.51 seconds (134.89 work units)
Thread count was 2 (of 2 available processors)

Solution count 1: 5277.12 

Optimal solution found (tolerance 5.00e-02)
Best objective 5.277116438356e+03, best bound 5.201563170254e+03, gap 1.4317%
Iteration:  17
Size of network:  12909  nodes,  237219  edges
Obj Value:  5277.1164383561645
a: {}
n: {2: 1.0, 5: 4.0, 13: 1.0, 21: 6.0, 23: 2.0, 31: 5.0, 34: 1.0, 36: 6.0, 39: 1.0, 40: 5.0, 43: 5.0, 57: 3.0, 58: 6.0, 67: 1.0, 70: 1.0, 72: 3.0, 76: 6.0, 82: 1.0, 90: 3.0}
{0: (34.421443, -119.684178), 1: (36.167392, -94.119169), 2: (34.071417, -99.009382), 3: (34.689589, -118.130371), 4: (36.434113, -99.427596), 5: (35.400164, -119.399727), 6: (37.2129649, -93.37103), 7: (30.25011, -93.01142), 8: (36.751521, -96.000152), 9: (35.35468, -94.437379), 10: (38.89357, -94.36045), 11: (33.7885884, -118.2150827), 12: (32.596725, -117.019495), 13: (33.30006, -111.96835), 14: (35.392817, -97.422948), 15: (38.96627, -95.700495), 16: (30.725159, -96.425728), 17: (37.737099, -97.32375), 18: (34.188212, -97.171022), 19: (33.94423, -96.41932), 20: (30.209862, -92.002378), 21: (37.183969, -104.499646), 22: (32.267588, -107.774524), 23: (36.72136, -119.761165), 24: (30.437821, -95.498724), 25: (35.079896, -106.746225), 26: (35.840761, -98.419831), 27: (31.207465, -95.996079), 28: (33.899899, -118.207088), 29: (33.3874378, -110.7609849), 30: (34.02094, -117.385415), 31: (33.603063, -114.598023), 32: (35.189976, -101.706309), 33: (35.853211, -94.989243), 34: (35.004614, -106.032837), 35: (31.151717, -93.265081), 36: (36.706596, -101.443207), 37: (37.069631, -100.905444), 38: (32.62712, -96.74537), 39: (36.075856, -119.043996), 40: (35.65758, -105.993406), 41: (32.181782, -94.334174), 42: (30.330588, -97.701649), 43: (35.01643, -110.675005), 44: (35.25655, -96.671004), 45: (33.3021433, -111.9552863), 46: (36.535661, -97.33916), 47: (32.698465, -97.959695), 48: (33.984094, -106.887526), 49: (32.7658795, -96.8754612), 50: (35.309665, -99.631741), 51: (31.784139, -93.08731), 52: (33.0390751, -117.2841996), 53: (38.164391, -112.278183), 54: (34.4349097, -119.9212861), 55: (31.499498, -97.173412), 56: (33.9541734, -117.5556971), 57: (34.118101, -116.45646), 58: (36.71838, -108.167694), 59: (31.940555, -102.169802), 60: (36.081743, -96.054325), 61: (32.469998, -93.672804), 62: (34.4425082, -119.7812613), 63: (37.648431, -98.094183), 64: (32.448848, -100.439583), 65: (32.627591, -97.314361), 66: (38.54421, -106.92517), 67: (34.886448, -117.079423), 68: (35.9874334, -119.961999), 69: (32.794671, -115.539473), 70: (36.220567, -115.125553), 71: (35.106478, -92.43572), 72: (34.584172, -98.396813), 73: (33.39639, -110.76888), 74: (37.8135094, -119.8800771), 75: (35.87844, -97.392471), 76: (35.490972, -98.967096), 77: (33.8310496, -116.5452277), 78: (32.354553, -95.302495), 79: (37.962455, -100.846437), 80: (32.178328, -110.960207), 81: (38.7747705, -119.9029911), 82: (33.463568, -112.459255), 83: (36.009923, -114.784826), 84: (35.3002628, -119.0381956), 85: (36.249164, -95.333829), 86: (33.6699802, -96.6120405), 87: (38.971499, -92.294316), 88: (32.029056, -93.713243), 89: (33.8722233, -118.2654222), 90: (35.263617, -112.194139), 91: (37.199194, -93.402643), 92: (33.73573, -97.14484), 93: (32.881785, -111.777561), 94: (37.161682, -113.434692), 95: (30.35815, -99.606129), 96: (34.773291, -96.697633), 97: (34.12755, -118.443664), 98: (31.34545, -92.51807), 99: (38.945105, -104.724068), 100: (30.0774, -99.10731)}
x_load_0: {((67, 13, 1, 1), (67, 100, 1, 3), 0): 1.0, ((39, 28, 1, 1), (39, 73, 1, 2), 0): 1.0, ((74, 6, 1, 0), (74, 6, 119, 0), 0): 1.0, ((13, 24, 1, 1), (82, 10, 1, 1), 0): 1.0, ((13, 7, 0, 0), (13, 24, 1, 1), 0): 1.0, ((82, 10, 1, 1), (82, 80, 1, 3), 0): 1.0, ((82, 80, 1, 3), (31, 15, 1, 1), 0): 1.0, ((31, 15, 1, 1), (31, 100, 1, 3), 0): 1.0, ((31, 100, 1, 3), (67, 13, 1, 1), 0): 1.0, ((39, 73, 1, 2), (74, 6, 1, 0), 0): 1.0, ((67, 100, 1, 3), (39, 28, 1, 1), 0): 1.0}
x_ener_0: {((67, 13, 1, 1), (67, 13, 119, 1), 0): 1.0, ((39, 28, 1, 1), (39, 28, 51, 1), 0): 1.0, ((5, 2, 51, 0), (5, 2, 101, 0), 0): 1.0, ((39, 28, 51, 1), (5, 2, 51, 0), 0): 1.0, ((67, 59, 51, 2), (67, 59, 101, 2), 0): 1.0, ((5, 2, 101, 0), (5, 2, 119, 0), 0): 1.0, ((67, 59, 101, 2), (70, 7, 101, 0), 0): 1.0, ((5, 100, 1, 3), (84, 100, 1, 3), 0): 1.0, ((74, 6, 1, 0), (74, 6, 51, 0), 0): 1.0, ((5, 100, 0, 3), (5, 100, 1, 3), 0): 1.0, ((39, 100, 1, 3), (68, 100, 1, 3), 0): 1.0, ((68, 100, 1, 3), (39, 73, 1, 2), 0): 1.0, ((84, 100, 1, 3), (84, 100, 51, 3), 0): 1.0, ((74, 6, 51, 0), (74, 6, 101, 0), 0): 1.0, ((84, 100, 51, 3), (67, 59, 51, 2), 0): 1.0, ((74, 6, 101, 0), (74, 6, 119, 0), 0): 1.0, ((13, 24, 1, 1), (82, 10, 1, 1), 0): 1.0, ((13, 49, 1, 2), (82, 35, 1, 1), 0): 1.0, ((13, 100, 1, 3), (93, 100, 1, 3), 0): 1.0, ((82, 10, 1, 1), (82, 10, 51, 1), 0): 1.0, ((82, 35, 1, 1), (13, 24, 1, 1), 0): 1.0, ((82, 64, 1, 2), (13, 49, 1, 2), 0): 1.0, ((82, 80, 1, 3), (31, 15, 1, 1), 0): 1.0, ((45, 100, 1, 3), (13, 100, 1, 3), 1): 1.0, ((93, 100, 1, 3), (82, 80, 1, 3), 0): 1.0, ((82, 10, 51, 1), (82, 10, 101, 1), 0): 1.0, ((82, 10, 101, 1), (82, 10, 119, 1), 0): 1.0, ((31, 15, 1, 1), (31, 15, 119, 1), 0): 1.0, ((31, 100, 1, 3), (67, 13, 1, 1), 0): 1.0, ((31, 100, 1, 3), (82, 64, 1, 2), 0): 1.0, ((31, 100, 0, 3), (31, 100, 1, 3), 0): 2.0, ((39, 73, 1, 2), (74, 6, 1, 0), 0): 1.0, ((39, 100, 0, 3), (39, 100, 1, 3), 0): 1.0, ((70, 7, 101, 0), (70, 7, 119, 0), 0): 1.0, ((67, 100, 1, 3), (39, 28, 1, 1), 0): 1.0, ((67, 100, 0, 3), (67, 100, 1, 3), 0): 1.0, ((82, 100, 0, 3), (45, 100, 1, 3), 0): 1.0}
(((13, np.int64(7), np.int64(0), 0), (13, 24, 1, 1), 0), ((13, 24, 1, 1), (82, 10, 1, 1), 0), ((82, 10, 1, 1), (82, 80, 1, 3), 0), ((82, 80, 1, 3), (31, 15, 1, 1), 0), ((31, 15, 1, 1), (31, 100, 1, 3), 0), ((31, 100, 1, 3), (67, 13, 1, 1), 0), ((67, 13, 1, 1), (67, 100, 1, 3), 0), ((67, 100, 1, 3), (39, 28, 1, 1), 0), ((39, 28, 1, 1), (39, 73, 1, 2), 0), ((39, 73, 1, 2), (74, 6, 1, 0), 0), ((74, 6, 1, 0), (74, 6, 119, 0), 0))
New edge added:  ((13, np.int64(24), np.int64(1), 1), (82, np.int64(8), np.int64(3), 0), 0)  Edge removed:  ((13, 24, 1, 1), (82, 10, 1, 1), 0)
x_load_1: {((2, 14, 1, 1), (2, 80, 1, 3), 0): 1.0, ((2, 80, 1, 3), (50, 32, 1, 1), 0): 1.0, ((50, 32, 1, 1), (50, 80, 1, 3), 0): 1.0, ((50, 80, 1, 3), (36, 7, 1, 0), 0): 1.0, ((13, 7, 1, 0), (13, 7, 119, 0), 0): 1.0, ((21, 10, 1, 1), (21, 100, 1, 3), 0): 1.0, ((21, 100, 1, 3), (40, 30, 1, 1), 0): 1.0, ((40, 30, 1, 1), (40, 77, 1, 2), 0): 1.0, ((43, 80, 1, 3), (13, 7, 1, 0), 0): 1.0, ((36, 7, 1, 0), (36, 100, 1, 3), 0): 1.0, ((40, 77, 1, 2), (58, 4, 1, 0), 0): 1.0, ((36, 100, 1, 3), (21, 10, 1, 1), 0): 1.0, ((58, 4, 1, 0), (58, 100, 1, 3), 0): 1.0, ((43, 4, 1, 0), (43, 80, 1, 3), 0): 1.0, ((49, 94, 0, 3), (2, 14, 1, 1), 0): 1.0, ((58, 100, 1, 3), (43, 4, 1, 0), 0): 1.0}
x_ener_1: {((2, 14, 1, 1), (2, 14, 119, 1), 0): 1.0, ((2, 80, 1, 3), (50, 32, 1, 1), 0): 1.0, ((2, 80, 0, 3), (2, 80, 1, 3), 0): 1.0, ((50, 32, 1, 1), (76, 12, 1, 1), 0): 1.0, ((50, 80, 1, 3), (36, 7, 1, 0), 0): 1.0, ((76, 12, 1, 1), (76, 12, 119, 1), 0): 1.0, ((13, 7, 1, 0), (13, 7, 119, 0), 0): 1.0, ((21, 10, 1, 1), (21, 10, 119, 1), 0): 1.0, ((21, 100, 1, 3), (40, 30, 1, 1), 0): 1.0, ((34, 17, 1, 1), (34, 17, 119, 1), 0): 1.0, ((21, 100, 0, 3), (21, 100, 1, 3), 0): 1.0, ((40, 30, 1, 1), (34, 17, 1, 1), 0): 1.0, ((34, 100, 1, 3), (40, 77, 1, 2), 0): 1.0, ((43, 80, 1, 3), (13, 7, 1, 0), 0): 1.0, ((36, 7, 1, 0), (36, 7, 51, 0), 0): 1.0, ((36, 7, 51, 0), (36, 7, 101, 0), 0): 1.0, ((36, 7, 101, 0), (36, 7, 119, 0), 0): 1.0, ((34, 100, 0, 3), (34, 100, 1, 3), 0): 1.0, ((40, 77, 1, 2), (58, 4, 1, 0), 0): 1.0, ((36, 100, 1, 3), (21, 10, 1, 1), 0): 1.0, ((36, 100, 0, 3), (36, 100, 1, 3), 0): 1.0, ((58, 4, 1, 0), (58, 4, 51, 0), 0): 1.0, ((58, 4, 51, 0), (58, 4, 119, 0), 0): 1.0, ((43, 4, 1, 0), (43, 4, 51, 0), 0): 1.0, ((43, 4, 51, 0), (43, 4, 101, 0), 0): 1.0, ((43, 4, 101, 0), (43, 4, 119, 0), 0): 1.0, ((49, 94, 0, 3), (2, 14, 1, 1), 0): 1.0, ((58, 100, 1, 3), (43, 4, 1, 0), 0): 1.0, ((58, 100, 0, 3), (58, 100, 1, 3), 0): 1.0, ((76, 80, 0, 3), (50, 80, 1, 3), 0): 1.0, ((90, 100, 0, 3), (43, 80, 1, 3), 0): 1.0}
(((49, np.int64(94), np.int64(0), 3), (2, 14, 1, 1), 0), ((2, 14, 1, 1), (2, 80, 1, 3), 0), ((2, 80, 1, 3), (50, 32, 1, 1), 0), ((50, 32, 1, 1), (50, 80, 1, 3), 0), ((50, 80, 1, 3), (36, 7, 1, 0), 0), ((36, 7, 1, 0), (36, 100, 1, 3), 0), ((36, 100, 1, 3), (21, 10, 1, 1), 0), ((21, 10, 1, 1), (21, 100, 1, 3), 0), ((21, 100, 1, 3), (40, 30, 1, 1), 0), ((40, 30, 1, 1), (40, 77, 1, 2), 0), ((40, 77, 1, 2), (58, 4, 1, 0), 0), ((58, 4, 1, 0), (58, 100, 1, 3), 0), ((58, 100, 1, 3), (43, 4, 1, 0), 0), ((43, 4, 1, 0), (43, 80, 1, 3), 0), ((43, 80, 1, 3), (13, 7, 1, 0), 0), ((13, 7, 1, 0), (13, 7, 119, 0), 0))
New edge added:  ((49, np.int64(94), np.int64(0), 3), (2, np.int64(14), np.int64(10), 1), 0)  Edge removed:  ((49, np.int64(94), np.int64(0), 3), (2, 14, 1, 1), 0)
x_load_2: {((39, 18, 1, 1), (39, 100, 1, 3), 0): 1.0, ((39, 14, 1, 1), (39, 100, 1, 3), 0): 1.0, ((57, 3, 1, 0), (57, 67, 1, 2), 0): 2.0, ((72, 2, 1, 0), (72, 100, 1, 3), 0): 3.0, ((76, 15, 1, 1), (76, 39, 1, 1), 0): 3.0, ((76, 15, 1, 1), (76, 100, 1, 3), 0): 2.0, ((76, 39, 1, 1), (72, 2, 1, 0), 0): 3.0, ((49, 0, 1, 0), (49, 0, 119, 0), 0): 2.0, ((72, 63, 1, 2), (72, 80, 1, 3), 0): 2.0, ((49, 20, 1, 1), (49, 20, 119, 1), 0): 3.0, ((72, 100, 1, 3), (49, 20, 1, 1), 0): 3.0, ((28, 55, 1, 2), (57, 3, 1, 0), 0): 2.0, ((57, 67, 1, 2), (31, 10, 1, 1), 0): 3.0, ((74, 33, 1, 1), (74, 33, 119, 1), 0): 2.0, ((39, 100, 1, 3), (74, 33, 1, 1), 0): 2.0, ((31, 10, 1, 1), (31, 100, 1, 3), 0): 3.0, ((43, 7, 1, 0), (43, 100, 1, 3), 0): 2.0, ((73, 64, 1, 2), (43, 7, 1, 0), 0): 2.0, ((13, 100, 0, 3), (45, 100, 1, 3), 0): 2.0, ((43, 54, 1, 2), (43, 100, 1, 3), 0): 2.0, ((45, 100, 1, 3), (73, 64, 1, 2), 0): 2.0, ((90, 54, 1, 2), (43, 10, 1, 1), 0): 1.0, ((21, 10, 1, 1), (21, 100, 1, 3), 0): 5.0, ((21, 100, 1, 3), (36, 10, 1, 1), 0): 5.0, ((36, 10, 1, 1), (36, 100, 1, 3), 0): 5.0, ((40, 26, 1, 1), (40, 80, 1, 3), 0): 5.0, ((40, 80, 1, 3), (21, 10, 1, 1), 0): 5.0, ((76, 100, 1, 3), (72, 63, 1, 2), 0): 2.0, ((28, 39, 0, 1), (28, 55, 1, 2), 0): 2.0, ((28, 96, 0, 3), (39, 14, 1, 1), 0): 1.0, ((28, 100, 0, 3), (30, 75, 1, 2), 0): 1.0, ((28, 100, 0, 3), (39, 18, 1, 1), 0): 1.0, ((30, 75, 1, 2), (57, 47, 1, 2), 0): 1.0, ((57, 47, 1, 2), (57, 67, 1, 2), 0): 1.0, ((43, 10, 1, 1), (43, 100, 1, 3), 0): 1.0, ((31, 100, 1, 3), (90, 6, 1, 0), 0): 3.0, ((90, 6, 1, 0), (90, 54, 1, 2), 0): 1.0, ((90, 6, 1, 0), (90, 100, 1, 3), 0): 2.0, ((36, 100, 1, 3), (76, 15, 1, 1), 0): 5.0, ((58, 4, 1, 0), (58, 100, 1, 3), 0): 5.0, ((43, 100, 1, 3), (58, 4, 1, 0), 0): 5.0, ((58, 100, 1, 3), (40, 26, 1, 1), 0): 5.0, ((72, 80, 1, 3), (49, 0, 1, 0), 0): 2.0, ((90, 100, 1, 3), (43, 54, 1, 2), 0): 2.0}
x_ener_2: {((23, 6, 1, 0), (23, 6, 51, 0), 0): 2.0, ((39, 18, 1, 1), (5, 0, 1, 0), 0): 3.0, ((39, 14, 1, 1), (39, 14, 119, 1), 0): 1.0, ((57, 3, 1, 0), (57, 3, 119, 0), 0): 3.0, ((23, 6, 51, 0), (23, 6, 101, 0), 0): 2.0, ((23, 6, 101, 0), (23, 6, 119, 0), 0): 2.0, ((72, 2, 1, 0), (72, 2, 51, 0), 0): 3.0, ((76, 15, 1, 1), (76, 15, 119, 1), 0): 5.0, ((76, 39, 1, 1), (72, 2, 1, 0), 0): 3.0, ((49, 0, 1, 0), (49, 0, 119, 0), 0): 2.0, ((72, 63, 1, 2), (76, 39, 1, 1), 0): 3.0, ((49, 20, 1, 1), (49, 20, 119, 1), 0): 3.0, ((72, 100, 1, 3), (49, 20, 1, 1), 0): 3.0, ((72, 2, 51, 0), (72, 2, 101, 0), 0): 3.0, ((72, 2, 101, 0), (72, 2, 119, 0), 0): 3.0, ((28, 55, 1, 2), (57, 3, 1, 0), 0): 3.0, ((57, 67, 1, 2), (31, 10, 1, 1), 0): 3.0, ((74, 33, 1, 1), (23, 6, 1, 0), 0): 2.0, ((5, 100, 0, 3), (28, 55, 1, 2), 0): 3.0, ((39, 100, 1, 3), (74, 33, 1, 1), 0): 2.0, ((68, 100, 1, 3), (39, 100, 1, 3), 0): 2.0, ((5, 0, 1, 0), (5, 0, 51, 0), 0): 3.0, ((5, 0, 51, 0), (5, 0, 101, 0), 0): 3.0, ((5, 0, 101, 0), (5, 0, 119, 0), 0): 3.0, ((30, 95, 1, 3), (57, 67, 1, 2), 0): 3.0, ((31, 6, 1, 0), (31, 6, 51, 0), 0): 1.0, ((31, 6, 51, 0), (31, 6, 101, 0), 0): 1.0, ((31, 6, 101, 0), (31, 6, 119, 0), 0): 1.0, ((31, 10, 1, 1), (31, 10, 119, 1), 0): 3.0, ((43, 7, 1, 0), (43, 7, 51, 0), 0): 2.0, ((73, 64, 1, 2), (43, 7, 1, 0), 0): 2.0, ((13, 100, 0, 3), (45, 100, 1, 3), 0): 2.0, ((43, 54, 1, 2), (43, 54, 51, 2), 0): 2.0, ((45, 100, 1, 3), (73, 64, 1, 2), 0): 2.0, ((90, 54, 1, 2), (43, 10, 1, 1), 0): 1.0, ((43, 7, 51, 0), (43, 7, 101, 0), 0): 2.0, ((43, 54, 51, 2), (43, 54, 101, 2), 0): 2.0, ((13, 4, 101, 0), (13, 4, 119, 0), 0): 1.0, ((43, 7, 101, 0), (43, 7, 119, 0), 0): 2.0, ((43, 54, 101, 2), (13, 4, 101, 0), 0): 1.0, ((43, 54, 101, 2), (43, 54, 119, 2), 0): 1.0, ((21, 10, 1, 1), (21, 10, 51, 1), 0): 5.0, ((21, 100, 1, 3), (36, 10, 1, 1), 0): 5.0, ((21, 100, 0, 3), (21, 100, 1, 3), 0): 5.0, ((36, 10, 1, 1), (36, 10, 51, 1), 0): 5.0, ((21, 10, 51, 1), (21, 10, 101, 1), 0): 5.0, ((36, 10, 51, 1), (36, 10, 101, 1), 0): 5.0, ((21, 10, 101, 1), (21, 10, 119, 1), 0): 5.0, ((36, 10, 101, 1), (36, 10, 119, 1), 0): 5.0, ((23, 100, 0, 3), (68, 100, 1, 3), 0): 2.0, ((25, 100, 1, 3), (40, 80, 1, 3), 0): 5.0, ((40, 26, 1, 1), (40, 26, 119, 1), 0): 5.0, ((34, 100, 1, 3), (25, 100, 1, 3), 0): 5.0, ((40, 80, 1, 3), (21, 10, 1, 1), 0): 5.0, ((76, 100, 1, 3), (72, 63, 1, 2), 0): 3.0, ((76, 100, 1, 3), (72, 80, 1, 3), 0): 2.0, ((28, 96, 0, 3), (39, 14, 1, 1), 0): 1.0, ((28, 100, 0, 3), (30, 75, 1, 2), 0): 1.0, ((28, 100, 0, 3), (39, 18, 1, 1), 0): 3.0, ((30, 75, 1, 2), (57, 47, 1, 2), 0): 1.0, ((57, 47, 1, 2), (31, 6, 1, 0), 0): 1.0, ((43, 10, 1, 1), (43, 10, 51, 1), 0): 1.0, ((43, 10, 51, 1), (43, 10, 101, 1), 0): 1.0, ((43, 10, 101, 1), (43, 10, 119, 1), 0): 1.0, ((31, 100, 1, 3), (90, 6, 1, 0), 0): 3.0, ((31, 100, 0, 3), (31, 100, 1, 3), 0): 3.0, ((90, 6, 1, 0), (90, 6, 119, 0), 0): 3.0, ((36, 100, 1, 3), (76, 15, 1, 1), 0): 5.0, ((36, 100, 0, 3), (36, 100, 1, 3), 0): 5.0, ((58, 4, 1, 0), (58, 4, 51, 0), 0): 5.0, ((40, 100, 0, 3), (34, 100, 1, 3), 0): 5.0, ((58, 4, 51, 0), (58, 4, 101, 0), 0): 5.0, ((58, 4, 101, 0), (58, 4, 119, 0), 0): 5.0, ((43, 100, 1, 3), (58, 4, 1, 0), 0): 5.0, ((43, 100, 0, 3), (43, 100, 1, 3), 0): 5.0, ((57, 100, 0, 3), (30, 95, 1, 3), 0): 3.0, ((58, 100, 1, 3), (40, 26, 1, 1), 0): 5.0, ((58, 100, 0, 3), (58, 100, 1, 3), 0): 5.0, ((70, 100, 0, 3), (83, 100, 1, 3), 0): 1.0, ((83, 100, 1, 3), (90, 54, 1, 2), 0): 1.0, ((72, 80, 1, 3), (49, 0, 1, 0), 0): 2.0, ((72, 100, 0, 3), (72, 100, 1, 3), 0): 3.0, ((76, 100, 0, 3), (76, 100, 1, 3), 0): 5.0, ((90, 100, 1, 3), (43, 54, 1, 2), 0): 2.0, ((90, 100, 0, 3), (90, 100, 1, 3), 0): 2.0}
(((13, np.int64(100), np.int64(0), 3), (45, 100, 1, 3), 0), ((45, 100, 1, 3), (73, 64, 1, 2), 0), ((73, 64, 1, 2), (43, 7, 1, 0), 0), ((43, 7, 1, 0), (43, 100, 1, 3), 0), ((43, 100, 1, 3), (58, 4, 1, 0), 0), ((58, 4, 1, 0), (58, 100, 1, 3), 0), ((58, 100, 1, 3), (40, 26, 1, 1), 0), ((40, 26, 1, 1), (40, 80, 1, 3), 0), ((40, 80, 1, 3), (21, 10, 1, 1), 0), ((21, 10, 1, 1), (21, 100, 1, 3), 0), ((21, 100, 1, 3), (36, 10, 1, 1), 0), ((36, 10, 1, 1), (36, 100, 1, 3), 0), ((36, 100, 1, 3), (76, 15, 1, 1), 0), ((76, 15, 1, 1), (76, 100, 1, 3), 0), ((76, 100, 1, 3), (72, 63, 1, 2), 0), ((72, 63, 1, 2), (72, 80, 1, 3), 0), ((72, 80, 1, 3), (49, 0, 1, 0), 0), ((49, 0, 1, 0), (49, 0, 119, 0), 0))
New edge added:  ((45, np.int64(100), np.int64(1), 3), (73, np.int64(64), np.int64(6), 2), 0)  Edge removed:  ((45, 100, 1, 3), (73, 64, 1, 2), 0)
Solution cannot be extended to a feasible solution, updating network...
n[ 2 ] =  1.0
n[ 5 ] =  4.0
n[ 13 ] =  1.0
n[ 21 ] =  6.0
n[ 23 ] =  2.0
n[ 31 ] =  5.0
n[ 34 ] =  1.0
n[ 36 ] =  6.0
n[ 39 ] =  1.0
n[ 40 ] =  5.0
n[ 43 ] =  5.0
n[ 57 ] =  3.0
n[ 58 ] =  6.0
n[ 67 ] =  1.0
n[ 70 ] =  1.0
n[ 72 ] =  3.0
n[ 76 ] =  6.0
n[ 82 ] =  1.0
n[ 90 ] =  3.0
'''''''''''''''''
Gurobi Optimizer version 13.0.1 build v13.0.1rc0 (linux64 - "Debian GNU/Linux 12 (bookworm)")

CPU model: Intel(R) Xeon(R) CPU @ 2.20GHz, instruction set [SSE2|AVX|AVX2]
Thread count: 1 physical cores, 2 logical processors, using up to 2 threads

Non-default parameters:
MIPGap  0.05

Academic license 937859 - for non-commercial use only - registered to hp___@cornell.edu
Optimize a model with 693609 rows, 1424350 columns and 3698859 nonzeros (Min)
Model fingerprint: 0xc1da5a12
Model has 1024714 linear objective coefficients
Variable types: 0 continuous, 1424350 integer (0 binary)
Coefficient statistics:
  Matrix range     [1e+00, 3e+05]
  Objective range  [6e-01, 8e+02]
  Bounds range     [0e+00, 0e+00]
  RHS range        [1e+00, 5e+00]

MIP start from previous solve did not produce a new incumbent solution
MIP start from previous solve violates constraint flow_bal_load[(82,_np.int64(10),_np.int64(1),_1),0] by 1.000000000

Presolve removed 560728 rows and 771212 columns (presolve time = 5s)...
Presolve removed 564448 rows and 791405 columns (presolve time = 10s)...
Presolve removed 564501 rows and 791465 columns
Presolve time: 13.66s
Presolved: 129108 rows, 632885 columns, 1466976 nonzeros
Variable types: 0 continuous, 632885 integer (2115 binary)

Root simplex log...

Iteration    Objective       Primal Inf.    Dual Inf.      Time
       0      handle free variables                         20s
    2400    5.1225230e+02   6.400000e+01   0.000000e+00     20s
   11548    1.2653608e+03   8.616667e+01   0.000000e+00     25s
   16811    1.7178188e+03   3.234188e+02   0.000000e+00     30s
   20201    1.7813402e+03   1.676667e+02   0.000000e+00     35s
   22621    1.8243220e+03   6.416667e+01   0.000000e+00     40s
   25021    1.8750862e+03   9.335362e+01   0.000000e+00     45s
   27001    1.9206479e+03   1.446877e+02   0.000000e+00     50s
   28761    1.9298595e+03   4.655932e+01   0.000000e+00     55s
   30431    1.9393909e+03   9.541756e+01   0.000000e+00     60s
   31871    1.9802994e+03   2.675731e+02   0.000000e+00     65s
   33541    2.0399368e+03   1.490000e+02   0.000000e+00     70s
   35271    2.1113120e+03   1.645928e+02   0.000000e+00     75s
   36651    2.2596198e+03   1.604033e+02   0.000000e+00     80s
   37841    2.3009666e+03   3.546196e+02   0.000000e+00     85s
   39141    2.3227681e+03   3.645790e+02   0.000000e+00     90s
   40411    2.3519282e+03   1.261924e+02   0.000000e+00     96s
   41491    2.3710900e+03   2.939640e+02   0.000000e+00    100s
   42571    2.3882745e+03   3.131280e+02   0.000000e+00    105s
   43751    2.4229376e+03   5.426853e+02   0.000000e+00    110s
   44781    2.5399768e+03   2.471901e+02   0.000000e+00    115s
   45841    2.5940762e+03   1.184401e+02   0.000000e+00    120s
   47051    2.6268330e+03   4.464401e+02   0.000000e+00    125s
   48561    2.6615762e+03   2.834401e+02   0.000000e+00    130s
   50041    2.6898227e+03   2.922838e+02   0.000000e+00    135s
   50901    2.7030693e+03   2.069401e+02   0.000000e+00    140s
   51331    2.7194477e+03   1.709401e+02   0.000000e+00    146s
   51781    2.7230214e+03   1.334401e+02   0.000000e+00    152s
   51961    2.7264957e+03   1.361901e+02   0.000000e+00    155s
   52491    2.7763262e+03   2.104401e+02   0.000000e+00    162s
   52691    2.7763262e+03   3.844401e+02   0.000000e+00    166s
   53141    2.7768228e+03   2.349401e+02   0.000000e+00    172s
   53461    2.8105727e+03   2.756901e+02   0.000000e+00    175s
   54311    2.8464409e+03   3.002972e+02   0.000000e+00    180s
   56121    3.1803124e+03   3.432972e+02   0.000000e+00    185s
   57771    4.8339676e+03   4.860859e+02   0.000000e+00    191s
   58811    5.0130591e+03   2.593687e+02   0.000000e+00    195s
   59541    5.0313261e+03   3.918417e+02   0.000000e+00    200s
   60521    5.0510224e+03   1.083786e+02   0.000000e+00    206s
   61201    5.0535342e+03   2.909363e+02   0.000000e+00    211s
   62091    5.1073371e+03   1.037969e+02   0.000000e+00    215s
   62871    5.1140416e+03   8.393778e+01   0.000000e+00    220s
   63491    5.1288937e+03   2.771094e+02   0.000000e+00    225s
   64091    5.1475837e+03   1.140469e+02   0.000000e+00    231s
   64941    5.1903865e+03   9.951569e+01   0.000000e+00    235s
   66001    5.2004521e+03   6.749959e+01   0.000000e+00    241s
   66461    5.2008610e+03   3.173164e+01   0.000000e+00    246s
   66951    5.2014696e+03   4.512252e+01   0.000000e+00    252s
   67002    5.2015632e+03   0.000000e+00   0.000000e+00    252s
   67002    5.2015632e+03   0.000000e+00   0.000000e+00    253s

Root relaxation: objective 5.201563e+03, 67002 iterations, 235.21 seconds (104.82 work units)

    Nodes    |    Current Node    |     Objective Bounds      |     Work
 Expl Unexpl |  Obj  Depth IntInf | Incumbent    BestBd   Gap | It/Node Time

     0     0 5201.56317    0   82          - 5201.56317      -     -  274s
H    0     0                    5263.6164384 5201.56317  1.18%     -  277s

Explored 1 nodes (120957 simplex iterations) in 278.10 seconds (123.60 work units)
Thread count was 2 (of 2 available processors)

Solution count 1: 5263.62 

Optimal solution found (tolerance 5.00e-02)
Best objective 5.263616438356e+03, best bound 5.201563170254e+03, gap 1.1789%
Iteration:  18
Size of network:  12916  nodes,  237307  edges
Obj Value:  5263.6164383561645
a: {}
n: {5: 3.0, 21: 6.0, 23: 2.0, 26: 3.0, 31: 6.0, 36: 6.0, 39: 1.0, 40: 6.0, 43: 5.0, 50: 1.0, 57: 2.0, 58: 6.0, 67: 2.0, 70: 1.0, 72: 3.0, 76: 2.0, 82: 2.0, 90: 3.0, 92: 1.0}
{0: (34.421443, -119.684178), 1: (36.167392, -94.119169), 2: (34.071417, -99.009382), 3: (34.689589, -118.130371), 4: (36.434113, -99.427596), 5: (35.400164, -119.399727), 6: (37.2129649, -93.37103), 7: (30.25011, -93.01142), 8: (36.751521, -96.000152), 9: (35.35468, -94.437379), 10: (38.89357, -94.36045), 11: (33.7885884, -118.2150827), 12: (32.596725, -117.019495), 13: (33.30006, -111.96835), 14: (35.392817, -97.422948), 15: (38.96627, -95.700495), 16: (30.725159, -96.425728), 17: (37.737099, -97.32375), 18: (34.188212, -97.171022), 19: (33.94423, -96.41932), 20: (30.209862, -92.002378), 21: (37.183969, -104.499646), 22: (32.267588, -107.774524), 23: (36.72136, -119.761165), 24: (30.437821, -95.498724), 25: (35.079896, -106.746225), 26: (35.840761, -98.419831), 27: (31.207465, -95.996079), 28: (33.899899, -118.207088), 29: (33.3874378, -110.7609849), 30: (34.02094, -117.385415), 31: (33.603063, -114.598023), 32: (35.189976, -101.706309), 33: (35.853211, -94.989243), 34: (35.004614, -106.032837), 35: (31.151717, -93.265081), 36: (36.706596, -101.443207), 37: (37.069631, -100.905444), 38: (32.62712, -96.74537), 39: (36.075856, -119.043996), 40: (35.65758, -105.993406), 41: (32.181782, -94.334174), 42: (30.330588, -97.701649), 43: (35.01643, -110.675005), 44: (35.25655, -96.671004), 45: (33.3021433, -111.9552863), 46: (36.535661, -97.33916), 47: (32.698465, -97.959695), 48: (33.984094, -106.887526), 49: (32.7658795, -96.8754612), 50: (35.309665, -99.631741), 51: (31.784139, -93.08731), 52: (33.0390751, -117.2841996), 53: (38.164391, -112.278183), 54: (34.4349097, -119.9212861), 55: (31.499498, -97.173412), 56: (33.9541734, -117.5556971), 57: (34.118101, -116.45646), 58: (36.71838, -108.167694), 59: (31.940555, -102.169802), 60: (36.081743, -96.054325), 61: (32.469998, -93.672804), 62: (34.4425082, -119.7812613), 63: (37.648431, -98.094183), 64: (32.448848, -100.439583), 65: (32.627591, -97.314361), 66: (38.54421, -106.92517), 67: (34.886448, -117.079423), 68: (35.9874334, -119.961999), 69: (32.794671, -115.539473), 70: (36.220567, -115.125553), 71: (35.106478, -92.43572), 72: (34.584172, -98.396813), 73: (33.39639, -110.76888), 74: (37.8135094, -119.8800771), 75: (35.87844, -97.392471), 76: (35.490972, -98.967096), 77: (33.8310496, -116.5452277), 78: (32.354553, -95.302495), 79: (37.962455, -100.846437), 80: (32.178328, -110.960207), 81: (38.7747705, -119.9029911), 82: (33.463568, -112.459255), 83: (36.009923, -114.784826), 84: (35.3002628, -119.0381956), 85: (36.249164, -95.333829), 86: (33.6699802, -96.6120405), 87: (38.971499, -92.294316), 88: (32.029056, -93.713243), 89: (33.8722233, -118.2654222), 90: (35.263617, -112.194139), 91: (37.199194, -93.402643), 92: (33.73573, -97.14484), 93: (32.881785, -111.777561), 94: (37.161682, -113.434692), 95: (30.35815, -99.606129), 96: (34.773291, -96.697633), 97: (34.12755, -118.443664), 98: (31.34545, -92.51807), 99: (38.945105, -104.724068), 100: (30.0774, -99.10731)}
x_load_0: {((67, 13, 1, 1), (67, 100, 1, 3), 0): 1.0, ((39, 28, 1, 1), (39, 100, 1, 3), 0): 1.0, ((74, 33, 1, 1), (74, 33, 119, 1), 0): 1.0, ((39, 100, 1, 3), (74, 33, 1, 1), 0): 1.0, ((13, 0, 0, 0), (13, 64, 1, 2), 0): 1.0, ((13, 64, 1, 2), (82, 49, 1, 2), 0): 1.0, ((82, 49, 1, 2), (82, 80, 1, 3), 0): 1.0, ((82, 80, 1, 3), (31, 15, 1, 1), 0): 1.0, ((31, 15, 1, 1), (31, 100, 1, 3), 0): 1.0, ((31, 100, 1, 3), (67, 13, 1, 1), 0): 1.0, ((67, 100, 1, 3), (39, 28, 1, 1), 0): 1.0}
x_ener_0: {((23, 6, 1, 0), (23, 6, 51, 0), 0): 1.0, ((23, 6, 51, 0), (23, 6, 101, 0), 0): 1.0, ((23, 6, 101, 0), (23, 6, 119, 0), 0): 1.0, ((5, 2, 1, 0), (5, 2, 119, 0), 0): 2.0, ((67, 13, 1, 1), (67, 13, 51, 1), 0): 2.0, ((39, 28, 1, 1), (5, 2, 1, 0), 0): 2.0, ((67, 59, 1, 2), (67, 59, 51, 2), 0): 1.0, ((67, 13, 51, 1), (67, 13, 101, 1), 0): 2.0, ((67, 59, 51, 2), (70, 7, 51, 0), 0): 1.0, ((67, 13, 101, 1), (67, 13, 119, 1), 0): 2.0, ((5, 100, 1, 3), (84, 100, 1, 3), 0): 1.0, ((74, 33, 1, 1), (23, 6, 1, 0), 0): 1.0, ((5, 100, 0, 3), (5, 100, 1, 3), 0): 1.0, ((39, 100, 1, 3), (74, 33, 1, 1), 0): 1.0, ((84, 100, 1, 3), (67, 59, 1, 2), 0): 1.0, ((13, 40, 1, 2), (82, 24, 1, 1), 0): 1.0, ((13, 64, 1, 2), (82, 49, 1, 2), 0): 1.0, ((82, 24, 1, 1), (82, 24, 119, 1), 0): 1.0, ((82, 49, 1, 2), (13, 40, 1, 2), 0): 1.0, ((82, 64, 1, 2), (13, 64, 1, 2), 0): 1.0, ((82, 80, 1, 3), (31, 15, 1, 1), 0): 1.0, ((31, 15, 1, 1), (31, 15, 119, 1), 0): 1.0, ((31, 100, 1, 3), (67, 13, 1, 1), 0): 2.0, ((31, 100, 1, 3), (82, 64, 1, 2), 0): 1.0, ((31, 100, 0, 3), (31, 100, 1, 3), 0): 3.0, ((39, 100, 0, 3), (39, 100, 1, 3), 0): 1.0, ((70, 7, 51, 0), (70, 7, 119, 0), 0): 1.0, ((67, 100, 1, 3), (39, 28, 1, 1), 0): 2.0, ((67, 100, 0, 3), (67, 100, 1, 3), 0): 2.0, ((82, 80, 0, 3), (82, 80, 1, 3), 0): 1.0}
(((13, np.int64(0), np.int64(0), 0), (13, 64, 1, 2), 0), ((13, 64, 1, 2), (82, 49, 1, 2), 0), ((82, 49, 1, 2), (82, 80, 1, 3), 0), ((82, 80, 1, 3), (31, 15, 1, 1), 0), ((31, 15, 1, 1), (31, 100, 1, 3), 0), ((31, 100, 1, 3), (67, 13, 1, 1), 0), ((67, 13, 1, 1), (67, 100, 1, 3), 0), ((67, 100, 1, 3), (39, 28, 1, 1), 0), ((39, 28, 1, 1), (39, 100, 1, 3), 0), ((39, 100, 1, 3), (74, 33, 1, 1), 0), ((74, 33, 1, 1), (74, 33, 119, 1), 0))
New edge added:  ((13, np.int64(64), np.int64(1), 2), (82, np.int64(48), np.int64(3), 2), 0)  Edge removed:  ((13, 64, 1, 2), (82, 49, 1, 2), 0)
x_load_1: {((50, 7, 1, 0), (50, 80, 1, 3), 0): 1.0, ((92, 2, 1, 0), (92, 100, 1, 3), 0): 1.0, ((50, 80, 1, 3), (36, 7, 1, 0), 0): 1.0, ((13, 7, 1, 0), (13, 7, 119, 0), 0): 1.0, ((92, 100, 1, 3), (50, 7, 1, 0), 0): 1.0, ((21, 10, 1, 1), (21, 100, 1, 3), 0): 1.0, ((21, 100, 1, 3), (40, 30, 1, 1), 0): 1.0, ((40, 30, 1, 1), (40, 77, 1, 2), 0): 1.0, ((43, 80, 1, 3), (13, 7, 1, 0), 0): 1.0, ((36, 7, 1, 0), (36, 100, 1, 3), 0): 1.0, ((40, 77, 1, 2), (58, 4, 1, 0), 0): 1.0, ((36, 100, 1, 3), (21, 10, 1, 1), 0): 1.0, ((58, 4, 1, 0), (58, 100, 1, 3), 0): 1.0, ((43, 4, 1, 0), (43, 80, 1, 3), 0): 1.0, ((49, 38, 0, 1), (92, 2, 1, 0), 0): 1.0, ((58, 100, 1, 3), (43, 4, 1, 0), 0): 1.0}
x_ener_1: {((50, 7, 1, 0), (50, 7, 119, 0), 0): 1.0, ((92, 2, 1, 0), (92, 2, 51, 0), 0): 1.0, ((50, 80, 1, 3), (36, 7, 1, 0), 0): 1.0, ((76, 80, 1, 3), (50, 80, 1, 3), 0): 1.0, ((92, 2, 51, 0), (92, 2, 101, 0), 0): 1.0, ((92, 2, 101, 0), (92, 2, 119, 0), 0): 1.0, ((13, 7, 1, 0), (13, 7, 51, 0), 0): 1.0, ((13, 7, 51, 0), (13, 7, 119, 0), 0): 1.0, ((18, 100, 1, 3), (92, 100, 1, 3), 0): 1.0, ((92, 100, 1, 3), (50, 7, 1, 0), 0): 1.0, ((21, 10, 1, 1), (21, 10, 51, 1), 0): 1.0, ((21, 100, 1, 3), (40, 30, 1, 1), 0): 1.0, ((21, 100, 0, 3), (21, 100, 1, 3), 0): 1.0, ((40, 30, 1, 1), (40, 30, 119, 1), 0): 1.0, ((21, 10, 51, 1), (21, 10, 119, 1), 0): 1.0, ((34, 100, 1, 3), (40, 77, 1, 2), 0): 1.0, ((26, 80, 0, 3), (76, 80, 1, 3), 0): 1.0, ((43, 80, 1, 3), (13, 7, 1, 0), 0): 1.0, ((36, 7, 1, 0), (36, 7, 51, 0), 0): 1.0, ((36, 7, 51, 0), (36, 7, 101, 0), 0): 1.0, ((36, 7, 101, 0), (36, 7, 119, 0), 0): 1.0, ((40, 77, 1, 2), (58, 4, 1, 0), 0): 1.0, ((36, 100, 1, 3), (21, 10, 1, 1), 0): 1.0, ((36, 100, 0, 3), (37, 100, 1, 3), 0): 1.0, ((37, 100, 1, 3), (36, 100, 1, 3), 0): 1.0, ((58, 4, 1, 0), (58, 4, 119, 0), 0): 1.0, ((40, 100, 0, 3), (34, 100, 1, 3), 0): 1.0, ((43, 4, 1, 0), (43, 4, 51, 0), 0): 1.0, ((43, 4, 51, 0), (43, 4, 101, 0), 0): 1.0, ((43, 4, 101, 0), (43, 4, 119, 0), 0): 1.0, ((49, 38, 0, 1), (92, 2, 1, 0), 0): 1.0, ((58, 100, 1, 3), (43, 4, 1, 0), 0): 1.0, ((58, 100, 0, 3), (58, 100, 1, 3), 0): 1.0, ((90, 100, 0, 3), (43, 80, 1, 3), 0): 1.0, ((92, 100, 0, 3), (18, 100, 1, 3), 0): 1.0}
(((49, np.int64(38), np.int64(0), 1), (92, 2, 1, 0), 0), ((92, 2, 1, 0), (92, 100, 1, 3), 0), ((92, 100, 1, 3), (50, 7, 1, 0), 0), ((50, 7, 1, 0), (50, 80, 1, 3), 0), ((50, 80, 1, 3), (36, 7, 1, 0), 0), ((36, 7, 1, 0), (36, 100, 1, 3), 0), ((36, 100, 1, 3), (21, 10, 1, 1), 0), ((21, 10, 1, 1), (21, 100, 1, 3), 0), ((21, 100, 1, 3), (40, 30, 1, 1), 0), ((40, 30, 1, 1), (40, 77, 1, 2), 0), ((40, 77, 1, 2), (58, 4, 1, 0), 0), ((58, 4, 1, 0), (58, 100, 1, 3), 0), ((58, 100, 1, 3), (43, 4, 1, 0), 0), ((43, 4, 1, 0), (43, 80, 1, 3), 0), ((43, 80, 1, 3), (13, 7, 1, 0), 0), ((13, 7, 1, 0), (13, 7, 119, 0), 0))
New edge added:  ((49, np.int64(38), np.int64(0), 1), (92, np.int64(2), np.int64(5), 0), 0)  Edge removed:  ((49, np.int64(38), np.int64(0), 1), (92, 2, 1, 0), 0)
x_load_2: {((39, 8, 1, 0), (39, 100, 1, 3), 0): 1.0, ((39, 18, 1, 1), (39, 69, 1, 2), 0): 1.0, ((39, 69, 1, 2), (74, 6, 1, 0), 0): 1.0, ((72, 2, 1, 0), (72, 80, 1, 3), 0): 3.0, ((76, 15, 1, 1), (76, 39, 1, 1), 0): 3.0, ((76, 15, 1, 1), (76, 100, 1, 3), 0): 2.0, ((76, 39, 1, 1), (72, 2, 1, 0), 0): 3.0, ((49, 0, 1, 0), (49, 0, 119, 0), 0): 5.0, ((72, 63, 1, 2), (72, 80, 1, 3), 0): 2.0, ((57, 43, 1, 2), (57, 67, 1, 2), 0): 1.0, ((57, 67, 1, 2), (31, 10, 1, 1), 0): 1.0, ((74, 6, 1, 0), (74, 6, 119, 0), 0): 1.0, ((74, 33, 1, 1), (74, 33, 119, 1), 0): 1.0, ((39, 100, 1, 3), (74, 33, 1, 1), 0): 1.0, ((30, 95, 1, 3), (77, 70, 1, 2), 0): 2.0, ((77, 70, 1, 2), (31, 11, 1, 1), 0): 2.0, ((13, 100, 1, 3), (29, 64, 1, 2), 0): 1.0, ((13, 80, 0, 3), (13, 100, 1, 3), 0): 1.0, ((31, 10, 1, 1), (31, 100, 1, 3), 0): 1.0, ((43, 7, 1, 0), (43, 100, 1, 3), 0): 2.0, ((29, 64, 1, 2), (43, 7, 1, 0), 0): 1.0, ((73, 64, 1, 2), (43, 7, 1, 0), 0): 1.0, ((43, 54, 1, 2), (43, 100, 1, 3), 0): 2.0, ((90, 54, 1, 2), (43, 10, 1, 1), 0): 1.0, ((21, 30, 1, 1), (21, 100, 1, 3), 0): 5.0, ((21, 100, 1, 3), (36, 10, 1, 1), 0): 5.0, ((36, 10, 1, 1), (36, 100, 1, 3), 0): 5.0, ((58, 80, 1, 3), (40, 6, 1, 0), 0): 5.0, ((76, 100, 1, 3), (72, 63, 1, 2), 0): 2.0, ((28, 90, 0, 3), (39, 8, 1, 0), 0): 1.0, ((28, 96, 0, 3), (57, 43, 1, 2), 0): 1.0, ((28, 100, 0, 3), (30, 75, 1, 2), 0): 2.0, ((28, 100, 0, 3), (39, 18, 1, 1), 0): 1.0, ((30, 75, 1, 2), (30, 95, 1, 3), 0): 2.0, ((43, 10, 1, 1), (43, 100, 1, 3), 0): 1.0, ((31, 11, 1, 1), (31, 100, 1, 3), 0): 2.0, ((31, 100, 1, 3), (90, 6, 1, 0), 0): 3.0, ((90, 6, 1, 0), (90, 54, 1, 2), 0): 1.0, ((90, 6, 1, 0), (90, 100, 1, 3), 0): 2.0, ((40, 6, 1, 0), (40, 100, 1, 3), 0): 5.0, ((40, 100, 1, 3), (21, 30, 1, 1), 0): 5.0, ((36, 100, 1, 3), (76, 15, 1, 1), 0): 5.0, ((58, 4, 1, 0), (58, 80, 1, 3), 0): 5.0, ((43, 100, 1, 3), (58, 4, 1, 0), 0): 5.0, ((72, 80, 1, 3), (49, 0, 1, 0), 0): 5.0, ((90, 100, 1, 3), (43, 54, 1, 2), 0): 2.0, ((13, 100, 0, 3), (29, 64, 5, 2), 0): 1.0, ((29, 64, 5, 2), (73, 64, 1, 2), 0): 1.0}
x_ener_2: {((39, 8, 1, 0), (39, 8, 119, 0), 0): 1.0, ((23, 6, 1, 0), (23, 6, 51, 0), 0): 1.0, ((39, 18, 1, 1), (5, 0, 1, 0), 0): 1.0, ((5, 73, 1, 2), (39, 69, 1, 2), 0): 1.0, ((39, 69, 1, 2), (74, 6, 1, 0), 0): 1.0, ((57, 3, 1, 0), (57, 3, 51, 0), 0): 2.0, ((23, 6, 51, 0), (23, 6, 119, 0), 0): 1.0, ((57, 3, 51, 0), (57, 3, 119, 0), 0): 2.0, ((72, 2, 1, 0), (72, 2, 51, 0), 0): 3.0, ((76, 15, 1, 1), (26, 2, 1, 0), 0): 3.0, ((76, 15, 1, 1), (76, 15, 119, 1), 0): 2.0, ((76, 39, 1, 1), (72, 2, 1, 0), 0): 3.0, ((49, 0, 1, 0), (49, 0, 119, 0), 0): 5.0, ((72, 63, 1, 2), (76, 39, 1, 1), 0): 3.0, ((72, 2, 51, 0), (72, 2, 119, 0), 0): 3.0, ((28, 55, 1, 2), (57, 3, 1, 0), 0): 2.0, ((57, 43, 1, 2), (31, 4, 1, 0), 0): 1.0, ((57, 67, 1, 2), (31, 10, 1, 1), 0): 2.0, ((26, 2, 1, 0), (26, 2, 51, 0), 0): 3.0, ((26, 2, 51, 0), (26, 2, 119, 0), 0): 3.0, ((74, 6, 1, 0), (74, 6, 119, 0), 0): 1.0, ((74, 33, 1, 1), (23, 6, 1, 0), 0): 1.0, ((5, 100, 0, 3), (28, 55, 1, 2), 0): 2.0, ((39, 100, 1, 3), (74, 33, 1, 1), 0): 1.0, ((68, 100, 1, 3), (5, 73, 1, 2), 0): 1.0, ((68, 100, 1, 3), (39, 100, 1, 3), 0): 1.0, ((5, 0, 1, 0), (5, 0, 51, 0), 0): 1.0, ((5, 0, 51, 0), (5, 0, 119, 0), 0): 1.0, ((30, 95, 1, 3), (77, 70, 1, 2), 0): 2.0, ((77, 70, 1, 2), (31, 11, 1, 1), 0): 2.0, ((13, 100, 1, 3), (29, 64, 1, 2), 0): 1.0, ((31, 10, 1, 1), (31, 10, 51, 1), 0): 2.0, ((43, 7, 1, 0), (43, 7, 51, 0), 0): 2.0, ((29, 64, 1, 2), (43, 7, 1, 0), 0): 1.0, ((73, 64, 1, 2), (43, 7, 1, 0), 0): 1.0, ((43, 54, 1, 2), (43, 54, 51, 2), 0): 1.0, ((43, 54, 1, 2), (43, 54, 119, 2), 0): 1.0, ((90, 54, 1, 2), (43, 10, 1, 1), 0): 1.0, ((31, 10, 51, 1), (31, 10, 119, 1), 0): 2.0, ((43, 7, 51, 0), (43, 7, 119, 0), 0): 2.0, ((31, 4, 51, 0), (31, 4, 119, 0), 0): 1.0, ((43, 54, 51, 2), (43, 54, 101, 2), 0): 1.0, ((43, 54, 101, 2), (82, 3, 101, 0), 0): 1.0, ((21, 30, 1, 1), (21, 30, 51, 1), 0): 5.0, ((21, 100, 1, 3), (36, 10, 1, 1), 0): 5.0, ((21, 100, 0, 3), (21, 100, 1, 3), 0): 5.0, ((36, 10, 1, 1), (36, 10, 51, 1), 0): 5.0, ((21, 30, 51, 1), (21, 30, 119, 1), 0): 5.0, ((36, 10, 51, 1), (36, 10, 101, 1), 0): 5.0, ((36, 10, 101, 1), (36, 10, 119, 1), 0): 5.0, ((23, 100, 1, 3), (68, 100, 1, 3), 0): 2.0, ((23, 100, 0, 3), (23, 100, 1, 3), 0): 2.0, ((34, 100, 1, 3), (40, 100, 1, 3), 0): 5.0, ((58, 80, 1, 3), (40, 6, 1, 0), 0): 5.0, ((26, 100, 1, 3), (76, 100, 1, 3), 0): 2.0, ((26, 100, 0, 3), (26, 100, 1, 3), 0): 2.0, ((76, 100, 1, 3), (72, 63, 1, 2), 0): 3.0, ((28, 90, 0, 3), (39, 8, 1, 0), 0): 1.0, ((28, 96, 0, 3), (57, 43, 1, 2), 0): 1.0, ((28, 100, 0, 3), (30, 75, 1, 2), 0): 2.0, ((28, 100, 0, 3), (39, 18, 1, 1), 0): 1.0, ((30, 75, 1, 2), (57, 67, 1, 2), 0): 2.0, ((43, 10, 1, 1), (43, 10, 119, 1), 0): 1.0, ((82, 3, 101, 0), (82, 3, 119, 0), 0): 1.0, ((31, 11, 1, 1), (31, 11, 51, 1), 0): 2.0, ((31, 100, 1, 3), (90, 6, 1, 0), 0): 3.0, ((31, 100, 0, 3), (31, 100, 1, 3), 0): 3.0, ((90, 6, 1, 0), (90, 6, 119, 0), 0): 3.0, ((31, 11, 51, 1), (31, 11, 101, 1), 0): 2.0, ((31, 11, 101, 1), (31, 11, 119, 1), 0): 2.0, ((40, 6, 1, 0), (40, 6, 119, 0), 0): 5.0, ((40, 100, 1, 3), (21, 30, 1, 1), 0): 5.0, ((36, 100, 1, 3), (76, 15, 1, 1), 0): 5.0, ((36, 100, 0, 3), (36, 100, 1, 3), 0): 5.0, ((58, 4, 1, 0), (58, 4, 51, 0), 0): 5.0, ((40, 100, 0, 3), (34, 100, 1, 3), 0): 5.0, ((58, 4, 51, 0), (58, 4, 101, 0), 0): 5.0, ((58, 4, 101, 0), (58, 4, 119, 0), 0): 5.0, ((43, 100, 1, 3), (58, 4, 1, 0), 0): 5.0, ((43, 100, 0, 3), (43, 100, 1, 3), 0): 5.0, ((50, 100, 1, 3), (76, 100, 1, 3), 0): 1.0, ((50, 100, 0, 3), (50, 100, 1, 3), 0): 1.0, ((57, 100, 0, 3), (30, 95, 1, 3), 0): 2.0, ((58, 80, 0, 3), (58, 80, 1, 3), 0): 5.0, ((70, 100, 0, 3), (83, 100, 1, 3), 0): 1.0, ((83, 100, 1, 3), (90, 54, 1, 2), 0): 1.0, ((72, 80, 1, 3), (49, 0, 1, 0), 0): 5.0, ((72, 80, 0, 3), (72, 80, 1, 3), 0): 3.0, ((76, 100, 0, 3), (72, 80, 1, 3), 0): 2.0, ((82, 100, 0, 3), (13, 100, 1, 3), 0): 1.0, ((90, 100, 1, 3), (43, 54, 1, 2), 0): 2.0, ((90, 100, 0, 3), (90, 100, 1, 3), 0): 2.0, ((31, 4, 1, 0), (31, 4, 10, 0), 0): 1.0, ((31, 4, 10, 0), (31, 4, 51, 0), 0): 1.0, ((13, 100, 0, 3), (29, 64, 5, 2), 0): 1.0, ((29, 64, 5, 2), (73, 64, 1, 2), 0): 1.0}
(((13, np.int64(80), np.int64(0), 3), (13, 100, 1, 3), 0), ((13, 100, 1, 3), (29, 64, 1, 2), 0), ((29, 64, 1, 2), (43, 7, 1, 0), 0), ((43, 7, 1, 0), (43, 100, 1, 3), 0), ((43, 100, 1, 3), (58, 4, 1, 0), 0), ((58, 4, 1, 0), (58, 80, 1, 3), 0), ((58, 80, 1, 3), (40, 6, 1, 0), 0), ((40, 6, 1, 0), (40, 100, 1, 3), 0), ((40, 100, 1, 3), (21, 30, 1, 1), 0), ((21, 30, 1, 1), (21, 100, 1, 3), 0), ((21, 100, 1, 3), (36, 10, 1, 1), 0), ((36, 10, 1, 1), (36, 100, 1, 3), 0), ((36, 100, 1, 3), (76, 15, 1, 1), 0), ((76, 15, 1, 1), (76, 39, 1, 1), 0), ((76, 39, 1, 1), (72, 2, 1, 0), 0), ((72, 2, 1, 0), (72, 80, 1, 3), 0), ((72, 80, 1, 3), (49, 0, 1, 0), 0), ((49, 0, 1, 0), (49, 0, 119, 0), 0))
New edge added:  ((13, np.int64(100), np.int64(1), 3), (29, np.int64(64), np.int64(6), 2), 0)  Edge removed:  ((13, 100, 1, 3), (29, 64, 1, 2), 0)
Solution cannot be extended to a feasible solution, updating network...
n[ 5 ] =  3.0
n[ 21 ] =  6.0
n[ 23 ] =  2.0
n[ 26 ] =  3.0
n[ 31 ] =  6.0
n[ 36 ] =  6.0
n[ 39 ] =  1.0
n[ 40 ] =  6.0
n[ 43 ] =  5.0
n[ 50 ] =  1.0
n[ 57 ] =  2.0
n[ 58 ] =  6.0
n[ 67 ] =  2.0
n[ 70 ] =  1.0
n[ 72 ] =  3.0
n[ 76 ] =  2.0
n[ 82 ] =  2.0
n[ 90 ] =  3.0
n[ 92 ] =  1.0
'''''''''''''''''
Gurobi Optimizer version 13.0.1 build v13.0.1rc0 (linux64 - "Debian GNU/Linux 12 (bookworm)")

CPU model: Intel(R) Xeon(R) CPU @ 2.20GHz, instruction set [SSE2|AVX|AVX2]
Thread count: 1 physical cores, 2 logical processors, using up to 2 threads

Non-default parameters:
MIPGap  0.05

Academic license 937859 - for non-commercial use only - registered to hp___@cornell.edu
Optimize a model with 693744 rows, 1424620 columns and 3703791 nonzeros (Min)
Model fingerprint: 0x75923870
Model has 1024882 linear objective coefficients
Variable types: 0 continuous, 1424620 integer (0 binary)
Coefficient statistics:
  Matrix range     [1e+00, 3e+05]
  Objective range  [6e-01, 8e+02]
  Bounds range     [0e+00, 0e+00]
  RHS range        [1e+00, 5e+00]

MIP start from previous solve did not produce a new incumbent solution
MIP start from previous solve violates constraint flow_bal_load[(92,_np.int64(2),_np.int64(1),_0),1] by 1.000000000
Processed MIP start in 1.16 seconds (0.35 work units)

Presolve removed 560843 rows and 770356 columns (presolve time = 5s)...
Presolve removed 564571 rows and 791626 columns (presolve time = 10s)...
Presolve removed 564621 rows and 791694 columns
Presolve time: 13.94s
Presolved: 129123 rows, 632926 columns, 1467069 nonzeros
Variable types: 0 continuous, 632926 integer (2109 binary)

Root simplex log...

Iteration    Objective       Primal Inf.    Dual Inf.      Time
       0      handle free variables                         20s
   10764    1.0362085e+03   1.578438e+02   0.000000e+00     25s
   16530    1.7129592e+03   2.645480e+02   0.000000e+00     30s
   19820    1.7805391e+03   1.315113e+02   0.000000e+00     35s
   22280    1.8555914e+03   1.191667e+02   0.000000e+00     40s
   24580    1.8744184e+03   7.620904e+01   0.000000e+00     45s
   26380    1.9118429e+03   1.016173e+02   0.000000e+00     50s
   28400    1.9305366e+03   8.300000e+01   0.000000e+00     55s
   30110    1.9593965e+03   8.731073e+01   0.000000e+00     60s
   31570    1.9806092e+03   1.470463e+02   0.000000e+00     65s
   32980    2.0151229e+03   5.850000e+01   0.000000e+00     70s
   34620    2.1352870e+03   2.069091e+02   0.000000e+00     75s
   36050    2.2668101e+03   9.782688e+01   0.000000e+00     80s
   37230    2.2971268e+03   3.544963e+02   0.000000e+00     85s
   38600    2.3291581e+03   2.104335e+02   0.000000e+00     90s
   39950    2.3445564e+03   2.499571e+02   0.000000e+00     96s
   41120    2.3659408e+03   7.127594e+02   0.000000e+00    100s
   42260    2.3930710e+03   1.701024e+02   0.000000e+00    106s
   43200    2.4316429e+03   2.771145e+02   0.000000e+00    110s
   44200    2.4920704e+03   9.006684e+01   0.000000e+00    115s
   45400    2.6025778e+03   5.893510e+01   0.000000e+00    120s
   46410    2.6201121e+03   2.288507e+02   0.000000e+00    126s
   47450    2.6372866e+03   1.506727e+02   0.000000e+00    131s
   48460    2.6559771e+03   5.496754e+02   0.000000e+00    135s
   49390    2.6881463e+03   2.380763e+02   0.000000e+00    140s
   50260    2.7015273e+03   6.792336e+02   0.000000e+00    145s
   51380    2.7219499e+03   3.319353e+02   0.000000e+00    150s
   53310    2.8803289e+03   4.104437e+02   0.000000e+00    155s
   54040    2.8828575e+03   2.598644e+02   0.000000e+00    161s
   55310    2.9560179e+03   2.099082e+02   0.000000e+00    165s
   56790    3.0939973e+03   5.624082e+02   0.000000e+00    170s
   58170    4.7885455e+03   5.839644e+02   0.000000e+00    175s
   59610    4.9843626e+03   6.828269e+02   0.000000e+00    181s
   60160    5.0285139e+03   1.638501e+03   0.000000e+00    185s
   60910    5.0432580e+03   1.889244e+03   0.000000e+00    191s
   61560    5.0670375e+03   4.455314e+02   0.000000e+00    196s
   62160    5.1127869e+03   2.339415e+02   0.000000e+00    201s
   62700    5.1154308e+03   6.096121e+02   0.000000e+00    205s
   63190    5.1203949e+03   4.146250e+02   0.000000e+00    211s
   63670    5.1481818e+03   1.693750e+02   0.000000e+00    215s
   64390    5.1615777e+03   2.176925e+02   0.000000e+00    221s
   65530    5.1933183e+03   2.290745e+02   0.000000e+00    226s
   66090    5.1963670e+03   1.564498e+02   0.000000e+00    230s
   66770    5.2001685e+03   5.512352e+01   0.000000e+00    235s
   67380    5.2021173e+03   1.378500e+01   0.000000e+00    241s
   67550    5.2023308e+03   0.000000e+00   0.000000e+00    242s
   67550    5.2023308e+03   0.000000e+00   0.000000e+00    243s

Root relaxation: objective 5.202331e+03, 67550 iterations, 224.79 seconds (111.20 work units)

    Nodes    |    Current Node    |     Objective Bounds      |     Work
 Expl Unexpl |  Obj  Depth IntInf | Incumbent    BestBd   Gap | It/Node Time

     0     0 5202.33084    0   84          - 5202.33084      -     -  261s
H    0     0                    5229.2705479 5202.33084  0.52%     -  265s

Explored 1 nodes (112884 simplex iterations) in 265.84 seconds (128.18 work units)
Thread count was 2 (of 2 available processors)

Solution count 1: 5229.27 

Optimal solution found (tolerance 5.00e-02)
Best objective 5.229270547945e+03, best bound 5.202330841487e+03, gap 0.5152%
Iteration:  19
Size of network:  12923  nodes,  237349  edges
Obj Value:  5229.270547945206
a: {}
n: {5: 2.0, 13: 1.0, 21: 6.0, 23: 2.0, 30: 1.0, 31: 5.0, 36: 5.0, 37: 1.0, 39: 1.0, 40: 6.0, 43: 5.0, 50: 5.0, 58: 6.0, 67: 1.0, 70: 1.0, 72: 3.0, 76: 1.0, 82: 1.0, 90: 3.0, 92: 2.0}
{0: (34.421443, -119.684178), 1: (36.167392, -94.119169), 2: (34.071417, -99.009382), 3: (34.689589, -118.130371), 4: (36.434113, -99.427596), 5: (35.400164, -119.399727), 6: (37.2129649, -93.37103), 7: (30.25011, -93.01142), 8: (36.751521, -96.000152), 9: (35.35468, -94.437379), 10: (38.89357, -94.36045), 11: (33.7885884, -118.2150827), 12: (32.596725, -117.019495), 13: (33.30006, -111.96835), 14: (35.392817, -97.422948), 15: (38.96627, -95.700495), 16: (30.725159, -96.425728), 17: (37.737099, -97.32375), 18: (34.188212, -97.171022), 19: (33.94423, -96.41932), 20: (30.209862, -92.002378), 21: (37.183969, -104.499646), 22: (32.267588, -107.774524), 23: (36.72136, -119.761165), 24: (30.437821, -95.498724), 25: (35.079896, -106.746225), 26: (35.840761, -98.419831), 27: (31.207465, -95.996079), 28: (33.899899, -118.207088), 29: (33.3874378, -110.7609849), 30: (34.02094, -117.385415), 31: (33.603063, -114.598023), 32: (35.189976, -101.706309), 33: (35.853211, -94.989243), 34: (35.004614, -106.032837), 35: (31.151717, -93.265081), 36: (36.706596, -101.443207), 37: (37.069631, -100.905444), 38: (32.62712, -96.74537), 39: (36.075856, -119.043996), 40: (35.65758, -105.993406), 41: (32.181782, -94.334174), 42: (30.330588, -97.701649), 43: (35.01643, -110.675005), 44: (35.25655, -96.671004), 45: (33.3021433, -111.9552863), 46: (36.535661, -97.33916), 47: (32.698465, -97.959695), 48: (33.984094, -106.887526), 49: (32.7658795, -96.8754612), 50: (35.309665, -99.631741), 51: (31.784139, -93.08731), 52: (33.0390751, -117.2841996), 53: (38.164391, -112.278183), 54: (34.4349097, -119.9212861), 55: (31.499498, -97.173412), 56: (33.9541734, -117.5556971), 57: (34.118101, -116.45646), 58: (36.71838, -108.167694), 59: (31.940555, -102.169802), 60: (36.081743, -96.054325), 61: (32.469998, -93.672804), 62: (34.4425082, -119.7812613), 63: (37.648431, -98.094183), 64: (32.448848, -100.439583), 65: (32.627591, -97.314361), 66: (38.54421, -106.92517), 67: (34.886448, -117.079423), 68: (35.9874334, -119.961999), 69: (32.794671, -115.539473), 70: (36.220567, -115.125553), 71: (35.106478, -92.43572), 72: (34.584172, -98.396813), 73: (33.39639, -110.76888), 74: (37.8135094, -119.8800771), 75: (35.87844, -97.392471), 76: (35.490972, -98.967096), 77: (33.8310496, -116.5452277), 78: (32.354553, -95.302495), 79: (37.962455, -100.846437), 80: (32.178328, -110.960207), 81: (38.7747705, -119.9029911), 82: (33.463568, -112.459255), 83: (36.009923, -114.784826), 84: (35.3002628, -119.0381956), 85: (36.249164, -95.333829), 86: (33.6699802, -96.6120405), 87: (38.971499, -92.294316), 88: (32.029056, -93.713243), 89: (33.8722233, -118.2654222), 90: (35.263617, -112.194139), 91: (37.199194, -93.402643), 92: (33.73573, -97.14484), 93: (32.881785, -111.777561), 94: (37.161682, -113.434692), 95: (30.35815, -99.606129), 96: (34.773291, -96.697633), 97: (34.12755, -118.443664), 98: (31.34545, -92.51807), 99: (38.945105, -104.724068), 100: (30.0774, -99.10731)}
x_load_0: {((39, 8, 1, 0), (39, 100, 1, 3), 0): 1.0, ((67, 13, 1, 1), (67, 80, 1, 3), 0): 1.0, ((67, 80, 1, 3), (39, 8, 1, 0), 0): 1.0, ((74, 33, 1, 1), (74, 33, 119, 1), 0): 1.0, ((39, 100, 1, 3), (74, 33, 1, 1), 0): 1.0, ((13, 40, 1, 2), (82, 24, 1, 1), 0): 1.0, ((13, 20, 0, 1), (13, 40, 1, 2), 0): 1.0, ((82, 24, 1, 1), (82, 84, 1, 3), 0): 1.0, ((31, 20, 1, 1), (31, 100, 1, 3), 0): 1.0, ((82, 84, 1, 3), (31, 20, 1, 1), 0): 1.0, ((31, 100, 1, 3), (67, 13, 1, 1), 0): 1.0}
x_ener_0: {((39, 8, 1, 0), (39, 8, 51, 0), 0): 1.0, ((23, 6, 1, 0), (23, 6, 119, 0), 0): 1.0, ((39, 8, 51, 0), (39, 8, 101, 0), 0): 1.0, ((39, 8, 101, 0), (39, 8, 119, 0), 0): 1.0, ((67, 13, 1, 1), (67, 13, 119, 1), 0): 1.0, ((67, 59, 1, 2), (70, 7, 1, 0), 0): 1.0, ((67, 80, 1, 3), (39, 8, 1, 0), 0): 1.0, ((5, 100, 1, 3), (84, 100, 1, 3), 0): 1.0, ((74, 33, 1, 1), (23, 6, 1, 0), 0): 1.0, ((5, 100, 0, 3), (5, 100, 1, 3), 0): 1.0, ((39, 100, 1, 3), (74, 33, 1, 1), 0): 1.0, ((68, 100, 1, 3), (39, 100, 1, 3), 0): 1.0, ((84, 100, 1, 3), (67, 59, 1, 2), 0): 1.0, ((13, 9, 1, 0), (13, 9, 119, 0), 0): 1.0, ((13, 40, 1, 2), (82, 24, 1, 1), 0): 1.0, ((13, 64, 1, 2), (93, 51, 1, 2), 0): 1.0, ((45, 9, 1, 0), (13, 9, 1, 0), 1): 1.0, ((82, 24, 1, 1), (45, 9, 1, 0), 0): 1.0, ((82, 64, 1, 2), (13, 64, 1, 2), 0): 1.0, ((93, 51, 1, 2), (13, 40, 1, 2), 0): 1.0, ((31, 20, 1, 1), (31, 20, 119, 1), 0): 1.0, ((82, 84, 1, 3), (31, 20, 1, 1), 0): 1.0, ((23, 100, 1, 3), (68, 100, 1, 3), 0): 1.0, ((23, 100, 0, 3), (23, 100, 1, 3), 0): 1.0, ((31, 100, 1, 3), (67, 13, 1, 1), 0): 1.0, ((31, 100, 0, 3), (82, 64, 1, 2), 0): 1.0, ((31, 100, 0, 3), (31, 100, 1, 3), 0): 1.0, ((70, 7, 1, 0), (70, 7, 51, 0), 0): 1.0, ((70, 7, 51, 0), (70, 7, 119, 0), 0): 1.0, ((67, 80, 0, 3), (67, 80, 1, 3), 0): 1.0, ((82, 84, 0, 3), (82, 84, 1, 3), 0): 1.0}
(((13, np.int64(20), np.int64(0), 1), (13, 40, 1, 2), 0), ((13, 40, 1, 2), (82, 24, 1, 1), 0), ((82, 24, 1, 1), (82, 84, 1, 3), 0), ((82, 84, 1, 3), (31, 20, 1, 1), 0), ((31, 20, 1, 1), (31, 100, 1, 3), 0), ((31, 100, 1, 3), (67, 13, 1, 1), 0), ((67, 13, 1, 1), (67, 80, 1, 3), 0), ((67, 80, 1, 3), (39, 8, 1, 0), 0), ((39, 8, 1, 0), (39, 100, 1, 3), 0), ((39, 100, 1, 3), (74, 33, 1, 1), 0), ((74, 33, 1, 1), (74, 33, 119, 1), 0))
New edge added:  ((13, np.int64(40), np.int64(1), 2), (82, np.int64(24), np.int64(3), 1), 0)  Edge removed:  ((13, 40, 1, 2), (82, 24, 1, 1), 0)
x_load_1: {((50, 7, 1, 0), (50, 100, 1, 3), 0): 1.0, ((13, 7, 1, 0), (13, 7, 119, 0), 0): 1.0, ((92, 32, 1, 1), (92, 100, 1, 3), 0): 1.0, ((92, 100, 1, 3), (50, 7, 1, 0), 0): 1.0, ((21, 10, 1, 1), (21, 80, 1, 3), 0): 1.0, ((21, 80, 1, 3), (40, 10, 1, 1), 0): 1.0, ((40, 10, 1, 1), (40, 80, 1, 3), 0): 1.0, ((40, 80, 1, 3), (58, 6, 1, 0), 0): 1.0, ((43, 80, 1, 3), (13, 7, 1, 0), 0): 1.0, ((36, 27, 1, 1), (36, 100, 1, 3), 0): 1.0, ((36, 100, 1, 3), (21, 10, 1, 1), 0): 1.0, ((58, 6, 1, 0), (58, 100, 1, 3), 0): 1.0, ((43, 4, 1, 0), (43, 80, 1, 3), 0): 1.0, ((49, 67, 0, 2), (92, 32, 1, 1), 0): 1.0, ((50, 100, 1, 3), (36, 27, 1, 1), 0): 1.0, ((58, 100, 1, 3), (43, 4, 1, 0), 0): 1.0}
x_ener_1: {((50, 7, 1, 0), (50, 7, 119, 0), 0): 1.0, ((37, 8, 1, 0), (37, 8, 119, 0), 0): 1.0, ((13, 7, 1, 0), (13, 7, 119, 0), 0): 1.0, ((92, 32, 1, 1), (49, 7, 1, 0), 0): 1.0, ((18, 100, 1, 3), (92, 100, 1, 3), 0): 1.0, ((49, 7, 1, 0), (49, 7, 51, 0), 0): 1.0, ((92, 100, 1, 3), (50, 7, 1, 0), 0): 1.0, ((49, 7, 51, 0), (49, 7, 101, 0), 0): 1.0, ((49, 7, 101, 0), (49, 7, 119, 0), 0): 1.0, ((21, 10, 1, 1), (21, 10, 119, 1), 0): 1.0, ((21, 80, 1, 3), (40, 10, 1, 1), 0): 1.0, ((21, 80, 0, 3), (21, 80, 1, 3), 0): 1.0, ((40, 10, 1, 1), (40, 10, 119, 1), 0): 1.0, ((40, 80, 1, 3), (58, 6, 1, 0), 0): 1.0, ((26, 100, 1, 3), (76, 100, 1, 3), 0): 1.0, ((76, 100, 1, 3), (50, 100, 1, 3), 0): 1.0, ((43, 80, 1, 3), (13, 7, 1, 0), 0): 1.0, ((36, 27, 1, 1), (37, 8, 1, 0), 0): 1.0, ((36, 100, 1, 3), (21, 10, 1, 1), 0): 1.0, ((37, 100, 1, 3), (36, 100, 1, 3), 0): 1.0, ((37, 100, 0, 3), (37, 100, 1, 3), 0): 1.0, ((40, 80, 0, 3), (40, 80, 1, 3), 0): 1.0, ((58, 6, 1, 0), (58, 6, 119, 0), 0): 1.0, ((43, 4, 1, 0), (43, 4, 51, 0), 0): 1.0, ((43, 4, 51, 0), (43, 4, 119, 0), 0): 1.0, ((49, 67, 0, 2), (92, 32, 1, 1), 0): 1.0, ((50, 100, 1, 3), (36, 27, 1, 1), 0): 1.0, ((58, 100, 1, 3), (43, 4, 1, 0), 0): 1.0, ((58, 100, 0, 3), (58, 100, 1, 3), 0): 1.0, ((76, 100, 0, 3), (26, 100, 1, 3), 0): 1.0, ((90, 100, 0, 3), (43, 80, 1, 3), 0): 1.0, ((92, 100, 0, 3), (18, 100, 1, 3), 0): 1.0}
(((49, np.int64(67), np.int64(0), 2), (92, 32, 1, 1), 0), ((92, 32, 1, 1), (92, 100, 1, 3), 0), ((92, 100, 1, 3), (50, 7, 1, 0), 0), ((50, 7, 1, 0), (50, 100, 1, 3), 0), ((50, 100, 1, 3), (36, 27, 1, 1), 0), ((36, 27, 1, 1), (36, 100, 1, 3), 0), ((36, 100, 1, 3), (21, 10, 1, 1), 0), ((21, 10, 1, 1), (21, 80, 1, 3), 0), ((21, 80, 1, 3), (40, 10, 1, 1), 0), ((40, 10, 1, 1), (40, 80, 1, 3), 0), ((40, 80, 1, 3), (58, 6, 1, 0), 0), ((58, 6, 1, 0), (58, 100, 1, 3), 0), ((58, 100, 1, 3), (43, 4, 1, 0), 0), ((43, 4, 1, 0), (43, 80, 1, 3), 0), ((43, 80, 1, 3), (13, 7, 1, 0), 0), ((13, 7, 1, 0), (13, 7, 119, 0), 0))
New edge added:  ((49, np.int64(67), np.int64(0), 2), (92, np.int64(31), np.int64(5), 1), 0)  Edge removed:  ((49, np.int64(67), np.int64(0), 2), (92, 32, 1, 1), 0)
x_load_2: {((39, 18, 1, 1), (39, 74, 1, 2), 0): 1.0, ((39, 18, 1, 1), (39, 100, 1, 3), 0): 1.0, ((28, 70, 1, 2), (57, 21, 1, 1), 0): 1.0, ((72, 2, 1, 0), (72, 80, 1, 3), 0): 3.0, ((50, 7, 1, 0), (50, 100, 1, 3), 0): 2.0, ((92, 7, 1, 0), (92, 40, 1, 2), 0): 1.0, ((92, 7, 1, 0), (92, 100, 1, 3), 0): 1.0, ((76, 15, 1, 1), (76, 39, 1, 1), 0): 3.0, ((76, 39, 1, 1), (72, 2, 1, 0), 0): 3.0, ((49, 0, 1, 0), (49, 0, 119, 0), 0): 3.0, ((57, 21, 1, 1), (57, 67, 1, 2), 0): 1.0, ((56, 79, 1, 2), (57, 46, 1, 2), 0): 1.0, ((57, 46, 1, 2), (57, 67, 1, 2), 0): 1.0, ((57, 67, 1, 2), (31, 10, 1, 1), 0): 2.0, ((74, 10, 1, 1), (74, 10, 119, 1), 0): 1.0, ((74, 33, 1, 1), (74, 33, 119, 1), 0): 1.0, ((39, 74, 1, 2), (74, 10, 1, 1), 0): 1.0, ((39, 100, 1, 3), (74, 33, 1, 1), 0): 1.0, ((30, 95, 1, 3), (31, 10, 1, 1), 0): 1.0, ((31, 10, 1, 1), (31, 100, 1, 3), 0): 3.0, ((43, 7, 1, 0), (43, 100, 1, 3), 0): 2.0, ((73, 64, 1, 2), (43, 7, 1, 0), 0): 2.0, ((43, 54, 1, 2), (43, 100, 1, 3), 0): 2.0, ((90, 54, 1, 2), (43, 10, 1, 1), 0): 1.0, ((49, 4, 1, 0), (49, 4, 119, 0), 0): 1.0, ((92, 40, 1, 2), (49, 4, 1, 0), 0): 1.0, ((49, 64, 1, 2), (49, 64, 119, 2), 0): 1.0, ((92, 100, 1, 3), (49, 64, 1, 2), 0): 1.0, ((21, 30, 1, 1), (21, 100, 1, 3), 0): 5.0, ((21, 100, 1, 3), (36, 10, 1, 1), 0): 5.0, ((36, 10, 1, 1), (36, 80, 1, 3), 0): 2.0, ((36, 10, 1, 1), (36, 100, 1, 3), 0): 3.0, ((58, 80, 1, 3), (40, 6, 1, 0), 0): 5.0, ((28, 25, 0, 1), (28, 70, 1, 2), 0): 1.0, ((28, 96, 0, 3), (56, 79, 1, 2), 0): 1.0, ((28, 100, 0, 3), (30, 75, 1, 2), 0): 1.0, ((28, 100, 0, 3), (39, 18, 1, 1), 0): 2.0, ((30, 75, 1, 2), (30, 95, 1, 3), 0): 1.0, ((43, 10, 1, 1), (43, 100, 1, 3), 0): 1.0, ((31, 100, 1, 3), (90, 6, 1, 0), 0): 3.0, ((90, 6, 1, 0), (90, 54, 1, 2), 0): 1.0, ((90, 6, 1, 0), (90, 100, 1, 3), 0): 2.0, ((36, 80, 1, 3), (50, 7, 1, 0), 0): 2.0, ((40, 6, 1, 0), (40, 100, 1, 3), 0): 5.0, ((40, 100, 1, 3), (21, 30, 1, 1), 0): 5.0, ((36, 100, 1, 3), (76, 15, 1, 1), 0): 3.0, ((58, 4, 1, 0), (58, 80, 1, 3), 0): 5.0, ((43, 100, 1, 3), (58, 4, 1, 0), 0): 5.0, ((50, 100, 1, 3), (92, 7, 1, 0), 0): 2.0, ((72, 80, 1, 3), (49, 0, 1, 0), 0): 3.0, ((90, 100, 1, 3), (43, 54, 1, 2), 0): 2.0, ((13, 100, 0, 3), (29, 64, 5, 2), 0): 2.0, ((29, 64, 5, 2), (73, 64, 1, 2), 0): 2.0}
x_ener_2: {((30, 2, 1, 0), (30, 2, 51, 0), 0): 1.0, ((23, 6, 1, 0), (23, 6, 119, 0), 0): 1.0, ((39, 18, 1, 1), (5, 0, 1, 0), 0): 2.0, ((89, 70, 1, 2), (28, 70, 1, 2), 1): 1.0, ((28, 70, 1, 2), (57, 21, 1, 1), 0): 1.0, ((30, 2, 51, 0), (30, 2, 119, 0), 0): 1.0, ((72, 2, 1, 0), (72, 2, 119, 0), 0): 3.0, ((50, 7, 1, 0), (50, 7, 51, 0), 0): 2.0, ((92, 7, 1, 0), (92, 7, 51, 0), 0): 2.0, ((76, 15, 1, 1), (76, 15, 51, 1), 0): 2.0, ((76, 15, 1, 1), (76, 15, 119, 1), 0): 1.0, ((76, 39, 1, 1), (72, 2, 1, 0), 0): 3.0, ((49, 0, 1, 0), (49, 0, 119, 0), 0): 3.0, ((72, 63, 1, 2), (76, 39, 1, 1), 0): 3.0, ((50, 7, 51, 0), (50, 7, 119, 0), 0): 2.0, ((92, 7, 51, 0), (92, 7, 119, 0), 0): 2.0, ((76, 15, 51, 1), (76, 15, 101, 1), 0): 2.0, ((50, 4, 101, 0), (50, 4, 119, 0), 0): 2.0, ((76, 15, 101, 1), (50, 4, 101, 0), 0): 2.0, ((57, 21, 1, 1), (30, 2, 1, 0), 0): 1.0, ((56, 79, 1, 2), (57, 46, 1, 2), 0): 1.0, ((57, 46, 1, 2), (31, 6, 1, 0), 0): 1.0, ((57, 67, 1, 2), (31, 10, 1, 1), 0): 2.0, ((5, 100, 1, 3), (84, 100, 1, 3), 0): 1.0, ((74, 10, 1, 1), (74, 10, 119, 1), 0): 1.0, ((74, 33, 1, 1), (23, 6, 1, 0), 0): 1.0, ((5, 100, 0, 3), (5, 100, 1, 3), 0): 1.0, ((39, 74, 1, 2), (74, 10, 1, 1), 0): 1.0, ((39, 100, 1, 3), (74, 33, 1, 1), 0): 1.0, ((68, 100, 1, 3), (39, 100, 1, 3), 0): 1.0, ((84, 100, 1, 3), (89, 70, 1, 2), 0): 1.0, ((5, 0, 1, 0), (5, 0, 119, 0), 0): 2.0, ((30, 95, 1, 3), (31, 10, 1, 1), 0): 1.0, ((31, 6, 1, 0), (31, 6, 119, 0), 0): 1.0, ((31, 10, 1, 1), (31, 10, 119, 1), 0): 3.0, ((43, 7, 1, 0), (43, 7, 51, 0), 0): 2.0, ((73, 64, 1, 2), (43, 7, 1, 0), 0): 2.0, ((43, 54, 1, 2), (82, 3, 1, 0), 0): 1.0, ((43, 54, 1, 2), (43, 54, 119, 2), 0): 1.0, ((90, 54, 1, 2), (43, 10, 1, 1), 0): 1.0, ((43, 7, 51, 0), (43, 7, 101, 0), 0): 2.0, ((43, 7, 101, 0), (43, 7, 119, 0), 0): 2.0, ((49, 4, 1, 0), (49, 4, 119, 0), 0): 1.0, ((92, 40, 1, 2), (49, 4, 1, 0), 0): 1.0, ((49, 64, 1, 2), (92, 40, 1, 2), 0): 1.0, ((92, 100, 1, 3), (49, 64, 1, 2), 0): 1.0, ((21, 30, 1, 1), (21, 30, 51, 1), 0): 5.0, ((21, 100, 1, 3), (36, 10, 1, 1), 0): 5.0, ((21, 100, 0, 3), (21, 100, 1, 3), 0): 5.0, ((36, 10, 1, 1), (36, 10, 51, 1), 0): 5.0, ((21, 30, 51, 1), (21, 30, 101, 1), 0): 5.0, ((36, 10, 51, 1), (36, 10, 119, 1), 0): 5.0, ((21, 30, 101, 1), (21, 30, 119, 1), 0): 5.0, ((23, 100, 1, 3), (68, 100, 1, 3), 0): 1.0, ((23, 100, 0, 3), (23, 100, 1, 3), 0): 1.0, ((34, 100, 1, 3), (40, 100, 1, 3), 0): 5.0, ((58, 80, 1, 3), (40, 6, 1, 0), 0): 5.0, ((76, 100, 1, 3), (50, 100, 1, 3), 0): 2.0, ((76, 100, 1, 3), (72, 63, 1, 2), 0): 3.0, ((28, 96, 0, 3), (56, 79, 1, 2), 0): 1.0, ((28, 100, 0, 3), (30, 75, 1, 2), 0): 2.0, ((28, 100, 0, 3), (39, 18, 1, 1), 0): 2.0, ((30, 75, 1, 2), (57, 67, 1, 2), 0): 2.0, ((82, 3, 1, 0), (82, 3, 51, 0), 0): 1.0, ((43, 10, 1, 1), (43, 10, 119, 1), 0): 1.0, ((82, 3, 51, 0), (82, 3, 119, 0), 0): 1.0, ((30, 95, 0, 3), (30, 95, 1, 3), 0): 1.0, ((31, 100, 1, 3), (90, 6, 1, 0), 0): 3.0, ((31, 100, 0, 3), (31, 100, 1, 3), 0): 3.0, ((90, 6, 1, 0), (90, 6, 51, 0), 0): 3.0, ((90, 6, 51, 0), (90, 6, 101, 0), 0): 3.0, ((90, 6, 101, 0), (90, 6, 119, 0), 0): 3.0, ((36, 80, 1, 3), (50, 7, 1, 0), 0): 2.0, ((40, 6, 1, 0), (40, 6, 51, 0), 0): 5.0, ((40, 100, 1, 3), (21, 30, 1, 1), 0): 5.0, ((40, 6, 51, 0), (40, 6, 101, 0), 0): 5.0, ((40, 6, 101, 0), (40, 6, 119, 0), 0): 5.0, ((36, 100, 1, 3), (76, 15, 1, 1), 0): 3.0, ((36, 80, 0, 3), (36, 80, 1, 3), 0): 2.0, ((36, 100, 0, 3), (37, 100, 1, 3), 0): 3.0, ((37, 100, 1, 3), (36, 100, 1, 3), 0): 3.0, ((39, 74, 0, 2), (39, 74, 1, 2), 0): 1.0, ((58, 4, 1, 0), (58, 4, 119, 0), 0): 5.0, ((40, 100, 0, 3), (34, 100, 1, 3), 0): 5.0, ((43, 100, 1, 3), (58, 4, 1, 0), 0): 5.0, ((43, 100, 0, 3), (43, 100, 1, 3), 0): 5.0, ((50, 100, 1, 3), (92, 7, 1, 0), 0): 2.0, ((50, 100, 0, 3), (76, 100, 1, 3), 0): 5.0, ((58, 80, 0, 3), (58, 80, 1, 3), 0): 5.0, ((70, 100, 0, 3), (83, 100, 1, 3), 0): 1.0, ((83, 100, 1, 3), (90, 54, 1, 2), 0): 1.0, ((72, 80, 1, 3), (49, 0, 1, 0), 0): 3.0, ((72, 80, 0, 3), (72, 80, 1, 3), 0): 3.0, ((90, 100, 1, 3), (43, 54, 1, 2), 0): 2.0, ((90, 100, 0, 3), (90, 100, 1, 3), 0): 2.0, ((92, 100, 0, 3), (92, 100, 1, 3), 0): 1.0, ((13, 100, 0, 3), (29, 64, 5, 2), 0): 2.0, ((29, 64, 5, 2), (73, 64, 1, 2), 0): 2.0}
(((13, np.int64(100), np.int64(0), 3), (29, 64, 5, 2), 0), ((29, 64, 5, 2), (73, 64, 1, 2), 0), ((73, 64, 1, 2), (43, 7, 1, 0), 0), ((43, 7, 1, 0), (43, 100, 1, 3), 0), ((43, 100, 1, 3), (58, 4, 1, 0), 0), ((58, 4, 1, 0), (58, 80, 1, 3), 0), ((58, 80, 1, 3), (40, 6, 1, 0), 0), ((40, 6, 1, 0), (40, 100, 1, 3), 0), ((40, 100, 1, 3), (21, 30, 1, 1), 0), ((21, 30, 1, 1), (21, 100, 1, 3), 0), ((21, 100, 1, 3), (36, 10, 1, 1), 0), ((36, 10, 1, 1), (36, 100, 1, 3), 0), ((36, 100, 1, 3), (76, 15, 1, 1), 0), ((76, 15, 1, 1), (76, 39, 1, 1), 0), ((76, 39, 1, 1), (72, 2, 1, 0), 0), ((72, 2, 1, 0), (72, 80, 1, 3), 0), ((72, 80, 1, 3), (49, 0, 1, 0), 0), ((49, 0, 1, 0), (49, 0, 119, 0), 0))
New edge added:  ((29, np.int64(64), np.int64(5), 2), (73, np.int64(64), np.int64(6), 2), 0)  Edge removed:  ((29, 64, 5, 2), (73, 64, 1, 2), 0)
Solution cannot be extended to a feasible solution, updating network...
n[ 5 ] =  2.0
n[ 13 ] =  1.0
n[ 21 ] =  6.0
n[ 23 ] =  2.0
n[ 30 ] =  1.0
n[ 31 ] =  5.0
n[ 36 ] =  5.0
n[ 37 ] =  1.0
n[ 39 ] =  1.0
n[ 40 ] =  6.0
n[ 43 ] =  5.0
n[ 50 ] =  5.0
n[ 58 ] =  6.0
n[ 67 ] =  1.0
n[ 70 ] =  1.0
n[ 72 ] =  3.0
n[ 76 ] =  1.0
n[ 82 ] =  1.0
n[ 90 ] =  3.0
n[ 92 ] =  2.0
'''''''''''''''''
Gurobi Optimizer version 13.0.1 build v13.0.1rc0 (linux64 - "Debian GNU/Linux 12 (bookworm)")

CPU model: Intel(R) Xeon(R) CPU @ 2.20GHz, instruction set [SSE2|AVX|AVX2]
Thread count: 1 physical cores, 2 logical processors, using up to 2 threads

Non-default parameters:
MIPGap  0.05

Academic license 937859 - for non-commercial use only - registered to hp___@cornell.edu
Optimize a model with 693912 rows, 1424962 columns and 3708894 nonzeros (Min)
Model fingerprint: 0xb27eae7e
Model has 1025128 linear objective coefficients
Variable types: 0 continuous, 1424962 integer (0 binary)
Coefficient statistics:
  Matrix range     [1e+00, 3e+05]
  Objective range  [6e-01, 8e+02]
  Bounds range     [0e+00, 0e+00]
  RHS range        [1e+00, 5e+00]

MIP start from previous solve did not produce a new incumbent solution
MIP start from previous solve violates constraint flow_bal_load[(92,_np.int64(32),_np.int64(1),_1),1] by 1.000000000

Presolve removed 560995 rows and 771402 columns (presolve time = 5s)...
Presolve removed 564733 rows and 791899 columns (presolve time = 10s)...
Presolve removed 564785 rows and 791964 columns
Presolve time: 13.65s
Presolved: 129127 rows, 632998 columns, 1467210 nonzeros
Variable types: 0 continuous, 632998 integer (2111 binary)

Root simplex log...

Iteration    Objective       Primal Inf.    Dual Inf.      Time
       0      handle free variables                         20s
    2380    4.9895058e+02   3.365254e+01   0.000000e+00     20s
   11467    1.2592362e+03   1.563328e+02   0.000000e+00     25s
   16180    1.7494041e+03   1.531594e+02   0.000000e+00     30s
   19380    1.8150914e+03   5.816667e+01   0.000000e+00     35s
   21730    1.8555914e+03   6.900000e+01   0.000000e+00     40s
   23930    1.8743358e+03   1.479380e+02   0.000000e+00     45s
   26200    1.9284626e+03   1.400954e+02   0.000000e+00     50s
   28000    1.9399213e+03   2.721786e+02   0.000000e+00     55s
   30050    1.9972223e+03   1.611773e+02   0.000000e+00     60s
   31640    2.0151229e+03   6.800000e+01   0.000000e+00     65s
   33600    2.2364825e+03   2.180000e+02   0.000000e+00     70s
   34930    2.2686446e+03   1.020000e+02   0.000000e+00     75s
   36190    2.2990384e+03   1.331596e+02   0.000000e+00     80s
   37440    2.3225062e+03   2.736229e+02   0.000000e+00     86s
   38590    2.3426877e+03   4.177684e+01   0.000000e+00     90s
   39670    2.3534431e+03   8.920763e+01   0.000000e+00     95s
   40800    2.3726977e+03   1.147411e+02   0.000000e+00    100s
   41800    2.3873872e+03   4.174766e+02   0.000000e+00    105s
   43150    2.4314574e+03   5.871697e+01   0.000000e+00    110s
   44090    2.4802039e+03   3.928382e+02   0.000000e+00    115s
   45170    2.6174724e+03   1.341434e+02   0.000000e+00    120s
   46380    2.6291340e+03   1.284707e+02   0.000000e+00    126s
   47400    2.6521254e+03   3.126801e+02   0.000000e+00    130s
   48970    2.7195138e+03   1.719681e+02   0.000000e+00    135s
   50210    2.7206162e+03   2.436968e+02   0.000000e+00    141s
   51580    2.7875374e+03   1.310060e+02   0.000000e+00    145s
   53110    2.8289178e+03   1.996642e+02   0.000000e+00    150s
   54430    2.8809110e+03   3.736642e+02   0.000000e+00    155s
   55900    3.0543596e+03   2.196642e+02   0.000000e+00    160s
   57690    3.9716650e+03   5.887444e+02   0.000000e+00    166s
   59190    5.0156127e+03   7.765282e+02   0.000000e+00    170s
   60190    5.0411702e+03   6.437282e+02   0.000000e+00    176s
   61020    5.0600876e+03   8.518076e+02   0.000000e+00    180s
   61930    5.1013799e+03   3.035363e+02   0.000000e+00    185s
   62690    5.1516722e+03   2.726219e+02   0.000000e+00    190s
   63590    5.1761682e+03   1.533269e+02   0.000000e+00    195s
   64430    5.1821070e+03   1.212344e+02   0.000000e+00    201s
   65100    5.1907702e+03   2.302422e+02   0.000000e+00    206s
   65840    5.1975327e+03   1.738278e+02   0.000000e+00    211s
   66310    5.1999781e+03   1.732247e+02   0.000000e+00    215s
   67030    5.2050466e+03   9.035132e+01   0.000000e+00    220s
   67700    5.2085260e+03   7.366477e+01   0.000000e+00    225s
   68280    5.2106791e+03   7.425000e+01   0.000000e+00    231s
   68751    5.2110400e+03   0.000000e+00   0.000000e+00    234s
   68751    5.2110400e+03   0.000000e+00   0.000000e+00    234s

Root relaxation: objective 5.211040e+03, 68751 iterations, 217.02 seconds (111.19 work units)

    Nodes    |    Current Node    |     Objective Bounds      |     Work
 Expl Unexpl |  Obj  Depth IntInf | Incumbent    BestBd   Gap | It/Node Time

     0     0 5211.03999    0   39          - 5211.03999      -     -  261s
H    0     0                    5360.5123288 5211.03999  2.79%     -  265s

Explored 1 nodes (121672 simplex iterations) in 265.45 seconds (133.77 work units)
Thread count was 2 (of 2 available processors)

Solution count 1: 5360.51 

Optimal solution found (tolerance 5.00e-02)
Best objective 5.360512328767e+03, best bound 5.211039986954e+03, gap 2.7884%
Iteration:  20
Size of network:  12929  nodes,  237402  edges
Obj Value:  5360.512328767124
a: {45: 1.0}
n: {2: 1.0, 5: 1.0, 21: 6.0, 25: 5.0, 26: 5.0, 31: 1.0, 34: 1.0, 36: 6.0, 43: 6.0, 50: 1.0, 58: 6.0, 67: 1.0, 69: 5.0, 72: 3.0, 82: 6.0}
{0: (34.421443, -119.684178), 1: (36.167392, -94.119169), 2: (34.071417, -99.009382), 3: (34.689589, -118.130371), 4: (36.434113, -99.427596), 5: (35.400164, -119.399727), 6: (37.2129649, -93.37103), 7: (30.25011, -93.01142), 8: (36.751521, -96.000152), 9: (35.35468, -94.437379), 10: (38.89357, -94.36045), 11: (33.7885884, -118.2150827), 12: (32.596725, -117.019495), 13: (33.30006, -111.96835), 14: (35.392817, -97.422948), 15: (38.96627, -95.700495), 16: (30.725159, -96.425728), 17: (37.737099, -97.32375), 18: (34.188212, -97.171022), 19: (33.94423, -96.41932), 20: (30.209862, -92.002378), 21: (37.183969, -104.499646), 22: (32.267588, -107.774524), 23: (36.72136, -119.761165), 24: (30.437821, -95.498724), 25: (35.079896, -106.746225), 26: (35.840761, -98.419831), 27: (31.207465, -95.996079), 28: (33.899899, -118.207088), 29: (33.3874378, -110.7609849), 30: (34.02094, -117.385415), 31: (33.603063, -114.598023), 32: (35.189976, -101.706309), 33: (35.853211, -94.989243), 34: (35.004614, -106.032837), 35: (31.151717, -93.265081), 36: (36.706596, -101.443207), 37: (37.069631, -100.905444), 38: (32.62712, -96.74537), 39: (36.075856, -119.043996), 40: (35.65758, -105.993406), 41: (32.181782, -94.334174), 42: (30.330588, -97.701649), 43: (35.01643, -110.675005), 44: (35.25655, -96.671004), 45: (33.3021433, -111.9552863), 46: (36.535661, -97.33916), 47: (32.698465, -97.959695), 48: (33.984094, -106.887526), 49: (32.7658795, -96.8754612), 50: (35.309665, -99.631741), 51: (31.784139, -93.08731), 52: (33.0390751, -117.2841996), 53: (38.164391, -112.278183), 54: (34.4349097, -119.9212861), 55: (31.499498, -97.173412), 56: (33.9541734, -117.5556971), 57: (34.118101, -116.45646), 58: (36.71838, -108.167694), 59: (31.940555, -102.169802), 60: (36.081743, -96.054325), 61: (32.469998, -93.672804), 62: (34.4425082, -119.7812613), 63: (37.648431, -98.094183), 64: (32.448848, -100.439583), 65: (32.627591, -97.314361), 66: (38.54421, -106.92517), 67: (34.886448, -117.079423), 68: (35.9874334, -119.961999), 69: (32.794671, -115.539473), 70: (36.220567, -115.125553), 71: (35.106478, -92.43572), 72: (34.584172, -98.396813), 73: (33.39639, -110.76888), 74: (37.8135094, -119.8800771), 75: (35.87844, -97.392471), 76: (35.490972, -98.967096), 77: (33.8310496, -116.5452277), 78: (32.354553, -95.302495), 79: (37.962455, -100.846437), 80: (32.178328, -110.960207), 81: (38.7747705, -119.9029911), 82: (33.463568, -112.459255), 83: (36.009923, -114.784826), 84: (35.3002628, -119.0381956), 85: (36.249164, -95.333829), 86: (33.6699802, -96.6120405), 87: (38.971499, -92.294316), 88: (32.029056, -93.713243), 89: (33.8722233, -118.2654222), 90: (35.263617, -112.194139), 91: (37.199194, -93.402643), 92: (33.73573, -97.14484), 93: (32.881785, -111.777561), 94: (37.161682, -113.434692), 95: (30.35815, -99.606129), 96: (34.773291, -96.697633), 97: (34.12755, -118.443664), 98: (31.34545, -92.51807), 99: (38.945105, -104.724068), 100: (30.0774, -99.10731)}
x_load_0: {((67, 13, 1, 1), (67, 100, 1, 3), 0): 1.0, ((39, 28, 1, 1), (39, 100, 1, 3), 0): 1.0, ((74, 33, 1, 1), (74, 33, 119, 1), 0): 1.0, ((39, 100, 1, 3), (74, 33, 1, 1), 0): 1.0, ((31, 6, 1, 0), (31, 100, 1, 3), 0): 1.0, ((13, 80, 0, 3), (82, 64, 1, 2), 0): 1.0, ((82, 64, 1, 2), (82, 71, 1, 2), 0): 1.0, ((82, 71, 1, 2), (31, 6, 1, 0), 0): 1.0, ((31, 100, 1, 3), (67, 13, 1, 1), 0): 1.0, ((67, 100, 1, 3), (39, 28, 1, 1), 0): 1.0}
x_ener_0: {((67, 13, 1, 1), (67, 13, 51, 1), 0): 1.0, ((5, 10, 1, 1), (5, 10, 119, 1), 0): 1.0, ((39, 28, 1, 1), (5, 10, 1, 1), 0): 1.0, ((67, 13, 51, 1), (67, 13, 101, 1), 0): 1.0, ((67, 13, 101, 1), (67, 13, 119, 1), 0): 1.0, ((74, 33, 1, 1), (74, 33, 51, 1), 0): 1.0, ((5, 100, 0, 3), (39, 100, 1, 3), 0): 1.0, ((39, 100, 1, 3), (74, 33, 1, 1), 0): 1.0, ((74, 33, 51, 1), (74, 33, 119, 1), 0): 1.0, ((31, 6, 1, 0), (31, 6, 119, 0), 0): 1.0, ((13, 27, 1, 1), (82, 11, 1, 1), 0): 1.0, ((13, 49, 1, 2), (82, 35, 1, 1), 0): 1.0, ((13, 64, 1, 2), (45, 64, 1, 2), 1): 1.0, ((13, 80, 0, 3), (82, 64, 1, 2), 0): 1.0, ((45, 24, 1, 1), (45, 27, 1, 1), 0): 1.0, ((45, 27, 1, 1), (13, 27, 1, 1), 1): 1.0, ((82, 11, 1, 1), (82, 11, 119, 1), 0): 1.0, ((82, 35, 1, 1), (45, 24, 1, 1), 0): 1.0, ((45, 64, 1, 2), (93, 64, 1, 2), 0): 1.0, ((82, 64, 1, 2), (13, 64, 1, 2), 0): 1.0, ((93, 64, 1, 2), (13, 49, 1, 2), 0): 1.0, ((82, 71, 1, 2), (31, 6, 1, 0), 0): 1.0, ((31, 100, 1, 3), (67, 13, 1, 1), 0): 1.0, ((31, 100, 0, 3), (31, 100, 1, 3), 0): 1.0, ((67, 100, 1, 3), (39, 28, 1, 1), 0): 1.0, ((67, 100, 0, 3), (67, 100, 1, 3), 0): 1.0, ((82, 71, 0, 2), (82, 71, 1, 2), 0): 1.0}
(((13, np.int64(80), np.int64(0), 3), (82, 64, 1, 2), 0), ((82, 64, 1, 2), (82, 71, 1, 2), 0), ((82, 71, 1, 2), (31, 6, 1, 0), 0), ((31, 6, 1, 0), (31, 100, 1, 3), 0), ((31, 100, 1, 3), (67, 13, 1, 1), 0), ((67, 13, 1, 1), (67, 100, 1, 3), 0), ((67, 100, 1, 3), (39, 28, 1, 1), 0), ((39, 28, 1, 1), (39, 100, 1, 3), 0), ((39, 100, 1, 3), (74, 33, 1, 1), 0), ((74, 33, 1, 1), (74, 33, 119, 1), 0))
New edge added:  ((13, np.int64(80), np.int64(0), 3), (82, np.int64(64), np.int64(2), 2), 0)  Edge removed:  ((13, np.int64(80), np.int64(0), 3), (82, 64, 1, 2), 0)
x_load_1: {((2, 20, 1, 1), (2, 49, 1, 2), 0): 1.0, ((2, 49, 1, 2), (50, 4, 1, 0), 0): 1.0, ((50, 4, 1, 0), (50, 80, 1, 3), 0): 1.0, ((50, 80, 1, 3), (36, 7, 1, 0), 0): 1.0, ((13, 27, 1, 1), (13, 27, 119, 1), 0): 1.0, ((21, 10, 1, 1), (21, 100, 1, 3), 0): 1.0, ((21, 100, 1, 3), (40, 30, 1, 1), 0): 1.0, ((40, 30, 1, 1), (40, 77, 1, 2), 0): 1.0, ((36, 7, 1, 0), (36, 100, 1, 3), 0): 1.0, ((40, 77, 1, 2), (58, 4, 1, 0), 0): 1.0, ((36, 100, 1, 3), (21, 10, 1, 1), 0): 1.0, ((58, 4, 1, 0), (58, 100, 1, 3), 0): 1.0, ((43, 4, 1, 0), (43, 100, 1, 3), 0): 1.0, ((43, 100, 1, 3), (13, 27, 1, 1), 0): 1.0, ((49, 100, 0, 3), (2, 20, 1, 1), 0): 1.0, ((58, 100, 1, 3), (43, 4, 1, 0), 0): 1.0}
x_ener_1: {((2, 20, 1, 1), (2, 20, 119, 1), 0): 1.0, ((2, 49, 1, 2), (50, 4, 1, 0), 0): 1.0, ((50, 4, 1, 0), (50, 4, 119, 0), 0): 1.0, ((50, 80, 1, 3), (36, 7, 1, 0), 0): 1.0, ((72, 74, 1, 2), (2, 49, 1, 2), 0): 1.0, ((76, 80, 1, 3), (50, 80, 1, 3), 0): 1.0, ((13, 27, 1, 1), (93, 11, 1, 1), 0): 1.0, ((93, 11, 1, 1), (13, 0, 1, 0), 0): 1.0, ((13, 0, 1, 0), (13, 0, 119, 0), 0): 1.0, ((21, 10, 1, 1), (21, 10, 51, 1), 0): 1.0, ((21, 100, 1, 3), (40, 30, 1, 1), 0): 1.0, ((21, 100, 0, 3), (21, 100, 1, 3), 0): 1.0, ((40, 30, 1, 1), (40, 30, 51, 1), 0): 1.0, ((21, 10, 51, 1), (21, 10, 119, 1), 0): 1.0, ((40, 30, 51, 1), (40, 30, 101, 1), 0): 1.0, ((40, 30, 101, 1), (25, 0, 101, 0), 0): 1.0, ((34, 100, 1, 3), (40, 77, 1, 2), 0): 1.0, ((25, 0, 101, 0), (25, 0, 119, 0), 0): 1.0, ((26, 100, 0, 3), (72, 74, 1, 2), 0): 1.0, ((36, 7, 1, 0), (36, 7, 119, 0), 0): 1.0, ((34, 100, 0, 3), (40, 100, 1, 3), 0): 1.0, ((40, 77, 1, 2), (58, 4, 1, 0), 0): 1.0, ((40, 100, 1, 3), (34, 100, 1, 3), 0): 1.0, ((36, 100, 1, 3), (21, 10, 1, 1), 0): 1.0, ((36, 100, 0, 3), (36, 100, 1, 3), 0): 1.0, ((58, 4, 1, 0), (58, 4, 119, 0), 0): 1.0, ((43, 4, 1, 0), (43, 4, 51, 0), 0): 1.0, ((43, 100, 1, 3), (13, 27, 1, 1), 0): 1.0, ((43, 100, 0, 3), (43, 100, 1, 3), 0): 1.0, ((43, 4, 51, 0), (43, 4, 101, 0), 0): 1.0, ((43, 4, 101, 0), (43, 4, 119, 0), 0): 1.0, ((49, 100, 0, 3), (2, 20, 1, 1), 0): 1.0, ((58, 100, 1, 3), (43, 4, 1, 0), 0): 1.0, ((58, 100, 0, 3), (58, 100, 1, 3), 0): 1.0, ((72, 100, 0, 3), (76, 80, 1, 3), 0): 1.0}
(((49, np.int64(100), np.int64(0), 3), (2, 20, 1, 1), 0), ((2, 20, 1, 1), (2, 49, 1, 2), 0), ((2, 49, 1, 2), (50, 4, 1, 0), 0), ((50, 4, 1, 0), (50, 80, 1, 3), 0), ((50, 80, 1, 3), (36, 7, 1, 0), 0), ((36, 7, 1, 0), (36, 100, 1, 3), 0), ((36, 100, 1, 3), (21, 10, 1, 1), 0), ((21, 10, 1, 1), (21, 100, 1, 3), 0), ((21, 100, 1, 3), (40, 30, 1, 1), 0), ((40, 30, 1, 1), (40, 77, 1, 2), 0), ((40, 77, 1, 2), (58, 4, 1, 0), 0), ((58, 4, 1, 0), (58, 100, 1, 3), 0), ((58, 100, 1, 3), (43, 4, 1, 0), 0), ((43, 4, 1, 0), (43, 100, 1, 3), 0), ((43, 100, 1, 3), (13, 27, 1, 1), 0), ((13, 27, 1, 1), (13, 27, 119, 1), 0))
New edge added:  ((49, np.int64(100), np.int64(0), 3), (2, np.int64(20), np.int64(10), 1), 0)  Edge removed:  ((49, np.int64(100), np.int64(0), 3), (2, 20, 1, 1), 0)
x_load_2: {((72, 2, 1, 0), (72, 80, 1, 3), 0): 2.0, ((76, 15, 1, 1), (76, 39, 1, 1), 0): 2.0, ((76, 15, 1, 1), (76, 100, 1, 3), 0): 3.0, ((76, 39, 1, 1), (72, 2, 1, 0), 0): 2.0, ((49, 0, 1, 0), (49, 0, 119, 0), 0): 2.0, ((72, 63, 1, 2), (72, 100, 1, 3), 0): 3.0, ((49, 20, 1, 1), (49, 20, 119, 1), 0): 3.0, ((72, 100, 1, 3), (49, 20, 1, 1), 0): 3.0, ((69, 9, 1, 0), (69, 100, 1, 3), 0): 5.0, ((82, 4, 1, 0), (82, 84, 1, 3), 0): 5.0, ((43, 7, 1, 0), (43, 100, 1, 3), 0): 5.0, ((82, 84, 1, 3), (43, 7, 1, 0), 0): 5.0, ((21, 30, 1, 1), (21, 100, 1, 3), 0): 5.0, ((21, 100, 1, 3), (36, 10, 1, 1), 0): 5.0, ((36, 10, 1, 1), (36, 100, 1, 3), 0): 5.0, ((40, 26, 1, 1), (40, 100, 1, 3), 0): 5.0, ((76, 100, 1, 3), (72, 63, 1, 2), 0): 3.0, ((28, 98, 0, 3), (69, 9, 1, 0), 0): 5.0, ((40, 100, 1, 3), (21, 30, 1, 1), 0): 5.0, ((36, 100, 1, 3), (76, 15, 1, 1), 0): 5.0, ((58, 4, 1, 0), (58, 100, 1, 3), 0): 5.0, ((43, 100, 1, 3), (58, 4, 1, 0), 0): 5.0, ((58, 100, 1, 3), (40, 26, 1, 1), 0): 5.0, ((69, 100, 1, 3), (82, 4, 1, 0), 0): 5.0, ((72, 80, 1, 3), (49, 0, 1, 0), 0): 2.0}
x_ener_2: {((2, 100, 1, 3), (72, 100, 1, 3), 0): 1.0, ((72, 2, 1, 0), (72, 2, 51, 0), 0): 3.0, ((76, 15, 1, 1), (26, 2, 1, 0), 0): 5.0, ((76, 39, 1, 1), (72, 2, 1, 0), 0): 3.0, ((49, 0, 1, 0), (49, 0, 119, 0), 0): 2.0, ((72, 63, 1, 2), (76, 39, 1, 1), 0): 3.0, ((2, 100, 0, 3), (2, 100, 1, 3), 0): 1.0, ((49, 20, 1, 1), (49, 20, 51, 1), 0): 3.0, ((72, 100, 1, 3), (49, 20, 1, 1), 0): 3.0, ((72, 2, 51, 0), (72, 2, 101, 0), 0): 3.0, ((49, 20, 51, 1), (49, 20, 101, 1), 0): 3.0, ((72, 2, 101, 0), (72, 2, 119, 0), 0): 3.0, ((49, 20, 101, 1), (49, 20, 119, 1), 0): 3.0, ((26, 2, 1, 0), (26, 2, 51, 0), 0): 5.0, ((26, 2, 51, 0), (26, 2, 119, 0), 0): 5.0, ((69, 9, 1, 0), (69, 9, 119, 0), 0): 5.0, ((82, 4, 1, 0), (82, 4, 119, 0), 0): 5.0, ((43, 7, 1, 0), (43, 7, 119, 0), 0): 5.0, ((82, 84, 1, 3), (43, 7, 1, 0), 0): 5.0, ((21, 30, 1, 1), (21, 30, 51, 1), 0): 5.0, ((21, 100, 1, 3), (36, 10, 1, 1), 0): 5.0, ((21, 100, 0, 3), (21, 100, 1, 3), 0): 5.0, ((34, 9, 1, 0), (34, 9, 51, 0), 0): 1.0, ((36, 10, 1, 1), (36, 10, 119, 1), 0): 5.0, ((21, 30, 51, 1), (21, 30, 101, 1), 0): 5.0, ((34, 9, 51, 0), (34, 9, 119, 0), 0): 1.0, ((21, 30, 101, 1), (21, 30, 119, 1), 0): 5.0, ((40, 26, 1, 1), (34, 9, 1, 0), 0): 1.0, ((40, 26, 1, 1), (40, 26, 51, 1), 0): 4.0, ((25, 100, 0, 3), (34, 100, 1, 3), 0): 5.0, ((34, 100, 1, 3), (40, 100, 1, 3), 0): 5.0, ((25, 8, 51, 0), (25, 8, 119, 0), 0): 4.0, ((40, 26, 51, 1), (25, 8, 51, 0), 0): 4.0, ((26, 100, 1, 3), (76, 100, 1, 3), 0): 4.0, ((26, 100, 0, 3), (26, 100, 1, 3), 0): 4.0, ((76, 100, 1, 3), (72, 63, 1, 2), 0): 3.0, ((76, 100, 1, 3), (72, 80, 1, 3), 0): 2.0, ((28, 98, 0, 3), (69, 9, 1, 0), 0): 5.0, ((40, 100, 1, 3), (21, 30, 1, 1), 0): 5.0, ((36, 100, 1, 3), (76, 15, 1, 1), 0): 5.0, ((36, 100, 0, 3), (36, 100, 1, 3), 0): 5.0, ((58, 4, 1, 0), (58, 4, 51, 0), 0): 5.0, ((58, 4, 51, 0), (58, 4, 101, 0), 0): 5.0, ((58, 4, 101, 0), (58, 4, 119, 0), 0): 5.0, ((43, 100, 1, 3), (58, 4, 1, 0), 0): 5.0, ((43, 100, 0, 3), (43, 100, 1, 3), 0): 5.0, ((50, 100, 1, 3), (76, 100, 1, 3), 0): 1.0, ((50, 100, 0, 3), (50, 100, 1, 3), 0): 1.0, ((58, 100, 1, 3), (40, 26, 1, 1), 0): 5.0, ((58, 100, 0, 3), (58, 100, 1, 3), 0): 5.0, ((69, 100, 1, 3), (82, 4, 1, 0), 0): 5.0, ((69, 100, 0, 3), (69, 100, 1, 3), 0): 5.0, ((72, 80, 1, 3), (49, 0, 1, 0), 0): 2.0, ((72, 100, 0, 3), (72, 100, 1, 3), 0): 2.0, ((82, 84, 0, 3), (82, 84, 1, 3), 0): 5.0}
(((28, np.int64(98), np.int64(0), 3), (69, 9, 1, 0), 0), ((69, 9, 1, 0), (69, 100, 1, 3), 0), ((69, 100, 1, 3), (82, 4, 1, 0), 0), ((82, 4, 1, 0), (82, 84, 1, 3), 0), ((82, 84, 1, 3), (43, 7, 1, 0), 0), ((43, 7, 1, 0), (43, 100, 1, 3), 0), ((43, 100, 1, 3), (58, 4, 1, 0), 0), ((58, 4, 1, 0), (58, 100, 1, 3), 0), ((58, 100, 1, 3), (40, 26, 1, 1), 0), ((40, 26, 1, 1), (40, 100, 1, 3), 0), ((40, 100, 1, 3), (21, 30, 1, 1), 0), ((21, 30, 1, 1), (21, 100, 1, 3), 0), ((21, 100, 1, 3), (36, 10, 1, 1), 0), ((36, 10, 1, 1), (36, 100, 1, 3), 0), ((36, 100, 1, 3), (76, 15, 1, 1), 0), ((76, 15, 1, 1), (76, 39, 1, 1), 0), ((76, 39, 1, 1), (72, 2, 1, 0), 0), ((72, 2, 1, 0), (72, 80, 1, 3), 0), ((72, 80, 1, 3), (49, 0, 1, 0), 0), ((49, 0, 1, 0), (49, 0, 119, 0), 0))
New edge added:  ((28, np.int64(98), np.int64(0), 3), (69, np.int64(8), np.int64(11), 0), 0)  Edge removed:  ((28, np.int64(98), np.int64(0), 3), (69, 9, 1, 0), 0)
Solution cannot be extended to a feasible solution, updating network...
a[ 45 ] =  1.0
n[ 2 ] =  1.0
n[ 5 ] =  1.0
n[ 21 ] =  6.0
n[ 25 ] =  5.0
n[ 26 ] =  5.0
n[ 31 ] =  1.0
n[ 34 ] =  1.0
n[ 36 ] =  6.0
n[ 43 ] =  6.0
n[ 50 ] =  1.0
n[ 58 ] =  6.0
n[ 67 ] =  1.0
n[ 69 ] =  5.0
n[ 72 ] =  3.0
n[ 82 ] =  6.0
'''''''''''''''''
Gurobi Optimizer version 13.0.1 build v13.0.1rc0 (linux64 - "Debian GNU/Linux 12 (bookworm)")

CPU model: Intel(R) Xeon(R) CPU @ 2.20GHz, instruction set [SSE2|AVX|AVX2]
Thread count: 1 physical cores, 2 logical processors, using up to 2 threads

Non-default parameters:
MIPGap  0.05

Academic license 937859 - for non-commercial use only - registered to hp___@cornell.edu
Optimize a model with 695161 rows, 1427194 columns and 3718836 nonzeros (Min)
Model fingerprint: 0x712cb8a8
Model has 1026979 linear objective coefficients
Variable types: 0 continuous, 1427194 integer (0 binary)
Coefficient statistics:
  Matrix range     [1e+00, 3e+05]
  Objective range  [6e-01, 8e+02]
  Bounds range     [0e+00, 0e+00]
  RHS range        [1e+00, 5e+00]

MIP start from previous solve did not produce a new incumbent solution
MIP start from previous solve violates constraint flow_bal_load[(82,_np.int64(64),_np.int64(1),_2),0] by 1.000000000

Presolve removed 562251 rows and 772251 columns (presolve time = 5s)...
Presolve removed 565987 rows and 792826 columns (presolve time = 10s)...
Presolve removed 566034 rows and 794166 columns
Presolve time: 14.15s
Presolved: 129127 rows, 633028 columns, 1467272 nonzeros
Variable types: 0 continuous, 633028 integer (2105 binary)

Root simplex log...

Iteration    Objective       Primal Inf.    Dual Inf.      Time
       0      handle free variables                         20s
   10508    1.0836625e+03   8.762714e+01   0.000000e+00     25s
   15947    1.7112113e+03   2.020401e+02   0.000000e+00     30s
   19257    1.7824983e+03   1.827500e+02   0.000000e+00     35s
   21747    1.8512400e+03   9.944453e+01   0.000000e+00     40s
   24197    1.8755311e+03   2.644643e+02   0.000000e+00     45s
   26347    1.9213073e+03   2.647286e+02   0.000000e+00     50s
   27977    1.9301895e+03   1.220042e+02   0.000000e+00     55s
   29617    1.9460636e+03   1.273305e+02   0.000000e+00     60s
   31477    1.9852482e+03   1.000100e+02   0.000000e+00     65s
   33357    2.0862103e+03   3.551416e+02   0.000000e+00     70s
   34897    2.1363895e+03   2.525000e+02   0.000000e+00     75s
   36337    2.2667570e+03   1.908333e+02   0.000000e+00     80s
   37667    2.3086853e+03   4.725273e+01   0.000000e+00     85s
   38727    2.3284771e+03   2.189576e+02   0.000000e+00     90s
   39797    2.3581515e+03   1.107105e+02   0.000000e+00     96s
   40747    2.3674457e+03   4.229821e+02   0.000000e+00    100s
   41657    2.3730588e+03   1.776129e+02   0.000000e+00    105s
   43177    2.4205378e+03   3.920029e+02   0.000000e+00    110s
   44317    2.5965943e+03   1.344339e+02   0.000000e+00    115s
   45147    2.6006218e+03   1.148346e+02   0.000000e+00    120s
   45917    2.6033551e+03   2.236299e+02   0.000000e+00    125s
   46967    2.6376115e+03   2.314260e+02   0.000000e+00    130s
   48107    2.6448359e+03   8.872358e+02   0.000000e+00    135s
   48847    2.6785859e+03   8.928858e+02   0.000000e+00    140s
   49807    2.6793527e+03   1.051492e+02   0.000000e+00    146s
   50737    2.7002717e+03   7.307628e+01   0.000000e+00    150s
   52047    2.7458596e+03   9.814920e+01   0.000000e+00    155s
   53607    2.8411506e+03   1.564915e+02   0.000000e+00    160s
   55197    2.9675974e+03   2.545524e+02   0.000000e+00    165s
   56877    3.4411499e+03   2.232367e+02   0.000000e+00    170s
   58497    5.0081881e+03   8.254177e+02   0.000000e+00    176s
   59297    5.0299653e+03   1.030319e+03   0.000000e+00    180s
   60227    5.0692746e+03   4.651509e+02   0.000000e+00    186s
   60727    5.0715616e+03   4.148151e+02   0.000000e+00    190s
   61427    5.0981568e+03   1.204620e+03   0.000000e+00    196s
   62257    5.1202856e+03   1.481527e+02   0.000000e+00    201s
   63087    5.1441614e+03   1.054296e+02   0.000000e+00    206s
   63697    5.1524701e+03   8.877604e+01   0.000000e+00    210s
   64317    5.1786213e+03   8.117082e+01   0.000000e+00    216s
   65357    5.2023606e+03   1.005878e+02   0.000000e+00    220s
   65927    5.2055925e+03   3.110000e+01   0.000000e+00    225s
   66467    5.2087593e+03   1.860740e+02   0.000000e+00    230s
   67158    5.2114024e+03   0.000000e+00   0.000000e+00    235s
   67158    5.2114024e+03   0.000000e+00   0.000000e+00    235s

Root relaxation: objective 5.211402e+03, 67158 iterations, 216.95 seconds (109.77 work units)

    Nodes    |    Current Node    |     Objective Bounds      |     Work
 Expl Unexpl |  Obj  Depth IntInf | Incumbent    BestBd   Gap | It/Node Time

     0     0 5211.40240    0   40          - 5211.40240      -     -  262s
H    0     0                    5221.7260274 5211.40240  0.20%     -  266s

Explored 1 nodes (122378 simplex iterations) in 266.45 seconds (132.49 work units)
Thread count was 2 (of 2 available processors)

Solution count 1: 5221.73 

Optimal solution found (tolerance 5.00e-02)
Best objective 5.221726027397e+03, best bound 5.211402397260e+03, gap 0.1977%
Iteration:  21
Size of network:  12957  nodes,  237771  edges
Obj Value:  5221.726027397261
a: {}
n: {5: 1.0, 18: 1.0, 21: 6.0, 26: 1.0, 31: 1.0, 36: 5.0, 37: 1.0, 40: 6.0, 43: 6.0, 58: 6.0, 67: 1.0, 69: 5.0, 72: 3.0, 76: 5.0, 82: 5.0, 93: 1.0}
{0: (34.421443, -119.684178), 1: (36.167392, -94.119169), 2: (34.071417, -99.009382), 3: (34.689589, -118.130371), 4: (36.434113, -99.427596), 5: (35.400164, -119.399727), 6: (37.2129649, -93.37103), 7: (30.25011, -93.01142), 8: (36.751521, -96.000152), 9: (35.35468, -94.437379), 10: (38.89357, -94.36045), 11: (33.7885884, -118.2150827), 12: (32.596725, -117.019495), 13: (33.30006, -111.96835), 14: (35.392817, -97.422948), 15: (38.96627, -95.700495), 16: (30.725159, -96.425728), 17: (37.737099, -97.32375), 18: (34.188212, -97.171022), 19: (33.94423, -96.41932), 20: (30.209862, -92.002378), 21: (37.183969, -104.499646), 22: (32.267588, -107.774524), 23: (36.72136, -119.761165), 24: (30.437821, -95.498724), 25: (35.079896, -106.746225), 26: (35.840761, -98.419831), 27: (31.207465, -95.996079), 28: (33.899899, -118.207088), 29: (33.3874378, -110.7609849), 30: (34.02094, -117.385415), 31: (33.603063, -114.598023), 32: (35.189976, -101.706309), 33: (35.853211, -94.989243), 34: (35.004614, -106.032837), 35: (31.151717, -93.265081), 36: (36.706596, -101.443207), 37: (37.069631, -100.905444), 38: (32.62712, -96.74537), 39: (36.075856, -119.043996), 40: (35.65758, -105.993406), 41: (32.181782, -94.334174), 42: (30.330588, -97.701649), 43: (35.01643, -110.675005), 44: (35.25655, -96.671004), 45: (33.3021433, -111.9552863), 46: (36.535661, -97.33916), 47: (32.698465, -97.959695), 48: (33.984094, -106.887526), 49: (32.7658795, -96.8754612), 50: (35.309665, -99.631741), 51: (31.784139, -93.08731), 52: (33.0390751, -117.2841996), 53: (38.164391, -112.278183), 54: (34.4349097, -119.9212861), 55: (31.499498, -97.173412), 56: (33.9541734, -117.5556971), 57: (34.118101, -116.45646), 58: (36.71838, -108.167694), 59: (31.940555, -102.169802), 60: (36.081743, -96.054325), 61: (32.469998, -93.672804), 62: (34.4425082, -119.7812613), 63: (37.648431, -98.094183), 64: (32.448848, -100.439583), 65: (32.627591, -97.314361), 66: (38.54421, -106.92517), 67: (34.886448, -117.079423), 68: (35.9874334, -119.961999), 69: (32.794671, -115.539473), 70: (36.220567, -115.125553), 71: (35.106478, -92.43572), 72: (34.584172, -98.396813), 73: (33.39639, -110.76888), 74: (37.8135094, -119.8800771), 75: (35.87844, -97.392471), 76: (35.490972, -98.967096), 77: (33.8310496, -116.5452277), 78: (32.354553, -95.302495), 79: (37.962455, -100.846437), 80: (32.178328, -110.960207), 81: (38.7747705, -119.9029911), 82: (33.463568, -112.459255), 83: (36.009923, -114.784826), 84: (35.3002628, -119.0381956), 85: (36.249164, -95.333829), 86: (33.6699802, -96.6120405), 87: (38.971499, -92.294316), 88: (32.029056, -93.713243), 89: (33.8722233, -118.2654222), 90: (35.263617, -112.194139), 91: (37.199194, -93.402643), 92: (33.73573, -97.14484), 93: (32.881785, -111.777561), 94: (37.161682, -113.434692), 95: (30.35815, -99.606129), 96: (34.773291, -96.697633), 97: (34.12755, -118.443664), 98: (31.34545, -92.51807), 99: (38.945105, -104.724068), 100: (30.0774, -99.10731)}
x_load_0: {((67, 13, 1, 1), (67, 100, 1, 3), 0): 1.0, ((39, 28, 1, 1), (39, 100, 1, 3), 0): 1.0, ((74, 33, 1, 1), (74, 33, 119, 1), 0): 1.0, ((39, 100, 1, 3), (74, 33, 1, 1), 0): 1.0, ((13, 64, 0, 2), (82, 49, 1, 2), 0): 1.0, ((82, 49, 1, 2), (82, 84, 1, 3), 0): 1.0, ((31, 20, 1, 1), (31, 100, 1, 3), 0): 1.0, ((82, 84, 1, 3), (31, 20, 1, 1), 0): 1.0, ((31, 100, 1, 3), (67, 13, 1, 1), 0): 1.0, ((67, 100, 1, 3), (39, 28, 1, 1), 0): 1.0}
x_ener_0: {((5, 2, 1, 0), (5, 2, 51, 0), 0): 1.0, ((67, 13, 1, 1), (67, 13, 119, 1), 0): 1.0, ((39, 28, 1, 1), (5, 2, 1, 0), 0): 1.0, ((5, 2, 51, 0), (5, 2, 101, 0), 0): 1.0, ((5, 2, 101, 0), (5, 2, 119, 0), 0): 1.0, ((74, 33, 1, 1), (74, 33, 51, 1), 0): 1.0, ((5, 100, 0, 3), (68, 100, 1, 3), 0): 1.0, ((39, 100, 1, 3), (74, 33, 1, 1), 0): 1.0, ((68, 100, 1, 3), (39, 100, 1, 3), 0): 1.0, ((74, 33, 51, 1), (74, 33, 119, 1), 0): 1.0, ((13, 29, 1, 1), (82, 15, 1, 1), 0): 1.0, ((13, 64, 0, 2), (82, 49, 1, 2), 0): 1.0, ((45, 4, 1, 0), (45, 4, 51, 0), 0): 1.0, ((82, 15, 1, 1), (45, 4, 1, 0), 0): 1.0, ((45, 29, 1, 1), (13, 29, 1, 1), 1): 1.0, ((93, 40, 1, 2), (45, 29, 1, 1), 0): 1.0, ((82, 49, 1, 2), (93, 40, 1, 2), 0): 1.0, ((31, 20, 1, 1), (31, 20, 51, 1), 0): 1.0, ((82, 84, 1, 3), (31, 20, 1, 1), 0): 1.0, ((13, 4, 51, 0), (13, 4, 119, 0), 0): 1.0, ((45, 4, 51, 0), (13, 4, 51, 0), 1): 1.0, ((31, 20, 51, 1), (31, 20, 119, 1), 0): 1.0, ((31, 100, 1, 3), (67, 13, 1, 1), 0): 1.0, ((31, 100, 0, 3), (31, 100, 1, 3), 0): 1.0, ((67, 100, 1, 3), (39, 28, 1, 1), 0): 1.0, ((67, 100, 0, 3), (67, 100, 1, 3), 0): 1.0, ((82, 84, 0, 3), (82, 84, 1, 3), 0): 1.0}
(((13, np.int64(64), np.int64(0), 2), (82, 49, 1, 2), 0), ((82, 49, 1, 2), (82, 84, 1, 3), 0), ((82, 84, 1, 3), (31, 20, 1, 1), 0), ((31, 20, 1, 1), (31, 100, 1, 3), 0), ((31, 100, 1, 3), (67, 13, 1, 1), 0), ((67, 13, 1, 1), (67, 100, 1, 3), 0), ((67, 100, 1, 3), (39, 28, 1, 1), 0), ((39, 28, 1, 1), (39, 100, 1, 3), 0), ((39, 100, 1, 3), (74, 33, 1, 1), 0), ((74, 33, 1, 1), (74, 33, 119, 1), 0))
New edge added:  ((13, np.int64(64), np.int64(0), 2), (82, np.int64(48), np.int64(2), 2), 0)  Edge removed:  ((13, np.int64(64), np.int64(0), 2), (82, 49, 1, 2), 0)
x_load_1: {((76, 17, 1, 1), (76, 100, 1, 3), 0): 1.0, ((92, 15, 1, 1), (92, 100, 1, 3), 0): 1.0, ((36, 15, 1, 1), (36, 100, 1, 3), 0): 1.0, ((13, 27, 1, 1), (13, 27, 119, 1), 0): 1.0, ((92, 100, 1, 3), (76, 17, 1, 1), 0): 1.0, ((21, 10, 1, 1), (21, 100, 1, 3), 0): 1.0, ((21, 100, 1, 3), (40, 30, 1, 1), 0): 1.0, ((40, 30, 1, 1), (40, 77, 1, 2), 0): 1.0, ((76, 100, 1, 3), (36, 15, 1, 1), 0): 1.0, ((40, 77, 1, 2), (58, 4, 1, 0), 0): 1.0, ((36, 100, 1, 3), (21, 10, 1, 1), 0): 1.0, ((58, 4, 1, 0), (58, 100, 1, 3), 0): 1.0, ((43, 4, 1, 0), (43, 100, 1, 3), 0): 1.0, ((43, 100, 1, 3), (13, 27, 1, 1), 0): 1.0, ((49, 48, 0, 2), (92, 15, 1, 1), 0): 1.0, ((58, 100, 1, 3), (43, 4, 1, 0), 0): 1.0}
x_ener_1: {((76, 17, 1, 1), (76, 17, 51, 1), 0): 1.0, ((92, 15, 1, 1), (18, 4, 1, 0), 0): 1.0, ((76, 17, 51, 1), (76, 17, 101, 1), 0): 1.0, ((26, 4, 101, 0), (26, 4, 119, 0), 0): 1.0, ((76, 17, 101, 1), (26, 4, 101, 0), 0): 1.0, ((37, 6, 1, 0), (37, 6, 119, 0), 0): 1.0, ((36, 15, 1, 1), (37, 6, 1, 0), 0): 1.0, ((13, 27, 1, 1), (82, 23, 1, 1), 0): 1.0, ((93, 4, 1, 0), (93, 4, 51, 0), 0): 1.0, ((82, 23, 1, 1), (93, 4, 1, 0), 0): 1.0, ((93, 4, 51, 0), (93, 4, 101, 0), 0): 1.0, ((93, 4, 101, 0), (93, 4, 119, 0), 0): 1.0, ((18, 4, 1, 0), (18, 4, 119, 0), 0): 1.0, ((18, 100, 1, 3), (92, 100, 1, 3), 0): 1.0, ((18, 100, 0, 3), (18, 100, 1, 3), 0): 1.0, ((92, 100, 1, 3), (76, 17, 1, 1), 0): 1.0, ((21, 10, 1, 1), (21, 10, 51, 1), 0): 1.0, ((21, 100, 1, 3), (40, 30, 1, 1), 0): 1.0, ((21, 100, 0, 3), (21, 100, 1, 3), 0): 1.0, ((40, 30, 1, 1), (40, 30, 119, 1), 0): 1.0, ((21, 10, 51, 1), (21, 10, 101, 1), 0): 1.0, ((21, 10, 101, 1), (21, 10, 119, 1), 0): 1.0, ((34, 100, 1, 3), (40, 77, 1, 2), 0): 1.0, ((26, 100, 1, 3), (76, 100, 1, 3), 0): 1.0, ((26, 100, 0, 3), (26, 100, 1, 3), 0): 1.0, ((76, 100, 1, 3), (36, 15, 1, 1), 0): 1.0, ((40, 77, 1, 2), (58, 4, 1, 0), 0): 1.0, ((40, 100, 1, 3), (34, 100, 1, 3), 0): 1.0, ((36, 100, 1, 3), (21, 10, 1, 1), 0): 1.0, ((37, 100, 0, 3), (36, 100, 1, 3), 0): 1.0, ((58, 4, 1, 0), (58, 4, 119, 0), 0): 1.0, ((40, 100, 0, 3), (40, 100, 1, 3), 0): 1.0, ((43, 4, 1, 0), (43, 4, 119, 0), 0): 1.0, ((43, 100, 1, 3), (13, 27, 1, 1), 0): 1.0, ((43, 100, 0, 3), (43, 100, 1, 3), 0): 1.0, ((49, 48, 0, 2), (92, 15, 1, 1), 0): 1.0, ((58, 100, 1, 3), (43, 4, 1, 0), 0): 1.0, ((58, 100, 0, 3), (58, 100, 1, 3), 0): 1.0}
(((49, np.int64(48), np.int64(0), 2), (92, 15, 1, 1), 0), ((92, 15, 1, 1), (92, 100, 1, 3), 0), ((92, 100, 1, 3), (76, 17, 1, 1), 0), ((76, 17, 1, 1), (76, 100, 1, 3), 0), ((76, 100, 1, 3), (36, 15, 1, 1), 0), ((36, 15, 1, 1), (36, 100, 1, 3), 0), ((36, 100, 1, 3), (21, 10, 1, 1), 0), ((21, 10, 1, 1), (21, 100, 1, 3), 0), ((21, 100, 1, 3), (40, 30, 1, 1), 0), ((40, 30, 1, 1), (40, 77, 1, 2), 0), ((40, 77, 1, 2), (58, 4, 1, 0), 0), ((58, 4, 1, 0), (58, 100, 1, 3), 0), ((58, 100, 1, 3), (43, 4, 1, 0), 0), ((43, 4, 1, 0), (43, 100, 1, 3), 0), ((43, 100, 1, 3), (13, 27, 1, 1), 0), ((13, 27, 1, 1), (13, 27, 119, 1), 0))
New edge added:  ((49, np.int64(48), np.int64(0), 2), (92, np.int64(12), np.int64(5), 1), 0)  Edge removed:  ((49, np.int64(48), np.int64(0), 2), (92, 15, 1, 1), 0)
x_load_2: {((72, 2, 1, 0), (72, 80, 1, 3), 0): 2.0, ((76, 15, 1, 1), (76, 39, 1, 1), 0): 2.0, ((76, 15, 1, 1), (76, 100, 1, 3), 0): 3.0, ((76, 39, 1, 1), (72, 2, 1, 0), 0): 2.0, ((49, 0, 1, 0), (49, 0, 119, 0), 0): 2.0, ((72, 63, 1, 2), (72, 100, 1, 3), 0): 3.0, ((49, 20, 1, 1), (49, 20, 119, 1), 0): 3.0, ((72, 100, 1, 3), (49, 20, 1, 1), 0): 3.0, ((69, 0, 1, 0), (69, 100, 1, 3), 0): 5.0, ((82, 4, 1, 0), (82, 80, 1, 3), 0): 5.0, ((82, 80, 1, 3), (43, 3, 1, 0), 0): 5.0, ((21, 30, 1, 1), (21, 100, 1, 3), 0): 5.0, ((21, 100, 1, 3), (36, 10, 1, 1), 0): 5.0, ((36, 10, 1, 1), (36, 100, 1, 3), 0): 5.0, ((40, 26, 1, 1), (40, 100, 1, 3), 0): 5.0, ((76, 100, 1, 3), (72, 63, 1, 2), 0): 3.0, ((28, 90, 0, 3), (69, 0, 1, 0), 0): 5.0, ((43, 3, 1, 0), (43, 100, 1, 3), 0): 5.0, ((40, 100, 1, 3), (21, 30, 1, 1), 0): 5.0, ((36, 100, 1, 3), (76, 15, 1, 1), 0): 5.0, ((58, 4, 1, 0), (58, 100, 1, 3), 0): 5.0, ((43, 100, 1, 3), (58, 4, 1, 0), 0): 5.0, ((58, 100, 1, 3), (40, 26, 1, 1), 0): 5.0, ((69, 100, 1, 3), (82, 4, 1, 0), 0): 5.0, ((72, 80, 1, 3), (49, 0, 1, 0), 0): 2.0}
x_ener_2: {((72, 2, 1, 0), (72, 2, 119, 0), 0): 3.0, ((76, 15, 1, 1), (76, 15, 119, 1), 0): 5.0, ((76, 39, 1, 1), (72, 2, 1, 0), 0): 3.0, ((49, 0, 1, 0), (49, 0, 119, 0), 0): 2.0, ((72, 63, 1, 2), (76, 39, 1, 1), 0): 3.0, ((49, 20, 1, 1), (49, 20, 51, 1), 0): 3.0, ((72, 100, 1, 3), (49, 20, 1, 1), 0): 3.0, ((49, 20, 51, 1), (49, 20, 101, 1), 0): 3.0, ((49, 20, 101, 1), (49, 20, 119, 1), 0): 3.0, ((69, 0, 1, 0), (69, 0, 119, 0), 0): 5.0, ((13, 84, 1, 3), (82, 80, 1, 3), 0): 1.0, ((82, 4, 1, 0), (82, 4, 119, 0), 0): 5.0, ((45, 84, 1, 3), (13, 84, 1, 3), 1): 1.0, ((82, 80, 1, 3), (43, 3, 1, 0), 0): 5.0, ((21, 30, 1, 1), (21, 30, 119, 1), 0): 5.0, ((21, 100, 1, 3), (36, 10, 1, 1), 0): 5.0, ((21, 100, 0, 3), (21, 100, 1, 3), 0): 5.0, ((36, 10, 1, 1), (36, 10, 119, 1), 0): 5.0, ((40, 26, 1, 1), (40, 26, 119, 1), 0): 5.0, ((34, 100, 1, 3), (40, 100, 1, 3), 0): 5.0, ((26, 100, 1, 3), (76, 100, 1, 3), 0): 3.0, ((76, 100, 1, 3), (72, 63, 1, 2), 0): 3.0, ((28, 90, 0, 3), (69, 0, 1, 0), 0): 5.0, ((43, 3, 1, 0), (43, 3, 119, 0), 0): 5.0, ((40, 100, 1, 3), (21, 30, 1, 1), 0): 5.0, ((36, 100, 1, 3), (76, 15, 1, 1), 0): 5.0, ((36, 100, 0, 3), (36, 100, 1, 3), 0): 5.0, ((58, 4, 1, 0), (58, 4, 119, 0), 0): 5.0, ((40, 100, 0, 3), (34, 100, 1, 3), 0): 5.0, ((43, 100, 1, 3), (58, 4, 1, 0), 0): 5.0, ((43, 100, 0, 3), (43, 100, 1, 3), 0): 5.0, ((58, 100, 1, 3), (40, 26, 1, 1), 0): 5.0, ((58, 100, 0, 3), (58, 100, 1, 3), 0): 5.0, ((69, 100, 1, 3), (82, 4, 1, 0), 0): 5.0, ((69, 100, 0, 3), (69, 100, 1, 3), 0): 5.0, ((72, 80, 1, 3), (49, 0, 1, 0), 0): 2.0, ((72, 100, 0, 3), (72, 100, 1, 3), 0): 3.0, ((76, 100, 0, 3), (26, 100, 1, 3), 0): 3.0, ((76, 100, 0, 3), (72, 80, 1, 3), 0): 2.0, ((82, 80, 0, 3), (82, 80, 1, 3), 0): 4.0, ((93, 100, 0, 3), (45, 84, 1, 3), 0): 1.0}
(((28, np.int64(90), np.int64(0), 3), (69, 0, 1, 0), 0), ((69, 0, 1, 0), (69, 100, 1, 3), 0), ((69, 100, 1, 3), (82, 4, 1, 0), 0), ((82, 4, 1, 0), (82, 80, 1, 3), 0), ((82, 80, 1, 3), (43, 3, 1, 0), 0), ((43, 3, 1, 0), (43, 100, 1, 3), 0), ((43, 100, 1, 3), (58, 4, 1, 0), 0), ((58, 4, 1, 0), (58, 100, 1, 3), 0), ((58, 100, 1, 3), (40, 26, 1, 1), 0), ((40, 26, 1, 1), (40, 100, 1, 3), 0), ((40, 100, 1, 3), (21, 30, 1, 1), 0), ((21, 30, 1, 1), (21, 100, 1, 3), 0), ((21, 100, 1, 3), (36, 10, 1, 1), 0), ((36, 10, 1, 1), (36, 100, 1, 3), 0), ((36, 100, 1, 3), (76, 15, 1, 1), 0), ((76, 15, 1, 1), (76, 39, 1, 1), 0), ((76, 39, 1, 1), (72, 2, 1, 0), 0), ((72, 2, 1, 0), (72, 80, 1, 3), 0), ((72, 80, 1, 3), (49, 0, 1, 0), 0), ((49, 0, 1, 0), (49, 0, 119, 0), 0))
New edge added:  ((28, np.int64(90), np.int64(0), 3), (69, np.int64(0), np.int64(11), 0), 0)  Edge removed:  ((28, np.int64(90), np.int64(0), 3), (69, 0, 1, 0), 0)
Solution cannot be extended to a feasible solution, updating network...
n[ 5 ] =  1.0
n[ 18 ] =  1.0
n[ 21 ] =  6.0
n[ 26 ] =  1.0
n[ 31 ] =  1.0
n[ 36 ] =  5.0
n[ 37 ] =  1.0
n[ 40 ] =  6.0
n[ 43 ] =  6.0
n[ 58 ] =  6.0
n[ 67 ] =  1.0
n[ 69 ] =  5.0
n[ 72 ] =  3.0
n[ 76 ] =  5.0
n[ 82 ] =  5.0
n[ 93 ] =  1.0
'''''''''''''''''
Gurobi Optimizer version 13.0.1 build v13.0.1rc0 (linux64 - "Debian GNU/Linux 12 (bookworm)")

CPU model: Intel(R) Xeon(R) CPU @ 2.20GHz, instruction set [SSE2|AVX|AVX2]
Thread count: 1 physical cores, 2 logical processors, using up to 2 threads

Non-default parameters:
MIPGap  0.05

Academic license 937859 - for non-commercial use only - registered to hp___@cornell.edu
Optimize a model with 695308 rows, 1427488 columns and 3723825 nonzeros (Min)
Model fingerprint: 0x77cfd2ab
Model has 1027207 linear objective coefficients
Variable types: 0 continuous, 1427488 integer (0 binary)
Coefficient statistics:
  Matrix range     [1e+00, 3e+05]
  Objective range  [6e-01, 8e+02]
  Bounds range     [0e+00, 0e+00]
  RHS range        [1e+00, 5e+00]

MIP start from previous solve did not produce a new incumbent solution
MIP start from previous solve violates constraint flow_bal_load[(92,_np.int64(15),_np.int64(1),_1),1] by 1.000000000

Presolve removed 562383 rows and 773715 columns (presolve time = 5s)...
Presolve removed 566128 rows and 794336 columns (presolve time = 10s)...
Presolve removed 566173 rows and 794408 columns
Presolve time: 13.55s
Presolved: 129135 rows, 633080 columns, 1467370 nonzeros
Variable types: 0 continuous, 633080 integer (2139 binary)

Root simplex log...

Iteration    Objective       Primal Inf.    Dual Inf.      Time
       0      handle free variables                         19s
    2851    5.3404865e+02   5.200098e+01   0.000000e+00     20s
   12187    1.2113378e+03   3.162932e+02   0.000000e+00     25s
   16919    1.7068642e+03   2.388055e+02   0.000000e+00     30s
   20259    1.8164487e+03   3.252500e+02   0.000000e+00     35s
   22799    1.8593760e+03   1.051405e+02   0.000000e+00     40s
   25319    1.8871826e+03   4.777119e+01   0.000000e+00     45s
   27359    1.9304067e+03   9.489655e+01   0.000000e+00     50s
   29189    1.9533636e+03   1.306610e+02   0.000000e+00     55s
   30999    1.9688552e+03   7.134746e+01   0.000000e+00     60s
   32579    2.0239171e+03   1.101042e+02   0.000000e+00     65s
   34679    2.2380385e+03   1.785000e+02   0.000000e+00     70s
   36189    2.2725830e+03   2.475000e+02   0.000000e+00     75s
   37599    2.3026688e+03   2.846353e+02   0.000000e+00     81s
   38819    2.3241399e+03   2.105839e+02   0.000000e+00     86s
   40069    2.3442083e+03   1.951876e+02   0.000000e+00     90s
   41149    2.3739473e+03   5.665202e+02   0.000000e+00     95s
   42129    2.3808295e+03   1.230494e+02   0.000000e+00    100s
   43419    2.4058243e+03   2.175749e+02   0.000000e+00    105s
   44739    2.4903980e+03   3.190560e+02   0.000000e+00    110s
   46059    2.5809343e+03   3.889667e+02   0.000000e+00    115s
   47239    2.6445417e+03   2.461090e+02   0.000000e+00    120s
   48059    2.6459559e+03   3.520527e+02   0.000000e+00    126s
   48999    2.6794268e+03   4.052455e+02   0.000000e+00    130s
   50159    2.6966944e+03   3.606183e+02   0.000000e+00    135s
   51309    2.7191275e+03   2.601327e+02   0.000000e+00    140s
   52479    2.7361089e+03   3.277549e+02   0.000000e+00    145s
   53719    2.7818186e+03   4.566300e+02   0.000000e+00    151s
   55349    2.8825631e+03   3.266574e+02   0.000000e+00    155s
   56969    3.0904645e+03   1.306241e+02   0.000000e+00    160s
   58539    4.1748966e+03   1.643533e+02   0.000000e+00    165s
   59959    5.0071762e+03   1.210786e+03   0.000000e+00    170s
   60799    5.0365240e+03   3.819156e+02   0.000000e+00    175s
   61699    5.0581506e+03   7.093269e+01   0.000000e+00    180s
   62679    5.0818170e+03   6.783115e+02   0.000000e+00    186s
   63499    5.1402230e+03   1.024062e+02   0.000000e+00    190s
   64689    5.1644727e+03   8.978415e+01   0.000000e+00    195s
   65739    5.1909425e+03   1.735867e+02   0.000000e+00    201s
   66209    5.1937597e+03   1.401055e+02   0.000000e+00    206s
   66929    5.1987769e+03   7.102260e+01   0.000000e+00    211s
   67299    5.2010585e+03   2.627305e+02   0.000000e+00    215s
   67779    5.2050514e+03   1.938220e+02   0.000000e+00    220s
   68259    5.2068631e+03   7.289831e+01   0.000000e+00    225s
   68739    5.2091419e+03   1.292956e+02   0.000000e+00    230s
   69329    5.2116846e+03   1.551921e+02   0.000000e+00    236s
   69699    5.2125960e+03   1.500000e+00   0.000000e+00    240s
   69707    5.2125959e+03   0.000000e+00   0.000000e+00    240s
   69707    5.2125959e+03   0.000000e+00   0.000000e+00    241s

Root relaxation: objective 5.212596e+03, 69707 iterations, 223.52 seconds (115.30 work units)

    Nodes    |    Current Node    |     Objective Bounds      |     Work
 Expl Unexpl |  Obj  Depth IntInf | Incumbent    BestBd   Gap | It/Node Time

     0     0 5212.59594    0   36          - 5212.59594      -     -  274s
H    0     0                    5367.2623288 5212.59594  2.88%     -  277s

Explored 1 nodes (122322 simplex iterations) in 278.05 seconds (137.79 work units)
Thread count was 2 (of 2 available processors)

Solution count 1: 5367.26 

Optimal solution found (tolerance 5.00e-02)
Best objective 5.367262328767e+03, best bound 5.212595939335e+03, gap 2.8817%
Iteration:  22
Size of network:  12963  nodes,  237817  edges
Obj Value:  5367.262328767124
a: {45: 1.0}
n: {2: 1.0, 21: 6.0, 25: 1.0, 31: 1.0, 34: 5.0, 36: 6.0, 39: 1.0, 43: 6.0, 50: 5.0, 58: 6.0, 67: 1.0, 69: 5.0, 72: 3.0, 76: 1.0, 82: 6.0}
{0: (34.421443, -119.684178), 1: (36.167392, -94.119169), 2: (34.071417, -99.009382), 3: (34.689589, -118.130371), 4: (36.434113, -99.427596), 5: (35.400164, -119.399727), 6: (37.2129649, -93.37103), 7: (30.25011, -93.01142), 8: (36.751521, -96.000152), 9: (35.35468, -94.437379), 10: (38.89357, -94.36045), 11: (33.7885884, -118.2150827), 12: (32.596725, -117.019495), 13: (33.30006, -111.96835), 14: (35.392817, -97.422948), 15: (38.96627, -95.700495), 16: (30.725159, -96.425728), 17: (37.737099, -97.32375), 18: (34.188212, -97.171022), 19: (33.94423, -96.41932), 20: (30.209862, -92.002378), 21: (37.183969, -104.499646), 22: (32.267588, -107.774524), 23: (36.72136, -119.761165), 24: (30.437821, -95.498724), 25: (35.079896, -106.746225), 26: (35.840761, -98.419831), 27: (31.207465, -95.996079), 28: (33.899899, -118.207088), 29: (33.3874378, -110.7609849), 30: (34.02094, -117.385415), 31: (33.603063, -114.598023), 32: (35.189976, -101.706309), 33: (35.853211, -94.989243), 34: (35.004614, -106.032837), 35: (31.151717, -93.265081), 36: (36.706596, -101.443207), 37: (37.069631, -100.905444), 38: (32.62712, -96.74537), 39: (36.075856, -119.043996), 40: (35.65758, -105.993406), 41: (32.181782, -94.334174), 42: (30.330588, -97.701649), 43: (35.01643, -110.675005), 44: (35.25655, -96.671004), 45: (33.3021433, -111.9552863), 46: (36.535661, -97.33916), 47: (32.698465, -97.959695), 48: (33.984094, -106.887526), 49: (32.7658795, -96.8754612), 50: (35.309665, -99.631741), 51: (31.784139, -93.08731), 52: (33.0390751, -117.2841996), 53: (38.164391, -112.278183), 54: (34.4349097, -119.9212861), 55: (31.499498, -97.173412), 56: (33.9541734, -117.5556971), 57: (34.118101, -116.45646), 58: (36.71838, -108.167694), 59: (31.940555, -102.169802), 60: (36.081743, -96.054325), 61: (32.469998, -93.672804), 62: (34.4425082, -119.7812613), 63: (37.648431, -98.094183), 64: (32.448848, -100.439583), 65: (32.627591, -97.314361), 66: (38.54421, -106.92517), 67: (34.886448, -117.079423), 68: (35.9874334, -119.961999), 69: (32.794671, -115.539473), 70: (36.220567, -115.125553), 71: (35.106478, -92.43572), 72: (34.584172, -98.396813), 73: (33.39639, -110.76888), 74: (37.8135094, -119.8800771), 75: (35.87844, -97.392471), 76: (35.490972, -98.967096), 77: (33.8310496, -116.5452277), 78: (32.354553, -95.302495), 79: (37.962455, -100.846437), 80: (32.178328, -110.960207), 81: (38.7747705, -119.9029911), 82: (33.463568, -112.459255), 83: (36.009923, -114.784826), 84: (35.3002628, -119.0381956), 85: (36.249164, -95.333829), 86: (33.6699802, -96.6120405), 87: (38.971499, -92.294316), 88: (32.029056, -93.713243), 89: (33.8722233, -118.2654222), 90: (35.263617, -112.194139), 91: (37.199194, -93.402643), 92: (33.73573, -97.14484), 93: (32.881785, -111.777561), 94: (37.161682, -113.434692), 95: (30.35815, -99.606129), 96: (34.773291, -96.697633), 97: (34.12755, -118.443664), 98: (31.34545, -92.51807), 99: (38.945105, -104.724068), 100: (30.0774, -99.10731)}
x_load_0: {((39, 8, 1, 0), (39, 100, 1, 3), 0): 1.0, ((67, 13, 1, 1), (67, 80, 1, 3), 0): 1.0, ((67, 80, 1, 3), (39, 8, 1, 0), 0): 1.0, ((74, 33, 1, 1), (74, 33, 119, 1), 0): 1.0, ((39, 100, 1, 3), (74, 33, 1, 1), 0): 1.0, ((13, 27, 1, 1), (82, 11, 1, 1), 0): 1.0, ((13, 7, 0, 0), (13, 27, 1, 1), 0): 1.0, ((82, 11, 1, 1), (82, 84, 1, 3), 0): 1.0, ((31, 20, 1, 1), (31, 100, 1, 3), 0): 1.0, ((82, 84, 1, 3), (31, 20, 1, 1), 0): 1.0, ((31, 100, 1, 3), (67, 13, 1, 1), 0): 1.0}
x_ener_0: {((39, 8, 1, 0), (39, 8, 51, 0), 0): 1.0, ((39, 8, 51, 0), (39, 8, 119, 0), 0): 1.0, ((67, 13, 1, 1), (67, 13, 51, 1), 0): 1.0, ((67, 80, 1, 3), (39, 8, 1, 0), 0): 1.0, ((67, 13, 51, 1), (67, 13, 101, 1), 0): 1.0, ((67, 13, 101, 1), (67, 13, 119, 1), 0): 1.0, ((74, 33, 1, 1), (74, 33, 51, 1), 0): 1.0, ((39, 100, 1, 3), (74, 33, 1, 1), 0): 1.0, ((68, 100, 1, 3), (39, 100, 1, 3), 0): 1.0, ((74, 33, 51, 1), (74, 33, 119, 1), 0): 1.0, ((13, 24, 1, 1), (45, 24, 1, 1), 1): 1.0, ((13, 27, 1, 1), (82, 11, 1, 1), 0): 1.0, ((13, 49, 0, 2), (82, 35, 1, 1), 0): 1.0, ((45, 0, 1, 0), (45, 0, 51, 0), 0): 1.0, ((45, 24, 1, 1), (45, 27, 1, 1), 0): 1.0, ((45, 27, 1, 1), (13, 27, 1, 1), 1): 1.0, ((82, 11, 1, 1), (13, 0, 1, 0), 0): 1.0, ((82, 35, 1, 1), (13, 24, 1, 1), 0): 1.0, ((31, 20, 1, 1), (31, 20, 119, 1), 0): 1.0, ((82, 84, 1, 3), (31, 20, 1, 1), 0): 1.0, ((13, 0, 1, 0), (45, 0, 1, 0), 1): 1.0, ((13, 0, 51, 0), (13, 0, 119, 0), 0): 1.0, ((45, 0, 51, 0), (13, 0, 51, 0), 1): 1.0, ((31, 100, 1, 3), (67, 13, 1, 1), 0): 1.0, ((31, 100, 0, 3), (31, 100, 1, 3), 0): 1.0, ((39, 100, 0, 3), (68, 100, 1, 3), 0): 1.0, ((67, 80, 0, 3), (67, 80, 1, 3), 0): 1.0, ((82, 84, 0, 3), (82, 84, 1, 3), 0): 1.0}
(((13, np.int64(7), np.int64(0), 0), (13, 27, 1, 1), 0), ((13, 27, 1, 1), (82, 11, 1, 1), 0), ((82, 11, 1, 1), (82, 84, 1, 3), 0), ((82, 84, 1, 3), (31, 20, 1, 1), 0), ((31, 20, 1, 1), (31, 100, 1, 3), 0), ((31, 100, 1, 3), (67, 13, 1, 1), 0), ((67, 13, 1, 1), (67, 80, 1, 3), 0), ((67, 80, 1, 3), (39, 8, 1, 0), 0), ((39, 8, 1, 0), (39, 100, 1, 3), 0), ((39, 100, 1, 3), (74, 33, 1, 1), 0), ((74, 33, 1, 1), (74, 33, 119, 1), 0))
New edge added:  ((13, np.int64(27), np.int64(1), 1), (82, np.int64(11), np.int64(3), 1), 0)  Edge removed:  ((13, 27, 1, 1), (82, 11, 1, 1), 0)
x_load_1: {((2, 7, 1, 0), (2, 80, 1, 3), 0): 1.0, ((2, 80, 1, 3), (50, 32, 1, 1), 0): 1.0, ((50, 32, 1, 1), (50, 80, 1, 3), 0): 1.0, ((50, 80, 1, 3), (36, 7, 1, 0), 0): 1.0, ((13, 27, 1, 1), (13, 27, 119, 1), 0): 1.0, ((21, 10, 1, 1), (21, 100, 1, 3), 0): 1.0, ((21, 100, 1, 3), (40, 30, 1, 1), 0): 1.0, ((40, 30, 1, 1), (40, 77, 1, 2), 0): 1.0, ((36, 7, 1, 0), (36, 100, 1, 3), 0): 1.0, ((40, 77, 1, 2), (58, 4, 1, 0), 0): 1.0, ((36, 100, 1, 3), (21, 10, 1, 1), 0): 1.0, ((58, 4, 1, 0), (58, 100, 1, 3), 0): 1.0, ((43, 4, 1, 0), (43, 100, 1, 3), 0): 1.0, ((43, 100, 1, 3), (13, 27, 1, 1), 0): 1.0, ((49, 86, 0, 3), (2, 7, 1, 0), 0): 1.0, ((58, 100, 1, 3), (43, 4, 1, 0), 0): 1.0}
x_ener_1: {((2, 7, 1, 0), (2, 7, 119, 0), 0): 1.0, ((2, 80, 1, 3), (50, 32, 1, 1), 0): 1.0, ((2, 80, 0, 3), (2, 80, 1, 3), 0): 1.0, ((50, 32, 1, 1), (76, 12, 1, 1), 0): 1.0, ((50, 80, 1, 3), (36, 7, 1, 0), 0): 1.0, ((76, 80, 1, 3), (50, 80, 1, 3), 0): 1.0, ((76, 12, 1, 1), (76, 12, 51, 1), 0): 1.0, ((76, 12, 51, 1), (76, 12, 119, 1), 0): 1.0, ((13, 27, 1, 1), (82, 23, 1, 1), 0): 1.0, ((82, 23, 1, 1), (82, 23, 119, 1), 0): 1.0, ((21, 10, 1, 1), (21, 10, 119, 1), 0): 1.0, ((21, 100, 1, 3), (40, 30, 1, 1), 0): 1.0, ((21, 100, 0, 3), (21, 100, 1, 3), 0): 1.0, ((34, 9, 1, 0), (34, 9, 51, 0), 0): 1.0, ((40, 30, 1, 1), (34, 9, 1, 0), 0): 1.0, ((34, 9, 51, 0), (34, 9, 119, 0), 0): 1.0, ((25, 100, 1, 3), (34, 100, 1, 3), 0): 1.0, ((25, 100, 0, 3), (25, 100, 1, 3), 0): 1.0, ((34, 100, 1, 3), (40, 77, 1, 2), 0): 1.0, ((36, 7, 1, 0), (36, 7, 51, 0), 0): 1.0, ((36, 7, 51, 0), (36, 7, 101, 0), 0): 1.0, ((36, 7, 101, 0), (36, 7, 119, 0), 0): 1.0, ((40, 77, 1, 2), (58, 4, 1, 0), 0): 1.0, ((36, 100, 1, 3), (21, 10, 1, 1), 0): 1.0, ((36, 100, 0, 3), (36, 100, 1, 3), 0): 1.0, ((58, 4, 1, 0), (58, 4, 51, 0), 0): 1.0, ((58, 4, 51, 0), (58, 4, 101, 0), 0): 1.0, ((58, 4, 101, 0), (58, 4, 119, 0), 0): 1.0, ((43, 4, 1, 0), (43, 4, 51, 0), 0): 1.0, ((43, 100, 1, 3), (13, 27, 1, 1), 0): 1.0, ((43, 100, 0, 3), (43, 100, 1, 3), 0): 1.0, ((43, 4, 51, 0), (43, 4, 119, 0), 0): 1.0, ((49, 86, 0, 3), (2, 7, 1, 0), 0): 1.0, ((58, 100, 1, 3), (43, 4, 1, 0), 0): 1.0, ((58, 100, 0, 3), (58, 100, 1, 3), 0): 1.0, ((76, 80, 0, 3), (76, 80, 1, 3), 0): 1.0}
(((49, np.int64(86), np.int64(0), 3), (2, 7, 1, 0), 0), ((2, 7, 1, 0), (2, 80, 1, 3), 0), ((2, 80, 1, 3), (50, 32, 1, 1), 0), ((50, 32, 1, 1), (50, 80, 1, 3), 0), ((50, 80, 1, 3), (36, 7, 1, 0), 0), ((36, 7, 1, 0), (36, 100, 1, 3), 0), ((36, 100, 1, 3), (21, 10, 1, 1), 0), ((21, 10, 1, 1), (21, 100, 1, 3), 0), ((21, 100, 1, 3), (40, 30, 1, 1), 0), ((40, 30, 1, 1), (40, 77, 1, 2), 0), ((40, 77, 1, 2), (58, 4, 1, 0), 0), ((58, 4, 1, 0), (58, 100, 1, 3), 0), ((58, 100, 1, 3), (43, 4, 1, 0), 0), ((43, 4, 1, 0), (43, 100, 1, 3), 0), ((43, 100, 1, 3), (13, 27, 1, 1), 0), ((13, 27, 1, 1), (13, 27, 119, 1), 0))
New edge added:  ((49, np.int64(86), np.int64(0), 3), (2, np.int64(6), np.int64(10), 0), 0)  Edge removed:  ((49, np.int64(86), np.int64(0), 3), (2, 7, 1, 0), 0)
x_load_2: {((72, 2, 1, 0), (72, 80, 1, 3), 0): 3.0, ((76, 15, 1, 1), (76, 39, 1, 1), 0): 3.0, ((76, 15, 1, 1), (76, 100, 1, 3), 0): 2.0, ((76, 39, 1, 1), (72, 2, 1, 0), 0): 3.0, ((49, 0, 1, 0), (49, 0, 119, 0), 0): 5.0, ((72, 63, 1, 2), (72, 80, 1, 3), 0): 2.0, ((69, 10, 1, 1), (69, 100, 1, 3), 0): 5.0, ((82, 4, 1, 0), (82, 84, 1, 3), 0): 5.0, ((43, 7, 1, 0), (43, 100, 1, 3), 0): 5.0, ((82, 84, 1, 3), (43, 7, 1, 0), 0): 5.0, ((21, 9, 1, 0), (21, 100, 1, 3), 0): 5.0, ((21, 100, 1, 3), (36, 10, 1, 1), 0): 5.0, ((36, 10, 1, 1), (36, 100, 1, 3), 0): 5.0, ((40, 26, 1, 1), (40, 77, 1, 2), 0): 5.0, ((76, 100, 1, 3), (72, 63, 1, 2), 0): 2.0, ((28, 100, 0, 3), (69, 10, 1, 1), 0): 5.0, ((40, 77, 1, 2), (21, 9, 1, 0), 0): 5.0, ((36, 100, 1, 3), (76, 15, 1, 1), 0): 5.0, ((58, 4, 1, 0), (58, 100, 1, 3), 0): 5.0, ((43, 100, 1, 3), (58, 4, 1, 0), 0): 5.0, ((58, 100, 1, 3), (40, 26, 1, 1), 0): 5.0, ((69, 100, 1, 3), (82, 4, 1, 0), 0): 5.0, ((72, 80, 1, 3), (49, 0, 1, 0), 0): 5.0}
x_ener_2: {((72, 2, 1, 0), (72, 2, 119, 0), 0): 3.0, ((50, 4, 1, 0), (50, 4, 51, 0), 0): 5.0, ((76, 15, 1, 1), (50, 4, 1, 0), 0): 5.0, ((76, 39, 1, 1), (72, 2, 1, 0), 0): 3.0, ((49, 0, 1, 0), (49, 0, 119, 0), 0): 5.0, ((72, 63, 1, 2), (76, 39, 1, 1), 0): 3.0, ((50, 4, 51, 0), (50, 4, 101, 0), 0): 5.0, ((50, 4, 101, 0), (50, 4, 119, 0), 0): 5.0, ((69, 10, 1, 1), (69, 10, 119, 1), 0): 5.0, ((82, 4, 1, 0), (82, 4, 51, 0), 0): 5.0, ((43, 7, 1, 0), (43, 7, 119, 0), 0): 5.0, ((82, 84, 1, 3), (43, 7, 1, 0), 0): 5.0, ((82, 4, 51, 0), (82, 4, 101, 0), 0): 5.0, ((82, 4, 101, 0), (82, 4, 119, 0), 0): 5.0, ((21, 9, 1, 0), (21, 9, 119, 0), 0): 5.0, ((21, 100, 1, 3), (36, 10, 1, 1), 0): 5.0, ((21, 100, 0, 3), (21, 100, 1, 3), 0): 5.0, ((34, 9, 1, 0), (34, 9, 119, 0), 0): 4.0, ((36, 10, 1, 1), (36, 10, 119, 1), 0): 5.0, ((25, 8, 1, 0), (25, 8, 51, 0), 0): 1.0, ((40, 26, 1, 1), (25, 8, 1, 0), 0): 1.0, ((40, 26, 1, 1), (34, 9, 1, 0), 0): 4.0, ((25, 8, 51, 0), (25, 8, 119, 0), 0): 1.0, ((76, 100, 1, 3), (72, 63, 1, 2), 0): 3.0, ((76, 100, 1, 3), (72, 80, 1, 3), 0): 2.0, ((28, 100, 0, 3), (69, 10, 1, 1), 0): 5.0, ((34, 100, 0, 3), (40, 77, 1, 2), 0): 5.0, ((40, 77, 1, 2), (21, 9, 1, 0), 0): 5.0, ((36, 100, 1, 3), (76, 15, 1, 1), 0): 5.0, ((36, 100, 0, 3), (36, 100, 1, 3), 0): 5.0, ((58, 4, 1, 0), (58, 4, 51, 0), 0): 5.0, ((58, 4, 51, 0), (58, 4, 101, 0), 0): 5.0, ((58, 4, 101, 0), (58, 4, 119, 0), 0): 5.0, ((43, 100, 1, 3), (58, 4, 1, 0), 0): 5.0, ((43, 100, 0, 3), (43, 100, 1, 3), 0): 5.0, ((50, 100, 0, 3), (76, 100, 1, 3), 0): 5.0, ((58, 100, 1, 3), (40, 26, 1, 1), 0): 5.0, ((58, 100, 0, 3), (58, 100, 1, 3), 0): 5.0, ((69, 100, 1, 3), (82, 4, 1, 0), 0): 5.0, ((69, 100, 0, 3), (69, 100, 1, 3), 0): 5.0, ((72, 80, 1, 3), (49, 0, 1, 0), 0): 5.0, ((72, 80, 0, 3), (72, 80, 1, 3), 0): 3.0, ((82, 84, 0, 3), (82, 84, 1, 3), 0): 5.0}
(((28, np.int64(100), np.int64(0), 3), (69, 10, 1, 1), 0), ((69, 10, 1, 1), (69, 100, 1, 3), 0), ((69, 100, 1, 3), (82, 4, 1, 0), 0), ((82, 4, 1, 0), (82, 84, 1, 3), 0), ((82, 84, 1, 3), (43, 7, 1, 0), 0), ((43, 7, 1, 0), (43, 100, 1, 3), 0), ((43, 100, 1, 3), (58, 4, 1, 0), 0), ((58, 4, 1, 0), (58, 100, 1, 3), 0), ((58, 100, 1, 3), (40, 26, 1, 1), 0), ((40, 26, 1, 1), (40, 77, 1, 2), 0), ((40, 77, 1, 2), (21, 9, 1, 0), 0), ((21, 9, 1, 0), (21, 100, 1, 3), 0), ((21, 100, 1, 3), (36, 10, 1, 1), 0), ((36, 10, 1, 1), (36, 100, 1, 3), 0), ((36, 100, 1, 3), (76, 15, 1, 1), 0), ((76, 15, 1, 1), (76, 39, 1, 1), 0), ((76, 39, 1, 1), (72, 2, 1, 0), 0), ((72, 2, 1, 0), (72, 80, 1, 3), 0), ((72, 80, 1, 3), (49, 0, 1, 0), 0), ((49, 0, 1, 0), (49, 0, 119, 0), 0))
New edge added:  ((28, np.int64(100), np.int64(0), 3), (69, np.int64(10), np.int64(11), 1), 0)  Edge removed:  ((28, np.int64(100), np.int64(0), 3), (69, 10, 1, 1), 0)
Solution cannot be extended to a feasible solution, updating network...
a[ 45 ] =  1.0
n[ 2 ] =  1.0
n[ 21 ] =  6.0
n[ 25 ] =  1.0
n[ 31 ] =  1.0
n[ 34 ] =  5.0
n[ 36 ] =  6.0
n[ 39 ] =  1.0
n[ 43 ] =  6.0
n[ 50 ] =  5.0
n[ 58 ] =  6.0
n[ 67 ] =  1.0
n[ 69 ] =  5.0
n[ 72 ] =  3.0
n[ 76 ] =  1.0
n[ 82 ] =  6.0
'''''''''''''''''
Gurobi Optimizer version 13.0.1 build v13.0.1rc0 (linux64 - "Debian GNU/Linux 12 (bookworm)")

CPU model: Intel(R) Xeon(R) CPU @ 2.20GHz, instruction set [SSE2|AVX|AVX2]
Thread count: 1 physical cores, 2 logical processors, using up to 2 threads

Non-default parameters:
MIPGap  0.05

Academic license 937859 - for non-commercial use only - registered to hp___@cornell.edu
Optimize a model with 695428 rows, 1427728 columns and 3728679 nonzeros (Min)
Model fingerprint: 0xffaa2d35
Model has 1027387 linear objective coefficients
Variable types: 0 continuous, 1427728 integer (0 binary)
Coefficient statistics:
  Matrix range     [1e+00, 3e+05]
  Objective range  [6e-01, 8e+02]
  Bounds range     [0e+00, 0e+00]
  RHS range        [1e+00, 5e+00]

MIP start from previous solve did not produce a new incumbent solution
MIP start from previous solve violates constraint flow_bal_load[(2,_np.int64(7),_np.int64(1),_0),1] by 1.000000000

Presolve removed 562514 rows and 774124 columns (presolve time = 5s)...
Presolve removed 566253 rows and 794555 columns (presolve time = 10s)...
Presolve removed 566302 rows and 794629 columns
Presolve time: 13.87s
Presolved: 129126 rows, 633099 columns, 1467396 nonzeros
Variable types: 0 continuous, 633099 integer (2133 binary)

Root simplex log...

Iteration    Objective       Primal Inf.    Dual Inf.      Time
       0      handle free variables                         20s
     976    2.2950000e+02   3.050000e+01   0.000000e+00     20s
   11028    1.1464345e+03   9.190625e+01   0.000000e+00     25s
   14315    1.6456114e+03   2.425000e+02   0.000000e+00     30s
   17005    1.7143429e+03   1.578059e+02   0.000000e+00     35s
   19635    1.7798126e+03   1.980455e+02   0.000000e+00     40s
   22095    1.8247227e+03   8.116667e+01   0.000000e+00     45s
   24555    1.8650903e+03   1.225000e+02   0.000000e+00     50s
   26625    1.8917501e+03   1.876440e+02   0.000000e+00     55s
   28685    1.9303740e+03   1.642924e+02   0.000000e+00     60s
   30605    1.9542500e+03   4.400000e+01   0.000000e+00     65s
   32315    1.9766218e+03   1.560931e+02   0.000000e+00     70s
   33825    2.0070594e+03   5.231457e+02   0.000000e+00     76s
   35355    2.0442760e+03   9.000000e+01   0.000000e+00     80s
   36935    2.1723273e+03   3.300000e+01   0.000000e+00     85s
   38585    2.2908125e+03   1.152099e+02   0.000000e+00     90s
   40345    2.2992078e+03   3.209831e+01   0.000000e+00     95s
   41685    2.3460309e+03   1.495053e+02   0.000000e+00    100s
   42835    2.3683541e+03   2.964814e+02   0.000000e+00    105s
   43895    2.3838278e+03   1.388305e+03   0.000000e+00    110s
   45025    2.4157070e+03   4.134904e+02   0.000000e+00    115s
   46155    2.5386949e+03   3.923123e+01   0.000000e+00    120s
   47055    2.5947112e+03   1.217324e+02   0.000000e+00    126s
   47815    2.5961053e+03   3.778216e+02   0.000000e+00    130s
   49275    2.6342985e+03   2.832057e+02   0.000000e+00    136s
   50215    2.6372559e+03   3.016845e+02   0.000000e+00    140s
   51295    2.6705690e+03   1.271872e+02   0.000000e+00    145s
   52415    2.6896245e+03   1.138684e+02   0.000000e+00    150s
   53965    2.7113363e+03   1.267875e+02   0.000000e+00    156s
   55635    2.8220933e+03   9.845338e+02   0.000000e+00    160s
   57275    2.9107961e+03   2.648401e+02   0.000000e+00    165s
   59165    3.1766161e+03   4.086308e+02   0.000000e+00    170s
   60615    4.9186790e+03   6.629450e+02   0.000000e+00    175s
   61815    5.0069584e+03   7.248266e+02   0.000000e+00    180s
   62475    5.0271306e+03   5.178709e+02   0.000000e+00    185s
   63285    5.0432530e+03   2.265069e+03   0.000000e+00    190s
   64375    5.1054076e+03   3.957947e+02   0.000000e+00    196s
   65185    5.1151227e+03   8.300000e+01   0.000000e+00    201s
   66075    5.1297623e+03   6.632031e+01   0.000000e+00    205s
   66735    5.1352213e+03   8.975000e+01   0.000000e+00    210s
   67825    5.1761289e+03   5.554688e+01   0.000000e+00    215s
   68755    5.2027764e+03   1.312309e+02   0.000000e+00    220s
   69235    5.2055909e+03   1.669737e+02   0.000000e+00    226s
   69715    5.2074579e+03   1.012724e+02   0.000000e+00    231s
   70225    5.2101123e+03   4.630859e+01   0.000000e+00    235s
   70715    5.2116859e+03   1.054519e+02   0.000000e+00    240s
   71230    5.2133916e+03   0.000000e+00   0.000000e+00    245s
   71230    5.2133916e+03   0.000000e+00   0.000000e+00    245s

Root relaxation: objective 5.213392e+03, 71230 iterations, 227.56 seconds (113.42 work units)

    Nodes    |    Current Node    |     Objective Bounds      |     Work
 Expl Unexpl |  Obj  Depth IntInf | Incumbent    BestBd   Gap | It/Node Time

     0     0 5213.39163    0   53          - 5213.39163      -     -  268s
H    0     0                    5395.8595890 5213.39163  3.38%     -  272s

Explored 1 nodes (122338 simplex iterations) in 272.44 seconds (132.65 work units)
Thread count was 2 (of 2 available processors)

Solution count 1: 5395.86 

Optimal solution found (tolerance 5.00e-02)
Best objective 5.395859589041e+03, best bound 5.213391634051e+03, gap 3.3816%
Iteration:  23
Size of network:  12969  nodes,  237854  edges
Obj Value:  5395.859589041096
a: {45: 1.0}
n: {5: 1.0, 18: 1.0, 21: 7.0, 25: 2.0, 26: 1.0, 31: 1.0, 34: 2.0, 36: 6.0, 40: 3.0, 43: 6.0, 50: 5.0, 58: 6.0, 67: 1.0, 69: 5.0, 72: 3.0, 82: 6.0}
{0: (34.421443, -119.684178), 1: (36.167392, -94.119169), 2: (34.071417, -99.009382), 3: (34.689589, -118.130371), 4: (36.434113, -99.427596), 5: (35.400164, -119.399727), 6: (37.2129649, -93.37103), 7: (30.25011, -93.01142), 8: (36.751521, -96.000152), 9: (35.35468, -94.437379), 10: (38.89357, -94.36045), 11: (33.7885884, -118.2150827), 12: (32.596725, -117.019495), 13: (33.30006, -111.96835), 14: (35.392817, -97.422948), 15: (38.96627, -95.700495), 16: (30.725159, -96.425728), 17: (37.737099, -97.32375), 18: (34.188212, -97.171022), 19: (33.94423, -96.41932), 20: (30.209862, -92.002378), 21: (37.183969, -104.499646), 22: (32.267588, -107.774524), 23: (36.72136, -119.761165), 24: (30.437821, -95.498724), 25: (35.079896, -106.746225), 26: (35.840761, -98.419831), 27: (31.207465, -95.996079), 28: (33.899899, -118.207088), 29: (33.3874378, -110.7609849), 30: (34.02094, -117.385415), 31: (33.603063, -114.598023), 32: (35.189976, -101.706309), 33: (35.853211, -94.989243), 34: (35.004614, -106.032837), 35: (31.151717, -93.265081), 36: (36.706596, -101.443207), 37: (37.069631, -100.905444), 38: (32.62712, -96.74537), 39: (36.075856, -119.043996), 40: (35.65758, -105.993406), 41: (32.181782, -94.334174), 42: (30.330588, -97.701649), 43: (35.01643, -110.675005), 44: (35.25655, -96.671004), 45: (33.3021433, -111.9552863), 46: (36.535661, -97.33916), 47: (32.698465, -97.959695), 48: (33.984094, -106.887526), 49: (32.7658795, -96.8754612), 50: (35.309665, -99.631741), 51: (31.784139, -93.08731), 52: (33.0390751, -117.2841996), 53: (38.164391, -112.278183), 54: (34.4349097, -119.9212861), 55: (31.499498, -97.173412), 56: (33.9541734, -117.5556971), 57: (34.118101, -116.45646), 58: (36.71838, -108.167694), 59: (31.940555, -102.169802), 60: (36.081743, -96.054325), 61: (32.469998, -93.672804), 62: (34.4425082, -119.7812613), 63: (37.648431, -98.094183), 64: (32.448848, -100.439583), 65: (32.627591, -97.314361), 66: (38.54421, -106.92517), 67: (34.886448, -117.079423), 68: (35.9874334, -119.961999), 69: (32.794671, -115.539473), 70: (36.220567, -115.125553), 71: (35.106478, -92.43572), 72: (34.584172, -98.396813), 73: (33.39639, -110.76888), 74: (37.8135094, -119.8800771), 75: (35.87844, -97.392471), 76: (35.490972, -98.967096), 77: (33.8310496, -116.5452277), 78: (32.354553, -95.302495), 79: (37.962455, -100.846437), 80: (32.178328, -110.960207), 81: (38.7747705, -119.9029911), 82: (33.463568, -112.459255), 83: (36.009923, -114.784826), 84: (35.3002628, -119.0381956), 85: (36.249164, -95.333829), 86: (33.6699802, -96.6120405), 87: (38.971499, -92.294316), 88: (32.029056, -93.713243), 89: (33.8722233, -118.2654222), 90: (35.263617, -112.194139), 91: (37.199194, -93.402643), 92: (33.73573, -97.14484), 93: (32.881785, -111.777561), 94: (37.161682, -113.434692), 95: (30.35815, -99.606129), 96: (34.773291, -96.697633), 97: (34.12755, -118.443664), 98: (31.34545, -92.51807), 99: (38.945105, -104.724068), 100: (30.0774, -99.10731)}
x_load_0: {((67, 8, 1, 0), (67, 100, 1, 3), 0): 1.0, ((39, 28, 1, 1), (39, 73, 1, 2), 0): 1.0, ((57, 41, 1, 2), (67, 8, 1, 0), 0): 1.0, ((74, 6, 1, 0), (74, 6, 119, 0), 0): 1.0, ((13, 29, 1, 1), (82, 15, 1, 1), 0): 1.0, ((13, 4, 0, 0), (13, 29, 1, 1), 0): 1.0, ((82, 15, 1, 1), (82, 84, 1, 3), 0): 1.0, ((31, 20, 1, 1), (31, 100, 1, 3), 0): 1.0, ((82, 84, 1, 3), (31, 20, 1, 1), 0): 1.0, ((31, 100, 1, 3), (57, 41, 1, 2), 0): 1.0, ((39, 73, 1, 2), (74, 6, 1, 0), 0): 1.0, ((67, 100, 1, 3), (39, 28, 1, 1), 0): 1.0}
x_ener_0: {((67, 8, 1, 0), (67, 8, 119, 0), 0): 1.0, ((5, 2, 1, 0), (5, 2, 51, 0), 0): 1.0, ((39, 28, 1, 1), (5, 2, 1, 0), 0): 1.0, ((57, 41, 1, 2), (67, 8, 1, 0), 0): 1.0, ((5, 2, 51, 0), (5, 2, 119, 0), 0): 1.0, ((74, 6, 1, 0), (74, 6, 51, 0), 0): 1.0, ((5, 100, 0, 3), (39, 100, 1, 3), 0): 1.0, ((39, 100, 1, 3), (68, 100, 1, 3), 0): 1.0, ((68, 100, 1, 3), (39, 73, 1, 2), 0): 1.0, ((74, 6, 51, 0), (74, 6, 119, 0), 0): 1.0, ((13, 4, 1, 0), (45, 4, 1, 0), 1): 1.0, ((13, 29, 1, 1), (82, 15, 1, 1), 0): 1.0, ((13, 49, 0, 2), (82, 35, 1, 1), 0): 1.0, ((45, 4, 1, 0), (45, 4, 51, 0), 0): 1.0, ((45, 24, 1, 1), (45, 29, 1, 1), 0): 1.0, ((82, 15, 1, 1), (13, 4, 1, 0), 0): 1.0, ((45, 29, 1, 1), (13, 29, 1, 1), 1): 1.0, ((82, 35, 1, 1), (45, 24, 1, 1), 0): 1.0, ((31, 20, 1, 1), (31, 20, 51, 1), 0): 1.0, ((82, 84, 1, 3), (31, 20, 1, 1), 0): 1.0, ((13, 4, 51, 0), (13, 4, 119, 0), 0): 1.0, ((45, 4, 51, 0), (13, 4, 51, 0), 1): 1.0, ((31, 20, 51, 1), (31, 20, 119, 1), 0): 1.0, ((31, 100, 1, 3), (57, 41, 1, 2), 0): 1.0, ((31, 100, 0, 3), (31, 100, 1, 3), 0): 1.0, ((39, 73, 1, 2), (74, 6, 1, 0), 0): 1.0, ((67, 100, 1, 3), (39, 28, 1, 1), 0): 1.0, ((67, 100, 0, 3), (67, 100, 1, 3), 0): 1.0, ((82, 84, 0, 3), (82, 84, 1, 3), 0): 1.0}
(((13, np.int64(4), np.int64(0), 0), (13, 29, 1, 1), 0), ((13, 29, 1, 1), (82, 15, 1, 1), 0), ((82, 15, 1, 1), (82, 84, 1, 3), 0), ((82, 84, 1, 3), (31, 20, 1, 1), 0), ((31, 20, 1, 1), (31, 100, 1, 3), 0), ((31, 100, 1, 3), (57, 41, 1, 2), 0), ((57, 41, 1, 2), (67, 8, 1, 0), 0), ((67, 8, 1, 0), (67, 100, 1, 3), 0), ((67, 100, 1, 3), (39, 28, 1, 1), 0), ((39, 28, 1, 1), (39, 73, 1, 2), 0), ((39, 73, 1, 2), (74, 6, 1, 0), 0), ((74, 6, 1, 0), (74, 6, 119, 0), 0))
New edge added:  ((13, np.int64(29), np.int64(1), 1), (82, np.int64(13), np.int64(3), 1), 0)  Edge removed:  ((13, 29, 1, 1), (82, 15, 1, 1), 0)
x_load_1: {((50, 7, 1, 0), (50, 80, 1, 3), 0): 1.0, ((50, 80, 1, 3), (36, 7, 1, 0), 0): 1.0, ((13, 27, 1, 1), (13, 27, 119, 1), 0): 1.0, ((92, 19, 1, 1), (92, 100, 1, 3), 0): 1.0, ((92, 100, 1, 3), (50, 7, 1, 0), 0): 1.0, ((21, 10, 1, 1), (21, 100, 1, 3), 0): 1.0, ((21, 100, 1, 3), (40, 30, 1, 1), 0): 1.0, ((40, 30, 1, 1), (40, 77, 1, 2), 0): 1.0, ((36, 7, 1, 0), (36, 100, 1, 3), 0): 1.0, ((40, 77, 1, 2), (58, 4, 1, 0), 0): 1.0, ((36, 100, 1, 3), (21, 10, 1, 1), 0): 1.0, ((58, 4, 1, 0), (58, 100, 1, 3), 0): 1.0, ((43, 4, 1, 0), (43, 100, 1, 3), 0): 1.0, ((43, 100, 1, 3), (13, 27, 1, 1), 0): 1.0, ((49, 55, 0, 2), (92, 19, 1, 1), 0): 1.0, ((58, 100, 1, 3), (43, 4, 1, 0), 0): 1.0}
x_ener_1: {((18, 3, 1, 0), (18, 3, 119, 0), 0): 1.0, ((50, 7, 1, 0), (50, 7, 51, 0), 0): 1.0, ((50, 80, 1, 3), (36, 7, 1, 0), 0): 1.0, ((76, 80, 1, 3), (50, 80, 1, 3), 0): 1.0, ((50, 7, 51, 0), (50, 7, 119, 0), 0): 1.0, ((13, 27, 1, 1), (45, 27, 1, 1), 1): 1.0, ((45, 27, 1, 1), (82, 11, 1, 1), 0): 1.0, ((82, 11, 1, 1), (82, 11, 119, 1), 0): 1.0, ((92, 19, 1, 1), (18, 3, 1, 0), 0): 1.0, ((18, 100, 1, 3), (92, 100, 1, 3), 0): 1.0, ((18, 100, 0, 3), (18, 100, 1, 3), 0): 1.0, ((92, 100, 1, 3), (50, 7, 1, 0), 0): 1.0, ((21, 10, 1, 1), (21, 10, 51, 1), 0): 1.0, ((21, 100, 1, 3), (40, 30, 1, 1), 0): 2.0, ((21, 100, 0, 3), (21, 100, 1, 3), 0): 2.0, ((40, 30, 1, 1), (25, 0, 1, 0), 0): 2.0, ((21, 10, 51, 1), (21, 10, 101, 1), 0): 1.0, ((21, 10, 101, 1), (21, 10, 119, 1), 0): 1.0, ((25, 0, 1, 0), (25, 0, 119, 0), 0): 2.0, ((26, 100, 0, 3), (76, 80, 1, 3), 0): 1.0, ((36, 7, 1, 0), (36, 7, 119, 0), 0): 1.0, ((34, 100, 0, 3), (40, 77, 1, 2), 0): 1.0, ((40, 77, 1, 2), (58, 4, 1, 0), 0): 1.0, ((36, 100, 1, 3), (21, 10, 1, 1), 0): 1.0, ((36, 100, 0, 3), (37, 100, 1, 3), 0): 1.0, ((37, 100, 1, 3), (36, 100, 1, 3), 0): 1.0, ((58, 4, 1, 0), (58, 4, 51, 0), 0): 1.0, ((58, 4, 51, 0), (58, 4, 101, 0), 0): 1.0, ((58, 4, 101, 0), (58, 4, 119, 0), 0): 1.0, ((43, 4, 1, 0), (43, 4, 119, 0), 0): 1.0, ((43, 100, 1, 3), (13, 27, 1, 1), 0): 1.0, ((43, 100, 0, 3), (43, 100, 1, 3), 0): 1.0, ((49, 55, 0, 2), (92, 19, 1, 1), 0): 1.0, ((58, 100, 1, 3), (43, 4, 1, 0), 0): 1.0, ((58, 100, 0, 3), (58, 100, 1, 3), 0): 1.0}
(((49, np.int64(55), np.int64(0), 2), (92, 19, 1, 1), 0), ((92, 19, 1, 1), (92, 100, 1, 3), 0), ((92, 100, 1, 3), (50, 7, 1, 0), 0), ((50, 7, 1, 0), (50, 80, 1, 3), 0), ((50, 80, 1, 3), (36, 7, 1, 0), 0), ((36, 7, 1, 0), (36, 100, 1, 3), 0), ((36, 100, 1, 3), (21, 10, 1, 1), 0), ((21, 10, 1, 1), (21, 100, 1, 3), 0), ((21, 100, 1, 3), (40, 30, 1, 1), 0), ((40, 30, 1, 1), (40, 77, 1, 2), 0), ((40, 77, 1, 2), (58, 4, 1, 0), 0), ((58, 4, 1, 0), (58, 100, 1, 3), 0), ((58, 100, 1, 3), (43, 4, 1, 0), 0), ((43, 4, 1, 0), (43, 100, 1, 3), 0), ((43, 100, 1, 3), (13, 27, 1, 1), 0), ((13, 27, 1, 1), (13, 27, 119, 1), 0))
New edge added:  ((49, np.int64(55), np.int64(0), 2), (92, np.int64(19), np.int64(5), 1), 0)  Edge removed:  ((49, np.int64(55), np.int64(0), 2), (92, 19, 1, 1), 0)
x_load_2: {((72, 2, 1, 0), (72, 80, 1, 3), 0): 3.0, ((76, 15, 1, 1), (76, 39, 1, 1), 0): 3.0, ((76, 15, 1, 1), (76, 100, 1, 3), 0): 2.0, ((76, 39, 1, 1), (72, 2, 1, 0), 0): 3.0, ((49, 0, 1, 0), (49, 0, 119, 0), 0): 5.0, ((72, 63, 1, 2), (72, 80, 1, 3), 0): 2.0, ((69, 6, 1, 0), (69, 100, 1, 3), 0): 5.0, ((82, 4, 1, 0), (82, 84, 1, 3), 0): 5.0, ((43, 7, 1, 0), (43, 100, 1, 3), 0): 5.0, ((82, 84, 1, 3), (43, 7, 1, 0), 0): 5.0, ((21, 9, 1, 0), (21, 100, 1, 3), 0): 2.0, ((21, 30, 1, 1), (21, 100, 1, 3), 0): 3.0, ((21, 100, 1, 3), (36, 10, 1, 1), 0): 5.0, ((36, 10, 1, 1), (36, 100, 1, 3), 0): 5.0, ((40, 26, 1, 1), (40, 77, 1, 2), 0): 2.0, ((58, 80, 1, 3), (40, 6, 1, 0), 0): 3.0, ((76, 100, 1, 3), (72, 63, 1, 2), 0): 2.0, ((28, 96, 0, 3), (69, 6, 1, 0), 0): 5.0, ((40, 6, 1, 0), (40, 100, 1, 3), 0): 3.0, ((40, 77, 1, 2), (21, 9, 1, 0), 0): 2.0, ((40, 100, 1, 3), (21, 30, 1, 1), 0): 3.0, ((36, 100, 1, 3), (76, 15, 1, 1), 0): 5.0, ((58, 4, 1, 0), (58, 80, 1, 3), 0): 3.0, ((58, 4, 1, 0), (58, 100, 1, 3), 0): 2.0, ((43, 100, 1, 3), (58, 4, 1, 0), 0): 5.0, ((58, 100, 1, 3), (40, 26, 1, 1), 0): 2.0, ((69, 100, 1, 3), (82, 4, 1, 0), 0): 5.0, ((72, 80, 1, 3), (49, 0, 1, 0), 0): 5.0}
x_ener_2: {((72, 2, 1, 0), (72, 2, 51, 0), 0): 3.0, ((50, 4, 1, 0), (50, 4, 119, 0), 0): 4.0, ((76, 15, 1, 1), (26, 2, 1, 0), 0): 1.0, ((76, 15, 1, 1), (50, 4, 1, 0), 0): 4.0, ((76, 39, 1, 1), (72, 2, 1, 0), 0): 3.0, ((49, 0, 1, 0), (49, 0, 119, 0), 0): 5.0, ((72, 63, 1, 2), (76, 39, 1, 1), 0): 3.0, ((72, 2, 51, 0), (72, 2, 101, 0), 0): 3.0, ((72, 2, 101, 0), (72, 2, 119, 0), 0): 3.0, ((26, 2, 1, 0), (26, 2, 119, 0), 0): 1.0, ((69, 6, 1, 0), (69, 6, 51, 0), 0): 5.0, ((69, 6, 51, 0), (69, 6, 119, 0), 0): 5.0, ((82, 4, 1, 0), (82, 4, 119, 0), 0): 5.0, ((43, 7, 1, 0), (43, 7, 119, 0), 0): 5.0, ((82, 84, 1, 3), (43, 7, 1, 0), 0): 5.0, ((21, 9, 1, 0), (21, 9, 51, 0), 0): 3.0, ((21, 30, 1, 1), (21, 30, 119, 1), 0): 3.0, ((21, 100, 1, 3), (36, 10, 1, 1), 0): 5.0, ((21, 100, 0, 3), (21, 100, 1, 3), 0): 5.0, ((34, 9, 1, 0), (34, 9, 51, 0), 0): 2.0, ((36, 10, 1, 1), (36, 10, 119, 1), 0): 5.0, ((21, 9, 51, 0), (21, 9, 119, 0), 0): 3.0, ((34, 9, 51, 0), (34, 9, 101, 0), 0): 2.0, ((34, 9, 101, 0), (34, 9, 119, 0), 0): 2.0, ((40, 26, 1, 1), (34, 9, 1, 0), 0): 2.0, ((25, 100, 0, 3), (34, 100, 1, 3), 0): 2.0, ((34, 100, 1, 3), (40, 100, 1, 3), 0): 3.0, ((58, 80, 1, 3), (40, 6, 1, 0), 0): 3.0, ((76, 100, 1, 3), (72, 63, 1, 2), 0): 3.0, ((76, 100, 1, 3), (72, 80, 1, 3), 0): 2.0, ((28, 96, 0, 3), (69, 6, 1, 0), 0): 5.0, ((40, 6, 1, 0), (40, 6, 119, 0), 0): 3.0, ((34, 100, 0, 3), (34, 100, 1, 3), 0): 1.0, ((40, 77, 1, 2), (21, 9, 1, 0), 0): 3.0, ((40, 100, 1, 3), (21, 30, 1, 1), 0): 3.0, ((36, 100, 1, 3), (76, 15, 1, 1), 0): 5.0, ((36, 100, 0, 3), (37, 100, 1, 3), 0): 5.0, ((37, 100, 1, 3), (36, 100, 1, 3), 0): 5.0, ((40, 77, 0, 2), (40, 77, 1, 2), 0): 3.0, ((58, 4, 1, 0), (58, 4, 51, 0), 0): 5.0, ((58, 4, 51, 0), (58, 4, 119, 0), 0): 5.0, ((43, 100, 1, 3), (58, 4, 1, 0), 0): 5.0, ((43, 100, 0, 3), (43, 100, 1, 3), 0): 5.0, ((50, 100, 1, 3), (76, 100, 1, 3), 0): 5.0, ((50, 100, 0, 3), (50, 100, 1, 3), 0): 5.0, ((58, 100, 1, 3), (40, 26, 1, 1), 0): 2.0, ((58, 80, 0, 3), (58, 80, 1, 3), 0): 3.0, ((58, 100, 0, 3), (58, 100, 1, 3), 0): 2.0, ((69, 100, 1, 3), (82, 4, 1, 0), 0): 5.0, ((69, 100, 0, 3), (69, 100, 1, 3), 0): 5.0, ((72, 80, 1, 3), (49, 0, 1, 0), 0): 5.0, ((72, 80, 0, 3), (72, 80, 1, 3), 0): 3.0, ((82, 84, 0, 3), (82, 84, 1, 3), 0): 5.0}
(((28, np.int64(96), np.int64(0), 3), (69, 6, 1, 0), 0), ((69, 6, 1, 0), (69, 100, 1, 3), 0), ((69, 100, 1, 3), (82, 4, 1, 0), 0), ((82, 4, 1, 0), (82, 84, 1, 3), 0), ((82, 84, 1, 3), (43, 7, 1, 0), 0), ((43, 7, 1, 0), (43, 100, 1, 3), 0), ((43, 100, 1, 3), (58, 4, 1, 0), 0), ((58, 4, 1, 0), (58, 80, 1, 3), 0), ((58, 80, 1, 3), (40, 6, 1, 0), 0), ((40, 6, 1, 0), (40, 100, 1, 3), 0), ((40, 100, 1, 3), (21, 30, 1, 1), 0), ((21, 30, 1, 1), (21, 100, 1, 3), 0), ((21, 100, 1, 3), (36, 10, 1, 1), 0), ((36, 10, 1, 1), (36, 100, 1, 3), 0), ((36, 100, 1, 3), (76, 15, 1, 1), 0), ((76, 15, 1, 1), (76, 39, 1, 1), 0), ((76, 39, 1, 1), (72, 2, 1, 0), 0), ((72, 2, 1, 0), (72, 80, 1, 3), 0), ((72, 80, 1, 3), (49, 0, 1, 0), 0), ((49, 0, 1, 0), (49, 0, 119, 0), 0))
New edge added:  ((28, np.int64(96), np.int64(0), 3), (69, np.int64(6), np.int64(11), 0), 0)  Edge removed:  ((28, np.int64(96), np.int64(0), 3), (69, 6, 1, 0), 0)
Solution cannot be extended to a feasible solution, updating network...
a[ 45 ] =  1.0
n[ 5 ] =  1.0
n[ 18 ] =  1.0
n[ 21 ] =  7.0
n[ 25 ] =  2.0
n[ 26 ] =  1.0
n[ 31 ] =  1.0
n[ 34 ] =  2.0
n[ 36 ] =  6.0
n[ 40 ] =  3.0
n[ 43 ] =  6.0
n[ 50 ] =  5.0
n[ 58 ] =  6.0
n[ 67 ] =  1.0
n[ 69 ] =  5.0
n[ 72 ] =  3.0
n[ 82 ] =  6.0
'''''''''''''''''
Gurobi Optimizer version 13.0.1 build v13.0.1rc0 (linux64 - "Debian GNU/Linux 12 (bookworm)")

CPU model: Intel(R) Xeon(R) CPU @ 2.20GHz, instruction set [SSE2|AVX|AVX2]
Thread count: 1 physical cores, 2 logical processors, using up to 2 threads

Non-default parameters:
MIPGap  0.05

Academic license 937859 - for non-commercial use only - registered to hp___@cornell.edu
Optimize a model with 695557 rows, 1427986 columns and 3733575 nonzeros (Min)
Model fingerprint: 0xf155a911
Model has 1027552 linear objective coefficients
Variable types: 0 continuous, 1427986 integer (0 binary)
Coefficient statistics:
  Matrix range     [1e+00, 3e+05]
  Objective range  [6e-01, 8e+02]
  Bounds range     [0e+00, 0e+00]
  RHS range        [1e+00, 5e+00]

MIP start from previous solve did not produce a new incumbent solution
MIP start from previous solve violates constraint flow_bal_load[(69,_np.int64(6),_np.int64(1),_0),2] by 5.000000000
Processed MIP start in 1.03 seconds (0.35 work units)

Presolve removed 562637 rows and 773199 columns (presolve time = 5s)...
Presolve removed 566377 rows and 794726 columns (presolve time = 10s)...
Presolve removed 566429 rows and 794795 columns
Presolve time: 13.82s
Presolved: 129128 rows, 633191 columns, 1467583 nonzeros
Variable types: 0 continuous, 633191 integer (2113 binary)

Root simplex log...

Iteration    Objective       Primal Inf.    Dual Inf.      Time
       0      handle free variables                         20s
    1001    2.2950000e+02   3.625000e+01   0.000000e+00     20s
   11411    1.2361108e+03   7.400000e+01   0.000000e+00     25s
   16773    1.7230125e+03   1.239743e+02   0.000000e+00     30s
   19603    1.7828045e+03   1.055469e+02   0.000000e+00     35s
   21933    1.8614650e+03   7.152843e+01   0.000000e+00     40s
   24363    1.8822604e+03   2.344661e+02   0.000000e+00     45s
   26033    1.9063947e+03   6.619209e+01   0.000000e+00     50s
   28103    1.9364180e+03   1.340847e+02   0.000000e+00     55s
   29823    1.9706587e+03   6.640331e+01   0.000000e+00     60s
   31433    2.0118786e+03   7.050000e+01   0.000000e+00     65s
   33233    2.1296690e+03   1.415872e+02   0.000000e+00     70s
   34923    2.2667494e+03   4.137387e+02   0.000000e+00     76s
   36003    2.2951800e+03   2.400000e+01   0.000000e+00     80s
   37323    2.3264894e+03   3.094161e+02   0.000000e+00     85s
   38463    2.3374372e+03   8.706229e+01   0.000000e+00     91s
   39723    2.3629660e+03   1.610644e+02   0.000000e+00     95s
   41063    2.3759043e+03   2.642567e+02   0.000000e+00    101s
   42033    2.3782016e+03   2.299302e+02   0.000000e+00    105s
   43093    2.4010581e+03   2.596448e+02   0.000000e+00    110s
   44053    2.4237221e+03   2.265994e+02   0.000000e+00    115s
   45193    2.4413758e+03   9.713423e+01   0.000000e+00    120s
   46423    2.4425286e+03   3.596173e+02   0.000000e+00    125s
   47633    2.5295375e+03   8.742986e+01   0.000000e+00    130s
   48613    2.6476704e+03   3.151935e+02   0.000000e+00    135s
   49633    2.6925975e+03   1.849014e+02   0.000000e+00    140s
   50653    2.7053362e+03   1.263690e+02   0.000000e+00    145s
   51653    2.7154299e+03   2.576857e+02   0.000000e+00    150s
   52593    2.7327780e+03   2.309248e+02   0.000000e+00    156s
   53563    2.7565453e+03   1.313845e+02   0.000000e+00    160s
   54623    2.8014991e+03   2.113591e+02   0.000000e+00    166s
   55903    2.8581566e+03   2.201733e+02   0.000000e+00    171s
   57673    3.0292680e+03   2.508747e+02   0.000000e+00    175s
   58863    3.2271070e+03   1.399554e+03   0.000000e+00    180s
   60143    4.5983328e+03   4.283670e+02   0.000000e+00    185s
   61443    5.0023878e+03   6.145094e+02   0.000000e+00    191s
   62043    5.0187592e+03   9.044237e+02   0.000000e+00    196s
   62783    5.0317857e+03   4.586875e+02   0.000000e+00    201s
   63443    5.0756895e+03   5.218755e+02   0.000000e+00    205s
   64243    5.0994453e+03   8.920204e+02   0.000000e+00    211s
   64973    5.1442790e+03   3.067513e+02   0.000000e+00    215s
   66043    5.1584097e+03   1.197500e+02   0.000000e+00    221s
   66753    5.1754282e+03   1.307298e+02   0.000000e+00    226s
   67723    5.2018076e+03   8.484321e+01   0.000000e+00    230s
   68313    5.2047805e+03   4.230208e+01   0.000000e+00    235s
   68803    5.2083053e+03   7.934375e+01   0.000000e+00    240s
   69283    5.2116803e+03   6.540625e+01   0.000000e+00    246s
   69753    5.2145437e+03   5.275000e+01   0.000000e+00    251s
   70213    5.2149761e+03   4.091667e+01   0.000000e+00    256s
   70663    5.2149761e+03   4.000000e+00   0.000000e+00    261s
   70965    5.2150753e+03   0.000000e+00   0.000000e+00    265s
   70965    5.2150753e+03   0.000000e+00   0.000000e+00    265s

Root relaxation: objective 5.215075e+03, 70965 iterations, 247.29 seconds (124.20 work units)

    Nodes    |    Current Node    |     Objective Bounds      |     Work
 Expl Unexpl |  Obj  Depth IntInf | Incumbent    BestBd   Gap | It/Node Time

     0     0 5215.07534    0   59          - 5215.07534      -     -  288s
H    0     0                    5242.3732877 5215.07534  0.52%     -  294s

Explored 1 nodes (121511 simplex iterations) in 295.07 seconds (144.82 work units)
Thread count was 2 (of 2 available processors)

Solution count 1: 5242.37 

Optimal solution found (tolerance 5.00e-02)
Best objective 5.242373287671e+03, best bound 5.215075342466e+03, gap 0.5207%
Iteration:  24
Size of network:  12976  nodes,  237894  edges
Obj Value:  5242.373287671233
a: {}
n: {18: 1.0, 21: 6.0, 26: 3.0, 31: 6.0, 36: 5.0, 37: 1.0, 39: 1.0, 40: 6.0, 43: 5.0, 50: 1.0, 57: 2.0, 58: 6.0, 67: 1.0, 72: 3.0, 76: 2.0, 82: 1.0, 90: 6.0}
{0: (34.421443, -119.684178), 1: (36.167392, -94.119169), 2: (34.071417, -99.009382), 3: (34.689589, -118.130371), 4: (36.434113, -99.427596), 5: (35.400164, -119.399727), 6: (37.2129649, -93.37103), 7: (30.25011, -93.01142), 8: (36.751521, -96.000152), 9: (35.35468, -94.437379), 10: (38.89357, -94.36045), 11: (33.7885884, -118.2150827), 12: (32.596725, -117.019495), 13: (33.30006, -111.96835), 14: (35.392817, -97.422948), 15: (38.96627, -95.700495), 16: (30.725159, -96.425728), 17: (37.737099, -97.32375), 18: (34.188212, -97.171022), 19: (33.94423, -96.41932), 20: (30.209862, -92.002378), 21: (37.183969, -104.499646), 22: (32.267588, -107.774524), 23: (36.72136, -119.761165), 24: (30.437821, -95.498724), 25: (35.079896, -106.746225), 26: (35.840761, -98.419831), 27: (31.207465, -95.996079), 28: (33.899899, -118.207088), 29: (33.3874378, -110.7609849), 30: (34.02094, -117.385415), 31: (33.603063, -114.598023), 32: (35.189976, -101.706309), 33: (35.853211, -94.989243), 34: (35.004614, -106.032837), 35: (31.151717, -93.265081), 36: (36.706596, -101.443207), 37: (37.069631, -100.905444), 38: (32.62712, -96.74537), 39: (36.075856, -119.043996), 40: (35.65758, -105.993406), 41: (32.181782, -94.334174), 42: (30.330588, -97.701649), 43: (35.01643, -110.675005), 44: (35.25655, -96.671004), 45: (33.3021433, -111.9552863), 46: (36.535661, -97.33916), 47: (32.698465, -97.959695), 48: (33.984094, -106.887526), 49: (32.7658795, -96.8754612), 50: (35.309665, -99.631741), 51: (31.784139, -93.08731), 52: (33.0390751, -117.2841996), 53: (38.164391, -112.278183), 54: (34.4349097, -119.9212861), 55: (31.499498, -97.173412), 56: (33.9541734, -117.5556971), 57: (34.118101, -116.45646), 58: (36.71838, -108.167694), 59: (31.940555, -102.169802), 60: (36.081743, -96.054325), 61: (32.469998, -93.672804), 62: (34.4425082, -119.7812613), 63: (37.648431, -98.094183), 64: (32.448848, -100.439583), 65: (32.627591, -97.314361), 66: (38.54421, -106.92517), 67: (34.886448, -117.079423), 68: (35.9874334, -119.961999), 69: (32.794671, -115.539473), 70: (36.220567, -115.125553), 71: (35.106478, -92.43572), 72: (34.584172, -98.396813), 73: (33.39639, -110.76888), 74: (37.8135094, -119.8800771), 75: (35.87844, -97.392471), 76: (35.490972, -98.967096), 77: (33.8310496, -116.5452277), 78: (32.354553, -95.302495), 79: (37.962455, -100.846437), 80: (32.178328, -110.960207), 81: (38.7747705, -119.9029911), 82: (33.463568, -112.459255), 83: (36.009923, -114.784826), 84: (35.3002628, -119.0381956), 85: (36.249164, -95.333829), 86: (33.6699802, -96.6120405), 87: (38.971499, -92.294316), 88: (32.029056, -93.713243), 89: (33.8722233, -118.2654222), 90: (35.263617, -112.194139), 91: (37.199194, -93.402643), 92: (33.73573, -97.14484), 93: (32.881785, -111.777561), 94: (37.161682, -113.434692), 95: (30.35815, -99.606129), 96: (34.773291, -96.697633), 97: (34.12755, -118.443664), 98: (31.34545, -92.51807), 99: (38.945105, -104.724068), 100: (30.0774, -99.10731)}
x_load_0: {((39, 8, 1, 0), (39, 69, 1, 2), 0): 1.0, ((39, 69, 1, 2), (74, 6, 1, 0), 0): 1.0, ((67, 13, 1, 1), (67, 80, 1, 3), 0): 1.0, ((67, 80, 1, 3), (39, 8, 1, 0), 0): 1.0, ((74, 6, 1, 0), (74, 6, 119, 0), 0): 1.0, ((13, 20, 1, 1), (45, 20, 1, 1), 0): 1.0, ((13, 9, 0, 0), (13, 20, 1, 1), 0): 1.0, ((45, 20, 1, 1), (82, 4, 1, 0), 0): 1.0, ((82, 4, 1, 0), (82, 84, 1, 3), 0): 1.0, ((31, 20, 1, 1), (31, 100, 1, 3), 0): 1.0, ((82, 84, 1, 3), (31, 20, 1, 1), 0): 1.0, ((31, 100, 1, 3), (67, 13, 1, 1), 0): 1.0}
x_ener_0: {((39, 8, 1, 0), (39, 8, 119, 0), 0): 1.0, ((39, 69, 1, 2), (74, 6, 1, 0), 0): 1.0, ((67, 13, 1, 1), (67, 13, 51, 1), 0): 1.0, ((67, 80, 1, 3), (39, 8, 1, 0), 0): 1.0, ((67, 13, 51, 1), (67, 13, 119, 1), 0): 1.0, ((74, 6, 1, 0), (74, 6, 51, 0), 0): 1.0, ((74, 6, 51, 0), (74, 6, 119, 0), 0): 1.0, ((13, 20, 1, 1), (45, 20, 1, 1), 0): 1.0, ((13, 49, 1, 2), (82, 35, 1, 1), 0): 1.0, ((13, 80, 1, 3), (82, 64, 1, 2), 0): 1.0, ((13, 80, 0, 3), (45, 80, 1, 3), 0): 1.0, ((45, 20, 1, 1), (82, 4, 1, 0), 0): 1.0, ((82, 4, 1, 0), (82, 4, 119, 0), 0): 1.0, ((82, 35, 1, 1), (13, 20, 1, 1), 0): 1.0, ((82, 64, 1, 2), (13, 49, 1, 2), 0): 1.0, ((45, 80, 1, 3), (13, 80, 1, 3), 1): 1.0, ((31, 20, 1, 1), (31, 20, 119, 1), 0): 1.0, ((82, 84, 1, 3), (31, 20, 1, 1), 0): 1.0, ((31, 100, 1, 3), (67, 13, 1, 1), 0): 1.0, ((31, 100, 0, 3), (31, 100, 1, 3), 0): 1.0, ((39, 69, 0, 2), (39, 69, 1, 2), 0): 1.0, ((67, 80, 0, 3), (67, 80, 1, 3), 0): 1.0, ((82, 84, 0, 3), (82, 84, 1, 3), 0): 1.0}
(((13, np.int64(9), np.int64(0), 0), (13, 20, 1, 1), 0), ((13, 20, 1, 1), (45, 20, 1, 1), 0), ((45, 20, 1, 1), (82, 4, 1, 0), 0), ((82, 4, 1, 0), (82, 84, 1, 3), 0), ((82, 84, 1, 3), (31, 20, 1, 1), 0), ((31, 20, 1, 1), (31, 100, 1, 3), 0), ((31, 100, 1, 3), (67, 13, 1, 1), 0), ((67, 13, 1, 1), (67, 80, 1, 3), 0), ((67, 80, 1, 3), (39, 8, 1, 0), 0), ((39, 8, 1, 0), (39, 69, 1, 2), 0), ((39, 69, 1, 2), (74, 6, 1, 0), 0), ((74, 6, 1, 0), (74, 6, 119, 0), 0))
New edge added:  ((13, np.int64(20), np.int64(1), 1), (45, np.int64(20), np.int64(2), 1), 0)  Edge removed:  ((13, 20, 1, 1), (45, 20, 1, 1), 0)
x_load_1: {((50, 7, 1, 0), (50, 100, 1, 3), 0): 1.0, ((92, 15, 1, 1), (92, 100, 1, 3), 0): 1.0, ((13, 7, 1, 0), (13, 7, 119, 0), 0): 1.0, ((92, 100, 1, 3), (50, 7, 1, 0), 0): 1.0, ((21, 10, 1, 1), (21, 80, 1, 3), 0): 1.0, ((21, 80, 1, 3), (40, 10, 1, 1), 0): 1.0, ((40, 10, 1, 1), (40, 100, 1, 3), 0): 1.0, ((43, 80, 1, 3), (13, 7, 1, 0), 0): 1.0, ((40, 100, 1, 3), (58, 26, 1, 1), 0): 1.0, ((36, 27, 1, 1), (36, 100, 1, 3), 0): 1.0, ((36, 100, 1, 3), (21, 10, 1, 1), 0): 1.0, ((58, 26, 1, 1), (58, 100, 1, 3), 0): 1.0, ((43, 4, 1, 0), (43, 80, 1, 3), 0): 1.0, ((49, 47, 0, 2), (92, 15, 1, 1), 0): 1.0, ((50, 100, 1, 3), (36, 27, 1, 1), 0): 1.0, ((58, 100, 1, 3), (43, 4, 1, 0), 0): 1.0}
x_ener_1: {((50, 7, 1, 0), (50, 7, 51, 0), 0): 1.0, ((92, 15, 1, 1), (18, 4, 1, 0), 0): 1.0, ((50, 7, 51, 0), (50, 7, 119, 0), 0): 1.0, ((37, 8, 1, 0), (37, 8, 51, 0), 0): 1.0, ((37, 8, 51, 0), (37, 8, 119, 0), 0): 1.0, ((13, 7, 1, 0), (13, 7, 51, 0), 0): 1.0, ((13, 7, 51, 0), (45, 7, 51, 0), 1): 1.0, ((45, 7, 51, 0), (45, 7, 101, 0), 0): 1.0, ((13, 7, 101, 0), (13, 7, 119, 0), 0): 1.0, ((45, 7, 101, 0), (13, 7, 101, 0), 1): 1.0, ((18, 4, 1, 0), (18, 4, 119, 0), 0): 1.0, ((18, 100, 0, 3), (92, 100, 1, 3), 0): 1.0, ((92, 100, 1, 3), (50, 7, 1, 0), 0): 1.0, ((21, 10, 1, 1), (21, 10, 51, 1), 0): 1.0, ((21, 80, 1, 3), (40, 10, 1, 1), 0): 1.0, ((21, 80, 0, 3), (21, 80, 1, 3), 0): 1.0, ((40, 10, 1, 1), (40, 10, 119, 1), 0): 1.0, ((21, 10, 51, 1), (21, 10, 119, 1), 0): 1.0, ((34, 100, 1, 3), (40, 100, 1, 3), 0): 1.0, ((26, 100, 1, 3), (76, 100, 1, 3), 0): 1.0, ((26, 100, 0, 3), (26, 100, 1, 3), 0): 1.0, ((76, 100, 1, 3), (50, 100, 1, 3), 0): 1.0, ((43, 80, 1, 3), (13, 7, 1, 0), 0): 1.0, ((40, 100, 1, 3), (58, 26, 1, 1), 0): 1.0, ((36, 27, 1, 1), (37, 8, 1, 0), 0): 1.0, ((36, 100, 1, 3), (21, 10, 1, 1), 0): 1.0, ((36, 100, 0, 3), (37, 100, 1, 3), 0): 1.0, ((37, 100, 1, 3), (36, 100, 1, 3), 0): 1.0, ((58, 26, 1, 1), (58, 26, 51, 1), 0): 1.0, ((40, 100, 0, 3), (34, 100, 1, 3), 0): 1.0, ((58, 26, 51, 1), (58, 26, 119, 1), 0): 1.0, ((43, 4, 1, 0), (43, 4, 51, 0), 0): 1.0, ((43, 4, 51, 0), (43, 4, 101, 0), 0): 1.0, ((43, 4, 101, 0), (43, 4, 119, 0), 0): 1.0, ((49, 47, 0, 2), (92, 15, 1, 1), 0): 1.0, ((50, 100, 1, 3), (36, 27, 1, 1), 0): 1.0, ((58, 100, 1, 3), (43, 4, 1, 0), 0): 1.0, ((58, 100, 0, 3), (58, 100, 1, 3), 0): 1.0, ((90, 100, 1, 3), (43, 80, 1, 3), 0): 1.0, ((90, 100, 0, 3), (90, 100, 1, 3), 0): 1.0}
(((49, np.int64(47), np.int64(0), 2), (92, 15, 1, 1), 0), ((92, 15, 1, 1), (92, 100, 1, 3), 0), ((92, 100, 1, 3), (50, 7, 1, 0), 0), ((50, 7, 1, 0), (50, 100, 1, 3), 0), ((50, 100, 1, 3), (36, 27, 1, 1), 0), ((36, 27, 1, 1), (36, 100, 1, 3), 0), ((36, 100, 1, 3), (21, 10, 1, 1), 0), ((21, 10, 1, 1), (21, 80, 1, 3), 0), ((21, 80, 1, 3), (40, 10, 1, 1), 0), ((40, 10, 1, 1), (40, 100, 1, 3), 0), ((40, 100, 1, 3), (58, 26, 1, 1), 0), ((58, 26, 1, 1), (58, 100, 1, 3), 0), ((58, 100, 1, 3), (43, 4, 1, 0), 0), ((43, 4, 1, 0), (43, 80, 1, 3), 0), ((43, 80, 1, 3), (13, 7, 1, 0), 0), ((13, 7, 1, 0), (13, 7, 119, 0), 0))
New edge added:  ((49, np.int64(47), np.int64(0), 2), (92, np.int64(11), np.int64(5), 1), 0)  Edge removed:  ((49, np.int64(47), np.int64(0), 2), (92, 15, 1, 1), 0)
x_load_2: {((57, 7, 1, 0), (57, 67, 1, 2), 0): 2.0, ((72, 2, 1, 0), (72, 80, 1, 3), 0): 3.0, ((76, 15, 1, 1), (76, 39, 1, 1), 0): 3.0, ((76, 15, 1, 1), (76, 100, 1, 3), 0): 2.0, ((76, 39, 1, 1), (72, 2, 1, 0), 0): 3.0, ((49, 0, 1, 0), (49, 0, 119, 0), 0): 5.0, ((72, 63, 1, 2), (72, 80, 1, 3), 0): 2.0, ((28, 59, 1, 2), (57, 7, 1, 0), 0): 2.0, ((57, 67, 1, 2), (31, 10, 1, 1), 0): 2.0, ((30, 95, 1, 3), (31, 10, 1, 1), 0): 3.0, ((31, 10, 1, 1), (31, 100, 1, 3), 0): 5.0, ((43, 34, 1, 1), (43, 100, 1, 3), 0): 1.0, ((90, 54, 1, 2), (43, 10, 1, 1), 0): 4.0, ((21, 9, 1, 0), (21, 100, 1, 3), 0): 5.0, ((21, 100, 1, 3), (36, 10, 1, 1), 0): 5.0, ((36, 10, 1, 1), (36, 100, 1, 3), 0): 5.0, ((40, 26, 1, 1), (40, 77, 1, 2), 0): 5.0, ((76, 100, 1, 3), (72, 63, 1, 2), 0): 2.0, ((28, 0, 0, 0), (28, 59, 1, 2), 0): 2.0, ((28, 98, 0, 3), (30, 73, 1, 2), 0): 1.0, ((30, 73, 1, 2), (30, 95, 1, 3), 0): 1.0, ((28, 100, 0, 3), (30, 75, 1, 2), 0): 2.0, ((30, 75, 1, 2), (30, 95, 1, 3), 0): 2.0, ((43, 10, 1, 1), (43, 100, 1, 3), 0): 4.0, ((31, 100, 1, 3), (90, 6, 1, 0), 0): 5.0, ((90, 6, 1, 0), (90, 54, 1, 2), 0): 4.0, ((90, 6, 1, 0), (90, 80, 1, 3), 0): 1.0, ((40, 77, 1, 2), (21, 9, 1, 0), 0): 5.0, ((36, 100, 1, 3), (76, 15, 1, 1), 0): 5.0, ((58, 4, 1, 0), (58, 100, 1, 3), 0): 5.0, ((43, 100, 1, 3), (58, 4, 1, 0), 0): 5.0, ((90, 80, 1, 3), (43, 34, 1, 1), 0): 1.0, ((58, 100, 1, 3), (40, 26, 1, 1), 0): 5.0, ((72, 80, 1, 3), (49, 0, 1, 0), 0): 5.0}
x_ener_2: {((57, 7, 1, 0), (57, 7, 119, 0), 0): 2.0, ((72, 2, 1, 0), (72, 2, 51, 0), 0): 3.0, ((76, 15, 1, 1), (26, 2, 1, 0), 0): 3.0, ((76, 15, 1, 1), (76, 15, 51, 1), 0): 2.0, ((76, 39, 1, 1), (72, 2, 1, 0), 0): 3.0, ((49, 0, 1, 0), (49, 0, 119, 0), 0): 5.0, ((72, 63, 1, 2), (76, 39, 1, 1), 0): 3.0, ((72, 2, 51, 0), (72, 2, 101, 0), 0): 3.0, ((76, 15, 51, 1), (76, 15, 119, 1), 0): 2.0, ((72, 2, 101, 0), (72, 2, 119, 0), 0): 3.0, ((28, 59, 1, 2), (57, 7, 1, 0), 0): 2.0, ((57, 67, 1, 2), (31, 10, 1, 1), 0): 2.0, ((26, 2, 1, 0), (26, 2, 119, 0), 0): 3.0, ((56, 95, 1, 3), (30, 95, 1, 3), 1): 1.0, ((28, 98, 1, 3), (56, 95, 1, 3), 0): 1.0, ((30, 95, 1, 3), (31, 10, 1, 1), 0): 3.0, ((31, 10, 1, 1), (31, 10, 51, 1), 0): 5.0, ((43, 34, 1, 1), (43, 34, 51, 1), 0): 1.0, ((90, 54, 1, 2), (43, 10, 1, 1), 0): 4.0, ((31, 10, 51, 1), (31, 10, 101, 1), 0): 5.0, ((43, 34, 51, 1), (43, 34, 101, 1), 0): 1.0, ((31, 10, 101, 1), (31, 10, 119, 1), 0): 5.0, ((43, 34, 101, 1), (90, 2, 101, 0), 0): 1.0, ((21, 9, 1, 0), (21, 9, 51, 0), 0): 5.0, ((21, 100, 1, 3), (36, 10, 1, 1), 0): 5.0, ((21, 100, 0, 3), (21, 100, 1, 3), 0): 5.0, ((36, 10, 1, 1), (36, 10, 119, 1), 0): 5.0, ((21, 9, 51, 0), (21, 9, 101, 0), 0): 5.0, ((21, 9, 101, 0), (21, 9, 119, 0), 0): 5.0, ((40, 26, 1, 1), (40, 26, 119, 1), 0): 5.0, ((34, 100, 1, 3), (40, 77, 1, 2), 0): 5.0, ((26, 100, 1, 3), (76, 100, 1, 3), 0): 2.0, ((26, 100, 0, 3), (26, 100, 1, 3), 0): 2.0, ((76, 100, 1, 3), (72, 63, 1, 2), 0): 3.0, ((28, 98, 0, 3), (30, 73, 1, 2), 0): 2.0, ((28, 98, 0, 3), (28, 98, 1, 3), 0): 1.0, ((30, 73, 1, 2), (28, 59, 1, 2), 0): 2.0, ((28, 100, 0, 3), (30, 75, 1, 2), 0): 2.0, ((30, 75, 1, 2), (57, 67, 1, 2), 0): 2.0, ((43, 10, 1, 1), (43, 10, 51, 1), 0): 4.0, ((43, 80, 1, 3), (90, 54, 1, 2), 0): 4.0, ((43, 10, 51, 1), (43, 10, 101, 1), 0): 4.0, ((43, 10, 101, 1), (43, 10, 119, 1), 0): 4.0, ((31, 100, 1, 3), (90, 6, 1, 0), 0): 5.0, ((31, 100, 0, 3), (31, 100, 1, 3), 0): 5.0, ((90, 6, 1, 0), (90, 6, 51, 0), 0): 5.0, ((90, 6, 51, 0), (90, 6, 101, 0), 0): 5.0, ((90, 6, 101, 0), (90, 6, 119, 0), 0): 5.0, ((40, 77, 1, 2), (21, 9, 1, 0), 0): 5.0, ((40, 100, 1, 3), (34, 100, 1, 3), 0): 5.0, ((36, 100, 1, 3), (76, 15, 1, 1), 0): 5.0, ((36, 100, 0, 3), (37, 100, 1, 3), 0): 4.0, ((37, 100, 1, 3), (36, 100, 1, 3), 0): 4.0, ((37, 100, 0, 3), (36, 100, 1, 3), 0): 1.0, ((58, 4, 1, 0), (58, 4, 119, 0), 0): 5.0, ((40, 100, 0, 3), (40, 100, 1, 3), 0): 5.0, ((43, 100, 1, 3), (58, 4, 1, 0), 0): 5.0, ((43, 100, 0, 3), (43, 100, 1, 3), 0): 5.0, ((90, 80, 1, 3), (43, 34, 1, 1), 0): 1.0, ((90, 2, 101, 0), (90, 2, 119, 0), 0): 1.0, ((50, 100, 0, 3), (76, 100, 1, 3), 0): 1.0, ((57, 100, 1, 3), (30, 95, 1, 3), 0): 2.0, ((57, 100, 0, 3), (57, 100, 1, 3), 0): 2.0, ((58, 100, 1, 3), (40, 26, 1, 1), 0): 5.0, ((58, 100, 0, 3), (58, 100, 1, 3), 0): 5.0, ((72, 80, 1, 3), (49, 0, 1, 0), 0): 5.0, ((72, 80, 0, 3), (72, 80, 1, 3), 0): 3.0, ((76, 100, 0, 3), (72, 80, 1, 3), 0): 2.0, ((90, 80, 0, 3), (90, 80, 1, 3), 0): 1.0, ((90, 100, 0, 3), (43, 80, 1, 3), 0): 4.0}
(((28, np.int64(0), np.int64(0), 0), (28, 59, 1, 2), 0), ((28, 59, 1, 2), (57, 7, 1, 0), 0), ((57, 7, 1, 0), (57, 67, 1, 2), 0), ((57, 67, 1, 2), (31, 10, 1, 1), 0), ((31, 10, 1, 1), (31, 100, 1, 3), 0), ((31, 100, 1, 3), (90, 6, 1, 0), 0), ((90, 6, 1, 0), (90, 54, 1, 2), 0), ((90, 54, 1, 2), (43, 10, 1, 1), 0), ((43, 10, 1, 1), (43, 100, 1, 3), 0), ((43, 100, 1, 3), (58, 4, 1, 0), 0), ((58, 4, 1, 0), (58, 100, 1, 3), 0), ((58, 100, 1, 3), (40, 26, 1, 1), 0), ((40, 26, 1, 1), (40, 77, 1, 2), 0), ((40, 77, 1, 2), (21, 9, 1, 0), 0), ((21, 9, 1, 0), (21, 100, 1, 3), 0), ((21, 100, 1, 3), (36, 10, 1, 1), 0), ((36, 10, 1, 1), (36, 100, 1, 3), 0), ((36, 100, 1, 3), (76, 15, 1, 1), 0), ((76, 15, 1, 1), (76, 39, 1, 1), 0), ((76, 39, 1, 1), (72, 2, 1, 0), 0), ((72, 2, 1, 0), (72, 80, 1, 3), 0), ((72, 80, 1, 3), (49, 0, 1, 0), 0), ((49, 0, 1, 0), (49, 0, 119, 0), 0))
New edge added:  ((28, np.int64(59), np.int64(1), 2), (57, np.int64(6), np.int64(8), 0), 0)  Edge removed:  ((28, 59, 1, 2), (57, 7, 1, 0), 0)
Solution cannot be extended to a feasible solution, updating network...
n[ 18 ] =  1.0
n[ 21 ] =  6.0
n[ 26 ] =  3.0
n[ 31 ] =  6.0
n[ 36 ] =  5.0
n[ 37 ] =  1.0
n[ 39 ] =  1.0
n[ 40 ] =  6.0
n[ 43 ] =  5.0
n[ 50 ] =  1.0
n[ 57 ] =  2.0
n[ 58 ] =  6.0
n[ 67 ] =  1.0
n[ 72 ] =  3.0
n[ 76 ] =  2.0
n[ 82 ] =  1.0
n[ 90 ] =  6.0
'''''''''''''''''
Gurobi Optimizer version 13.0.1 build v13.0.1rc0 (linux64 - "Debian GNU/Linux 12 (bookworm)")

CPU model: Intel(R) Xeon(R) CPU @ 2.20GHz, instruction set [SSE2|AVX|AVX2]
Thread count: 1 physical cores, 2 logical processors, using up to 2 threads

Non-default parameters:
MIPGap  0.05

Academic license 937859 - for non-commercial use only - registered to hp___@cornell.edu
Optimize a model with 698940 rows, 1434466 columns and 3754615 nonzeros (Min)
Model fingerprint: 0x6a411c66
Model has 1032289 linear objective coefficients
Variable types: 0 continuous, 1434466 integer (0 binary)
Coefficient statistics:
  Matrix range     [1e+00, 3e+05]
  Objective range  [6e-01, 8e+02]
  Bounds range     [0e+00, 0e+00]
  RHS range        [1e+00, 5e+00]

MIP start from previous solve did not produce a new incumbent solution
MIP start from previous solve violates constraint flow_bal_load[(57,_np.int64(7),_np.int64(1),_0),2] by 2.000000000

Presolve removed 565391 rows and 777194 columns (presolve time = 5s)...
Presolve removed 569171 rows and 797936 columns
Presolve time: 9.56s
Presolved: 129769 rows, 636530 columns, 1475181 nonzeros
Variable types: 0 continuous, 636530 integer (2007 binary)
Performing another presolve...
Presolve removed 106 rows and 1735 columns (presolve time = 5s)...
Presolve removed 106 rows and 1735 columns
Presolve time: 5.56s

Root simplex log...

Iteration    Objective       Primal Inf.    Dual Inf.      Time
       0      handle free variables                         23s
    5222    7.9403768e+02   5.002436e+01   0.000000e+00     25s
   12227    1.2023608e+03   1.085000e+02   0.000000e+00     30s
   17336    1.7306464e+03   1.891627e+02   0.000000e+00     35s
   20306    1.7848471e+03   4.150000e+01   0.000000e+00     40s
   22266    1.8203359e+03   3.337577e+02   0.000000e+00     45s
   24486    1.8669169e+03   7.078814e+01   0.000000e+00     50s
   26686    1.8898816e+03   1.489153e+02   0.000000e+00     55s
   28526    1.9073695e+03   4.953986e+01   0.000000e+00     60s
   30526    1.9633058e+03   1.807191e+02   0.000000e+00     65s
   32106    1.9849679e+03   1.119579e+02   0.000000e+00     70s
   33556    2.0450327e+03   3.030000e+02   0.000000e+00     75s
   35056    2.1804300e+03   1.027500e+02   0.000000e+00     80s
   36756    2.2774717e+03   1.904340e+02   0.000000e+00     86s
   37766    2.3001632e+03   6.501534e+01   0.000000e+00     90s
   38816    2.3176350e+03   9.469774e+01   0.000000e+00     95s
   40006    2.3377044e+03   1.188896e+02   0.000000e+00    101s
   40936    2.3600976e+03   1.454002e+02   0.000000e+00    105s
   42076    2.3791657e+03   9.579389e+01   0.000000e+00    110s
   42986    2.4042806e+03   1.537877e+02   0.000000e+00    115s
   44136    2.4107725e+03   7.241252e+01   0.000000e+00    120s
   45466    2.4564595e+03   2.082800e+02   0.000000e+00    126s
   46566    2.6083099e+03   9.656000e+01   0.000000e+00    131s
   47686    2.6400091e+03   2.299851e+02   0.000000e+00    135s
   48696    2.6731409e+03   1.802351e+02   0.000000e+00    140s
   49606    2.6748165e+03   1.929159e+02   0.000000e+00    145s
   50746    2.7023524e+03   1.134376e+02   0.000000e+00    150s
   51516    2.7191696e+03   1.422680e+02   0.000000e+00    155s
   53066    2.7804932e+03   3.718383e+02   0.000000e+00    160s
   54536    2.9280506e+03   9.821332e+01   0.000000e+00    165s
   55846    3.0610589e+03   3.203512e+02   0.000000e+00    170s
   57506    3.9479224e+03   4.071806e+02   0.000000e+00    176s
   58896    4.9694301e+03   2.899061e+02   0.000000e+00    180s
   59956    5.0435605e+03   1.991192e+02   0.000000e+00    186s
   60426    5.0682026e+03   7.306351e+02   0.000000e+00    190s
   61326    5.0832762e+03   2.199011e+02   0.000000e+00    195s
   62196    5.1421154e+03   8.070330e+01   0.000000e+00    201s
   63196    5.1656552e+03   1.051667e+02   0.000000e+00    206s
   63726    5.1737654e+03   8.591667e+01   0.000000e+00    210s
   64306    5.1769962e+03   1.199898e+02   0.000000e+00    216s
   64956    5.1929790e+03   8.538362e+01   0.000000e+00    220s
   65846    5.2079816e+03   1.137726e+02   0.000000e+00    226s
   66316    5.2102964e+03   1.196078e+02   0.000000e+00    231s
   66806    5.2129396e+03   2.290507e+02   0.000000e+00    236s
   67156    5.2143471e+03   1.862500e+02   0.000000e+00    241s
   67516    5.2149294e+03   5.486905e+01   0.000000e+00    245s
   67996    5.2150092e+03   2.466667e+01   0.000000e+00    251s
   68202    5.2150753e+03   0.000000e+00   0.000000e+00    253s
   68202    5.2150753e+03   0.000000e+00   0.000000e+00    253s

Root relaxation: objective 5.215075e+03, 68202 iterations, 232.49 seconds (109.89 work units)
Total elapsed time = 253.57s (DegenMoves)

    Nodes    |    Current Node    |     Objective Bounds      |     Work
 Expl Unexpl |  Obj  Depth IntInf | Incumbent    BestBd   Gap | It/Node Time

     0     0 5215.07534    0   51          - 5215.07534      -     -  276s
H    0     0                    5242.3732877 5215.07534  0.52%     -  280s

Explored 1 nodes (117249 simplex iterations) in 280.99 seconds (130.99 work units)
Thread count was 2 (of 2 available processors)

Solution count 1: 5242.37 

Optimal solution found (tolerance 5.00e-02)
Best objective 5.242373287671e+03, best bound 5.215075342466e+03, gap 0.5207%
Iteration:  25
Size of network:  13037  nodes,  238970  edges
Obj Value:  5242.373287671233
a: {}
n: {19: 1.0, 21: 6.0, 23: 1.0, 25: 1.0, 31: 6.0, 36: 5.0, 37: 1.0, 40: 5.0, 43: 6.0, 50: 6.0, 57: 2.0, 58: 6.0, 67: 1.0, 72: 3.0, 82: 1.0, 90: 5.0}
{0: (34.421443, -119.684178), 1: (36.167392, -94.119169), 2: (34.071417, -99.009382), 3: (34.689589, -118.130371), 4: (36.434113, -99.427596), 5: (35.400164, -119.399727), 6: (37.2129649, -93.37103), 7: (30.25011, -93.01142), 8: (36.751521, -96.000152), 9: (35.35468, -94.437379), 10: (38.89357, -94.36045), 11: (33.7885884, -118.2150827), 12: (32.596725, -117.019495), 13: (33.30006, -111.96835), 14: (35.392817, -97.422948), 15: (38.96627, -95.700495), 16: (30.725159, -96.425728), 17: (37.737099, -97.32375), 18: (34.188212, -97.171022), 19: (33.94423, -96.41932), 20: (30.209862, -92.002378), 21: (37.183969, -104.499646), 22: (32.267588, -107.774524), 23: (36.72136, -119.761165), 24: (30.437821, -95.498724), 25: (35.079896, -106.746225), 26: (35.840761, -98.419831), 27: (31.207465, -95.996079), 28: (33.899899, -118.207088), 29: (33.3874378, -110.7609849), 30: (34.02094, -117.385415), 31: (33.603063, -114.598023), 32: (35.189976, -101.706309), 33: (35.853211, -94.989243), 34: (35.004614, -106.032837), 35: (31.151717, -93.265081), 36: (36.706596, -101.443207), 37: (37.069631, -100.905444), 38: (32.62712, -96.74537), 39: (36.075856, -119.043996), 40: (35.65758, -105.993406), 41: (32.181782, -94.334174), 42: (30.330588, -97.701649), 43: (35.01643, -110.675005), 44: (35.25655, -96.671004), 45: (33.3021433, -111.9552863), 46: (36.535661, -97.33916), 47: (32.698465, -97.959695), 48: (33.984094, -106.887526), 49: (32.7658795, -96.8754612), 50: (35.309665, -99.631741), 51: (31.784139, -93.08731), 52: (33.0390751, -117.2841996), 53: (38.164391, -112.278183), 54: (34.4349097, -119.9212861), 55: (31.499498, -97.173412), 56: (33.9541734, -117.5556971), 57: (34.118101, -116.45646), 58: (36.71838, -108.167694), 59: (31.940555, -102.169802), 60: (36.081743, -96.054325), 61: (32.469998, -93.672804), 62: (34.4425082, -119.7812613), 63: (37.648431, -98.094183), 64: (32.448848, -100.439583), 65: (32.627591, -97.314361), 66: (38.54421, -106.92517), 67: (34.886448, -117.079423), 68: (35.9874334, -119.961999), 69: (32.794671, -115.539473), 70: (36.220567, -115.125553), 71: (35.106478, -92.43572), 72: (34.584172, -98.396813), 73: (33.39639, -110.76888), 74: (37.8135094, -119.8800771), 75: (35.87844, -97.392471), 76: (35.490972, -98.967096), 77: (33.8310496, -116.5452277), 78: (32.354553, -95.302495), 79: (37.962455, -100.846437), 80: (32.178328, -110.960207), 81: (38.7747705, -119.9029911), 82: (33.463568, -112.459255), 83: (36.009923, -114.784826), 84: (35.3002628, -119.0381956), 85: (36.249164, -95.333829), 86: (33.6699802, -96.6120405), 87: (38.971499, -92.294316), 88: (32.029056, -93.713243), 89: (33.8722233, -118.2654222), 90: (35.263617, -112.194139), 91: (37.199194, -93.402643), 92: (33.73573, -97.14484), 93: (32.881785, -111.777561), 94: (37.161682, -113.434692), 95: (30.35815, -99.606129), 96: (34.773291, -96.697633), 97: (34.12755, -118.443664), 98: (31.34545, -92.51807), 99: (38.945105, -104.724068), 100: (30.0774, -99.10731)}
x_load_0: {((67, 13, 1, 1), (67, 100, 1, 3), 0): 1.0, ((39, 28, 1, 1), (39, 80, 1, 3), 0): 1.0, ((74, 13, 1, 1), (74, 13, 119, 1), 0): 1.0, ((13, 0, 0, 0), (13, 24, 1, 1), 0): 1.0, ((13, 24, 1, 1), (45, 24, 1, 1), 0): 1.0, ((82, 10, 1, 1), (82, 84, 1, 3), 0): 1.0, ((45, 24, 1, 1), (82, 10, 1, 1), 0): 1.0, ((31, 20, 1, 1), (31, 100, 1, 3), 0): 1.0, ((82, 84, 1, 3), (31, 20, 1, 1), 0): 1.0, ((39, 80, 1, 3), (74, 13, 1, 1), 0): 1.0, ((31, 100, 1, 3), (67, 13, 1, 1), 0): 1.0, ((67, 100, 1, 3), (39, 28, 1, 1), 0): 1.0}
x_ener_0: {((67, 13, 1, 1), (67, 13, 51, 1), 0): 1.0, ((39, 28, 1, 1), (39, 28, 51, 1), 0): 1.0, ((67, 13, 51, 1), (67, 13, 101, 1), 0): 1.0, ((39, 28, 51, 1), (23, 9, 51, 0), 0): 1.0, ((23, 9, 51, 0), (23, 9, 101, 0), 0): 1.0, ((67, 13, 101, 1), (67, 13, 119, 1), 0): 1.0, ((23, 9, 101, 0), (23, 9, 119, 0), 0): 1.0, ((74, 13, 1, 1), (74, 13, 119, 1), 0): 1.0, ((13, 24, 1, 1), (45, 24, 1, 1), 0): 1.0, ((13, 49, 1, 2), (82, 35, 1, 1), 0): 1.0, ((13, 80, 0, 3), (45, 80, 1, 3), 0): 1.0, ((82, 10, 1, 1), (82, 10, 119, 1), 0): 1.0, ((45, 24, 1, 1), (13, 24, 1, 1), 1): 1.0, ((45, 24, 1, 1), (82, 10, 1, 1), 0): 1.0, ((82, 35, 1, 1), (45, 24, 1, 1), 0): 1.0, ((82, 64, 1, 2), (13, 49, 1, 2), 0): 1.0, ((45, 80, 1, 3), (82, 64, 1, 2), 0): 1.0, ((31, 20, 1, 1), (31, 20, 119, 1), 0): 1.0, ((82, 84, 1, 3), (31, 20, 1, 1), 0): 1.0, ((23, 100, 0, 3), (39, 80, 1, 3), 0): 1.0, ((39, 80, 1, 3), (74, 13, 1, 1), 0): 1.0, ((31, 100, 1, 3), (67, 13, 1, 1), 0): 1.0, ((31, 100, 0, 3), (31, 100, 1, 3), 0): 1.0, ((67, 100, 1, 3), (39, 28, 1, 1), 0): 1.0, ((67, 100, 0, 3), (67, 100, 1, 3), 0): 1.0, ((82, 84, 0, 3), (82, 84, 1, 3), 0): 1.0}
(((13, np.int64(0), np.int64(0), 0), (13, 24, 1, 1), 0), ((13, 24, 1, 1), (45, 24, 1, 1), 0), ((45, 24, 1, 1), (82, 10, 1, 1), 0), ((82, 10, 1, 1), (82, 84, 1, 3), 0), ((82, 84, 1, 3), (31, 20, 1, 1), 0), ((31, 20, 1, 1), (31, 100, 1, 3), 0), ((31, 100, 1, 3), (67, 13, 1, 1), 0), ((67, 13, 1, 1), (67, 100, 1, 3), 0), ((67, 100, 1, 3), (39, 28, 1, 1), 0), ((39, 28, 1, 1), (39, 80, 1, 3), 0), ((39, 80, 1, 3), (74, 13, 1, 1), 0), ((74, 13, 1, 1), (74, 13, 119, 1), 0))
New edge added:  ((13, np.int64(24), np.int64(1), 1), (45, np.int64(24), np.int64(2), 1), 0)  Edge removed:  ((13, 24, 1, 1), (45, 24, 1, 1), 0)
x_load_1: {((50, 7, 1, 0), (50, 100, 1, 3), 0): 1.0, ((13, 27, 1, 1), (13, 27, 119, 1), 0): 1.0, ((92, 19, 1, 1), (92, 100, 1, 3), 0): 1.0, ((92, 100, 1, 3), (50, 7, 1, 0), 0): 1.0, ((21, 10, 1, 1), (21, 100, 1, 3), 0): 1.0, ((21, 100, 1, 3), (40, 30, 1, 1), 0): 1.0, ((40, 30, 1, 1), (40, 80, 1, 3), 0): 1.0, ((40, 80, 1, 3), (58, 6, 1, 0), 0): 1.0, ((36, 27, 1, 1), (36, 100, 1, 3), 0): 1.0, ((36, 100, 1, 3), (21, 10, 1, 1), 0): 1.0, ((58, 6, 1, 0), (58, 100, 1, 3), 0): 1.0, ((43, 4, 1, 0), (43, 100, 1, 3), 0): 1.0, ((43, 100, 1, 3), (13, 27, 1, 1), 0): 1.0, ((49, 54, 0, 2), (92, 19, 1, 1), 0): 1.0, ((50, 100, 1, 3), (36, 27, 1, 1), 0): 1.0, ((58, 100, 1, 3), (43, 4, 1, 0), 0): 1.0}
x_ener_1: {((50, 7, 1, 0), (50, 7, 51, 0), 0): 1.0, ((19, 2, 1, 0), (19, 2, 51, 0), 0): 1.0, ((50, 7, 51, 0), (50, 7, 101, 0), 0): 1.0, ((19, 2, 51, 0), (19, 2, 119, 0), 0): 1.0, ((50, 7, 101, 0), (50, 7, 119, 0), 0): 1.0, ((37, 8, 1, 0), (37, 8, 51, 0), 0): 1.0, ((37, 8, 51, 0), (37, 8, 101, 0), 0): 1.0, ((37, 8, 101, 0), (37, 8, 119, 0), 0): 1.0, ((13, 20, 1, 1), (13, 20, 119, 1), 0): 1.0, ((13, 27, 1, 1), (82, 23, 1, 1), 0): 1.0, ((82, 23, 1, 1), (13, 20, 1, 1), 0): 1.0, ((86, 9, 1, 0), (19, 2, 1, 0), 0): 1.0, ((92, 19, 1, 1), (86, 9, 1, 0), 0): 1.0, ((92, 100, 1, 3), (50, 7, 1, 0), 0): 1.0, ((19, 100, 0, 3), (86, 100, 1, 3), 0): 1.0, ((86, 100, 1, 3), (92, 100, 1, 3), 0): 1.0, ((21, 10, 1, 1), (21, 10, 119, 1), 0): 1.0, ((21, 100, 1, 3), (40, 30, 1, 1), 0): 1.0, ((21, 100, 0, 3), (21, 100, 1, 3), 0): 1.0, ((40, 30, 1, 1), (25, 0, 1, 0), 0): 1.0, ((25, 100, 1, 3), (40, 80, 1, 3), 0): 1.0, ((25, 100, 0, 3), (25, 100, 1, 3), 0): 1.0, ((40, 80, 1, 3), (58, 6, 1, 0), 0): 1.0, ((25, 0, 1, 0), (25, 0, 119, 0), 0): 1.0, ((76, 100, 1, 3), (50, 100, 1, 3), 0): 1.0, ((36, 27, 1, 1), (37, 8, 1, 0), 0): 1.0, ((36, 100, 1, 3), (21, 10, 1, 1), 0): 1.0, ((36, 100, 0, 3), (36, 100, 1, 3), 0): 1.0, ((58, 6, 1, 0), (58, 6, 119, 0), 0): 1.0, ((43, 4, 1, 0), (43, 4, 119, 0), 0): 1.0, ((43, 100, 1, 3), (13, 27, 1, 1), 0): 1.0, ((43, 100, 0, 3), (43, 100, 1, 3), 0): 1.0, ((49, 54, 0, 2), (92, 19, 1, 1), 0): 1.0, ((50, 100, 1, 3), (36, 27, 1, 1), 0): 1.0, ((50, 100, 0, 3), (76, 100, 1, 3), 0): 1.0, ((58, 100, 1, 3), (43, 4, 1, 0), 0): 1.0, ((58, 100, 0, 3), (58, 100, 1, 3), 0): 1.0}
(((49, np.int64(54), np.int64(0), 2), (92, 19, 1, 1), 0), ((92, 19, 1, 1), (92, 100, 1, 3), 0), ((92, 100, 1, 3), (50, 7, 1, 0), 0), ((50, 7, 1, 0), (50, 100, 1, 3), 0), ((50, 100, 1, 3), (36, 27, 1, 1), 0), ((36, 27, 1, 1), (36, 100, 1, 3), 0), ((36, 100, 1, 3), (21, 10, 1, 1), 0), ((21, 10, 1, 1), (21, 100, 1, 3), 0), ((21, 100, 1, 3), (40, 30, 1, 1), 0), ((40, 30, 1, 1), (40, 80, 1, 3), 0), ((40, 80, 1, 3), (58, 6, 1, 0), 0), ((58, 6, 1, 0), (58, 100, 1, 3), 0), ((58, 100, 1, 3), (43, 4, 1, 0), 0), ((43, 4, 1, 0), (43, 100, 1, 3), 0), ((43, 100, 1, 3), (13, 27, 1, 1), 0), ((13, 27, 1, 1), (13, 27, 119, 1), 0))
New edge added:  ((49, np.int64(54), np.int64(0), 2), (92, np.int64(18), np.int64(5), 1), 0)  Edge removed:  ((49, np.int64(54), np.int64(0), 2), (92, 19, 1, 1), 0)
x_load_2: {((57, 10, 1, 1), (57, 67, 1, 2), 0): 2.0, ((28, 61, 1, 2), (57, 10, 1, 1), 0): 2.0, ((72, 2, 1, 0), (72, 80, 1, 3), 0): 3.0, ((76, 15, 1, 1), (76, 39, 1, 1), 0): 3.0, ((76, 15, 1, 1), (76, 100, 1, 3), 0): 2.0, ((76, 39, 1, 1), (72, 2, 1, 0), 0): 3.0, ((49, 0, 1, 0), (49, 0, 119, 0), 0): 5.0, ((72, 63, 1, 2), (72, 80, 1, 3), 0): 2.0, ((57, 67, 1, 2), (31, 10, 1, 1), 0): 2.0, ((30, 95, 1, 3), (31, 10, 1, 1), 0): 3.0, ((31, 10, 1, 1), (31, 100, 1, 3), 0): 5.0, ((90, 54, 1, 2), (43, 10, 1, 1), 0): 5.0, ((21, 9, 1, 0), (21, 100, 1, 3), 0): 5.0, ((21, 100, 1, 3), (36, 10, 1, 1), 0): 5.0, ((36, 10, 1, 1), (36, 100, 1, 3), 0): 5.0, ((58, 80, 1, 3), (40, 6, 1, 0), 0): 5.0, ((76, 100, 1, 3), (72, 63, 1, 2), 0): 2.0, ((28, 49, 0, 2), (28, 61, 1, 2), 0): 2.0, ((28, 100, 0, 3), (30, 75, 1, 2), 0): 3.0, ((30, 75, 1, 2), (30, 95, 1, 3), 0): 3.0, ((43, 10, 1, 1), (43, 100, 1, 3), 0): 5.0, ((31, 100, 1, 3), (90, 6, 1, 0), 0): 5.0, ((90, 6, 1, 0), (90, 54, 1, 2), 0): 5.0, ((40, 6, 1, 0), (40, 77, 1, 2), 0): 5.0, ((40, 77, 1, 2), (21, 9, 1, 0), 0): 5.0, ((36, 100, 1, 3), (76, 15, 1, 1), 0): 5.0, ((58, 4, 1, 0), (58, 80, 1, 3), 0): 5.0, ((43, 100, 1, 3), (58, 4, 1, 0), 0): 5.0, ((72, 80, 1, 3), (49, 0, 1, 0), 0): 5.0}
x_ener_2: {((57, 10, 1, 1), (57, 10, 119, 1), 0): 2.0, ((28, 61, 1, 2), (57, 10, 1, 1), 0): 2.0, ((72, 2, 1, 0), (72, 2, 119, 0), 0): 3.0, ((50, 4, 1, 0), (50, 4, 51, 0), 0): 5.0, ((76, 15, 1, 1), (50, 4, 1, 0), 0): 5.0, ((76, 39, 1, 1), (72, 2, 1, 0), 0): 3.0, ((49, 0, 1, 0), (49, 0, 119, 0), 0): 5.0, ((72, 63, 1, 2), (76, 39, 1, 1), 0): 3.0, ((50, 4, 51, 0), (50, 4, 119, 0), 0): 5.0, ((57, 67, 1, 2), (31, 10, 1, 1), 0): 2.0, ((56, 73, 1, 2), (28, 61, 1, 2), 0): 2.0, ((30, 95, 1, 3), (31, 10, 1, 1), 0): 3.0, ((31, 10, 1, 1), (31, 10, 51, 1), 0): 5.0, ((90, 54, 1, 2), (43, 10, 1, 1), 0): 5.0, ((31, 10, 51, 1), (31, 10, 119, 1), 0): 5.0, ((21, 9, 1, 0), (21, 9, 119, 0), 0): 5.0, ((21, 100, 1, 3), (36, 10, 1, 1), 0): 5.0, ((21, 100, 0, 3), (21, 100, 1, 3), 0): 5.0, ((36, 10, 1, 1), (36, 10, 119, 1), 0): 5.0, ((34, 100, 1, 3), (40, 77, 1, 2), 0): 5.0, ((58, 80, 1, 3), (40, 6, 1, 0), 0): 5.0, ((76, 100, 1, 3), (72, 63, 1, 2), 0): 3.0, ((76, 100, 1, 3), (72, 80, 1, 3), 0): 2.0, ((28, 100, 0, 3), (30, 75, 1, 2), 0): 4.0, ((28, 100, 0, 3), (30, 95, 1, 3), 0): 1.0, ((30, 75, 1, 2), (56, 73, 1, 2), 0): 2.0, ((30, 75, 1, 2), (57, 67, 1, 2), 0): 2.0, ((43, 10, 1, 1), (43, 10, 119, 1), 0): 5.0, ((31, 100, 1, 3), (90, 6, 1, 0), 0): 5.0, ((31, 100, 0, 3), (31, 100, 1, 3), 0): 5.0, ((90, 6, 1, 0), (90, 6, 51, 0), 0): 5.0, ((90, 6, 51, 0), (90, 6, 101, 0), 0): 5.0, ((90, 6, 101, 0), (90, 6, 119, 0), 0): 5.0, ((40, 6, 1, 0), (40, 6, 51, 0), 0): 5.0, ((40, 77, 1, 2), (21, 9, 1, 0), 0): 5.0, ((40, 6, 51, 0), (40, 6, 101, 0), 0): 5.0, ((40, 6, 101, 0), (40, 6, 119, 0), 0): 5.0, ((36, 100, 1, 3), (76, 15, 1, 1), 0): 5.0, ((36, 100, 0, 3), (37, 100, 1, 3), 0): 4.0, ((37, 100, 1, 3), (36, 100, 1, 3), 0): 4.0, ((37, 100, 0, 3), (36, 100, 1, 3), 0): 1.0, ((58, 4, 1, 0), (58, 4, 51, 0), 0): 5.0, ((40, 100, 0, 3), (34, 100, 1, 3), 0): 5.0, ((58, 4, 51, 0), (58, 4, 101, 0), 0): 5.0, ((58, 4, 101, 0), (58, 4, 119, 0), 0): 5.0, ((43, 100, 1, 3), (58, 4, 1, 0), 0): 5.0, ((43, 100, 0, 3), (43, 100, 1, 3), 0): 5.0, ((50, 100, 0, 3), (76, 100, 1, 3), 0): 5.0, ((57, 100, 0, 3), (30, 95, 1, 3), 0): 2.0, ((58, 80, 0, 3), (58, 80, 1, 3), 0): 5.0, ((72, 80, 1, 3), (49, 0, 1, 0), 0): 5.0, ((72, 80, 0, 3), (72, 80, 1, 3), 0): 3.0, ((90, 54, 0, 2), (90, 54, 1, 2), 0): 5.0}
(((28, np.int64(49), np.int64(0), 2), (28, 61, 1, 2), 0), ((28, 61, 1, 2), (57, 10, 1, 1), 0), ((57, 10, 1, 1), (57, 67, 1, 2), 0), ((57, 67, 1, 2), (31, 10, 1, 1), 0), ((31, 10, 1, 1), (31, 100, 1, 3), 0), ((31, 100, 1, 3), (90, 6, 1, 0), 0), ((90, 6, 1, 0), (90, 54, 1, 2), 0), ((90, 54, 1, 2), (43, 10, 1, 1), 0), ((43, 10, 1, 1), (43, 100, 1, 3), 0), ((43, 100, 1, 3), (58, 4, 1, 0), 0), ((58, 4, 1, 0), (58, 80, 1, 3), 0), ((58, 80, 1, 3), (40, 6, 1, 0), 0), ((40, 6, 1, 0), (40, 77, 1, 2), 0), ((40, 77, 1, 2), (21, 9, 1, 0), 0), ((21, 9, 1, 0), (21, 100, 1, 3), 0), ((21, 100, 1, 3), (36, 10, 1, 1), 0), ((36, 10, 1, 1), (36, 100, 1, 3), 0), ((36, 100, 1, 3), (76, 15, 1, 1), 0), ((76, 15, 1, 1), (76, 39, 1, 1), 0), ((76, 39, 1, 1), (72, 2, 1, 0), 0), ((72, 2, 1, 0), (72, 80, 1, 3), 0), ((72, 80, 1, 3), (49, 0, 1, 0), 0), ((49, 0, 1, 0), (49, 0, 119, 0), 0))
New edge added:  ((28, np.int64(61), np.int64(1), 2), (57, np.int64(8), np.int64(8), 0), 0)  Edge removed:  ((28, 61, 1, 2), (57, 10, 1, 1), 0)
Solution cannot be extended to a feasible solution, updating network...
n[ 19 ] =  1.0
n[ 21 ] =  6.0
n[ 23 ] =  1.0
n[ 25 ] =  1.0
n[ 31 ] =  6.0
n[ 36 ] =  5.0
n[ 37 ] =  1.0
n[ 40 ] =  5.0
n[ 43 ] =  6.0
n[ 50 ] =  6.0
n[ 57 ] =  2.0
n[ 58 ] =  6.0
n[ 67 ] =  1.0
n[ 72 ] =  3.0
n[ 82 ] =  1.0
n[ 90 ] =  5.0
'''''''''''''''''
Gurobi Optimizer version 13.0.1 build v13.0.1rc0 (linux64 - "Debian GNU/Linux 12 (bookworm)")

CPU model: Intel(R) Xeon(R) CPU @ 2.20GHz, instruction set [SSE2|AVX|AVX2]
Thread count: 1 physical cores, 2 logical processors, using up to 2 threads

Non-default parameters:
MIPGap  0.05

Academic license 937859 - for non-commercial use only - registered to hp___@cornell.edu
Optimize a model with 699222 rows, 1435030 columns and 3760243 nonzeros (Min)
Model fingerprint: 0x2672a26a
Model has 1032730 linear objective coefficients
Variable types: 0 continuous, 1435030 integer (0 binary)
Coefficient statistics:
  Matrix range     [1e+00, 3e+05]
  Objective range  [6e-01, 8e+02]
  Bounds range     [0e+00, 0e+00]
  RHS range        [1e+00, 5e+00]

MIP start from previous solve did not produce a new incumbent solution
MIP start from previous solve violates constraint flow_bal_load[(57,_np.int64(10),_np.int64(1),_1),2] by 2.000000000
Processed MIP start in 1.16 seconds (0.35 work units)

Presolve removed 565651 rows and 778638 columns (presolve time = 5s)...
Presolve removed 569422 rows and 798315 columns
Presolve time: 9.32s
Presolved: 129800 rows, 636715 columns, 1475532 nonzeros
Variable types: 0 continuous, 636715 integer (2009 binary)
Performing another presolve...
Presolve removed 104 rows and 1762 columns (presolve time = 5s)...
Presolve removed 104 rows and 1762 columns
Presolve time: 5.39s

Root simplex log...

Iteration    Objective       Primal Inf.    Dual Inf.      Time
       0      handle free variables                         23s
    6132    8.2219950e+02   7.008219e+01   0.000000e+00     25s
   11805    1.1620925e+03   1.155000e+02   0.000000e+00     30s
   16926    1.7220325e+03   2.480960e+02   0.000000e+00     35s
   19856    1.7943436e+03   1.086667e+02   0.000000e+00     40s
   21926    1.8593288e+03   9.350000e+01   0.000000e+00     45s
   24016    1.8797482e+03   2.405592e+02   0.000000e+00     50s
   26056    1.8969852e+03   9.366243e+01   0.000000e+00     55s
   27916    1.9465950e+03   2.985000e+02   0.000000e+00     60s
   29776    1.9771061e+03   2.378769e+02   0.000000e+00     65s
   31406    2.0012612e+03   5.249606e+01   0.000000e+00     70s
   33116    2.0435193e+03   1.293644e+02   0.000000e+00     75s
   34496    2.2402199e+03   2.265000e+02   0.000000e+00     80s
   35526    2.2614631e+03   1.352500e+02   0.000000e+00     85s
   36646    2.2947669e+03   1.589353e+02   0.000000e+00     90s
   37966    2.3179953e+03   3.068588e+02   0.000000e+00     95s
   39176    2.3350675e+03   8.552679e+01   0.000000e+00    100s
   40366    2.3614899e+03   1.971557e+02   0.000000e+00    105s
   41556    2.3755287e+03   1.127362e+02   0.000000e+00    110s
   42536    2.3922483e+03   6.497867e+02   0.000000e+00    116s
   43626    2.4092936e+03   4.028056e+02   0.000000e+00    121s
   44496    2.4402027e+03   3.501535e+02   0.000000e+00    126s
   45526    2.5127700e+03   3.429014e+02   0.000000e+00    131s
   46546    2.6364136e+03   1.639531e+02   0.000000e+00    135s
   47846    2.6730643e+03   2.752031e+02   0.000000e+00    140s
   48816    2.6740575e+03   2.652031e+02   0.000000e+00    146s
   49896    2.6960943e+03   2.261807e+02   0.000000e+00    151s
   50846    2.7144704e+03   1.560319e+02   0.000000e+00    155s
   52196    2.7677605e+03   2.498666e+02   0.000000e+00    160s
   53066    2.7935185e+03   2.243606e+02   0.000000e+00    165s
   54336    2.8485270e+03   1.251254e+02   0.000000e+00    170s
   54996    2.8514921e+03   5.101609e+02   0.000000e+00    175s
   56466    2.9827753e+03   5.719444e+02   0.000000e+00    181s
   57976    3.1874289e+03   4.028845e+02   0.000000e+00    186s
   59096    3.9625769e+03   3.917449e+02   0.000000e+00    190s
   60446    5.0222761e+03   5.738832e+02   0.000000e+00    195s
   61106    5.0404986e+03   1.515039e+03   0.000000e+00    200s
   62046    5.0589276e+03   1.548827e+03   0.000000e+00    206s
   62516    5.0685927e+03   1.309333e+03   0.000000e+00    210s
   63176    5.0822235e+03   3.098872e+02   0.000000e+00    216s
   63826    5.1291004e+03   2.681244e+02   0.000000e+00    221s
   64466    5.1318069e+03   1.172500e+02   0.000000e+00    226s
   65006    5.1394916e+03   1.204453e+02   0.000000e+00    230s
   65666    5.1617112e+03   9.426165e+01   0.000000e+00    236s
   66136    5.1830999e+03   6.673472e+01   0.000000e+00    241s
   66696    5.2027056e+03   2.236586e+02   0.000000e+00    245s
   67176    5.2082325e+03   6.477682e+01   0.000000e+00    251s
   67636    5.2106046e+03   4.459687e+01   0.000000e+00    256s
   68006    5.2121132e+03   3.444734e+02   0.000000e+00    260s
   68656    5.2140670e+03   8.270738e+01   0.000000e+00    266s
   69006    5.2150589e+03   2.716667e+01   0.000000e+00    270s
   69081    5.2151084e+03   0.000000e+00   0.000000e+00    271s
   69081    5.2151084e+03   0.000000e+00   0.000000e+00    272s

Root relaxation: objective 5.215108e+03, 69081 iterations, 251.07 seconds (115.90 work units)
Total elapsed time = 271.63s (DegenMoves)

    Nodes    |    Current Node    |     Objective Bounds      |     Work
 Expl Unexpl |  Obj  Depth IntInf | Incumbent    BestBd   Gap | It/Node Time

     0     0 5215.10845    0   48          - 5215.10845      -     -  303s
H    0     0                    5235.6232877 5215.10845  0.39%     -  308s

Explored 1 nodes (125548 simplex iterations) in 308.13 seconds (139.70 work units)
Thread count was 2 (of 2 available processors)

Solution count 1: 5235.62 

Optimal solution found (tolerance 5.00e-02)
Best objective 5.235623287671e+03, best bound 5.215108447489e+03, gap 0.3918%
Iteration:  26
Size of network:  13049  nodes,  239060  edges
Obj Value:  5235.623287671233
a: {}
n: {21: 6.0, 25: 5.0, 31: 6.0, 36: 6.0, 39: 1.0, 40: 1.0, 43: 6.0, 50: 6.0, 57: 2.0, 58: 6.0, 67: 1.0, 72: 3.0, 82: 1.0, 90: 5.0, 92: 1.0}
{0: (34.421443, -119.684178), 1: (36.167392, -94.119169), 2: (34.071417, -99.009382), 3: (34.689589, -118.130371), 4: (36.434113, -99.427596), 5: (35.400164, -119.399727), 6: (37.2129649, -93.37103), 7: (30.25011, -93.01142), 8: (36.751521, -96.000152), 9: (35.35468, -94.437379), 10: (38.89357, -94.36045), 11: (33.7885884, -118.2150827), 12: (32.596725, -117.019495), 13: (33.30006, -111.96835), 14: (35.392817, -97.422948), 15: (38.96627, -95.700495), 16: (30.725159, -96.425728), 17: (37.737099, -97.32375), 18: (34.188212, -97.171022), 19: (33.94423, -96.41932), 20: (30.209862, -92.002378), 21: (37.183969, -104.499646), 22: (32.267588, -107.774524), 23: (36.72136, -119.761165), 24: (30.437821, -95.498724), 25: (35.079896, -106.746225), 26: (35.840761, -98.419831), 27: (31.207465, -95.996079), 28: (33.899899, -118.207088), 29: (33.3874378, -110.7609849), 30: (34.02094, -117.385415), 31: (33.603063, -114.598023), 32: (35.189976, -101.706309), 33: (35.853211, -94.989243), 34: (35.004614, -106.032837), 35: (31.151717, -93.265081), 36: (36.706596, -101.443207), 37: (37.069631, -100.905444), 38: (32.62712, -96.74537), 39: (36.075856, -119.043996), 40: (35.65758, -105.993406), 41: (32.181782, -94.334174), 42: (30.330588, -97.701649), 43: (35.01643, -110.675005), 44: (35.25655, -96.671004), 45: (33.3021433, -111.9552863), 46: (36.535661, -97.33916), 47: (32.698465, -97.959695), 48: (33.984094, -106.887526), 49: (32.7658795, -96.8754612), 50: (35.309665, -99.631741), 51: (31.784139, -93.08731), 52: (33.0390751, -117.2841996), 53: (38.164391, -112.278183), 54: (34.4349097, -119.9212861), 55: (31.499498, -97.173412), 56: (33.9541734, -117.5556971), 57: (34.118101, -116.45646), 58: (36.71838, -108.167694), 59: (31.940555, -102.169802), 60: (36.081743, -96.054325), 61: (32.469998, -93.672804), 62: (34.4425082, -119.7812613), 63: (37.648431, -98.094183), 64: (32.448848, -100.439583), 65: (32.627591, -97.314361), 66: (38.54421, -106.92517), 67: (34.886448, -117.079423), 68: (35.9874334, -119.961999), 69: (32.794671, -115.539473), 70: (36.220567, -115.125553), 71: (35.106478, -92.43572), 72: (34.584172, -98.396813), 73: (33.39639, -110.76888), 74: (37.8135094, -119.8800771), 75: (35.87844, -97.392471), 76: (35.490972, -98.967096), 77: (33.8310496, -116.5452277), 78: (32.354553, -95.302495), 79: (37.962455, -100.846437), 80: (32.178328, -110.960207), 81: (38.7747705, -119.9029911), 82: (33.463568, -112.459255), 83: (36.009923, -114.784826), 84: (35.3002628, -119.0381956), 85: (36.249164, -95.333829), 86: (33.6699802, -96.6120405), 87: (38.971499, -92.294316), 88: (32.029056, -93.713243), 89: (33.8722233, -118.2654222), 90: (35.263617, -112.194139), 91: (37.199194, -93.402643), 92: (33.73573, -97.14484), 93: (32.881785, -111.777561), 94: (37.161682, -113.434692), 95: (30.35815, -99.606129), 96: (34.773291, -96.697633), 97: (34.12755, -118.443664), 98: (31.34545, -92.51807), 99: (38.945105, -104.724068), 100: (30.0774, -99.10731)}
x_load_0: {((67, 13, 1, 1), (67, 100, 1, 3), 0): 1.0, ((39, 28, 1, 1), (39, 73, 1, 2), 0): 1.0, ((74, 6, 1, 0), (74, 6, 119, 0), 0): 1.0, ((13, 80, 0, 3), (45, 80, 1, 3), 0): 1.0, ((82, 64, 1, 2), (82, 84, 1, 3), 0): 1.0, ((45, 80, 1, 3), (82, 64, 1, 2), 0): 1.0, ((31, 20, 1, 1), (31, 100, 1, 3), 0): 1.0, ((82, 84, 1, 3), (31, 20, 1, 1), 0): 1.0, ((31, 100, 1, 3), (67, 13, 1, 1), 0): 1.0, ((39, 73, 1, 2), (74, 6, 1, 0), 0): 1.0, ((67, 100, 1, 3), (39, 28, 1, 1), 0): 1.0}
x_ener_0: {((67, 13, 1, 1), (67, 13, 119, 1), 0): 1.0, ((39, 28, 1, 1), (39, 28, 119, 1), 0): 1.0, ((74, 6, 1, 0), (74, 6, 51, 0), 0): 1.0, ((68, 100, 1, 3), (39, 73, 1, 2), 0): 1.0, ((74, 6, 51, 0), (74, 6, 101, 0), 0): 1.0, ((74, 6, 101, 0), (74, 6, 119, 0), 0): 1.0, ((13, 20, 1, 1), (82, 10, 1, 1), 0): 1.0, ((13, 49, 1, 2), (82, 35, 1, 1), 0): 1.0, ((13, 64, 1, 2), (93, 64, 1, 2), 0): 1.0, ((13, 80, 0, 3), (45, 80, 1, 3), 0): 1.0, ((82, 10, 1, 1), (82, 10, 51, 1), 0): 1.0, ((82, 35, 1, 1), (13, 20, 1, 1), 0): 1.0, ((82, 64, 1, 2), (13, 64, 1, 2), 0): 1.0, ((93, 64, 1, 2), (13, 49, 1, 2), 0): 1.0, ((45, 80, 1, 3), (82, 64, 1, 2), 0): 1.0, ((31, 20, 1, 1), (31, 20, 119, 1), 0): 1.0, ((82, 84, 1, 3), (31, 20, 1, 1), 0): 1.0, ((82, 10, 51, 1), (82, 10, 101, 1), 0): 1.0, ((82, 10, 101, 1), (82, 10, 119, 1), 0): 1.0, ((31, 100, 1, 3), (67, 13, 1, 1), 0): 1.0, ((31, 100, 0, 3), (31, 100, 1, 3), 0): 1.0, ((39, 73, 1, 2), (74, 6, 1, 0), 0): 1.0, ((39, 100, 0, 3), (68, 100, 1, 3), 0): 1.0, ((67, 100, 1, 3), (39, 28, 1, 1), 0): 1.0, ((67, 100, 0, 3), (67, 100, 1, 3), 0): 1.0, ((82, 84, 0, 3), (82, 84, 1, 3), 0): 1.0}
(((13, np.int64(80), np.int64(0), 3), (45, 80, 1, 3), 0), ((45, 80, 1, 3), (82, 64, 1, 2), 0), ((82, 64, 1, 2), (82, 84, 1, 3), 0), ((82, 84, 1, 3), (31, 20, 1, 1), 0), ((31, 20, 1, 1), (31, 100, 1, 3), 0), ((31, 100, 1, 3), (67, 13, 1, 1), 0), ((67, 13, 1, 1), (67, 100, 1, 3), 0), ((67, 100, 1, 3), (39, 28, 1, 1), 0), ((39, 28, 1, 1), (39, 73, 1, 2), 0), ((39, 73, 1, 2), (74, 6, 1, 0), 0), ((74, 6, 1, 0), (74, 6, 119, 0), 0))
New edge added:  ((45, np.int64(80), np.int64(1), 3), (82, np.int64(64), np.int64(3), 2), 0)  Edge removed:  ((45, 80, 1, 3), (82, 64, 1, 2), 0)
x_load_1: {((50, 7, 1, 0), (50, 80, 1, 3), 0): 1.0, ((92, 4, 1, 0), (92, 100, 1, 3), 0): 1.0, ((50, 80, 1, 3), (36, 7, 1, 0), 0): 1.0, ((13, 27, 1, 1), (13, 27, 119, 1), 0): 1.0, ((92, 100, 1, 3), (50, 7, 1, 0), 0): 1.0, ((21, 10, 1, 1), (21, 80, 1, 3), 0): 1.0, ((21, 80, 1, 3), (40, 10, 1, 1), 0): 1.0, ((40, 10, 1, 1), (40, 77, 1, 2), 0): 1.0, ((36, 7, 1, 0), (36, 100, 1, 3), 0): 1.0, ((40, 77, 1, 2), (58, 4, 1, 0), 0): 1.0, ((36, 100, 1, 3), (21, 10, 1, 1), 0): 1.0, ((58, 4, 1, 0), (58, 100, 1, 3), 0): 1.0, ((43, 4, 1, 0), (43, 100, 1, 3), 0): 1.0, ((43, 100, 1, 3), (13, 27, 1, 1), 0): 1.0, ((49, 40, 0, 2), (92, 4, 1, 0), 0): 1.0, ((58, 100, 1, 3), (43, 4, 1, 0), 0): 1.0}
x_ener_1: {((50, 7, 1, 0), (50, 7, 119, 0), 0): 1.0, ((92, 4, 1, 0), (92, 4, 51, 0), 0): 1.0, ((50, 80, 1, 3), (36, 7, 1, 0), 0): 1.0, ((76, 80, 1, 3), (50, 80, 1, 3), 0): 1.0, ((92, 4, 51, 0), (92, 4, 119, 0), 0): 1.0, ((13, 20, 1, 1), (13, 20, 119, 1), 0): 1.0, ((13, 27, 1, 1), (82, 23, 1, 1), 0): 1.0, ((82, 23, 1, 1), (13, 20, 1, 1), 0): 1.0, ((18, 100, 1, 3), (92, 100, 1, 3), 0): 1.0, ((92, 100, 1, 3), (50, 7, 1, 0), 0): 1.0, ((21, 10, 1, 1), (21, 10, 51, 1), 0): 1.0, ((21, 80, 1, 3), (40, 10, 1, 1), 0): 1.0, ((21, 80, 0, 3), (21, 80, 1, 3), 0): 1.0, ((40, 10, 1, 1), (40, 10, 51, 1), 0): 1.0, ((21, 10, 51, 1), (21, 10, 101, 1), 0): 1.0, ((40, 10, 51, 1), (40, 10, 119, 1), 0): 1.0, ((21, 10, 101, 1), (21, 10, 119, 1), 0): 1.0, ((34, 100, 1, 3), (40, 77, 1, 2), 0): 1.0, ((36, 7, 1, 0), (36, 7, 119, 0), 0): 1.0, ((40, 77, 1, 2), (58, 4, 1, 0), 0): 1.0, ((36, 100, 1, 3), (21, 10, 1, 1), 0): 1.0, ((36, 100, 0, 3), (36, 100, 1, 3), 0): 1.0, ((58, 4, 1, 0), (58, 4, 51, 0), 0): 1.0, ((40, 100, 0, 3), (34, 100, 1, 3), 0): 1.0, ((58, 4, 51, 0), (58, 4, 119, 0), 0): 1.0, ((43, 4, 1, 0), (43, 4, 119, 0), 0): 1.0, ((43, 100, 1, 3), (13, 27, 1, 1), 0): 1.0, ((43, 100, 0, 3), (43, 100, 1, 3), 0): 1.0, ((49, 40, 0, 2), (92, 4, 1, 0), 0): 1.0, ((50, 80, 0, 3), (76, 80, 1, 3), 0): 1.0, ((58, 100, 1, 3), (43, 4, 1, 0), 0): 1.0, ((58, 100, 0, 3), (58, 100, 1, 3), 0): 1.0, ((92, 100, 0, 3), (18, 100, 1, 3), 0): 1.0}
(((49, np.int64(40), np.int64(0), 2), (92, 4, 1, 0), 0), ((92, 4, 1, 0), (92, 100, 1, 3), 0), ((92, 100, 1, 3), (50, 7, 1, 0), 0), ((50, 7, 1, 0), (50, 80, 1, 3), 0), ((50, 80, 1, 3), (36, 7, 1, 0), 0), ((36, 7, 1, 0), (36, 100, 1, 3), 0), ((36, 100, 1, 3), (21, 10, 1, 1), 0), ((21, 10, 1, 1), (21, 80, 1, 3), 0), ((21, 80, 1, 3), (40, 10, 1, 1), 0), ((40, 10, 1, 1), (40, 77, 1, 2), 0), ((40, 77, 1, 2), (58, 4, 1, 0), 0), ((58, 4, 1, 0), (58, 100, 1, 3), 0), ((58, 100, 1, 3), (43, 4, 1, 0), 0), ((43, 4, 1, 0), (43, 100, 1, 3), 0), ((43, 100, 1, 3), (13, 27, 1, 1), 0), ((13, 27, 1, 1), (13, 27, 119, 1), 0))
New edge added:  ((49, np.int64(40), np.int64(0), 2), (92, np.int64(4), np.int64(5), 0), 0)  Edge removed:  ((49, np.int64(40), np.int64(0), 2), (92, 4, 1, 0), 0)
x_load_2: {((57, 3, 1, 0), (57, 67, 1, 2), 0): 2.0, ((72, 2, 1, 0), (72, 80, 1, 3), 0): 3.0, ((76, 15, 1, 1), (76, 39, 1, 1), 0): 3.0, ((76, 15, 1, 1), (76, 100, 1, 3), 0): 2.0, ((76, 39, 1, 1), (72, 2, 1, 0), 0): 3.0, ((49, 0, 1, 0), (49, 0, 119, 0), 0): 5.0, ((72, 63, 1, 2), (72, 80, 1, 3), 0): 2.0, ((28, 55, 1, 2), (57, 3, 1, 0), 0): 2.0, ((57, 67, 1, 2), (31, 10, 1, 1), 0): 2.0, ((30, 95, 1, 3), (31, 10, 1, 1), 0): 3.0, ((31, 10, 1, 1), (31, 100, 1, 3), 0): 5.0, ((90, 54, 1, 2), (43, 10, 1, 1), 0): 5.0, ((21, 30, 1, 1), (21, 100, 1, 3), 0): 5.0, ((21, 100, 1, 3), (36, 10, 1, 1), 0): 5.0, ((36, 10, 1, 1), (36, 100, 1, 3), 0): 5.0, ((40, 26, 1, 1), (40, 100, 1, 3), 0): 5.0, ((76, 100, 1, 3), (72, 63, 1, 2), 0): 2.0, ((28, 30, 0, 1), (28, 55, 1, 2), 0): 2.0, ((28, 100, 0, 3), (30, 75, 1, 2), 0): 3.0, ((30, 75, 1, 2), (30, 95, 1, 3), 0): 3.0, ((43, 10, 1, 1), (43, 100, 1, 3), 0): 5.0, ((31, 100, 1, 3), (90, 6, 1, 0), 0): 5.0, ((90, 6, 1, 0), (90, 54, 1, 2), 0): 5.0, ((40, 100, 1, 3), (21, 30, 1, 1), 0): 5.0, ((36, 100, 1, 3), (76, 15, 1, 1), 0): 5.0, ((58, 4, 1, 0), (58, 100, 1, 3), 0): 5.0, ((43, 100, 1, 3), (58, 4, 1, 0), 0): 5.0, ((58, 100, 1, 3), (40, 26, 1, 1), 0): 5.0, ((72, 80, 1, 3), (49, 0, 1, 0), 0): 5.0}
x_ener_2: {((57, 3, 1, 0), (57, 3, 119, 0), 0): 2.0, ((72, 2, 1, 0), (72, 2, 119, 0), 0): 3.0, ((50, 4, 1, 0), (50, 4, 51, 0), 0): 5.0, ((76, 15, 1, 1), (50, 4, 1, 0), 0): 5.0, ((76, 39, 1, 1), (72, 2, 1, 0), 0): 3.0, ((49, 0, 1, 0), (49, 0, 119, 0), 0): 5.0, ((72, 63, 1, 2), (76, 39, 1, 1), 0): 3.0, ((50, 4, 51, 0), (50, 4, 119, 0), 0): 5.0, ((28, 55, 1, 2), (57, 3, 1, 0), 0): 2.0, ((57, 67, 1, 2), (31, 10, 1, 1), 0): 2.0, ((56, 73, 1, 2), (28, 55, 1, 2), 0): 2.0, ((30, 95, 1, 3), (31, 10, 1, 1), 0): 3.0, ((31, 10, 1, 1), (31, 10, 51, 1), 0): 5.0, ((90, 54, 1, 2), (43, 10, 1, 1), 0): 5.0, ((31, 10, 51, 1), (31, 10, 119, 1), 0): 5.0, ((21, 30, 1, 1), (21, 30, 51, 1), 0): 5.0, ((21, 100, 1, 3), (36, 10, 1, 1), 0): 5.0, ((21, 100, 0, 3), (21, 100, 1, 3), 0): 5.0, ((36, 10, 1, 1), (36, 10, 51, 1), 0): 5.0, ((21, 30, 51, 1), (21, 30, 119, 1), 0): 5.0, ((36, 10, 51, 1), (36, 10, 101, 1), 0): 5.0, ((36, 10, 101, 1), (36, 10, 119, 1), 0): 5.0, ((25, 8, 1, 0), (25, 8, 119, 0), 0): 5.0, ((40, 26, 1, 1), (25, 8, 1, 0), 0): 5.0, ((25, 100, 0, 3), (34, 100, 1, 3), 0): 5.0, ((34, 100, 1, 3), (40, 100, 1, 3), 0): 5.0, ((76, 100, 1, 3), (72, 63, 1, 2), 0): 3.0, ((76, 100, 1, 3), (72, 80, 1, 3), 0): 2.0, ((28, 100, 0, 3), (30, 75, 1, 2), 0): 4.0, ((28, 100, 0, 3), (89, 100, 1, 3), 0): 1.0, ((30, 75, 1, 2), (56, 73, 1, 2), 0): 2.0, ((30, 75, 1, 2), (57, 67, 1, 2), 0): 2.0, ((89, 100, 1, 3), (30, 95, 1, 3), 0): 1.0, ((43, 10, 1, 1), (43, 10, 119, 1), 0): 5.0, ((31, 100, 1, 3), (90, 6, 1, 0), 0): 5.0, ((31, 100, 0, 3), (31, 100, 1, 3), 0): 5.0, ((90, 6, 1, 0), (90, 6, 51, 0), 0): 5.0, ((90, 6, 51, 0), (90, 6, 119, 0), 0): 5.0, ((40, 100, 1, 3), (21, 30, 1, 1), 0): 5.0, ((36, 100, 1, 3), (76, 15, 1, 1), 0): 5.0, ((36, 100, 0, 3), (36, 100, 1, 3), 0): 5.0, ((58, 4, 1, 0), (58, 4, 51, 0), 0): 5.0, ((58, 4, 51, 0), (58, 4, 101, 0), 0): 5.0, ((58, 4, 101, 0), (58, 4, 119, 0), 0): 5.0, ((43, 100, 1, 3), (58, 4, 1, 0), 0): 5.0, ((43, 100, 0, 3), (43, 100, 1, 3), 0): 5.0, ((50, 100, 1, 3), (76, 100, 1, 3), 0): 5.0, ((50, 100, 0, 3), (50, 100, 1, 3), 0): 5.0, ((57, 100, 0, 3), (30, 95, 1, 3), 0): 2.0, ((58, 100, 1, 3), (40, 26, 1, 1), 0): 5.0, ((58, 100, 0, 3), (58, 100, 1, 3), 0): 5.0, ((72, 80, 1, 3), (49, 0, 1, 0), 0): 5.0, ((72, 80, 0, 3), (72, 80, 1, 3), 0): 3.0, ((90, 54, 0, 2), (90, 54, 1, 2), 0): 5.0}
(((28, np.int64(30), np.int64(0), 1), (28, 55, 1, 2), 0), ((28, 55, 1, 2), (57, 3, 1, 0), 0), ((57, 3, 1, 0), (57, 67, 1, 2), 0), ((57, 67, 1, 2), (31, 10, 1, 1), 0), ((31, 10, 1, 1), (31, 100, 1, 3), 0), ((31, 100, 1, 3), (90, 6, 1, 0), 0), ((90, 6, 1, 0), (90, 54, 1, 2), 0), ((90, 54, 1, 2), (43, 10, 1, 1), 0), ((43, 10, 1, 1), (43, 100, 1, 3), 0), ((43, 100, 1, 3), (58, 4, 1, 0), 0), ((58, 4, 1, 0), (58, 100, 1, 3), 0), ((58, 100, 1, 3), (40, 26, 1, 1), 0), ((40, 26, 1, 1), (40, 100, 1, 3), 0), ((40, 100, 1, 3), (21, 30, 1, 1), 0), ((21, 30, 1, 1), (21, 100, 1, 3), 0), ((21, 100, 1, 3), (36, 10, 1, 1), 0), ((36, 10, 1, 1), (36, 100, 1, 3), 0), ((36, 100, 1, 3), (76, 15, 1, 1), 0), ((76, 15, 1, 1), (76, 39, 1, 1), 0), ((76, 39, 1, 1), (72, 2, 1, 0), 0), ((72, 2, 1, 0), (72, 80, 1, 3), 0), ((72, 80, 1, 3), (49, 0, 1, 0), 0), ((49, 0, 1, 0), (49, 0, 119, 0), 0))
New edge added:  ((28, np.int64(55), np.int64(1), 2), (57, np.int64(2), np.int64(8), 0), 0)  Edge removed:  ((28, 55, 1, 2), (57, 3, 1, 0), 0)
Solution cannot be extended to a feasible solution, updating network...
n[ 21 ] =  6.0
n[ 25 ] =  5.0
n[ 31 ] =  6.0
n[ 36 ] =  6.0
n[ 39 ] =  1.0
n[ 40 ] =  1.0
n[ 43 ] =  6.0
n[ 50 ] =  6.0
n[ 57 ] =  2.0
n[ 58 ] =  6.0
n[ 67 ] =  1.0
n[ 72 ] =  3.0
n[ 82 ] =  1.0
n[ 90 ] =  5.0
n[ 92 ] =  1.0
'''''''''''''''''
Gurobi Optimizer version 13.0.1 build v13.0.1rc0 (linux64 - "Debian GNU/Linux 12 (bookworm)")

CPU model: Intel(R) Xeon(R) CPU @ 2.20GHz, instruction set [SSE2|AVX|AVX2]
Thread count: 1 physical cores, 2 logical processors, using up to 2 threads

Non-default parameters:
MIPGap  0.05

Academic license 937859 - for non-commercial use only - registered to hp___@cornell.edu
Optimize a model with 699351 rows, 1435288 columns and 3765142 nonzeros (Min)
Model fingerprint: 0xb1f2cbce
Model has 1032928 linear objective coefficients
Variable types: 0 continuous, 1435288 integer (0 binary)
Coefficient statistics:
  Matrix range     [1e+00, 3e+05]
  Objective range  [6e-01, 8e+02]
  Bounds range     [0e+00, 0e+00]
  RHS range        [1e+00, 5e+00]

MIP start from previous solve did not produce a new incumbent solution
MIP start from previous solve violates constraint flow_bal_load[(82,_np.int64(64),_np.int64(1),_2),0] by 1.000000000
Processed MIP start in 1.07 seconds (0.35 work units)

Presolve removed 565776 rows and 777240 columns (presolve time = 5s)...
Presolve removed 569493 rows and 789534 columns
Presolve time: 8.48s
Presolved: 129858 rows, 645754 columns, 1493724 nonzeros
Variable types: 0 continuous, 645754 integer (2112 binary)
Performing another presolve...
Presolve removed 150 rows and 10684 columns (presolve time = 5s)...
Presolve removed 149 rows and 10683 columns
Presolve time: 5.95s

Root simplex log...

Iteration    Objective       Primal Inf.    Dual Inf.      Time
       0      handle free variables                         23s
    6200    8.3064728e+02   6.450000e+01   0.000000e+00     25s
   12792    1.3731404e+03   1.084531e+02   0.000000e+00     30s
   17282    1.7165306e+03   1.962110e+02   0.000000e+00     35s
   20172    1.8121781e+03   8.700000e+01   0.000000e+00     40s
   22482    1.8598131e+03   2.479619e+02   0.000000e+00     45s
   24712    1.8845917e+03   1.535733e+02   0.000000e+00     50s
   26632    1.9035746e+03   1.613659e+02   0.000000e+00     55s
   28482    1.9599925e+03   1.630435e+02   0.000000e+00     60s
   30212    1.9773127e+03   2.868898e+02   0.000000e+00     65s
   31512    2.0015094e+03   6.732874e+01   0.000000e+00     70s
   33162    2.0423337e+03   6.245743e+01   0.000000e+00     75s
   34902    2.2104012e+03   1.429044e+02   0.000000e+00     80s
   36322    2.2676645e+03   1.239907e+02   0.000000e+00     85s
   37422    2.3022120e+03   6.395280e+02   0.000000e+00     90s
   38552    2.3220374e+03   3.077340e+02   0.000000e+00     95s
   39872    2.3377828e+03   1.045654e+02   0.000000e+00    100s
   41202    2.3585381e+03   2.813130e+02   0.000000e+00    105s
   42352    2.3655816e+03   1.537583e+02   0.000000e+00    110s
   43242    2.3988332e+03   3.303823e+02   0.000000e+00    115s
   44692    2.4355751e+03   3.786912e+02   0.000000e+00    120s
   45672    2.4674439e+03   2.861105e+02   0.000000e+00    125s
   46762    2.6049678e+03   3.668170e+02   0.000000e+00    131s
   47702    2.6330666e+03   5.539834e+02   0.000000e+00    135s
   48862    2.6428434e+03   3.114969e+02   0.000000e+00    141s
   49632    2.6756596e+03   1.171070e+02   0.000000e+00    145s
   50822    2.6891560e+03   1.056539e+02   0.000000e+00    151s
   51572    2.6967722e+03   2.807839e+02   0.000000e+00    155s
   52682    2.7106858e+03   7.997057e+01   0.000000e+00    160s
   53612    2.7236814e+03   1.406424e+02   0.000000e+00    165s
   54762    2.7492384e+03   1.252023e+02   0.000000e+00    170s
   56092    2.8508149e+03   3.301256e+02   0.000000e+00    175s
   57892    3.0544283e+03   9.990869e+01   0.000000e+00    180s
   59322    4.1335392e+03   1.805749e+02   0.000000e+00    185s
   60582    5.0142914e+03   6.041825e+02   0.000000e+00    190s
   61322    5.0362464e+03   6.475223e+02   0.000000e+00    196s
   61962    5.0623072e+03   5.214724e+02   0.000000e+00    200s
   62752    5.0729522e+03   3.382926e+02   0.000000e+00    205s
   63752    5.1226660e+03   2.355974e+02   0.000000e+00    211s
   64752    5.1515282e+03   1.687500e+02   0.000000e+00    215s
   65592    5.1536302e+03   9.525000e+01   0.000000e+00    221s
   66132    5.1628185e+03   1.510922e+02   0.000000e+00    225s
   67062    5.1787686e+03   1.634478e+02   0.000000e+00    230s
   67572    5.2027467e+03   9.561875e+01   0.000000e+00    235s
   68152    5.2104674e+03   1.634492e+02   0.000000e+00    241s
   68552    5.2134945e+03   6.245701e+01   0.000000e+00    245s
   69022    5.2149725e+03   4.016264e+01   0.000000e+00    251s
   69540    5.2151084e+03   0.000000e+00   0.000000e+00    255s
   69540    5.2151084e+03   0.000000e+00   0.000000e+00    255s

Root relaxation: objective 5.215108e+03, 69540 iterations, 234.97 seconds (115.76 work units)
Total elapsed time = 255.53s (DegenMoves)

    Nodes    |    Current Node    |     Objective Bounds      |     Work
 Expl Unexpl |  Obj  Depth IntInf | Incumbent    BestBd   Gap | It/Node Time

     0     0 5215.10845    0   62          - 5215.10845      -     -  291s
H    0     0                    5263.2191781 5215.10845  0.91%     -  296s

Explored 1 nodes (125761 simplex iterations) in 296.63 seconds (140.75 work units)
Thread count was 2 (of 2 available processors)

Solution count 1: 5263.22 

Optimal solution found (tolerance 5.00e-02)
Best objective 5.263219178082e+03, best bound 5.215108447489e+03, gap 0.9141%
Iteration:  27
Size of network:  13055  nodes,  239100  edges
Obj Value:  5263.219178082192
a: {}
n: {18: 1.0, 21: 6.0, 31: 6.0, 34: 5.0, 36: 5.0, 37: 1.0, 39: 1.0, 40: 1.0, 43: 6.0, 50: 6.0, 57: 5.0, 58: 6.0, 67: 1.0, 72: 3.0, 73: 1.0, 90: 5.0}
{0: (34.421443, -119.684178), 1: (36.167392, -94.119169), 2: (34.071417, -99.009382), 3: (34.689589, -118.130371), 4: (36.434113, -99.427596), 5: (35.400164, -119.399727), 6: (37.2129649, -93.37103), 7: (30.25011, -93.01142), 8: (36.751521, -96.000152), 9: (35.35468, -94.437379), 10: (38.89357, -94.36045), 11: (33.7885884, -118.2150827), 12: (32.596725, -117.019495), 13: (33.30006, -111.96835), 14: (35.392817, -97.422948), 15: (38.96627, -95.700495), 16: (30.725159, -96.425728), 17: (37.737099, -97.32375), 18: (34.188212, -97.171022), 19: (33.94423, -96.41932), 20: (30.209862, -92.002378), 21: (37.183969, -104.499646), 22: (32.267588, -107.774524), 23: (36.72136, -119.761165), 24: (30.437821, -95.498724), 25: (35.079896, -106.746225), 26: (35.840761, -98.419831), 27: (31.207465, -95.996079), 28: (33.899899, -118.207088), 29: (33.3874378, -110.7609849), 30: (34.02094, -117.385415), 31: (33.603063, -114.598023), 32: (35.189976, -101.706309), 33: (35.853211, -94.989243), 34: (35.004614, -106.032837), 35: (31.151717, -93.265081), 36: (36.706596, -101.443207), 37: (37.069631, -100.905444), 38: (32.62712, -96.74537), 39: (36.075856, -119.043996), 40: (35.65758, -105.993406), 41: (32.181782, -94.334174), 42: (30.330588, -97.701649), 43: (35.01643, -110.675005), 44: (35.25655, -96.671004), 45: (33.3021433, -111.9552863), 46: (36.535661, -97.33916), 47: (32.698465, -97.959695), 48: (33.984094, -106.887526), 49: (32.7658795, -96.8754612), 50: (35.309665, -99.631741), 51: (31.784139, -93.08731), 52: (33.0390751, -117.2841996), 53: (38.164391, -112.278183), 54: (34.4349097, -119.9212861), 55: (31.499498, -97.173412), 56: (33.9541734, -117.5556971), 57: (34.118101, -116.45646), 58: (36.71838, -108.167694), 59: (31.940555, -102.169802), 60: (36.081743, -96.054325), 61: (32.469998, -93.672804), 62: (34.4425082, -119.7812613), 63: (37.648431, -98.094183), 64: (32.448848, -100.439583), 65: (32.627591, -97.314361), 66: (38.54421, -106.92517), 67: (34.886448, -117.079423), 68: (35.9874334, -119.961999), 69: (32.794671, -115.539473), 70: (36.220567, -115.125553), 71: (35.106478, -92.43572), 72: (34.584172, -98.396813), 73: (33.39639, -110.76888), 74: (37.8135094, -119.8800771), 75: (35.87844, -97.392471), 76: (35.490972, -98.967096), 77: (33.8310496, -116.5452277), 78: (32.354553, -95.302495), 79: (37.962455, -100.846437), 80: (32.178328, -110.960207), 81: (38.7747705, -119.9029911), 82: (33.463568, -112.459255), 83: (36.009923, -114.784826), 84: (35.3002628, -119.0381956), 85: (36.249164, -95.333829), 86: (33.6699802, -96.6120405), 87: (38.971499, -92.294316), 88: (32.029056, -93.713243), 89: (33.8722233, -118.2654222), 90: (35.263617, -112.194139), 91: (37.199194, -93.402643), 92: (33.73573, -97.14484), 93: (32.881785, -111.777561), 94: (37.161682, -113.434692), 95: (30.35815, -99.606129), 96: (34.773291, -96.697633), 97: (34.12755, -118.443664), 98: (31.34545, -92.51807), 99: (38.945105, -104.724068), 100: (30.0774, -99.10731)}
x_load_0: {((67, 13, 1, 1), (67, 100, 1, 3), 0): 1.0, ((39, 28, 1, 1), (39, 72, 1, 2), 0): 1.0, ((74, 6, 1, 0), (74, 6, 119, 0), 0): 1.0, ((39, 72, 1, 2), (74, 6, 1, 0), 0): 1.0, ((31, 6, 1, 0), (31, 100, 1, 3), 0): 1.0, ((13, 49, 1, 2), (82, 35, 1, 1), 0): 1.0, ((13, 24, 0, 1), (13, 49, 1, 2), 0): 1.0, ((82, 35, 1, 1), (82, 71, 1, 2), 0): 1.0, ((82, 71, 1, 2), (31, 6, 1, 0), 0): 1.0, ((31, 100, 1, 3), (67, 13, 1, 1), 0): 1.0, ((67, 100, 1, 3), (39, 28, 1, 1), 0): 1.0}
x_ener_0: {((67, 13, 1, 1), (67, 13, 119, 1), 0): 1.0, ((39, 28, 1, 1), (39, 28, 51, 1), 0): 1.0, ((39, 28, 51, 1), (39, 28, 119, 1), 0): 1.0, ((74, 6, 1, 0), (74, 6, 51, 0), 0): 1.0, ((39, 72, 1, 2), (74, 6, 1, 0), 0): 1.0, ((84, 89, 1, 3), (39, 72, 1, 2), 0): 1.0, ((74, 6, 51, 0), (74, 6, 101, 0), 0): 1.0, ((74, 6, 101, 0), (74, 6, 119, 0), 0): 1.0, ((31, 6, 1, 0), (31, 6, 51, 0), 0): 1.0, ((31, 6, 51, 0), (31, 6, 119, 0), 0): 1.0, ((13, 49, 1, 2), (82, 35, 1, 1), 0): 1.0, ((13, 80, 1, 3), (82, 64, 1, 2), 0): 1.0, ((13, 80, 0, 3), (45, 80, 1, 3), 0): 1.0, ((82, 35, 1, 1), (73, 0, 1, 0), 0): 1.0, ((82, 64, 1, 2), (13, 49, 1, 2), 0): 1.0, ((45, 80, 1, 3), (13, 80, 1, 3), 1): 1.0, ((82, 71, 1, 2), (31, 6, 1, 0), 0): 1.0, ((73, 0, 1, 0), (73, 0, 119, 0), 0): 1.0, ((31, 100, 1, 3), (67, 13, 1, 1), 0): 1.0, ((31, 100, 0, 3), (31, 100, 1, 3), 0): 1.0, ((39, 100, 0, 3), (84, 89, 1, 3), 0): 1.0, ((67, 100, 1, 3), (39, 28, 1, 1), 0): 1.0, ((67, 100, 0, 3), (67, 100, 1, 3), 0): 1.0, ((73, 100, 0, 3), (82, 71, 1, 2), 0): 1.0}
(((13, np.int64(24), np.int64(0), 1), (13, 49, 1, 2), 0), ((13, 49, 1, 2), (82, 35, 1, 1), 0), ((82, 35, 1, 1), (82, 71, 1, 2), 0), ((82, 71, 1, 2), (31, 6, 1, 0), 0), ((31, 6, 1, 0), (31, 100, 1, 3), 0), ((31, 100, 1, 3), (67, 13, 1, 1), 0), ((67, 13, 1, 1), (67, 100, 1, 3), 0), ((67, 100, 1, 3), (39, 28, 1, 1), 0), ((39, 28, 1, 1), (39, 72, 1, 2), 0), ((39, 72, 1, 2), (74, 6, 1, 0), 0), ((74, 6, 1, 0), (74, 6, 119, 0), 0))
New edge added:  ((13, np.int64(49), np.int64(1), 2), (82, np.int64(33), np.int64(3), 1), 0)  Edge removed:  ((13, 49, 1, 2), (82, 35, 1, 1), 0)
x_load_1: {((50, 7, 1, 0), (50, 100, 1, 3), 0): 1.0, ((92, 15, 1, 1), (92, 100, 1, 3), 0): 1.0, ((13, 27, 1, 1), (13, 27, 119, 1), 0): 1.0, ((92, 100, 1, 3), (50, 7, 1, 0), 0): 1.0, ((21, 10, 1, 1), (21, 100, 1, 3), 0): 1.0, ((21, 100, 1, 3), (40, 30, 1, 1), 0): 1.0, ((40, 30, 1, 1), (40, 80, 1, 3), 0): 1.0, ((40, 80, 1, 3), (58, 6, 1, 0), 0): 1.0, ((36, 27, 1, 1), (36, 100, 1, 3), 0): 1.0, ((36, 100, 1, 3), (21, 10, 1, 1), 0): 1.0, ((58, 6, 1, 0), (58, 100, 1, 3), 0): 1.0, ((43, 4, 1, 0), (43, 100, 1, 3), 0): 1.0, ((43, 100, 1, 3), (13, 27, 1, 1), 0): 1.0, ((49, 50, 0, 2), (92, 15, 1, 1), 0): 1.0, ((50, 100, 1, 3), (36, 27, 1, 1), 0): 1.0, ((58, 100, 1, 3), (43, 4, 1, 0), 0): 1.0}
x_ener_1: {((50, 7, 1, 0), (50, 7, 119, 0), 0): 1.0, ((92, 15, 1, 1), (18, 4, 1, 0), 0): 1.0, ((37, 8, 1, 0), (37, 8, 51, 0), 0): 1.0, ((37, 8, 51, 0), (37, 8, 101, 0), 0): 1.0, ((37, 8, 101, 0), (37, 8, 119, 0), 0): 1.0, ((13, 27, 1, 1), (13, 27, 119, 1), 0): 1.0, ((18, 4, 1, 0), (18, 4, 51, 0), 0): 1.0, ((18, 100, 0, 3), (92, 100, 1, 3), 0): 1.0, ((92, 100, 1, 3), (50, 7, 1, 0), 0): 1.0, ((18, 4, 51, 0), (18, 4, 101, 0), 0): 1.0, ((18, 4, 101, 0), (18, 4, 119, 0), 0): 1.0, ((21, 10, 1, 1), (21, 10, 119, 1), 0): 1.0, ((21, 100, 1, 3), (40, 30, 1, 1), 0): 1.0, ((21, 100, 0, 3), (21, 100, 1, 3), 0): 1.0, ((34, 9, 1, 0), (34, 9, 51, 0), 0): 1.0, ((40, 30, 1, 1), (34, 9, 1, 0), 0): 1.0, ((34, 9, 51, 0), (34, 9, 119, 0), 0): 1.0, ((25, 100, 1, 3), (40, 80, 1, 3), 0): 1.0, ((34, 100, 1, 3), (25, 100, 1, 3), 0): 1.0, ((40, 80, 1, 3), (58, 6, 1, 0), 0): 1.0, ((40, 100, 1, 3), (34, 100, 1, 3), 0): 1.0, ((36, 27, 1, 1), (37, 8, 1, 0), 0): 1.0, ((36, 100, 1, 3), (21, 10, 1, 1), 0): 1.0, ((36, 100, 0, 3), (36, 100, 1, 3), 0): 1.0, ((58, 6, 1, 0), (58, 6, 51, 0), 0): 1.0, ((40, 100, 0, 3), (40, 100, 1, 3), 0): 1.0, ((58, 6, 51, 0), (58, 6, 119, 0), 0): 1.0, ((43, 4, 1, 0), (43, 4, 51, 0), 0): 1.0, ((43, 100, 1, 3), (13, 27, 1, 1), 0): 1.0, ((43, 100, 0, 3), (43, 100, 1, 3), 0): 1.0, ((43, 4, 51, 0), (43, 4, 101, 0), 0): 1.0, ((43, 4, 101, 0), (43, 4, 119, 0), 0): 1.0, ((49, 50, 0, 2), (92, 15, 1, 1), 0): 1.0, ((50, 100, 1, 3), (36, 27, 1, 1), 0): 1.0, ((50, 100, 0, 3), (50, 100, 1, 3), 0): 1.0, ((58, 100, 1, 3), (43, 4, 1, 0), 0): 1.0, ((58, 100, 0, 3), (58, 100, 1, 3), 0): 1.0}
(((49, np.int64(50), np.int64(0), 2), (92, 15, 1, 1), 0), ((92, 15, 1, 1), (92, 100, 1, 3), 0), ((92, 100, 1, 3), (50, 7, 1, 0), 0), ((50, 7, 1, 0), (50, 100, 1, 3), 0), ((50, 100, 1, 3), (36, 27, 1, 1), 0), ((36, 27, 1, 1), (36, 100, 1, 3), 0), ((36, 100, 1, 3), (21, 10, 1, 1), 0), ((21, 10, 1, 1), (21, 100, 1, 3), 0), ((21, 100, 1, 3), (40, 30, 1, 1), 0), ((40, 30, 1, 1), (40, 80, 1, 3), 0), ((40, 80, 1, 3), (58, 6, 1, 0), 0), ((58, 6, 1, 0), (58, 100, 1, 3), 0), ((58, 100, 1, 3), (43, 4, 1, 0), 0), ((43, 4, 1, 0), (43, 100, 1, 3), 0), ((43, 100, 1, 3), (13, 27, 1, 1), 0), ((13, 27, 1, 1), (13, 27, 119, 1), 0))
New edge added:  ((49, np.int64(50), np.int64(0), 2), (92, np.int64(14), np.int64(5), 1), 0)  Edge removed:  ((49, np.int64(50), np.int64(0), 2), (92, 15, 1, 1), 0)
x_load_2: {((72, 2, 1, 0), (72, 100, 1, 3), 0): 3.0, ((76, 15, 1, 1), (76, 39, 1, 1), 0): 3.0, ((76, 15, 1, 1), (76, 100, 1, 3), 0): 2.0, ((76, 39, 1, 1), (72, 2, 1, 0), 0): 3.0, ((49, 0, 1, 0), (49, 0, 119, 0), 0): 2.0, ((72, 63, 1, 2), (72, 80, 1, 3), 0): 2.0, ((49, 20, 1, 1), (49, 20, 119, 1), 0): 3.0, ((72, 100, 1, 3), (49, 20, 1, 1), 0): 3.0, ((57, 67, 1, 2), (31, 10, 1, 1), 0): 5.0, ((30, 95, 1, 3), (57, 67, 1, 2), 0): 5.0, ((31, 10, 1, 1), (31, 100, 1, 3), 0): 5.0, ((43, 54, 1, 2), (43, 100, 1, 3), 0): 5.0, ((21, 10, 1, 1), (21, 100, 1, 3), 0): 5.0, ((21, 100, 1, 3), (36, 10, 1, 1), 0): 5.0, ((36, 10, 1, 1), (36, 100, 1, 3), 0): 5.0, ((40, 26, 1, 1), (40, 80, 1, 3), 0): 5.0, ((40, 80, 1, 3), (21, 10, 1, 1), 0): 5.0, ((76, 100, 1, 3), (72, 63, 1, 2), 0): 2.0, ((28, 100, 0, 3), (30, 75, 1, 2), 0): 5.0, ((30, 75, 1, 2), (30, 95, 1, 3), 0): 5.0, ((31, 100, 1, 3), (90, 6, 1, 0), 0): 5.0, ((90, 6, 1, 0), (90, 100, 1, 3), 0): 5.0, ((36, 100, 1, 3), (76, 15, 1, 1), 0): 5.0, ((58, 4, 1, 0), (58, 100, 1, 3), 0): 5.0, ((43, 100, 1, 3), (58, 4, 1, 0), 0): 5.0, ((58, 100, 1, 3), (40, 26, 1, 1), 0): 5.0, ((72, 80, 1, 3), (49, 0, 1, 0), 0): 2.0, ((90, 100, 1, 3), (43, 54, 1, 2), 0): 5.0}
x_ener_2: {((28, 61, 1, 2), (56, 44, 1, 2), 0): 5.0, ((72, 2, 1, 0), (72, 2, 119, 0), 0): 3.0, ((50, 4, 1, 0), (50, 4, 119, 0), 0): 5.0, ((76, 15, 1, 1), (50, 4, 1, 0), 0): 5.0, ((76, 39, 1, 1), (72, 2, 1, 0), 0): 3.0, ((49, 0, 1, 0), (49, 0, 119, 0), 0): 2.0, ((72, 63, 1, 2), (76, 39, 1, 1), 0): 3.0, ((49, 20, 1, 1), (49, 20, 51, 1), 0): 3.0, ((72, 100, 1, 3), (49, 20, 1, 1), 0): 3.0, ((49, 20, 51, 1), (49, 20, 119, 1), 0): 3.0, ((57, 12, 1, 1), (57, 12, 51, 1), 0): 5.0, ((56, 44, 1, 2), (57, 12, 1, 1), 0): 5.0, ((57, 67, 1, 2), (31, 10, 1, 1), 0): 5.0, ((57, 12, 51, 1), (57, 12, 101, 1), 0): 5.0, ((57, 12, 101, 1), (57, 12, 119, 1), 0): 5.0, ((56, 73, 1, 2), (28, 61, 1, 2), 0): 5.0, ((30, 95, 1, 3), (57, 67, 1, 2), 0): 5.0, ((31, 10, 1, 1), (31, 10, 51, 1), 0): 5.0, ((43, 54, 1, 2), (43, 54, 119, 2), 0): 5.0, ((31, 10, 51, 1), (31, 10, 101, 1), 0): 5.0, ((31, 10, 101, 1), (31, 10, 119, 1), 0): 5.0, ((21, 10, 1, 1), (21, 10, 51, 1), 0): 5.0, ((21, 100, 1, 3), (36, 10, 1, 1), 0): 5.0, ((21, 100, 0, 3), (21, 100, 1, 3), 0): 5.0, ((36, 10, 1, 1), (36, 10, 51, 1), 0): 5.0, ((21, 10, 51, 1), (21, 10, 101, 1), 0): 5.0, ((36, 10, 51, 1), (36, 10, 119, 1), 0): 5.0, ((21, 10, 101, 1), (21, 10, 119, 1), 0): 5.0, ((34, 9, 101, 0), (34, 9, 119, 0), 0): 4.0, ((25, 100, 1, 3), (40, 80, 1, 3), 0): 5.0, ((40, 26, 1, 1), (40, 26, 51, 1), 0): 4.0, ((40, 26, 1, 1), (40, 26, 119, 1), 0): 1.0, ((40, 80, 1, 3), (21, 10, 1, 1), 0): 5.0, ((40, 26, 51, 1), (40, 26, 101, 1), 0): 4.0, ((40, 26, 101, 1), (34, 9, 101, 0), 0): 4.0, ((76, 100, 1, 3), (72, 63, 1, 2), 0): 3.0, ((76, 100, 1, 3), (72, 80, 1, 3), 0): 2.0, ((28, 100, 0, 3), (30, 75, 1, 2), 0): 5.0, ((30, 75, 1, 2), (56, 73, 1, 2), 0): 5.0, ((31, 100, 1, 3), (90, 6, 1, 0), 0): 5.0, ((31, 100, 0, 3), (31, 100, 1, 3), 0): 5.0, ((90, 6, 1, 0), (90, 6, 51, 0), 0): 5.0, ((90, 6, 51, 0), (90, 6, 119, 0), 0): 5.0, ((34, 100, 0, 3), (25, 100, 1, 3), 0): 5.0, ((36, 100, 1, 3), (76, 15, 1, 1), 0): 5.0, ((36, 100, 0, 3), (36, 100, 1, 3), 0): 4.0, ((37, 100, 0, 3), (36, 100, 1, 3), 0): 1.0, ((58, 4, 1, 0), (58, 4, 51, 0), 0): 5.0, ((58, 4, 51, 0), (58, 4, 101, 0), 0): 5.0, ((58, 4, 101, 0), (58, 4, 119, 0), 0): 5.0, ((43, 100, 1, 3), (58, 4, 1, 0), 0): 5.0, ((43, 100, 0, 3), (43, 100, 1, 3), 0): 5.0, ((50, 100, 0, 3), (76, 100, 1, 3), 0): 5.0, ((57, 100, 1, 3), (30, 95, 1, 3), 0): 5.0, ((57, 100, 0, 3), (77, 100, 1, 3), 0): 5.0, ((77, 100, 1, 3), (57, 100, 1, 3), 0): 5.0, ((58, 100, 1, 3), (40, 26, 1, 1), 0): 5.0, ((58, 100, 0, 3), (58, 100, 1, 3), 0): 5.0, ((72, 80, 1, 3), (49, 0, 1, 0), 0): 2.0, ((72, 100, 0, 3), (72, 100, 1, 3), 0): 3.0, ((90, 100, 1, 3), (43, 54, 1, 2), 0): 5.0, ((90, 100, 0, 3), (90, 100, 1, 3), 0): 5.0}
(((28, np.int64(100), np.int64(0), 3), (30, 75, 1, 2), 0), ((30, 75, 1, 2), (30, 95, 1, 3), 0), ((30, 95, 1, 3), (57, 67, 1, 2), 0), ((57, 67, 1, 2), (31, 10, 1, 1), 0), ((31, 10, 1, 1), (31, 100, 1, 3), 0), ((31, 100, 1, 3), (90, 6, 1, 0), 0), ((90, 6, 1, 0), (90, 100, 1, 3), 0), ((90, 100, 1, 3), (43, 54, 1, 2), 0), ((43, 54, 1, 2), (43, 100, 1, 3), 0), ((43, 100, 1, 3), (58, 4, 1, 0), 0), ((58, 4, 1, 0), (58, 100, 1, 3), 0), ((58, 100, 1, 3), (40, 26, 1, 1), 0), ((40, 26, 1, 1), (40, 80, 1, 3), 0), ((40, 80, 1, 3), (21, 10, 1, 1), 0), ((21, 10, 1, 1), (21, 100, 1, 3), 0), ((21, 100, 1, 3), (36, 10, 1, 1), 0), ((36, 10, 1, 1), (36, 100, 1, 3), 0), ((36, 100, 1, 3), (76, 15, 1, 1), 0), ((76, 15, 1, 1), (76, 100, 1, 3), 0), ((76, 100, 1, 3), (72, 63, 1, 2), 0), ((72, 63, 1, 2), (72, 80, 1, 3), 0), ((72, 80, 1, 3), (49, 0, 1, 0), 0), ((49, 0, 1, 0), (49, 0, 119, 0), 0))
New edge added:  ((28, np.int64(100), np.int64(0), 3), (30, np.int64(75), np.int64(3), 2), 0)  Edge removed:  ((28, np.int64(100), np.int64(0), 3), (30, 75, 1, 2), 0)
Solution cannot be extended to a feasible solution, updating network...
n[ 18 ] =  1.0
n[ 21 ] =  6.0
n[ 31 ] =  6.0
n[ 34 ] =  5.0
n[ 36 ] =  5.0
n[ 37 ] =  1.0
n[ 39 ] =  1.0
n[ 40 ] =  1.0
n[ 43 ] =  6.0
n[ 50 ] =  6.0
n[ 57 ] =  5.0
n[ 58 ] =  6.0
n[ 67 ] =  1.0
n[ 72 ] =  3.0
n[ 73 ] =  1.0
n[ 90 ] =  5.0
'''''''''''''''''
Gurobi Optimizer version 13.0.1 build v13.0.1rc0 (linux64 - "Debian GNU/Linux 12 (bookworm)")

CPU model: Intel(R) Xeon(R) CPU @ 2.20GHz, instruction set [SSE2|AVX|AVX2]
Thread count: 1 physical cores, 2 logical processors, using up to 2 threads

Non-default parameters:
MIPGap  0.05

Academic license 937859 - for non-commercial use only - registered to hp___@cornell.edu
Optimize a model with 704206 rows, 1444540 columns and 3793396 nonzeros (Min)
Model fingerprint: 0x5285e79b
Model has 1039912 linear objective coefficients
Variable types: 0 continuous, 1444540 integer (0 binary)
Coefficient statistics:
  Matrix range     [1e+00, 3e+05]
  Objective range  [6e-01, 8e+02]
  Bounds range     [0e+00, 0e+00]
  RHS range        [1e+00, 5e+00]

MIP start from previous solve did not produce a new incumbent solution
MIP start from previous solve violates constraint flow_bal_load[(30,_np.int64(75),_np.int64(1),_2),2] by 5.000000000

Presolve removed 570496 rows and 786626 columns (presolve time = 5s)...
Presolve removed 574178 rows and 798268 columns
Presolve time: 7.68s
Presolved: 130028 rows, 646272 columns, 1495056 nonzeros
Variable types: 0 continuous, 646272 integer (2134 binary)
Performing another presolve...
Presolve removed 174 rows and 10727 columns (presolve time = 5s)...
Presolve removed 173 rows and 10726 columns
Presolve time: 5.83s

Root simplex log...

Iteration    Objective       Primal Inf.    Dual Inf.      Time
       0      handle free variables                         22s
    7654    9.3597160e+02   7.126562e+01   0.000000e+00     25s
   13940    1.6366864e+03   1.438802e+02   0.000000e+00     30s
   17620    1.7581067e+03   2.007264e+02   0.000000e+00     35s
   20370    1.8187295e+03   1.587500e+02   0.000000e+00     40s
   22600    1.8595274e+03   1.160000e+02   0.000000e+00     45s
   24670    1.8742027e+03   1.080857e+02   0.000000e+00     50s
   26560    1.9188736e+03   4.583595e+02   0.000000e+00     55s
   28120    1.9225081e+03   2.030606e+02   0.000000e+00     60s
   29740    1.9613329e+03   1.801922e+02   0.000000e+00     65s
   31370    2.0325164e+03   1.377132e+02   0.000000e+00     70s
   32590    2.0394113e+03   1.340381e+02   0.000000e+00     75s
   34030    2.0472087e+03   1.742500e+02   0.000000e+00     80s
   35540    2.0913493e+03   1.163609e+02   0.000000e+00     86s
   36620    2.1104634e+03   2.480000e+02   0.000000e+00     90s
   37790    2.1455008e+03   5.683887e+02   0.000000e+00     95s
   39060    2.1946700e+03   1.921250e+02   0.000000e+00    101s
   40160    2.2221641e+03   1.167235e+02   0.000000e+00    105s
   41560    2.3375922e+03   3.736630e+02   0.000000e+00    110s
   42650    2.3689375e+03   2.544659e+02   0.000000e+00    116s
   43630    2.4549360e+03   1.215808e+02   0.000000e+00    120s
   44670    2.5687034e+03   2.329167e+02   0.000000e+00    126s
   45440    2.5692667e+03   3.969266e+02   0.000000e+00    130s
   46300    2.5704827e+03   5.482980e+02   0.000000e+00    135s
   47370    2.6034816e+03   1.710887e+02   0.000000e+00    140s
   48540    2.6183075e+03   3.114329e+02   0.000000e+00    145s
   49840    2.6523143e+03   2.907100e+02   0.000000e+00    150s
   51250    2.6701970e+03   1.399589e+02   0.000000e+00    155s
   52660    2.6992816e+03   3.521093e+02   0.000000e+00    160s
   53890    2.7529176e+03   1.420484e+02   0.000000e+00    165s
   55390    2.8228850e+03   6.561123e+01   0.000000e+00    170s
   56870    2.9061310e+03   7.576190e+01   0.000000e+00    175s
   58150    2.9942294e+03   1.987128e+02   0.000000e+00    181s
   59350    3.1208093e+03   3.137208e+02   0.000000e+00    185s
   60500    3.9303911e+03   2.850444e+02   0.000000e+00    190s
   61790    4.9486303e+03   5.656176e+02   0.000000e+00    195s
   62780    5.0263952e+03   1.023183e+03   0.000000e+00    201s
   63420    5.0377058e+03   4.692896e+02   0.000000e+00    205s
   64330    5.0491874e+03   1.982500e+02   0.000000e+00    210s
   64950    5.0498094e+03   6.454460e+02   0.000000e+00    215s
   65820    5.1198978e+03   1.440625e+02   0.000000e+00    220s
   67340    5.1430058e+03   1.374602e+02   0.000000e+00    226s
   68250    5.1839813e+03   2.086993e+02   0.000000e+00    231s
   69040    5.2053562e+03   1.927509e+02   0.000000e+00    235s
   69610    5.2153340e+03   8.675833e+02   0.000000e+00    241s
   70080    5.2185815e+03   7.678859e+01   0.000000e+00    246s
   70510    5.2204763e+03   1.327124e+01   0.000000e+00    250s
   71272    5.2219640e+03   0.000000e+00   0.000000e+00    255s
   71272    5.2219640e+03   0.000000e+00   0.000000e+00    256s

Root relaxation: objective 5.221964e+03, 71272 iterations, 236.00 seconds (114.17 work units)
Total elapsed time = 255.71s (DegenMoves)

    Nodes    |    Current Node    |     Objective Bounds      |     Work
 Expl Unexpl |  Obj  Depth IntInf | Incumbent    BestBd   Gap | It/Node Time

     0     0 5221.96400    0   63          - 5221.96400      -     -  283s
H    0     0                    5297.3664384 5221.96400  1.42%     -  287s

Explored 1 nodes (125169 simplex iterations) in 287.24 seconds (137.54 work units)
Thread count was 2 (of 2 available processors)

Solution count 1: 5297.37 

Optimal solution found (tolerance 5.00e-02)
Best objective 5.297366438356e+03, best bound 5.221963997190e+03, gap 1.4234%
Iteration:  28
Size of network:  13107  nodes,  240639  edges
Obj Value:  5297.3664383561645
a: {}
n: {21: 6.0, 26: 5.0, 31: 7.0, 36: 6.0, 39: 1.0, 40: 6.0, 43: 7.0, 50: 1.0, 57: 3.0, 58: 6.0, 67: 1.0, 72: 3.0, 82: 1.0, 90: 6.0, 92: 1.0, 93: 1.0}
{0: (34.421443, -119.684178), 1: (36.167392, -94.119169), 2: (34.071417, -99.009382), 3: (34.689589, -118.130371), 4: (36.434113, -99.427596), 5: (35.400164, -119.399727), 6: (37.2129649, -93.37103), 7: (30.25011, -93.01142), 8: (36.751521, -96.000152), 9: (35.35468, -94.437379), 10: (38.89357, -94.36045), 11: (33.7885884, -118.2150827), 12: (32.596725, -117.019495), 13: (33.30006, -111.96835), 14: (35.392817, -97.422948), 15: (38.96627, -95.700495), 16: (30.725159, -96.425728), 17: (37.737099, -97.32375), 18: (34.188212, -97.171022), 19: (33.94423, -96.41932), 20: (30.209862, -92.002378), 21: (37.183969, -104.499646), 22: (32.267588, -107.774524), 23: (36.72136, -119.761165), 24: (30.437821, -95.498724), 25: (35.079896, -106.746225), 26: (35.840761, -98.419831), 27: (31.207465, -95.996079), 28: (33.899899, -118.207088), 29: (33.3874378, -110.7609849), 30: (34.02094, -117.385415), 31: (33.603063, -114.598023), 32: (35.189976, -101.706309), 33: (35.853211, -94.989243), 34: (35.004614, -106.032837), 35: (31.151717, -93.265081), 36: (36.706596, -101.443207), 37: (37.069631, -100.905444), 38: (32.62712, -96.74537), 39: (36.075856, -119.043996), 40: (35.65758, -105.993406), 41: (32.181782, -94.334174), 42: (30.330588, -97.701649), 43: (35.01643, -110.675005), 44: (35.25655, -96.671004), 45: (33.3021433, -111.9552863), 46: (36.535661, -97.33916), 47: (32.698465, -97.959695), 48: (33.984094, -106.887526), 49: (32.7658795, -96.8754612), 50: (35.309665, -99.631741), 51: (31.784139, -93.08731), 52: (33.0390751, -117.2841996), 53: (38.164391, -112.278183), 54: (34.4349097, -119.9212861), 55: (31.499498, -97.173412), 56: (33.9541734, -117.5556971), 57: (34.118101, -116.45646), 58: (36.71838, -108.167694), 59: (31.940555, -102.169802), 60: (36.081743, -96.054325), 61: (32.469998, -93.672804), 62: (34.4425082, -119.7812613), 63: (37.648431, -98.094183), 64: (32.448848, -100.439583), 65: (32.627591, -97.314361), 66: (38.54421, -106.92517), 67: (34.886448, -117.079423), 68: (35.9874334, -119.961999), 69: (32.794671, -115.539473), 70: (36.220567, -115.125553), 71: (35.106478, -92.43572), 72: (34.584172, -98.396813), 73: (33.39639, -110.76888), 74: (37.8135094, -119.8800771), 75: (35.87844, -97.392471), 76: (35.490972, -98.967096), 77: (33.8310496, -116.5452277), 78: (32.354553, -95.302495), 79: (37.962455, -100.846437), 80: (32.178328, -110.960207), 81: (38.7747705, -119.9029911), 82: (33.463568, -112.459255), 83: (36.009923, -114.784826), 84: (35.3002628, -119.0381956), 85: (36.249164, -95.333829), 86: (33.6699802, -96.6120405), 87: (38.971499, -92.294316), 88: (32.029056, -93.713243), 89: (33.8722233, -118.2654222), 90: (35.263617, -112.194139), 91: (37.199194, -93.402643), 92: (33.73573, -97.14484), 93: (32.881785, -111.777561), 94: (37.161682, -113.434692), 95: (30.35815, -99.606129), 96: (34.773291, -96.697633), 97: (34.12755, -118.443664), 98: (31.34545, -92.51807), 99: (38.945105, -104.724068), 100: (30.0774, -99.10731)}
x_load_0: {((39, 8, 1, 0), (39, 72, 1, 2), 0): 1.0, ((67, 13, 1, 1), (67, 80, 1, 3), 0): 1.0, ((67, 80, 1, 3), (39, 8, 1, 0), 0): 1.0, ((74, 6, 1, 0), (74, 6, 119, 0), 0): 1.0, ((39, 72, 1, 2), (74, 6, 1, 0), 0): 1.0, ((31, 6, 1, 0), (31, 100, 1, 3), 0): 1.0, ((13, 20, 0, 1), (82, 4, 1, 0), 0): 1.0, ((82, 4, 1, 0), (82, 71, 1, 2), 0): 1.0, ((82, 71, 1, 2), (31, 6, 1, 0), 0): 1.0, ((31, 100, 1, 3), (67, 13, 1, 1), 0): 1.0}
x_ener_0: {((39, 8, 1, 0), (39, 8, 119, 0), 0): 1.0, ((67, 13, 1, 1), (67, 13, 51, 1), 0): 1.0, ((67, 80, 1, 3), (39, 8, 1, 0), 0): 1.0, ((67, 13, 51, 1), (67, 13, 101, 1), 0): 1.0, ((67, 13, 101, 1), (67, 13, 119, 1), 0): 1.0, ((5, 89, 1, 3), (39, 72, 1, 2), 0): 1.0, ((74, 6, 1, 0), (74, 6, 51, 0), 0): 1.0, ((39, 72, 1, 2), (74, 6, 1, 0), 0): 1.0, ((74, 6, 51, 0), (74, 6, 101, 0), 0): 1.0, ((74, 6, 101, 0), (74, 6, 119, 0), 0): 1.0, ((31, 6, 1, 0), (31, 6, 51, 0), 0): 1.0, ((31, 6, 51, 0), (31, 6, 119, 0), 0): 1.0, ((13, 80, 1, 3), (82, 71, 1, 2), 0): 1.0, ((13, 20, 0, 1), (82, 4, 1, 0), 0): 1.0, ((82, 4, 1, 0), (82, 4, 119, 0), 0): 1.0, ((45, 80, 1, 3), (13, 80, 1, 3), 1): 1.0, ((82, 71, 1, 2), (31, 6, 1, 0), 0): 1.0, ((82, 80, 1, 3), (31, 15, 1, 1), 0): 1.0, ((31, 15, 1, 1), (31, 15, 51, 1), 0): 1.0, ((31, 15, 51, 1), (31, 15, 101, 1), 0): 1.0, ((31, 15, 101, 1), (31, 15, 119, 1), 0): 1.0, ((31, 100, 1, 3), (67, 13, 1, 1), 0): 1.0, ((31, 100, 0, 3), (31, 100, 1, 3), 0): 1.0, ((39, 100, 0, 3), (5, 89, 1, 3), 0): 1.0, ((67, 80, 0, 3), (67, 80, 1, 3), 0): 1.0, ((82, 80, 0, 3), (82, 80, 1, 3), 0): 1.0, ((93, 84, 0, 3), (93, 84, 1, 3), 0): 1.0, ((93, 84, 2, 3), (45, 80, 1, 3), 0): 1.0, ((93, 84, 1, 3), (93, 84, 2, 3), 0): 1.0}
(((13, np.int64(20), np.int64(0), 1), (82, 4, 1, 0), 0), ((82, 4, 1, 0), (82, 71, 1, 2), 0), ((82, 71, 1, 2), (31, 6, 1, 0), 0), ((31, 6, 1, 0), (31, 100, 1, 3), 0), ((31, 100, 1, 3), (67, 13, 1, 1), 0), ((67, 13, 1, 1), (67, 80, 1, 3), 0), ((67, 80, 1, 3), (39, 8, 1, 0), 0), ((39, 8, 1, 0), (39, 72, 1, 2), 0), ((39, 72, 1, 2), (74, 6, 1, 0), 0), ((74, 6, 1, 0), (74, 6, 119, 0), 0))
New edge added:  ((13, np.int64(20), np.int64(0), 1), (82, np.int64(4), np.int64(2), 0), 0)  Edge removed:  ((13, np.int64(20), np.int64(0), 1), (82, 4, 1, 0), 0)
x_load_1: {((50, 7, 1, 0), (50, 80, 1, 3), 0): 1.0, ((50, 80, 1, 3), (36, 7, 1, 0), 0): 1.0, ((13, 27, 1, 1), (13, 27, 119, 1), 0): 1.0, ((92, 9, 1, 0), (92, 100, 1, 3), 0): 1.0, ((92, 100, 1, 3), (50, 7, 1, 0), 0): 1.0, ((21, 10, 1, 1), (21, 80, 1, 3), 0): 1.0, ((21, 80, 1, 3), (40, 10, 1, 1), 0): 1.0, ((40, 10, 1, 1), (40, 77, 1, 2), 0): 1.0, ((36, 7, 1, 0), (36, 100, 1, 3), 0): 1.0, ((40, 77, 1, 2), (58, 4, 1, 0), 0): 1.0, ((36, 100, 1, 3), (21, 10, 1, 1), 0): 1.0, ((58, 4, 1, 0), (58, 100, 1, 3), 0): 1.0, ((43, 4, 1, 0), (43, 100, 1, 3), 0): 1.0, ((43, 100, 1, 3), (13, 27, 1, 1), 0): 1.0, ((49, 44, 0, 2), (92, 9, 1, 0), 0): 1.0, ((58, 100, 1, 3), (43, 4, 1, 0), 0): 1.0}
x_ener_1: {((50, 7, 1, 0), (50, 7, 51, 0), 0): 1.0, ((50, 80, 1, 3), (36, 7, 1, 0), 0): 1.0, ((76, 80, 1, 3), (50, 80, 1, 3), 0): 1.0, ((50, 7, 51, 0), (50, 7, 101, 0), 0): 1.0, ((50, 7, 101, 0), (50, 7, 119, 0), 0): 1.0, ((13, 27, 1, 1), (13, 27, 51, 1), 0): 2.0, ((13, 27, 51, 1), (13, 27, 101, 1), 0): 1.0, ((13, 27, 51, 1), (13, 27, 119, 1), 0): 1.0, ((13, 27, 101, 1), (45, 27, 101, 1), 1): 1.0, ((45, 27, 101, 1), (93, 11, 101, 1), 0): 1.0, ((93, 11, 101, 1), (93, 11, 119, 1), 0): 1.0, ((92, 9, 1, 0), (92, 9, 119, 0), 0): 1.0, ((92, 100, 1, 3), (50, 7, 1, 0), 0): 1.0, ((21, 10, 1, 1), (21, 10, 119, 1), 0): 1.0, ((21, 80, 1, 3), (40, 10, 1, 1), 0): 1.0, ((21, 80, 0, 3), (21, 80, 1, 3), 0): 1.0, ((40, 10, 1, 1), (40, 10, 119, 1), 0): 1.0, ((36, 7, 1, 0), (36, 7, 51, 0), 0): 1.0, ((36, 7, 51, 0), (36, 7, 119, 0), 0): 1.0, ((40, 77, 1, 2), (58, 4, 1, 0), 0): 1.0, ((36, 100, 1, 3), (21, 10, 1, 1), 0): 1.0, ((36, 100, 0, 3), (37, 100, 1, 3), 0): 1.0, ((37, 100, 1, 3), (36, 100, 1, 3), 0): 1.0, ((40, 77, 0, 2), (40, 77, 1, 2), 0): 1.0, ((58, 4, 1, 0), (58, 4, 51, 0), 0): 1.0, ((58, 4, 51, 0), (58, 4, 119, 0), 0): 1.0, ((43, 4, 1, 0), (43, 4, 119, 0), 0): 1.0, ((43, 100, 1, 3), (13, 27, 1, 1), 0): 2.0, ((43, 100, 0, 3), (43, 100, 1, 3), 0): 2.0, ((49, 44, 0, 2), (92, 9, 1, 0), 0): 1.0, ((50, 80, 0, 3), (76, 80, 1, 3), 0): 1.0, ((58, 100, 1, 3), (43, 4, 1, 0), 0): 1.0, ((58, 100, 0, 3), (58, 100, 1, 3), 0): 1.0, ((92, 100, 0, 3), (92, 100, 1, 3), 0): 1.0}
(((49, np.int64(44), np.int64(0), 2), (92, 9, 1, 0), 0), ((92, 9, 1, 0), (92, 100, 1, 3), 0), ((92, 100, 1, 3), (50, 7, 1, 0), 0), ((50, 7, 1, 0), (50, 80, 1, 3), 0), ((50, 80, 1, 3), (36, 7, 1, 0), 0), ((36, 7, 1, 0), (36, 100, 1, 3), 0), ((36, 100, 1, 3), (21, 10, 1, 1), 0), ((21, 10, 1, 1), (21, 80, 1, 3), 0), ((21, 80, 1, 3), (40, 10, 1, 1), 0), ((40, 10, 1, 1), (40, 77, 1, 2), 0), ((40, 77, 1, 2), (58, 4, 1, 0), 0), ((58, 4, 1, 0), (58, 100, 1, 3), 0), ((58, 100, 1, 3), (43, 4, 1, 0), 0), ((43, 4, 1, 0), (43, 100, 1, 3), 0), ((43, 100, 1, 3), (13, 27, 1, 1), 0), ((13, 27, 1, 1), (13, 27, 119, 1), 0))
New edge added:  ((49, np.int64(44), np.int64(0), 2), (92, np.int64(8), np.int64(5), 0), 0)  Edge removed:  ((49, np.int64(44), np.int64(0), 2), (92, 9, 1, 0), 0)
x_load_2: {((57, 7, 1, 0), (57, 67, 1, 2), 0): 2.0, ((72, 2, 1, 0), (72, 100, 1, 3), 0): 3.0, ((76, 15, 1, 1), (76, 39, 1, 1), 0): 3.0, ((76, 15, 1, 1), (76, 100, 1, 3), 0): 2.0, ((76, 39, 1, 1), (72, 2, 1, 0), 0): 3.0, ((49, 0, 1, 0), (49, 0, 119, 0), 0): 2.0, ((72, 63, 1, 2), (72, 80, 1, 3), 0): 2.0, ((49, 20, 1, 1), (49, 20, 119, 1), 0): 3.0, ((72, 100, 1, 3), (49, 20, 1, 1), 0): 3.0, ((30, 35, 1, 1), (57, 7, 1, 0), 0): 2.0, ((28, 59, 1, 2), (30, 35, 1, 1), 0): 2.0, ((57, 67, 1, 2), (31, 10, 1, 1), 0): 5.0, ((30, 95, 1, 3), (57, 67, 1, 2), 0): 3.0, ((31, 10, 1, 1), (31, 100, 1, 3), 0): 5.0, ((90, 54, 1, 2), (43, 10, 1, 1), 0): 5.0, ((21, 9, 1, 0), (21, 100, 1, 3), 0): 5.0, ((21, 100, 1, 3), (36, 10, 1, 1), 0): 5.0, ((36, 10, 1, 1), (36, 100, 1, 3), 0): 5.0, ((40, 26, 1, 1), (40, 77, 1, 2), 0): 5.0, ((76, 100, 1, 3), (72, 63, 1, 2), 0): 2.0, ((28, 27, 0, 1), (28, 59, 1, 2), 0): 2.0, ((28, 98, 0, 3), (30, 73, 1, 2), 0): 3.0, ((30, 73, 1, 2), (30, 95, 1, 3), 0): 3.0, ((43, 10, 1, 1), (43, 100, 1, 3), 0): 5.0, ((31, 100, 1, 3), (90, 6, 1, 0), 0): 5.0, ((90, 6, 1, 0), (90, 54, 1, 2), 0): 5.0, ((40, 77, 1, 2), (21, 9, 1, 0), 0): 5.0, ((36, 100, 1, 3), (76, 15, 1, 1), 0): 5.0, ((58, 4, 1, 0), (58, 100, 1, 3), 0): 5.0, ((43, 100, 1, 3), (58, 4, 1, 0), 0): 5.0, ((58, 100, 1, 3), (40, 26, 1, 1), 0): 5.0, ((72, 80, 1, 3), (49, 0, 1, 0), 0): 2.0}
x_ener_2: {((57, 7, 1, 0), (57, 7, 119, 0), 0): 3.0, ((2, 100, 1, 3), (72, 100, 1, 3), 0): 3.0, ((72, 2, 1, 0), (72, 2, 119, 0), 0): 3.0, ((76, 15, 1, 1), (26, 2, 1, 0), 0): 5.0, ((76, 39, 1, 1), (72, 2, 1, 0), 0): 3.0, ((49, 0, 1, 0), (49, 0, 119, 0), 0): 2.0, ((72, 63, 1, 2), (76, 39, 1, 1), 0): 3.0, ((49, 20, 1, 1), (49, 20, 51, 1), 0): 3.0, ((72, 100, 1, 3), (49, 20, 1, 1), 0): 3.0, ((49, 20, 51, 1), (49, 20, 101, 1), 0): 3.0, ((49, 20, 101, 1), (49, 20, 119, 1), 0): 3.0, ((30, 35, 1, 1), (57, 7, 1, 0), 0): 3.0, ((28, 59, 1, 2), (30, 35, 1, 1), 0): 3.0, ((89, 58, 1, 2), (28, 59, 1, 2), 1): 3.0, ((57, 67, 1, 2), (31, 10, 1, 1), 0): 5.0, ((26, 2, 1, 0), (26, 2, 51, 0), 0): 5.0, ((26, 2, 51, 0), (26, 2, 119, 0), 0): 5.0, ((11, 96, 1, 3), (28, 96, 1, 3), 1): 2.0, ((28, 96, 1, 3), (56, 95, 1, 3), 0): 2.0, ((56, 95, 1, 3), (30, 95, 1, 3), 1): 2.0, ((89, 97, 1, 3), (11, 96, 1, 3), 1): 2.0, ((30, 95, 1, 3), (57, 67, 1, 2), 0): 5.0, ((31, 10, 1, 1), (31, 10, 51, 1), 0): 5.0, ((90, 54, 1, 2), (43, 10, 1, 1), 0): 6.0, ((31, 10, 51, 1), (31, 10, 119, 1), 0): 5.0, ((21, 9, 1, 0), (21, 9, 119, 0), 0): 5.0, ((21, 100, 1, 3), (36, 10, 1, 1), 0): 5.0, ((21, 100, 0, 3), (21, 100, 1, 3), 0): 5.0, ((36, 10, 1, 1), (36, 10, 51, 1), 0): 5.0, ((36, 10, 51, 1), (36, 10, 101, 1), 0): 5.0, ((36, 10, 101, 1), (36, 10, 119, 1), 0): 5.0, ((40, 26, 1, 1), (40, 26, 119, 1), 0): 5.0, ((26, 100, 1, 3), (76, 100, 1, 3), 0): 5.0, ((26, 100, 0, 3), (26, 100, 1, 3), 0): 5.0, ((76, 100, 1, 3), (72, 63, 1, 2), 0): 3.0, ((76, 100, 1, 3), (72, 80, 1, 3), 0): 2.0, ((28, 96, 0, 3), (89, 97, 1, 3), 0): 2.0, ((28, 98, 0, 3), (30, 73, 1, 2), 0): 3.0, ((30, 73, 1, 2), (89, 58, 1, 2), 0): 3.0, ((43, 10, 1, 1), (43, 10, 51, 1), 0): 6.0, ((43, 10, 51, 1), (43, 10, 101, 1), 0): 6.0, ((43, 10, 101, 1), (43, 10, 119, 1), 0): 6.0, ((31, 100, 1, 3), (90, 6, 1, 0), 0): 6.0, ((31, 100, 0, 3), (31, 100, 1, 3), 0): 6.0, ((90, 6, 1, 0), (90, 6, 51, 0), 0): 6.0, ((90, 6, 51, 0), (90, 6, 101, 0), 0): 6.0, ((90, 6, 101, 0), (90, 6, 119, 0), 0): 6.0, ((40, 77, 1, 2), (21, 9, 1, 0), 0): 5.0, ((36, 100, 1, 3), (76, 15, 1, 1), 0): 5.0, ((36, 100, 0, 3), (37, 100, 1, 3), 0): 5.0, ((37, 100, 1, 3), (36, 100, 1, 3), 0): 5.0, ((40, 77, 0, 2), (40, 77, 1, 2), 0): 5.0, ((58, 4, 1, 0), (58, 4, 51, 0), 0): 5.0, ((58, 4, 51, 0), (58, 4, 101, 0), 0): 5.0, ((58, 4, 101, 0), (58, 4, 119, 0), 0): 5.0, ((43, 100, 1, 3), (58, 4, 1, 0), 0): 5.0, ((43, 100, 0, 3), (43, 100, 1, 3), 0): 5.0, ((57, 100, 0, 3), (30, 95, 1, 3), 0): 3.0, ((58, 100, 1, 3), (40, 26, 1, 1), 0): 5.0, ((58, 100, 0, 3), (58, 100, 1, 3), 0): 5.0, ((72, 80, 1, 3), (49, 0, 1, 0), 0): 2.0, ((72, 100, 0, 3), (2, 100, 1, 3), 0): 3.0, ((90, 54, 0, 2), (90, 54, 1, 2), 0): 6.0}
(((28, np.int64(27), np.int64(0), 1), (28, 59, 1, 2), 0), ((28, 59, 1, 2), (30, 35, 1, 1), 0), ((30, 35, 1, 1), (57, 7, 1, 0), 0), ((57, 7, 1, 0), (57, 67, 1, 2), 0), ((57, 67, 1, 2), (31, 10, 1, 1), 0), ((31, 10, 1, 1), (31, 100, 1, 3), 0), ((31, 100, 1, 3), (90, 6, 1, 0), 0), ((90, 6, 1, 0), (90, 54, 1, 2), 0), ((90, 54, 1, 2), (43, 10, 1, 1), 0), ((43, 10, 1, 1), (43, 100, 1, 3), 0), ((43, 100, 1, 3), (58, 4, 1, 0), 0), ((58, 4, 1, 0), (58, 100, 1, 3), 0), ((58, 100, 1, 3), (40, 26, 1, 1), 0), ((40, 26, 1, 1), (40, 77, 1, 2), 0), ((40, 77, 1, 2), (21, 9, 1, 0), 0), ((21, 9, 1, 0), (21, 100, 1, 3), 0), ((21, 100, 1, 3), (36, 10, 1, 1), 0), ((36, 10, 1, 1), (36, 100, 1, 3), 0), ((36, 100, 1, 3), (76, 15, 1, 1), 0), ((76, 15, 1, 1), (76, 100, 1, 3), 0), ((76, 100, 1, 3), (72, 63, 1, 2), 0), ((72, 63, 1, 2), (72, 80, 1, 3), 0), ((72, 80, 1, 3), (49, 0, 1, 0), 0), ((49, 0, 1, 0), (49, 0, 119, 0), 0))
New edge added:  ((28, np.int64(59), np.int64(1), 2), (30, np.int64(34), np.int64(4), 1), 0)  Edge removed:  ((28, 59, 1, 2), (30, 35, 1, 1), 0)
Solution cannot be extended to a feasible solution, updating network...
n[ 21 ] =  6.0
n[ 26 ] =  5.0
n[ 31 ] =  7.0
n[ 36 ] =  6.0
n[ 39 ] =  1.0
n[ 40 ] =  6.0
n[ 43 ] =  7.0
n[ 50 ] =  1.0
n[ 57 ] =  3.0
n[ 58 ] =  6.0
n[ 67 ] =  1.0
n[ 72 ] =  3.0
n[ 82 ] =  1.0
n[ 90 ] =  6.0
n[ 92 ] =  1.0
n[ 93 ] =  1.0
'''''''''''''''''
Gurobi Optimizer version 13.0.1 build v13.0.1rc0 (linux64 - "Debian GNU/Linux 12 (bookworm)")

CPU model: Intel(R) Xeon(R) CPU @ 2.20GHz, instruction set [SSE2|AVX|AVX2]
Thread count: 1 physical cores, 2 logical processors, using up to 2 threads

Non-default parameters:
MIPGap  0.05

Academic license 937859 - for non-commercial use only - registered to hp___@cornell.edu
Optimize a model with 709055 rows, 1453762 columns and 3821560 nonzeros (Min)
Model fingerprint: 0xa7f110c8
Model has 1046938 linear objective coefficients
Variable types: 0 continuous, 1453762 integer (0 binary)
Coefficient statistics:
  Matrix range     [1e+00, 3e+05]
  Objective range  [6e-01, 8e+02]
  Bounds range     [0e+00, 0e+00]
  RHS range        [1e+00, 5e+00]

MIP start from previous solve did not produce a new incumbent solution
MIP start from previous solve violates constraint flow_bal_load[(92,_np.int64(9),_np.int64(1),_0),1] by 1.000000000

Presolve removed 575298 rows and 795608 columns (presolve time = 5s)...
Presolve removed 578934 rows and 807249 columns
Presolve time: 7.68s
Presolved: 130121 rows, 646513 columns, 1495670 nonzeros
Variable types: 0 continuous, 646513 integer (2148 binary)
Performing another presolve...
Presolve removed 224 rows and 10841 columns (presolve time = 5s)...
Presolve removed 222 rows and 10839 columns
Presolve time: 5.70s

Root simplex log...

Iteration    Objective       Primal Inf.    Dual Inf.      Time
       0      handle free variables                         22s
    8097    9.4516873e+02   1.747199e+02   0.000000e+00     25s
   14495    1.6785012e+03   1.060000e+02   0.000000e+00     30s
   17985    1.7581781e+03   8.600000e+01   0.000000e+00     35s
   20685    1.8459281e+03   1.505000e+02   0.000000e+00     40s
   22705    1.8663767e+03   1.275000e+02   0.000000e+00     45s
   24725    1.8804593e+03   3.507801e+02   0.000000e+00     50s
   26645    1.9207740e+03   1.365000e+02   0.000000e+00     55s
   28345    1.9457850e+03   2.148840e+02   0.000000e+00     60s
   30135    1.9779252e+03   1.271667e+02   0.000000e+00     65s
   31805    2.0667133e+03   1.657297e+02   0.000000e+00     70s
   32845    2.0774513e+03   5.726076e+02   0.000000e+00     75s
   33665    2.0877087e+03   2.100000e+02   0.000000e+00     80s
   34915    2.1278114e+03   2.355000e+02   0.000000e+00     85s
   36485    2.2726735e+03   2.437775e+02   0.000000e+00     91s
   37615    2.3039884e+03   2.931680e+02   0.000000e+00     95s
   38615    2.3218352e+03   1.057712e+02   0.000000e+00    100s
   39925    2.3461247e+03   2.013326e+02   0.000000e+00    105s
   40965    2.3591969e+03   1.097083e+02   0.000000e+00    110s
   42055    2.3656271e+03   1.326788e+02   0.000000e+00    116s
   43135    2.3841068e+03   6.308428e+02   0.000000e+00    121s
   44345    2.4060192e+03   5.293619e+02   0.000000e+00    125s
   45515    2.4676035e+03   1.570207e+02   0.000000e+00    130s
   46565    2.5748169e+03   1.738401e+02   0.000000e+00    135s
   47435    2.6171968e+03   3.969935e+02   0.000000e+00    140s
   48405    2.6644370e+03   1.708259e+02   0.000000e+00    145s
   49845    2.6724484e+03   5.117667e+02   0.000000e+00    151s
   50835    2.7001228e+03   1.543848e+02   0.000000e+00    155s
   52155    2.7285789e+03   2.648848e+02   0.000000e+00    160s
   53745    2.8129539e+03   1.815098e+02   0.000000e+00    165s
   55615    2.9648289e+03   2.018848e+02   0.000000e+00    171s
   57215    3.2327242e+03   1.890352e+02   0.000000e+00    175s
   58935    4.9913571e+03   4.572897e+02   0.000000e+00    181s
   60045    5.0497401e+03   3.936228e+02   0.000000e+00    185s
   61025    5.0613016e+03   1.802063e+02   0.000000e+00    191s
   61805    5.0833023e+03   4.409701e+02   0.000000e+00    195s
   62815    5.1350892e+03   1.341226e+02   0.000000e+00    201s
   63915    5.1705240e+03   2.278542e+02   0.000000e+00    205s
   64695    5.1939461e+03   6.731250e+01   0.000000e+00    210s
   65405    5.2111251e+03   8.345312e+01   0.000000e+00    215s
   65895    5.2165718e+03   1.836668e+02   0.000000e+00    220s
   66395    5.2189869e+03   1.204666e+04   0.000000e+00    226s
   66905    5.2206460e+03   2.500000e+01   0.000000e+00    231s
   67395    5.2220303e+03   5.933333e+01   0.000000e+00    235s
   67855    5.2241063e+03   1.044531e+01   0.000000e+00    241s
   67898    5.2241478e+03   0.000000e+00   0.000000e+00    242s
   67898    5.2241478e+03   0.000000e+00   0.000000e+00    242s

Root relaxation: objective 5.224148e+03, 67898 iterations, 222.66 seconds (108.54 work units)
Total elapsed time = 241.96s (DegenMoves)

    Nodes    |    Current Node    |     Objective Bounds      |     Work
 Expl Unexpl |  Obj  Depth IntInf | Incumbent    BestBd   Gap | It/Node Time

     0     0 5224.14779    0   67          - 5224.14779      -     -  248s
H    0     0                    5263.2191781 5224.14779  0.74%     -  252s

Explored 1 nodes (90325 simplex iterations) in 252.90 seconds (121.90 work units)
Thread count was 2 (of 2 available processors)

Solution count 1: 5263.22 

Optimal solution found (tolerance 5.00e-02)
Best objective 5.263219178082e+03, best bound 5.224147787144e+03, gap 0.7423%
Iteration:  29
Size of network:  13159  nodes,  242173  edges
Obj Value:  5263.219178082192
a: {}
n: {5: 1.0, 21: 6.0, 26: 5.0, 31: 6.0, 34: 1.0, 36: 6.0, 40: 5.0, 43: 6.0, 57: 5.0, 58: 6.0, 67: 1.0, 72: 3.0, 76: 1.0, 82: 1.0, 90: 5.0, 92: 1.0}
{0: (34.421443, -119.684178), 1: (36.167392, -94.119169), 2: (34.071417, -99.009382), 3: (34.689589, -118.130371), 4: (36.434113, -99.427596), 5: (35.400164, -119.399727), 6: (37.2129649, -93.37103), 7: (30.25011, -93.01142), 8: (36.751521, -96.000152), 9: (35.35468, -94.437379), 10: (38.89357, -94.36045), 11: (33.7885884, -118.2150827), 12: (32.596725, -117.019495), 13: (33.30006, -111.96835), 14: (35.392817, -97.422948), 15: (38.96627, -95.700495), 16: (30.725159, -96.425728), 17: (37.737099, -97.32375), 18: (34.188212, -97.171022), 19: (33.94423, -96.41932), 20: (30.209862, -92.002378), 21: (37.183969, -104.499646), 22: (32.267588, -107.774524), 23: (36.72136, -119.761165), 24: (30.437821, -95.498724), 25: (35.079896, -106.746225), 26: (35.840761, -98.419831), 27: (31.207465, -95.996079), 28: (33.899899, -118.207088), 29: (33.3874378, -110.7609849), 30: (34.02094, -117.385415), 31: (33.603063, -114.598023), 32: (35.189976, -101.706309), 33: (35.853211, -94.989243), 34: (35.004614, -106.032837), 35: (31.151717, -93.265081), 36: (36.706596, -101.443207), 37: (37.069631, -100.905444), 38: (32.62712, -96.74537), 39: (36.075856, -119.043996), 40: (35.65758, -105.993406), 41: (32.181782, -94.334174), 42: (30.330588, -97.701649), 43: (35.01643, -110.675005), 44: (35.25655, -96.671004), 45: (33.3021433, -111.9552863), 46: (36.535661, -97.33916), 47: (32.698465, -97.959695), 48: (33.984094, -106.887526), 49: (32.7658795, -96.8754612), 50: (35.309665, -99.631741), 51: (31.784139, -93.08731), 52: (33.0390751, -117.2841996), 53: (38.164391, -112.278183), 54: (34.4349097, -119.9212861), 55: (31.499498, -97.173412), 56: (33.9541734, -117.5556971), 57: (34.118101, -116.45646), 58: (36.71838, -108.167694), 59: (31.940555, -102.169802), 60: (36.081743, -96.054325), 61: (32.469998, -93.672804), 62: (34.4425082, -119.7812613), 63: (37.648431, -98.094183), 64: (32.448848, -100.439583), 65: (32.627591, -97.314361), 66: (38.54421, -106.92517), 67: (34.886448, -117.079423), 68: (35.9874334, -119.961999), 69: (32.794671, -115.539473), 70: (36.220567, -115.125553), 71: (35.106478, -92.43572), 72: (34.584172, -98.396813), 73: (33.39639, -110.76888), 74: (37.8135094, -119.8800771), 75: (35.87844, -97.392471), 76: (35.490972, -98.967096), 77: (33.8310496, -116.5452277), 78: (32.354553, -95.302495), 79: (37.962455, -100.846437), 80: (32.178328, -110.960207), 81: (38.7747705, -119.9029911), 82: (33.463568, -112.459255), 83: (36.009923, -114.784826), 84: (35.3002628, -119.0381956), 85: (36.249164, -95.333829), 86: (33.6699802, -96.6120405), 87: (38.971499, -92.294316), 88: (32.029056, -93.713243), 89: (33.8722233, -118.2654222), 90: (35.263617, -112.194139), 91: (37.199194, -93.402643), 92: (33.73573, -97.14484), 93: (32.881785, -111.777561), 94: (37.161682, -113.434692), 95: (30.35815, -99.606129), 96: (34.773291, -96.697633), 97: (34.12755, -118.443664), 98: (31.34545, -92.51807), 99: (38.945105, -104.724068), 100: (30.0774, -99.10731)}
x_load_0: {((67, 13, 1, 1), (67, 100, 1, 3), 0): 1.0, ((39, 28, 1, 1), (39, 100, 1, 3), 0): 1.0, ((74, 33, 1, 1), (74, 33, 119, 1), 0): 1.0, ((39, 100, 1, 3), (74, 33, 1, 1), 0): 1.0, ((13, 27, 0, 1), (82, 11, 1, 1), 0): 1.0, ((82, 11, 1, 1), (82, 84, 1, 3), 0): 1.0, ((31, 20, 1, 1), (31, 100, 1, 3), 0): 1.0, ((82, 84, 1, 3), (31, 20, 1, 1), 0): 1.0, ((31, 100, 1, 3), (67, 13, 1, 1), 0): 1.0, ((67, 100, 1, 3), (39, 28, 1, 1), 0): 1.0}
x_ener_0: {((67, 13, 1, 1), (67, 13, 51, 1), 0): 1.0, ((5, 10, 1, 1), (5, 10, 119, 1), 0): 1.0, ((39, 28, 1, 1), (5, 10, 1, 1), 0): 1.0, ((67, 13, 51, 1), (67, 13, 119, 1), 0): 1.0, ((5, 100, 1, 3), (39, 100, 1, 3), 0): 1.0, ((74, 33, 1, 1), (74, 33, 51, 1), 0): 1.0, ((5, 100, 0, 3), (5, 100, 1, 3), 0): 1.0, ((39, 100, 1, 3), (74, 33, 1, 1), 0): 1.0, ((74, 33, 51, 1), (74, 33, 119, 1), 0): 1.0, ((13, 27, 0, 1), (82, 11, 1, 1), 0): 1.0, ((82, 11, 1, 1), (13, 0, 1, 0), 0): 1.0, ((31, 20, 1, 1), (31, 20, 51, 1), 0): 1.0, ((82, 84, 1, 3), (31, 20, 1, 1), 0): 1.0, ((13, 0, 1, 0), (13, 0, 119, 0), 0): 1.0, ((31, 20, 51, 1), (31, 20, 119, 1), 0): 1.0, ((31, 100, 1, 3), (67, 13, 1, 1), 0): 1.0, ((31, 100, 0, 3), (31, 100, 1, 3), 0): 1.0, ((67, 100, 1, 3), (39, 28, 1, 1), 0): 1.0, ((67, 100, 0, 3), (67, 100, 1, 3), 0): 1.0, ((82, 84, 0, 3), (82, 84, 1, 3), 0): 1.0}
(((13, np.int64(27), np.int64(0), 1), (82, 11, 1, 1), 0), ((82, 11, 1, 1), (82, 84, 1, 3), 0), ((82, 84, 1, 3), (31, 20, 1, 1), 0), ((31, 20, 1, 1), (31, 100, 1, 3), 0), ((31, 100, 1, 3), (67, 13, 1, 1), 0), ((67, 13, 1, 1), (67, 100, 1, 3), 0), ((67, 100, 1, 3), (39, 28, 1, 1), 0), ((39, 28, 1, 1), (39, 100, 1, 3), 0), ((39, 100, 1, 3), (74, 33, 1, 1), 0), ((74, 33, 1, 1), (74, 33, 119, 1), 0))
New edge added:  ((13, np.int64(27), np.int64(0), 1), (82, np.int64(11), np.int64(2), 1), 0)  Edge removed:  ((13, np.int64(27), np.int64(0), 1), (82, 11, 1, 1), 0)
x_load_1: {((92, 4, 1, 0), (92, 84, 1, 3), 0): 1.0, ((76, 2, 1, 0), (76, 100, 1, 3), 0): 1.0, ((36, 15, 1, 1), (36, 100, 1, 3), 0): 1.0, ((13, 27, 1, 1), (13, 27, 119, 1), 0): 1.0, ((49, 40, 1, 2), (92, 4, 1, 0), 0): 1.0, ((92, 84, 1, 3), (76, 2, 1, 0), 0): 1.0, ((21, 10, 1, 1), (21, 100, 1, 3), 0): 1.0, ((21, 100, 1, 3), (40, 30, 1, 1), 0): 1.0, ((40, 30, 1, 1), (40, 80, 1, 3), 0): 1.0, ((40, 80, 1, 3), (58, 6, 1, 0), 0): 1.0, ((76, 100, 1, 3), (36, 15, 1, 1), 0): 1.0, ((36, 100, 1, 3), (21, 10, 1, 1), 0): 1.0, ((58, 6, 1, 0), (58, 100, 1, 3), 0): 1.0, ((43, 4, 1, 0), (43, 100, 1, 3), 0): 1.0, ((43, 100, 1, 3), (13, 27, 1, 1), 0): 1.0, ((49, 40, 0, 2), (49, 40, 1, 2), 0): 1.0, ((58, 100, 1, 3), (43, 4, 1, 0), 0): 1.0}
x_ener_1: {((92, 4, 1, 0), (92, 4, 119, 0), 0): 1.0, ((76, 2, 1, 0), (76, 2, 51, 0), 0): 1.0, ((92, 64, 1, 2), (49, 40, 1, 2), 0): 1.0, ((76, 2, 51, 0), (76, 2, 101, 0), 0): 1.0, ((76, 2, 101, 0), (76, 2, 119, 0), 0): 1.0, ((36, 15, 1, 1), (36, 15, 119, 1), 0): 1.0, ((13, 27, 1, 1), (82, 23, 1, 1), 0): 1.0, ((82, 23, 1, 1), (82, 23, 51, 1), 0): 1.0, ((82, 23, 51, 1), (82, 23, 119, 1), 0): 1.0, ((49, 40, 1, 2), (92, 4, 1, 0), 0): 1.0, ((92, 84, 1, 3), (76, 2, 1, 0), 0): 1.0, ((21, 10, 1, 1), (21, 10, 51, 1), 0): 1.0, ((21, 100, 1, 3), (40, 30, 1, 1), 0): 1.0, ((34, 17, 1, 1), (34, 17, 119, 1), 0): 1.0, ((21, 100, 0, 3), (21, 100, 1, 3), 0): 1.0, ((40, 30, 1, 1), (34, 17, 1, 1), 0): 1.0, ((21, 10, 51, 1), (21, 10, 101, 1), 0): 1.0, ((21, 10, 101, 1), (21, 10, 119, 1), 0): 1.0, ((25, 100, 1, 3), (40, 80, 1, 3), 0): 1.0, ((34, 100, 1, 3), (25, 100, 1, 3), 0): 1.0, ((40, 80, 1, 3), (58, 6, 1, 0), 0): 1.0, ((76, 100, 1, 3), (36, 15, 1, 1), 0): 1.0, ((34, 100, 0, 3), (34, 100, 1, 3), 0): 1.0, ((36, 100, 1, 3), (21, 10, 1, 1), 0): 1.0, ((36, 100, 0, 3), (37, 100, 1, 3), 0): 1.0, ((37, 100, 1, 3), (36, 100, 1, 3), 0): 1.0, ((38, 100, 1, 3), (49, 100, 1, 3), 0): 1.0, ((49, 100, 1, 3), (92, 64, 1, 2), 0): 1.0, ((58, 6, 1, 0), (58, 6, 119, 0), 0): 1.0, ((43, 4, 1, 0), (43, 4, 51, 0), 0): 1.0, ((43, 100, 1, 3), (13, 27, 1, 1), 0): 1.0, ((43, 100, 0, 3), (43, 100, 1, 3), 0): 1.0, ((43, 4, 51, 0), (43, 4, 119, 0), 0): 1.0, ((49, 100, 0, 3), (38, 100, 1, 3), 0): 1.0, ((58, 100, 1, 3), (43, 4, 1, 0), 0): 1.0, ((58, 100, 0, 3), (58, 100, 1, 3), 0): 1.0, ((76, 100, 0, 3), (76, 100, 1, 3), 0): 1.0, ((92, 84, 0, 3), (92, 84, 1, 3), 0): 1.0}
(((49, np.int64(40), np.int64(0), 2), (49, 40, 1, 2), 0), ((49, 40, 1, 2), (92, 4, 1, 0), 0), ((92, 4, 1, 0), (92, 84, 1, 3), 0), ((92, 84, 1, 3), (76, 2, 1, 0), 0), ((76, 2, 1, 0), (76, 100, 1, 3), 0), ((76, 100, 1, 3), (36, 15, 1, 1), 0), ((36, 15, 1, 1), (36, 100, 1, 3), 0), ((36, 100, 1, 3), (21, 10, 1, 1), 0), ((21, 10, 1, 1), (21, 100, 1, 3), 0), ((21, 100, 1, 3), (40, 30, 1, 1), 0), ((40, 30, 1, 1), (40, 80, 1, 3), 0), ((40, 80, 1, 3), (58, 6, 1, 0), 0), ((58, 6, 1, 0), (58, 100, 1, 3), 0), ((58, 100, 1, 3), (43, 4, 1, 0), 0), ((43, 4, 1, 0), (43, 100, 1, 3), 0), ((43, 100, 1, 3), (13, 27, 1, 1), 0), ((13, 27, 1, 1), (13, 27, 119, 1), 0))
New edge added:  ((49, np.int64(40), np.int64(1), 2), (92, np.int64(4), np.int64(6), 0), 0)  Edge removed:  ((49, 40, 1, 2), (92, 4, 1, 0), 0)
x_load_2: {((72, 2, 1, 0), (72, 80, 1, 3), 0): 2.0, ((76, 15, 1, 1), (76, 39, 1, 1), 0): 2.0, ((76, 15, 1, 1), (76, 100, 1, 3), 0): 3.0, ((76, 39, 1, 1), (72, 2, 1, 0), 0): 2.0, ((49, 0, 1, 0), (49, 0, 119, 0), 0): 2.0, ((72, 63, 1, 2), (72, 100, 1, 3), 0): 3.0, ((49, 20, 1, 1), (49, 20, 119, 1), 0): 3.0, ((72, 100, 1, 3), (49, 20, 1, 1), 0): 3.0, ((30, 72, 1, 2), (30, 95, 1, 3), 0): 5.0, ((30, 95, 1, 3), (31, 10, 1, 1), 0): 5.0, ((31, 10, 1, 1), (31, 100, 1, 3), 0): 5.0, ((90, 54, 1, 2), (43, 10, 1, 1), 0): 5.0, ((21, 9, 1, 0), (21, 100, 1, 3), 0): 5.0, ((21, 100, 1, 3), (36, 10, 1, 1), 0): 5.0, ((36, 10, 1, 1), (36, 100, 1, 3), 0): 5.0, ((58, 80, 1, 3), (40, 6, 1, 0), 0): 5.0, ((76, 100, 1, 3), (72, 63, 1, 2), 0): 3.0, ((28, 96, 0, 3), (30, 72, 1, 2), 0): 5.0, ((43, 10, 1, 1), (43, 100, 1, 3), 0): 5.0, ((31, 100, 1, 3), (90, 6, 1, 0), 0): 5.0, ((90, 6, 1, 0), (90, 54, 1, 2), 0): 5.0, ((40, 6, 1, 0), (40, 77, 1, 2), 0): 5.0, ((40, 77, 1, 2), (21, 9, 1, 0), 0): 5.0, ((36, 100, 1, 3), (76, 15, 1, 1), 0): 5.0, ((58, 4, 1, 0), (58, 80, 1, 3), 0): 5.0, ((43, 100, 1, 3), (58, 4, 1, 0), 0): 5.0, ((72, 80, 1, 3), (49, 0, 1, 0), 0): 2.0}
x_ener_2: {((57, 7, 1, 0), (57, 7, 119, 0), 0): 5.0, ((2, 100, 1, 3), (72, 100, 1, 3), 0): 3.0, ((72, 2, 1, 0), (72, 2, 119, 0), 0): 3.0, ((76, 15, 1, 1), (26, 2, 1, 0), 0): 5.0, ((76, 39, 1, 1), (72, 2, 1, 0), 0): 3.0, ((49, 0, 1, 0), (49, 0, 119, 0), 0): 2.0, ((72, 63, 1, 2), (76, 39, 1, 1), 0): 3.0, ((49, 20, 1, 1), (49, 20, 119, 1), 0): 3.0, ((72, 100, 1, 3), (49, 20, 1, 1), 0): 3.0, ((56, 40, 1, 2), (57, 7, 1, 0), 0): 5.0, ((28, 59, 1, 2), (56, 40, 1, 2), 0): 5.0, ((89, 58, 1, 2), (28, 59, 1, 2), 1): 5.0, ((26, 2, 1, 0), (26, 2, 51, 0), 0): 5.0, ((26, 2, 51, 0), (26, 2, 101, 0), 0): 5.0, ((26, 2, 101, 0), (26, 2, 119, 0), 0): 5.0, ((30, 72, 1, 2), (89, 58, 1, 2), 0): 5.0, ((30, 95, 1, 3), (31, 10, 1, 1), 0): 5.0, ((31, 10, 1, 1), (31, 10, 119, 1), 0): 5.0, ((90, 54, 1, 2), (43, 10, 1, 1), 0): 5.0, ((21, 9, 1, 0), (21, 9, 51, 0), 0): 5.0, ((21, 100, 1, 3), (36, 10, 1, 1), 0): 5.0, ((21, 100, 0, 3), (21, 100, 1, 3), 0): 5.0, ((36, 10, 1, 1), (36, 10, 119, 1), 0): 5.0, ((21, 9, 51, 0), (21, 9, 101, 0), 0): 5.0, ((21, 9, 101, 0), (21, 9, 119, 0), 0): 5.0, ((58, 80, 1, 3), (40, 6, 1, 0), 0): 5.0, ((26, 100, 1, 3), (76, 100, 1, 3), 0): 5.0, ((26, 100, 0, 3), (26, 100, 1, 3), 0): 5.0, ((76, 100, 1, 3), (72, 63, 1, 2), 0): 3.0, ((76, 100, 1, 3), (72, 80, 1, 3), 0): 2.0, ((28, 96, 0, 3), (30, 72, 1, 2), 0): 5.0, ((43, 10, 1, 1), (43, 10, 51, 1), 0): 5.0, ((43, 10, 51, 1), (43, 10, 119, 1), 0): 5.0, ((31, 100, 1, 3), (90, 6, 1, 0), 0): 5.0, ((31, 100, 0, 3), (31, 100, 1, 3), 0): 5.0, ((90, 6, 1, 0), (90, 6, 51, 0), 0): 5.0, ((90, 6, 51, 0), (90, 6, 101, 0), 0): 5.0, ((90, 6, 101, 0), (90, 6, 119, 0), 0): 5.0, ((40, 6, 1, 0), (40, 6, 51, 0), 0): 5.0, ((40, 77, 1, 2), (21, 9, 1, 0), 0): 5.0, ((40, 6, 51, 0), (40, 6, 119, 0), 0): 5.0, ((36, 100, 1, 3), (76, 15, 1, 1), 0): 5.0, ((36, 100, 0, 3), (36, 100, 1, 3), 0): 5.0, ((40, 77, 0, 2), (40, 77, 1, 2), 0): 5.0, ((58, 4, 1, 0), (58, 4, 119, 0), 0): 5.0, ((43, 100, 1, 3), (58, 4, 1, 0), 0): 5.0, ((43, 100, 0, 3), (43, 100, 1, 3), 0): 5.0, ((57, 100, 0, 3), (30, 95, 1, 3), 0): 5.0, ((58, 80, 0, 3), (58, 80, 1, 3), 0): 5.0, ((72, 80, 1, 3), (49, 0, 1, 0), 0): 2.0, ((72, 100, 0, 3), (2, 100, 1, 3), 0): 3.0, ((90, 54, 0, 2), (90, 54, 1, 2), 0): 5.0}
(((28, np.int64(96), np.int64(0), 3), (30, 72, 1, 2), 0), ((30, 72, 1, 2), (30, 95, 1, 3), 0), ((30, 95, 1, 3), (31, 10, 1, 1), 0), ((31, 10, 1, 1), (31, 100, 1, 3), 0), ((31, 100, 1, 3), (90, 6, 1, 0), 0), ((90, 6, 1, 0), (90, 54, 1, 2), 0), ((90, 54, 1, 2), (43, 10, 1, 1), 0), ((43, 10, 1, 1), (43, 100, 1, 3), 0), ((43, 100, 1, 3), (58, 4, 1, 0), 0), ((58, 4, 1, 0), (58, 80, 1, 3), 0), ((58, 80, 1, 3), (40, 6, 1, 0), 0), ((40, 6, 1, 0), (40, 77, 1, 2), 0), ((40, 77, 1, 2), (21, 9, 1, 0), 0), ((21, 9, 1, 0), (21, 100, 1, 3), 0), ((21, 100, 1, 3), (36, 10, 1, 1), 0), ((36, 10, 1, 1), (36, 100, 1, 3), 0), ((36, 100, 1, 3), (76, 15, 1, 1), 0), ((76, 15, 1, 1), (76, 39, 1, 1), 0), ((76, 39, 1, 1), (72, 2, 1, 0), 0), ((72, 2, 1, 0), (72, 80, 1, 3), 0), ((72, 80, 1, 3), (49, 0, 1, 0), 0), ((49, 0, 1, 0), (49, 0, 119, 0), 0))
New edge added:  ((28, np.int64(96), np.int64(0), 3), (30, np.int64(71), np.int64(3), 2), 0)  Edge removed:  ((28, np.int64(96), np.int64(0), 3), (30, 72, 1, 2), 0)
Solution cannot be extended to a feasible solution, updating network...
n[ 5 ] =  1.0
n[ 21 ] =  6.0
n[ 26 ] =  5.0
n[ 31 ] =  6.0
n[ 34 ] =  1.0
n[ 36 ] =  6.0
n[ 40 ] =  5.0
n[ 43 ] =  6.0
n[ 57 ] =  5.0
n[ 58 ] =  6.0
n[ 67 ] =  1.0
n[ 72 ] =  3.0
n[ 76 ] =  1.0
n[ 82 ] =  1.0
n[ 90 ] =  5.0
n[ 92 ] =  1.0
'''''''''''''''''
Gurobi Optimizer version 13.0.1 build v13.0.1rc0 (linux64 - "Debian GNU/Linux 12 (bookworm)")

CPU model: Intel(R) Xeon(R) CPU @ 2.20GHz, instruction set [SSE2|AVX|AVX2]
Thread count: 1 physical cores, 2 logical processors, using up to 2 threads

Non-default parameters:
MIPGap  0.05

Academic license 937859 - for non-commercial use only - registered to hp___@cornell.edu
Optimize a model with 715776 rows, 1466752 columns and 3858919 nonzeros (Min)
Model fingerprint: 0x29577fde
Model has 1058200 linear objective coefficients
Variable types: 0 continuous, 1466752 integer (0 binary)
Coefficient statistics:
  Matrix range     [1e+00, 3e+05]
  Objective range  [6e-01, 8e+02]
  Bounds range     [0e+00, 0e+00]
  RHS range        [1e+00, 5e+00]

MIP start from previous solve did not produce a new incumbent solution
MIP start from previous solve violates constraint flow_bal_load[(82,_np.int64(11),_np.int64(1),_1),0] by 1.000000000

Presolve removed 581854 rows and 805590 columns (presolve time = 5s)...
Presolve removed 583792 rows and 811139 columns
Presolve time: 5.99s
Presolved: 131984 rows, 655613 columns, 1514151 nonzeros
Variable types: 0 continuous, 655613 integer (2126 binary)
Performing another presolve...
Presolve removed 1856 rows and 18757 columns (presolve time = 5s)...
Presolve removed 1893 rows and 18794 columns
Presolve time: 7.30s

Root simplex log...

Iteration    Objective       Primal Inf.    Dual Inf.      Time
       0      handle free variables                         22s
    7836    9.0460576e+02   8.875000e+01   0.000000e+00     25s
   13876    1.5593430e+03   3.850000e+02   0.000000e+00     30s
   17384    1.7168871e+03   2.333185e+02   0.000000e+00     35s
   20094    1.7913781e+03   2.253200e+02   0.000000e+00     40s
   21764    1.8243551e+03   4.650000e+01   0.000000e+00     45s
   23684    1.8663767e+03   1.700000e+02   0.000000e+00     50s
   25684    1.8879981e+03   1.857073e+02   0.000000e+00     56s
   27534    1.9336855e+03   6.565808e+01   0.000000e+00     60s
   29224    1.9512634e+03   2.248237e+02   0.000000e+00     65s
   30794    1.9972082e+03   2.238468e+02   0.000000e+00     70s
   32244    2.0170484e+03   1.177966e+02   0.000000e+00     75s
   33584    2.1002787e+03   3.934461e+02   0.000000e+00     80s
   35004    2.1380473e+03   1.213078e+02   0.000000e+00     86s
   36274    2.2647522e+03   9.463813e+01   0.000000e+00     90s
   37534    2.2829621e+03   1.007500e+02   0.000000e+00     96s
   38674    2.2967600e+03   1.447500e+02   0.000000e+00    101s
   40144    2.3297156e+03   3.832500e+02   0.000000e+00    105s
   41004    2.3429817e+03   1.936716e+02   0.000000e+00    110s
   41994    2.3559242e+03   3.803523e+02   0.000000e+00    115s
   42954    2.3649798e+03   4.223962e+02   0.000000e+00    121s
   43724    2.3687850e+03   2.430270e+02   0.000000e+00    125s
   44624    2.3804346e+03   1.377090e+02   0.000000e+00    130s
   45724    2.4092363e+03   9.380108e+01   0.000000e+00    136s
   46974    2.4349085e+03   2.481329e+02   0.000000e+00    140s
   48134    2.4744965e+03   1.044918e+02   0.000000e+00    145s
   49154    2.5890993e+03   3.593998e+02   0.000000e+00    151s
   49984    2.6431983e+03   1.553573e+02   0.000000e+00    155s
   50824    2.6717600e+03   3.941186e+02   0.000000e+00    160s
   51744    2.6870606e+03   1.615455e+02   0.000000e+00    166s
   52374    2.6933806e+03   3.045464e+02   0.000000e+00    170s
   53274    2.7085792e+03   2.221057e+02   0.000000e+00    175s
   54124    2.7169205e+03   1.802792e+02   0.000000e+00    181s
   55304    2.7808100e+03   2.217418e+02   0.000000e+00    186s
   56374    2.8328757e+03   1.954205e+02   0.000000e+00    191s
   57654    2.9621483e+03   5.444905e+02   0.000000e+00    195s
   58874    3.0703071e+03   1.781841e+02   0.000000e+00    200s
   60304    4.4347200e+03   1.334637e+02   0.000000e+00    206s
   61474    5.0172986e+03   4.985329e+02   0.000000e+00    210s
   62374    5.0537129e+03   4.279055e+02   0.000000e+00    216s
   63014    5.0689313e+03   6.155910e+02   0.000000e+00    220s
   63604    5.0974042e+03   3.599730e+02   0.000000e+00    226s
   64134    5.1240655e+03   4.049375e+02   0.000000e+00    230s
   65344    5.1587223e+03   1.024167e+02   0.000000e+00    236s
   66324    5.1919643e+03   1.778898e+02   0.000000e+00    241s
   66904    5.2040015e+03   1.131071e+02   0.000000e+00    246s
   67554    5.2127411e+03   1.794718e+02   0.000000e+00    251s
   67914    5.2145983e+03   7.648047e+01   0.000000e+00    255s
   68394    5.2167063e+03   7.359375e+01   0.000000e+00    261s
   68794    5.2198514e+03   6.350000e+01   0.000000e+00    265s
   69314    5.2218648e+03   6.000000e+00   0.000000e+00    270s
   69784    5.2225629e+03   5.259741e+01   0.000000e+00    277s
   70044    5.2235817e+03   1.027083e+01   0.000000e+00    280s
   70504    5.2249451e+03   7.133333e+01   0.000000e+00    286s
   70701    5.2251761e+03   0.000000e+00   0.000000e+00    289s
   70701    5.2251761e+03   0.000000e+00   0.000000e+00    290s

Root relaxation: objective 5.225176e+03, 70701 iterations, 270.40 seconds (121.78 work units)
Total elapsed time = 289.88s (DegenMoves)

    Nodes    |    Current Node    |     Objective Bounds      |     Work
 Expl Unexpl |  Obj  Depth IntInf | Incumbent    BestBd   Gap | It/Node Time

     0     0 5225.17610    0   77          - 5225.17610      -     -  324s
H    0     0                    5402.6054795 5225.17610  3.28%     -  328s

Explored 1 nodes (120441 simplex iterations) in 328.45 seconds (145.23 work units)
Thread count was 2 (of 2 available processors)

Solution count 1: 5402.61 

Optimal solution found (tolerance 5.00e-02)
Best objective 5.402605479452e+03, best bound 5.225176097647e+03, gap 3.2841%
Iteration:  30
Size of network:  13206  nodes,  244335  edges
Obj Value:  5402.605479452055
a: {49: 1.0}
n: {21: 6.0, 26: 2.0, 31: 6.0, 34: 5.0, 36: 5.0, 37: 1.0, 39: 1.0, 40: 1.0, 43: 6.0, 50: 1.0, 57: 5.0, 58: 6.0, 67: 1.0, 72: 3.0, 76: 3.0, 82: 1.0, 90: 5.0, 92: 1.0}
{0: (34.421443, -119.684178), 1: (36.167392, -94.119169), 2: (34.071417, -99.009382), 3: (34.689589, -118.130371), 4: (36.434113, -99.427596), 5: (35.400164, -119.399727), 6: (37.2129649, -93.37103), 7: (30.25011, -93.01142), 8: (36.751521, -96.000152), 9: (35.35468, -94.437379), 10: (38.89357, -94.36045), 11: (33.7885884, -118.2150827), 12: (32.596725, -117.019495), 13: (33.30006, -111.96835), 14: (35.392817, -97.422948), 15: (38.96627, -95.700495), 16: (30.725159, -96.425728), 17: (37.737099, -97.32375), 18: (34.188212, -97.171022), 19: (33.94423, -96.41932), 20: (30.209862, -92.002378), 21: (37.183969, -104.499646), 22: (32.267588, -107.774524), 23: (36.72136, -119.761165), 24: (30.437821, -95.498724), 25: (35.079896, -106.746225), 26: (35.840761, -98.419831), 27: (31.207465, -95.996079), 28: (33.899899, -118.207088), 29: (33.3874378, -110.7609849), 30: (34.02094, -117.385415), 31: (33.603063, -114.598023), 32: (35.189976, -101.706309), 33: (35.853211, -94.989243), 34: (35.004614, -106.032837), 35: (31.151717, -93.265081), 36: (36.706596, -101.443207), 37: (37.069631, -100.905444), 38: (32.62712, -96.74537), 39: (36.075856, -119.043996), 40: (35.65758, -105.993406), 41: (32.181782, -94.334174), 42: (30.330588, -97.701649), 43: (35.01643, -110.675005), 44: (35.25655, -96.671004), 45: (33.3021433, -111.9552863), 46: (36.535661, -97.33916), 47: (32.698465, -97.959695), 48: (33.984094, -106.887526), 49: (32.7658795, -96.8754612), 50: (35.309665, -99.631741), 51: (31.784139, -93.08731), 52: (33.0390751, -117.2841996), 53: (38.164391, -112.278183), 54: (34.4349097, -119.9212861), 55: (31.499498, -97.173412), 56: (33.9541734, -117.5556971), 57: (34.118101, -116.45646), 58: (36.71838, -108.167694), 59: (31.940555, -102.169802), 60: (36.081743, -96.054325), 61: (32.469998, -93.672804), 62: (34.4425082, -119.7812613), 63: (37.648431, -98.094183), 64: (32.448848, -100.439583), 65: (32.627591, -97.314361), 66: (38.54421, -106.92517), 67: (34.886448, -117.079423), 68: (35.9874334, -119.961999), 69: (32.794671, -115.539473), 70: (36.220567, -115.125553), 71: (35.106478, -92.43572), 72: (34.584172, -98.396813), 73: (33.39639, -110.76888), 74: (37.8135094, -119.8800771), 75: (35.87844, -97.392471), 76: (35.490972, -98.967096), 77: (33.8310496, -116.5452277), 78: (32.354553, -95.302495), 79: (37.962455, -100.846437), 80: (32.178328, -110.960207), 81: (38.7747705, -119.9029911), 82: (33.463568, -112.459255), 83: (36.009923, -114.784826), 84: (35.3002628, -119.0381956), 85: (36.249164, -95.333829), 86: (33.6699802, -96.6120405), 87: (38.971499, -92.294316), 88: (32.029056, -93.713243), 89: (33.8722233, -118.2654222), 90: (35.263617, -112.194139), 91: (37.199194, -93.402643), 92: (33.73573, -97.14484), 93: (32.881785, -111.777561), 94: (37.161682, -113.434692), 95: (30.35815, -99.606129), 96: (34.773291, -96.697633), 97: (34.12755, -118.443664), 98: (31.34545, -92.51807), 99: (38.945105, -104.724068), 100: (30.0774, -99.10731)}
x_load_0: {((67, 8, 1, 0), (67, 100, 1, 3), 0): 1.0, ((39, 28, 1, 1), (39, 72, 1, 2), 0): 1.0, ((57, 41, 1, 2), (67, 8, 1, 0), 0): 1.0, ((74, 6, 1, 0), (74, 6, 119, 0), 0): 1.0, ((39, 72, 1, 2), (74, 6, 1, 0), 0): 1.0, ((13, 40, 0, 2), (82, 24, 1, 1), 0): 1.0, ((82, 24, 1, 1), (82, 80, 1, 3), 0): 1.0, ((82, 80, 1, 3), (31, 15, 1, 1), 0): 1.0, ((31, 15, 1, 1), (31, 100, 1, 3), 0): 1.0, ((31, 100, 1, 3), (57, 41, 1, 2), 0): 1.0, ((67, 100, 1, 3), (39, 28, 1, 1), 0): 1.0}
x_ener_0: {((67, 8, 1, 0), (67, 8, 51, 0), 0): 1.0, ((67, 8, 51, 0), (67, 8, 101, 0), 0): 1.0, ((67, 8, 101, 0), (67, 8, 119, 0), 0): 1.0, ((39, 28, 1, 1), (39, 28, 119, 1), 0): 1.0, ((57, 41, 1, 2), (67, 8, 1, 0), 0): 1.0, ((74, 6, 1, 0), (74, 6, 51, 0), 0): 1.0, ((39, 72, 1, 2), (74, 6, 1, 0), 0): 1.0, ((74, 6, 51, 0), (74, 6, 101, 0), 0): 1.0, ((74, 6, 101, 0), (74, 6, 119, 0), 0): 1.0, ((13, 40, 0, 2), (82, 24, 1, 1), 0): 1.0, ((82, 24, 1, 1), (82, 24, 51, 1), 0): 1.0, ((82, 80, 1, 3), (31, 15, 1, 1), 0): 1.0, ((82, 24, 51, 1), (82, 24, 101, 1), 0): 1.0, ((82, 24, 101, 1), (82, 24, 119, 1), 0): 1.0, ((31, 15, 1, 1), (31, 15, 51, 1), 0): 1.0, ((31, 15, 51, 1), (31, 15, 119, 1), 0): 1.0, ((31, 100, 1, 3), (57, 41, 1, 2), 0): 1.0, ((31, 100, 0, 3), (31, 100, 1, 3), 0): 1.0, ((39, 72, 0, 2), (39, 72, 1, 2), 0): 1.0, ((67, 100, 1, 3), (39, 28, 1, 1), 0): 1.0, ((67, 100, 0, 3), (67, 100, 1, 3), 0): 1.0, ((82, 80, 0, 3), (82, 80, 1, 3), 0): 1.0}
(((13, np.int64(40), np.int64(0), 2), (82, 24, 1, 1), 0), ((82, 24, 1, 1), (82, 80, 1, 3), 0), ((82, 80, 1, 3), (31, 15, 1, 1), 0), ((31, 15, 1, 1), (31, 100, 1, 3), 0), ((31, 100, 1, 3), (57, 41, 1, 2), 0), ((57, 41, 1, 2), (67, 8, 1, 0), 0), ((67, 8, 1, 0), (67, 100, 1, 3), 0), ((67, 100, 1, 3), (39, 28, 1, 1), 0), ((39, 28, 1, 1), (39, 72, 1, 2), 0), ((39, 72, 1, 2), (74, 6, 1, 0), 0), ((74, 6, 1, 0), (74, 6, 119, 0), 0))
New edge added:  ((13, np.int64(40), np.int64(0), 2), (82, np.int64(24), np.int64(2), 1), 0)  Edge removed:  ((13, np.int64(40), np.int64(0), 2), (82, 24, 1, 1), 0)
x_load_1: {((50, 7, 1, 0), (50, 100, 1, 3), 0): 1.0, ((92, 2, 1, 0), (92, 100, 1, 3), 0): 1.0, ((13, 27, 1, 1), (13, 27, 119, 1), 0): 1.0, ((92, 100, 1, 3), (50, 7, 1, 0), 0): 1.0, ((49, 38, 1, 1), (92, 2, 1, 0), 0): 1.0, ((21, 10, 1, 1), (21, 100, 1, 3), 0): 1.0, ((21, 100, 1, 3), (40, 30, 1, 1), 0): 1.0, ((40, 30, 1, 1), (40, 77, 1, 2), 0): 1.0, ((40, 77, 1, 2), (58, 4, 1, 0), 0): 1.0, ((36, 27, 1, 1), (36, 100, 1, 3), 0): 1.0, ((36, 100, 1, 3), (21, 10, 1, 1), 0): 1.0, ((58, 4, 1, 0), (58, 100, 1, 3), 0): 1.0, ((43, 4, 1, 0), (43, 100, 1, 3), 0): 1.0, ((43, 100, 1, 3), (13, 27, 1, 1), 0): 1.0, ((49, 38, 0, 1), (49, 38, 1, 1), 0): 1.0, ((50, 100, 1, 3), (36, 27, 1, 1), 0): 1.0, ((58, 100, 1, 3), (43, 4, 1, 0), 0): 1.0}
x_ener_1: {((50, 7, 1, 0), (50, 7, 51, 0), 0): 1.0, ((92, 2, 1, 0), (92, 2, 119, 0), 0): 1.0, ((50, 7, 51, 0), (50, 7, 119, 0), 0): 1.0, ((37, 8, 1, 0), (37, 8, 119, 0), 0): 1.0, ((13, 27, 1, 1), (13, 27, 119, 1), 0): 1.0, ((49, 34, 1, 1), (49, 38, 1, 1), 0): 1.0, ((92, 58, 1, 2), (49, 34, 1, 1), 0): 1.0, ((18, 100, 1, 3), (92, 100, 1, 3), 0): 1.0, ((92, 100, 1, 3), (50, 7, 1, 0), 0): 1.0, ((49, 38, 1, 1), (92, 2, 1, 0), 0): 1.0, ((21, 10, 1, 1), (21, 10, 51, 1), 0): 1.0, ((21, 100, 1, 3), (40, 30, 1, 1), 0): 1.0, ((21, 100, 0, 3), (21, 100, 1, 3), 0): 1.0, ((40, 30, 1, 1), (40, 30, 119, 1), 0): 1.0, ((21, 10, 51, 1), (21, 10, 119, 1), 0): 1.0, ((34, 100, 0, 3), (40, 77, 1, 2), 0): 1.0, ((40, 77, 1, 2), (58, 4, 1, 0), 0): 1.0, ((36, 27, 1, 1), (37, 8, 1, 0), 0): 1.0, ((36, 100, 1, 3), (21, 10, 1, 1), 0): 1.0, ((37, 100, 1, 3), (36, 100, 1, 3), 0): 1.0, ((37, 100, 0, 3), (37, 100, 1, 3), 0): 1.0, ((38, 94, 1, 3), (49, 94, 1, 3), 1): 1.0, ((49, 94, 1, 3), (92, 58, 1, 2), 0): 1.0, ((58, 4, 1, 0), (58, 4, 119, 0), 0): 1.0, ((43, 4, 1, 0), (43, 4, 119, 0), 0): 1.0, ((43, 100, 1, 3), (13, 27, 1, 1), 0): 1.0, ((43, 100, 0, 3), (43, 100, 1, 3), 0): 1.0, ((49, 100, 0, 3), (38, 94, 1, 3), 0): 1.0, ((50, 100, 1, 3), (36, 27, 1, 1), 0): 1.0, ((58, 100, 1, 3), (43, 4, 1, 0), 0): 1.0, ((58, 100, 0, 3), (58, 100, 1, 3), 0): 1.0, ((76, 100, 0, 3), (50, 100, 1, 3), 0): 1.0, ((92, 100, 0, 3), (18, 100, 1, 3), 0): 1.0}
(((49, np.int64(38), np.int64(0), 1), (49, 38, 1, 1), 0), ((49, 38, 1, 1), (92, 2, 1, 0), 0), ((92, 2, 1, 0), (92, 100, 1, 3), 0), ((92, 100, 1, 3), (50, 7, 1, 0), 0), ((50, 7, 1, 0), (50, 100, 1, 3), 0), ((50, 100, 1, 3), (36, 27, 1, 1), 0), ((36, 27, 1, 1), (36, 100, 1, 3), 0), ((36, 100, 1, 3), (21, 10, 1, 1), 0), ((21, 10, 1, 1), (21, 100, 1, 3), 0), ((21, 100, 1, 3), (40, 30, 1, 1), 0), ((40, 30, 1, 1), (40, 77, 1, 2), 0), ((40, 77, 1, 2), (58, 4, 1, 0), 0), ((58, 4, 1, 0), (58, 100, 1, 3), 0), ((58, 100, 1, 3), (43, 4, 1, 0), 0), ((43, 4, 1, 0), (43, 100, 1, 3), 0), ((43, 100, 1, 3), (13, 27, 1, 1), 0), ((13, 27, 1, 1), (13, 27, 119, 1), 0))
New edge added:  ((49, np.int64(38), np.int64(1), 1), (92, np.int64(2), np.int64(6), 0), 0)  Edge removed:  ((49, 38, 1, 1), (92, 2, 1, 0), 0)
x_load_2: {((72, 2, 1, 0), (72, 100, 1, 3), 0): 3.0, ((76, 15, 1, 1), (76, 39, 1, 1), 0): 3.0, ((76, 15, 1, 1), (76, 100, 1, 3), 0): 2.0, ((76, 39, 1, 1), (72, 2, 1, 0), 0): 3.0, ((49, 0, 1, 0), (49, 0, 119, 0), 0): 2.0, ((72, 63, 1, 2), (72, 80, 1, 3), 0): 2.0, ((49, 20, 1, 1), (49, 20, 119, 1), 0): 3.0, ((72, 100, 1, 3), (49, 20, 1, 1), 0): 3.0, ((30, 95, 1, 3), (31, 10, 1, 1), 0): 5.0, ((31, 10, 1, 1), (31, 100, 1, 3), 0): 5.0, ((43, 54, 1, 2), (43, 100, 1, 3), 0): 5.0, ((21, 9, 1, 0), (21, 100, 1, 3), 0): 5.0, ((21, 100, 1, 3), (36, 10, 1, 1), 0): 5.0, ((36, 10, 1, 1), (36, 100, 1, 3), 0): 5.0, ((40, 26, 1, 1), (40, 77, 1, 2), 0): 5.0, ((76, 100, 1, 3), (72, 63, 1, 2), 0): 2.0, ((28, 98, 0, 3), (30, 73, 1, 2), 0): 5.0, ((30, 73, 1, 2), (30, 95, 1, 3), 0): 5.0, ((31, 100, 1, 3), (90, 6, 1, 0), 0): 5.0, ((90, 6, 1, 0), (90, 100, 1, 3), 0): 5.0, ((40, 77, 1, 2), (21, 9, 1, 0), 0): 5.0, ((36, 100, 1, 3), (76, 15, 1, 1), 0): 5.0, ((58, 4, 1, 0), (58, 100, 1, 3), 0): 5.0, ((43, 100, 1, 3), (58, 4, 1, 0), 0): 5.0, ((58, 100, 1, 3), (40, 26, 1, 1), 0): 5.0, ((72, 80, 1, 3), (49, 0, 1, 0), 0): 2.0, ((90, 100, 1, 3), (43, 54, 1, 2), 0): 5.0}
x_ener_2: {((57, 7, 1, 0), (57, 7, 119, 0), 0): 5.0, ((2, 100, 1, 3), (72, 100, 1, 3), 0): 3.0, ((72, 2, 1, 0), (72, 2, 119, 0), 0): 3.0, ((76, 15, 1, 1), (26, 2, 1, 0), 0): 2.0, ((76, 15, 1, 1), (76, 15, 119, 1), 0): 3.0, ((76, 39, 1, 1), (72, 2, 1, 0), 0): 3.0, ((49, 0, 1, 0), (49, 0, 119, 0), 0): 2.0, ((72, 63, 1, 2), (76, 39, 1, 1), 0): 3.0, ((49, 20, 1, 1), (49, 20, 119, 1), 0): 3.0, ((72, 100, 1, 3), (49, 20, 1, 1), 0): 3.0, ((56, 40, 1, 2), (57, 7, 1, 0), 0): 5.0, ((28, 59, 1, 2), (56, 40, 1, 2), 0): 5.0, ((26, 2, 1, 0), (26, 2, 119, 0), 0): 2.0, ((30, 95, 1, 3), (31, 10, 1, 1), 0): 5.0, ((31, 10, 1, 1), (31, 10, 51, 1), 0): 5.0, ((43, 54, 1, 2), (43, 54, 51, 2), 0): 5.0, ((31, 10, 51, 1), (31, 10, 119, 1), 0): 5.0, ((43, 54, 51, 2), (43, 54, 119, 2), 0): 5.0, ((21, 9, 1, 0), (21, 9, 119, 0), 0): 5.0, ((21, 100, 1, 3), (36, 10, 1, 1), 0): 5.0, ((21, 100, 0, 3), (21, 100, 1, 3), 0): 5.0, ((34, 9, 1, 0), (34, 9, 119, 0), 0): 5.0, ((36, 10, 1, 1), (36, 10, 51, 1), 0): 5.0, ((36, 10, 51, 1), (36, 10, 101, 1), 0): 5.0, ((36, 10, 101, 1), (36, 10, 119, 1), 0): 5.0, ((40, 26, 1, 1), (34, 9, 1, 0), 0): 5.0, ((34, 100, 1, 3), (40, 77, 1, 2), 0): 5.0, ((26, 100, 1, 3), (76, 100, 1, 3), 0): 2.0, ((26, 100, 0, 3), (26, 100, 1, 3), 0): 2.0, ((76, 100, 1, 3), (72, 63, 1, 2), 0): 3.0, ((28, 98, 0, 3), (30, 73, 1, 2), 0): 5.0, ((30, 73, 1, 2), (28, 59, 1, 2), 0): 5.0, ((31, 100, 1, 3), (90, 6, 1, 0), 0): 5.0, ((31, 100, 0, 3), (31, 100, 1, 3), 0): 5.0, ((90, 6, 1, 0), (90, 6, 51, 0), 0): 5.0, ((90, 6, 51, 0), (90, 6, 101, 0), 0): 5.0, ((90, 6, 101, 0), (90, 6, 119, 0), 0): 5.0, ((34, 100, 0, 3), (34, 100, 1, 3), 0): 4.0, ((40, 77, 1, 2), (21, 9, 1, 0), 0): 5.0, ((36, 100, 1, 3), (76, 15, 1, 1), 0): 5.0, ((36, 100, 0, 3), (36, 100, 1, 3), 0): 5.0, ((58, 4, 1, 0), (58, 4, 119, 0), 0): 5.0, ((40, 100, 0, 3), (34, 100, 1, 3), 0): 1.0, ((43, 100, 1, 3), (58, 4, 1, 0), 0): 5.0, ((43, 100, 0, 3), (43, 100, 1, 3), 0): 5.0, ((50, 100, 0, 3), (76, 100, 1, 3), 0): 1.0, ((57, 100, 0, 3), (30, 95, 1, 3), 0): 5.0, ((58, 100, 1, 3), (40, 26, 1, 1), 0): 5.0, ((58, 100, 0, 3), (58, 100, 1, 3), 0): 5.0, ((72, 80, 1, 3), (49, 0, 1, 0), 0): 2.0, ((72, 100, 0, 3), (2, 100, 1, 3), 0): 3.0, ((76, 100, 0, 3), (72, 80, 1, 3), 0): 2.0, ((90, 100, 1, 3), (43, 54, 1, 2), 0): 5.0, ((90, 100, 0, 3), (90, 100, 1, 3), 0): 5.0}
(((28, np.int64(98), np.int64(0), 3), (30, 73, 1, 2), 0), ((30, 73, 1, 2), (30, 95, 1, 3), 0), ((30, 95, 1, 3), (31, 10, 1, 1), 0), ((31, 10, 1, 1), (31, 100, 1, 3), 0), ((31, 100, 1, 3), (90, 6, 1, 0), 0), ((90, 6, 1, 0), (90, 100, 1, 3), 0), ((90, 100, 1, 3), (43, 54, 1, 2), 0), ((43, 54, 1, 2), (43, 100, 1, 3), 0), ((43, 100, 1, 3), (58, 4, 1, 0), 0), ((58, 4, 1, 0), (58, 100, 1, 3), 0), ((58, 100, 1, 3), (40, 26, 1, 1), 0), ((40, 26, 1, 1), (40, 77, 1, 2), 0), ((40, 77, 1, 2), (21, 9, 1, 0), 0), ((21, 9, 1, 0), (21, 100, 1, 3), 0), ((21, 100, 1, 3), (36, 10, 1, 1), 0), ((36, 10, 1, 1), (36, 100, 1, 3), 0), ((36, 100, 1, 3), (76, 15, 1, 1), 0), ((76, 15, 1, 1), (76, 100, 1, 3), 0), ((76, 100, 1, 3), (72, 63, 1, 2), 0), ((72, 63, 1, 2), (72, 80, 1, 3), 0), ((72, 80, 1, 3), (49, 0, 1, 0), 0), ((49, 0, 1, 0), (49, 0, 119, 0), 0))
New edge added:  ((28, np.int64(98), np.int64(0), 3), (30, np.int64(73), np.int64(3), 2), 0)  Edge removed:  ((28, np.int64(98), np.int64(0), 3), (30, 73, 1, 2), 0)
Solution cannot be extended to a feasible solution, updating network...
a[ 49 ] =  1.0
n[ 21 ] =  6.0
n[ 26 ] =  2.0
n[ 31 ] =  6.0
n[ 34 ] =  5.0
n[ 36 ] =  5.0
n[ 37 ] =  1.0
n[ 39 ] =  1.0
n[ 40 ] =  1.0
n[ 43 ] =  6.0
n[ 50 ] =  1.0
n[ 57 ] =  5.0
n[ 58 ] =  6.0
n[ 67 ] =  1.0
n[ 72 ] =  3.0
n[ 76 ] =  3.0
n[ 82 ] =  1.0
n[ 90 ] =  5.0
n[ 92 ] =  1.0
'''''''''''''''''
Gurobi Optimizer version 13.0.1 build v13.0.1rc0 (linux64 - "Debian GNU/Linux 12 (bookworm)")

CPU model: Intel(R) Xeon(R) CPU @ 2.20GHz, instruction set [SSE2|AVX|AVX2]
Thread count: 1 physical cores, 2 logical processors, using up to 2 threads

Non-default parameters:
MIPGap  0.05

Academic license 937859 - for non-commercial use only - registered to hp___@cornell.edu
Optimize a model with 715782 rows, 1466770 columns and 3863245 nonzeros (Min)
Model fingerprint: 0x83185ace
Model has 1058200 linear objective coefficients
Variable types: 0 continuous, 1466770 integer (0 binary)
Coefficient statistics:
  Matrix range     [1e+00, 3e+05]
  Objective range  [6e-01, 8e+02]
  Bounds range     [0e+00, 0e+00]
  RHS range        [1e+00, 5e+00]

MIP start from previous solve did not produce a new incumbent solution
MIP start from previous solve violates constraint flow_bal_load[(92,_np.int64(2),_np.int64(1),_0),1] by 1.000000000
Processed MIP start in 1.00 seconds (0.36 work units)

Presolve removed 581813 rows and 804932 columns (presolve time = 5s)...
Presolve removed 583754 rows and 811011 columns
Presolve time: 6.06s
Presolved: 132028 rows, 655759 columns, 1514519 nonzeros
Variable types: 0 continuous, 655759 integer (2126 binary)
Performing another presolve...
Presolve removed 1870 rows and 18507 columns (presolve time = 5s)...
Presolve removed 1905 rows and 18832 columns
Presolve time: 7.72s

Root simplex log...

Iteration    Objective       Primal Inf.    Dual Inf.      Time
       0      handle free variables                         23s
    6120    8.2817829e+02   9.198870e+01   0.000000e+00     25s
   11466    1.2064299e+03   4.426638e+02   0.000000e+00     30s
   14924    1.6631147e+03   7.609498e+01   0.000000e+00     35s
   17624    1.7610758e+03   7.434615e+01   0.000000e+00     40s
   19664    1.8187295e+03   9.250000e+01   0.000000e+00     45s
   21544    1.8528767e+03   1.090000e+02   0.000000e+00     50s
   23544    1.8677074e+03   1.212976e+02   0.000000e+00     55s
   25294    1.8959214e+03   1.527793e+02   0.000000e+00     60s
   27184    1.9370657e+03   2.654608e+02   0.000000e+00     65s
   28844    1.9589419e+03   2.809945e+02   0.000000e+00     70s
   30414    2.0040051e+03   2.475948e+02   0.000000e+00     75s
   32014    2.0366670e+03   9.462712e+01   0.000000e+00     80s
   33554    2.1816469e+03   4.917549e+02   0.000000e+00     85s
   34914    2.2579606e+03   3.883958e+02   0.000000e+00     90s
   36224    2.2862335e+03   1.858333e+02   0.000000e+00     95s
   37324    2.3018995e+03   1.942427e+02   0.000000e+00    100s
   38494    2.3272912e+03   4.013070e+02   0.000000e+00    106s
   39554    2.3332323e+03   1.531444e+02   0.000000e+00    110s
   40414    2.3471271e+03   2.461241e+02   0.000000e+00    115s
   41404    2.3617363e+03   1.466076e+02   0.000000e+00    120s
   42294    2.3726049e+03   2.807619e+02   0.000000e+00    125s
   43314    2.3929552e+03   2.365198e+02   0.000000e+00    131s
   44224    2.4098186e+03   8.573438e+01   0.000000e+00    135s
   45174    2.4504643e+03   5.005990e+02   0.000000e+00    140s
   46244    2.5676283e+03   3.350176e+02   0.000000e+00    146s
   47124    2.6458940e+03   1.470636e+02   0.000000e+00    150s
   48704    2.6807021e+03   4.065917e+02   0.000000e+00    156s
   49884    2.7028759e+03   3.439370e+02   0.000000e+00    160s
   50594    2.7142004e+03   1.265903e+02   0.000000e+00    165s
   51594    2.7267469e+03   1.381333e+02   0.000000e+00    170s
   52584    2.7785908e+03   1.905139e+02   0.000000e+00    175s
   53484    2.8273923e+03   7.609074e+01   0.000000e+00    180s
   54694    2.9126431e+03   3.061229e+02   0.000000e+00    185s
   56274    3.1144410e+03   2.304715e+02   0.000000e+00    190s
   57464    4.8808326e+03   2.417792e+02   0.000000e+00    195s
   58744    5.0594190e+03   1.632834e+03   0.000000e+00    201s
   59904    5.0813527e+03   4.570653e+02   0.000000e+00    206s
   60804    5.1018485e+03   2.384407e+02   0.000000e+00    211s
   61424    5.1424698e+03   2.089834e+02   0.000000e+00    216s
   62074    5.1645614e+03   1.800517e+02   0.000000e+00    221s
   63004    5.1863340e+03   1.073959e+03   0.000000e+00    225s
   63704    5.2028875e+03   2.596150e+02   0.000000e+00    230s
   64174    5.2083796e+03   1.642179e+02   0.000000e+00    236s
   64654    5.2179653e+03   5.043229e+01   0.000000e+00    241s
   65314    5.2259086e+03   9.104688e+01   0.000000e+00    246s
   65664    5.2260113e+03   2.208333e+01   0.000000e+00    251s
   66004    5.2262761e+03   1.535000e+02   0.000000e+00    256s
   66474    5.2277422e+03   1.280682e+01   0.000000e+00    261s
   66814    5.2282788e+03   5.422917e+01   0.000000e+00    266s
   67154    5.2291436e+03   7.383494e+01   0.000000e+00    271s
   67223    5.2292894e+03   0.000000e+00   0.000000e+00    272s
   67223    5.2292894e+03   0.000000e+00   0.000000e+00    273s

Root relaxation: objective 5.229289e+03, 67223 iterations, 252.44 seconds (111.88 work units)
Total elapsed time = 272.75s (DegenMoves)

    Nodes    |    Current Node    |     Objective Bounds      |     Work
 Expl Unexpl |  Obj  Depth IntInf | Incumbent    BestBd   Gap | It/Node Time

     0     0 5229.28944    0   94          - 5229.28944      -     -  278s
H    0     0                    5409.5541096 5229.28944  3.33%     -  282s

Explored 1 nodes (86900 simplex iterations) in 282.73 seconds (124.04 work units)
Thread count was 2 (of 2 available processors)

Solution count 1: 5409.55 

Optimal solution found (tolerance 5.00e-02)
Best objective 5.409554109589e+03, best bound 5.229289440639e+03, gap 3.3323%
Iteration:  31
Size of network:  13206  nodes,  244335  edges
Obj Value:  5409.55410958904
a: {49: 1.0}
n: {5: 2.0, 13: 1.0, 21: 6.0, 23: 1.0, 31: 5.0, 36: 5.0, 37: 1.0, 40: 6.0, 43: 5.0, 50: 5.0, 57: 4.0, 58: 6.0, 67: 1.0, 70: 1.0, 72: 3.0, 76: 1.0, 82: 1.0, 90: 4.0, 92: 1.0, 93: 1.0}
{0: (34.421443, -119.684178), 1: (36.167392, -94.119169), 2: (34.071417, -99.009382), 3: (34.689589, -118.130371), 4: (36.434113, -99.427596), 5: (35.400164, -119.399727), 6: (37.2129649, -93.37103), 7: (30.25011, -93.01142), 8: (36.751521, -96.000152), 9: (35.35468, -94.437379), 10: (38.89357, -94.36045), 11: (33.7885884, -118.2150827), 12: (32.596725, -117.019495), 13: (33.30006, -111.96835), 14: (35.392817, -97.422948), 15: (38.96627, -95.700495), 16: (30.725159, -96.425728), 17: (37.737099, -97.32375), 18: (34.188212, -97.171022), 19: (33.94423, -96.41932), 20: (30.209862, -92.002378), 21: (37.183969, -104.499646), 22: (32.267588, -107.774524), 23: (36.72136, -119.761165), 24: (30.437821, -95.498724), 25: (35.079896, -106.746225), 26: (35.840761, -98.419831), 27: (31.207465, -95.996079), 28: (33.899899, -118.207088), 29: (33.3874378, -110.7609849), 30: (34.02094, -117.385415), 31: (33.603063, -114.598023), 32: (35.189976, -101.706309), 33: (35.853211, -94.989243), 34: (35.004614, -106.032837), 35: (31.151717, -93.265081), 36: (36.706596, -101.443207), 37: (37.069631, -100.905444), 38: (32.62712, -96.74537), 39: (36.075856, -119.043996), 40: (35.65758, -105.993406), 41: (32.181782, -94.334174), 42: (30.330588, -97.701649), 43: (35.01643, -110.675005), 44: (35.25655, -96.671004), 45: (33.3021433, -111.9552863), 46: (36.535661, -97.33916), 47: (32.698465, -97.959695), 48: (33.984094, -106.887526), 49: (32.7658795, -96.8754612), 50: (35.309665, -99.631741), 51: (31.784139, -93.08731), 52: (33.0390751, -117.2841996), 53: (38.164391, -112.278183), 54: (34.4349097, -119.9212861), 55: (31.499498, -97.173412), 56: (33.9541734, -117.5556971), 57: (34.118101, -116.45646), 58: (36.71838, -108.167694), 59: (31.940555, -102.169802), 60: (36.081743, -96.054325), 61: (32.469998, -93.672804), 62: (34.4425082, -119.7812613), 63: (37.648431, -98.094183), 64: (32.448848, -100.439583), 65: (32.627591, -97.314361), 66: (38.54421, -106.92517), 67: (34.886448, -117.079423), 68: (35.9874334, -119.961999), 69: (32.794671, -115.539473), 70: (36.220567, -115.125553), 71: (35.106478, -92.43572), 72: (34.584172, -98.396813), 73: (33.39639, -110.76888), 74: (37.8135094, -119.8800771), 75: (35.87844, -97.392471), 76: (35.490972, -98.967096), 77: (33.8310496, -116.5452277), 78: (32.354553, -95.302495), 79: (37.962455, -100.846437), 80: (32.178328, -110.960207), 81: (38.7747705, -119.9029911), 82: (33.463568, -112.459255), 83: (36.009923, -114.784826), 84: (35.3002628, -119.0381956), 85: (36.249164, -95.333829), 86: (33.6699802, -96.6120405), 87: (38.971499, -92.294316), 88: (32.029056, -93.713243), 89: (33.8722233, -118.2654222), 90: (35.263617, -112.194139), 91: (37.199194, -93.402643), 92: (33.73573, -97.14484), 93: (32.881785, -111.777561), 94: (37.161682, -113.434692), 95: (30.35815, -99.606129), 96: (34.773291, -96.697633), 97: (34.12755, -118.443664), 98: (31.34545, -92.51807), 99: (38.945105, -104.724068), 100: (30.0774, -99.10731)}
x_load_0: {((39, 69, 1, 2), (74, 6, 1, 0), 0): 1.0, ((67, 13, 1, 1), (67, 100, 1, 3), 0): 1.0, ((39, 28, 1, 1), (39, 69, 1, 2), 0): 1.0, ((74, 6, 1, 0), (74, 6, 119, 0), 0): 1.0, ((31, 6, 1, 0), (31, 100, 1, 3), 0): 1.0, ((13, 49, 0, 2), (82, 35, 1, 1), 0): 1.0, ((82, 35, 1, 1), (82, 71, 1, 2), 0): 1.0, ((82, 71, 1, 2), (31, 6, 1, 0), 0): 1.0, ((31, 100, 1, 3), (67, 13, 1, 1), 0): 1.0, ((67, 100, 1, 3), (39, 28, 1, 1), 0): 1.0}
x_ener_0: {((39, 69, 1, 2), (74, 6, 1, 0), 0): 1.0, ((5, 2, 1, 0), (5, 2, 119, 0), 0): 1.0, ((67, 13, 1, 1), (67, 13, 119, 1), 0): 1.0, ((39, 28, 1, 1), (5, 2, 1, 0), 0): 1.0, ((67, 59, 51, 2), (70, 7, 51, 0), 0): 1.0, ((5, 100, 1, 3), (5, 100, 51, 3), 0): 1.0, ((74, 6, 1, 0), (74, 6, 51, 0), 0): 1.0, ((5, 100, 0, 3), (84, 100, 1, 3), 0): 1.0, ((84, 100, 1, 3), (5, 100, 1, 3), 0): 1.0, ((5, 100, 51, 3), (84, 100, 51, 3), 0): 1.0, ((74, 6, 51, 0), (74, 6, 101, 0), 0): 1.0, ((84, 100, 51, 3), (67, 59, 51, 2), 0): 1.0, ((74, 6, 101, 0), (74, 6, 119, 0), 0): 1.0, ((31, 6, 1, 0), (31, 6, 119, 0), 0): 1.0, ((13, 20, 1, 1), (13, 20, 119, 1), 0): 1.0, ((13, 80, 1, 3), (82, 71, 1, 2), 0): 1.0, ((13, 49, 0, 2), (82, 35, 1, 1), 0): 1.0, ((82, 35, 1, 1), (13, 20, 1, 1), 0): 1.0, ((45, 80, 1, 3), (13, 80, 1, 3), 1): 1.0, ((82, 71, 1, 2), (31, 6, 1, 0), 0): 1.0, ((82, 84, 1, 3), (45, 80, 1, 3), 0): 1.0, ((23, 80, 0, 3), (39, 69, 1, 2), 0): 1.0, ((31, 100, 1, 3), (67, 13, 1, 1), 0): 1.0, ((31, 100, 0, 3), (31, 100, 1, 3), 0): 1.0, ((70, 7, 51, 0), (70, 7, 119, 0), 0): 1.0, ((67, 100, 1, 3), (39, 28, 1, 1), 0): 1.0, ((67, 100, 0, 3), (67, 100, 1, 3), 0): 1.0, ((82, 84, 0, 3), (82, 84, 1, 3), 0): 1.0}
(((13, np.int64(49), np.int64(0), 2), (82, 35, 1, 1), 0), ((82, 35, 1, 1), (82, 71, 1, 2), 0), ((82, 71, 1, 2), (31, 6, 1, 0), 0), ((31, 6, 1, 0), (31, 100, 1, 3), 0), ((31, 100, 1, 3), (67, 13, 1, 1), 0), ((67, 13, 1, 1), (67, 100, 1, 3), 0), ((67, 100, 1, 3), (39, 28, 1, 1), 0), ((39, 28, 1, 1), (39, 69, 1, 2), 0), ((39, 69, 1, 2), (74, 6, 1, 0), 0), ((74, 6, 1, 0), (74, 6, 119, 0), 0))
New edge added:  ((13, np.int64(49), np.int64(0), 2), (82, np.int64(33), np.int64(2), 1), 0)  Edge removed:  ((13, np.int64(49), np.int64(0), 2), (82, 35, 1, 1), 0)
x_load_1: {((76, 2, 1, 0), (76, 100, 1, 3), 0): 1.0, ((49, 44, 1, 2), (92, 9, 1, 0), 0): 1.0, ((36, 15, 1, 1), (36, 100, 1, 3), 0): 1.0, ((13, 7, 1, 0), (13, 7, 119, 0), 0): 1.0, ((92, 9, 1, 0), (92, 84, 1, 3), 0): 1.0, ((92, 84, 1, 3), (76, 2, 1, 0), 0): 1.0, ((21, 10, 1, 1), (21, 100, 1, 3), 0): 1.0, ((21, 100, 1, 3), (40, 30, 1, 1), 0): 1.0, ((40, 30, 1, 1), (40, 77, 1, 2), 0): 1.0, ((76, 100, 1, 3), (36, 15, 1, 1), 0): 1.0, ((43, 80, 1, 3), (13, 7, 1, 0), 0): 1.0, ((40, 77, 1, 2), (58, 4, 1, 0), 0): 1.0, ((36, 100, 1, 3), (21, 10, 1, 1), 0): 1.0, ((58, 4, 1, 0), (58, 100, 1, 3), 0): 1.0, ((43, 4, 1, 0), (43, 80, 1, 3), 0): 1.0, ((49, 44, 0, 2), (49, 44, 1, 2), 0): 1.0, ((58, 100, 1, 3), (43, 4, 1, 0), 0): 1.0}
x_ener_1: {((76, 2, 1, 0), (76, 2, 51, 0), 0): 1.0, ((49, 44, 1, 2), (92, 9, 1, 0), 0): 1.0, ((92, 64, 1, 2), (49, 40, 1, 2), 0): 1.0, ((76, 2, 51, 0), (76, 2, 119, 0), 0): 1.0, ((37, 6, 1, 0), (37, 6, 51, 0), 0): 1.0, ((36, 15, 1, 1), (37, 6, 1, 0), 0): 1.0, ((37, 6, 51, 0), (37, 6, 101, 0), 0): 1.0, ((37, 6, 101, 0), (37, 6, 119, 0), 0): 1.0, ((13, 7, 1, 0), (13, 7, 119, 0), 0): 1.0, ((92, 9, 1, 0), (92, 9, 51, 0), 0): 1.0, ((92, 9, 51, 0), (92, 9, 101, 0), 0): 1.0, ((92, 9, 101, 0), (92, 9, 119, 0), 0): 1.0, ((49, 40, 1, 2), (49, 44, 1, 2), 0): 1.0, ((92, 84, 1, 3), (76, 2, 1, 0), 0): 1.0, ((21, 10, 1, 1), (21, 10, 51, 1), 0): 1.0, ((21, 100, 1, 3), (40, 30, 1, 1), 0): 1.0, ((21, 100, 0, 3), (21, 100, 1, 3), 0): 1.0, ((40, 30, 1, 1), (40, 30, 119, 1), 0): 1.0, ((21, 10, 51, 1), (21, 10, 101, 1), 0): 1.0, ((21, 10, 101, 1), (21, 10, 119, 1), 0): 1.0, ((34, 100, 1, 3), (40, 77, 1, 2), 0): 1.0, ((76, 100, 1, 3), (36, 15, 1, 1), 0): 1.0, ((43, 80, 1, 3), (13, 7, 1, 0), 0): 1.0, ((40, 77, 1, 2), (58, 4, 1, 0), 0): 1.0, ((36, 100, 1, 3), (21, 10, 1, 1), 0): 1.0, ((37, 100, 0, 3), (36, 100, 1, 3), 0): 1.0, ((38, 100, 1, 3), (49, 100, 1, 3), 0): 1.0, ((49, 100, 1, 3), (92, 64, 1, 2), 0): 1.0, ((58, 4, 1, 0), (58, 4, 119, 0), 0): 1.0, ((40, 100, 0, 3), (34, 100, 1, 3), 0): 1.0, ((43, 4, 1, 0), (43, 4, 51, 0), 0): 1.0, ((43, 4, 51, 0), (43, 4, 119, 0), 0): 1.0, ((49, 100, 0, 3), (38, 100, 1, 3), 0): 1.0, ((58, 100, 1, 3), (43, 4, 1, 0), 0): 1.0, ((58, 100, 0, 3), (58, 100, 1, 3), 0): 1.0, ((76, 100, 0, 3), (76, 100, 1, 3), 0): 1.0, ((90, 100, 1, 3), (43, 80, 1, 3), 0): 1.0, ((90, 100, 0, 3), (90, 100, 1, 3), 0): 1.0, ((92, 84, 0, 3), (92, 84, 1, 3), 0): 1.0}
(((49, np.int64(44), np.int64(0), 2), (49, 44, 1, 2), 0), ((49, 44, 1, 2), (92, 9, 1, 0), 0), ((92, 9, 1, 0), (92, 84, 1, 3), 0), ((92, 84, 1, 3), (76, 2, 1, 0), 0), ((76, 2, 1, 0), (76, 100, 1, 3), 0), ((76, 100, 1, 3), (36, 15, 1, 1), 0), ((36, 15, 1, 1), (36, 100, 1, 3), 0), ((36, 100, 1, 3), (21, 10, 1, 1), 0), ((21, 10, 1, 1), (21, 100, 1, 3), 0), ((21, 100, 1, 3), (40, 30, 1, 1), 0), ((40, 30, 1, 1), (40, 77, 1, 2), 0), ((40, 77, 1, 2), (58, 4, 1, 0), 0), ((58, 4, 1, 0), (58, 100, 1, 3), 0), ((58, 100, 1, 3), (43, 4, 1, 0), 0), ((43, 4, 1, 0), (43, 80, 1, 3), 0), ((43, 80, 1, 3), (13, 7, 1, 0), 0), ((13, 7, 1, 0), (13, 7, 119, 0), 0))
New edge added:  ((49, np.int64(44), np.int64(1), 2), (92, np.int64(8), np.int64(6), 0), 0)  Edge removed:  ((49, 44, 1, 2), (92, 9, 1, 0), 0)
x_load_2: {((39, 18, 1, 1), (39, 100, 1, 3), 0): 1.0, ((72, 2, 1, 0), (72, 100, 1, 3), 0): 3.0, ((76, 15, 1, 1), (76, 39, 1, 1), 0): 3.0, ((76, 15, 1, 1), (76, 100, 1, 3), 0): 2.0, ((76, 39, 1, 1), (72, 2, 1, 0), 0): 3.0, ((49, 0, 1, 0), (49, 0, 119, 0), 0): 2.0, ((72, 63, 1, 2), (72, 80, 1, 3), 0): 2.0, ((49, 20, 1, 1), (49, 20, 119, 1), 0): 3.0, ((72, 100, 1, 3), (49, 20, 1, 1), 0): 3.0, ((30, 65, 1, 2), (30, 95, 1, 3), 0): 4.0, ((74, 33, 1, 1), (74, 33, 119, 1), 0): 1.0, ((39, 100, 1, 3), (74, 33, 1, 1), 0): 1.0, ((30, 95, 1, 3), (77, 70, 1, 2), 0): 4.0, ((77, 70, 1, 2), (31, 11, 1, 1), 0): 4.0, ((13, 64, 1, 2), (93, 51, 1, 2), 0): 1.0, ((13, 20, 0, 1), (13, 64, 1, 2), 0): 1.0, ((93, 51, 1, 2), (93, 84, 1, 3), 0): 1.0, ((43, 54, 1, 2), (43, 100, 1, 3), 0): 3.0, ((90, 54, 1, 2), (43, 10, 1, 1), 0): 1.0, ((93, 84, 1, 3), (43, 0, 1, 0), 0): 1.0, ((21, 9, 1, 0), (21, 100, 1, 3), 0): 5.0, ((21, 100, 1, 3), (36, 10, 1, 1), 0): 5.0, ((36, 10, 1, 1), (36, 100, 1, 3), 0): 5.0, ((58, 80, 1, 3), (40, 6, 1, 0), 0): 5.0, ((76, 100, 1, 3), (72, 63, 1, 2), 0): 2.0, ((28, 90, 0, 3), (30, 65, 1, 2), 0): 4.0, ((28, 100, 0, 3), (39, 18, 1, 1), 0): 1.0, ((43, 0, 1, 0), (43, 100, 1, 3), 0): 1.0, ((43, 10, 1, 1), (43, 100, 1, 3), 0): 1.0, ((31, 11, 1, 1), (31, 100, 1, 3), 0): 4.0, ((31, 100, 1, 3), (90, 6, 1, 0), 0): 4.0, ((90, 6, 1, 0), (90, 54, 1, 2), 0): 1.0, ((90, 6, 1, 0), (90, 100, 1, 3), 0): 3.0, ((40, 6, 1, 0), (40, 77, 1, 2), 0): 5.0, ((40, 77, 1, 2), (21, 9, 1, 0), 0): 5.0, ((36, 100, 1, 3), (76, 15, 1, 1), 0): 5.0, ((58, 4, 1, 0), (58, 80, 1, 3), 0): 5.0, ((43, 100, 1, 3), (58, 4, 1, 0), 0): 5.0, ((72, 80, 1, 3), (49, 0, 1, 0), 0): 2.0, ((90, 100, 1, 3), (43, 54, 1, 2), 0): 3.0}
x_ener_2: {((39, 18, 1, 1), (5, 0, 1, 0), 0): 1.0, ((56, 34, 1, 1), (57, 1, 1, 0), 0): 4.0, ((23, 6, 101, 0), (23, 6, 119, 0), 0): 1.0, ((72, 2, 1, 0), (72, 2, 119, 0), 0): 3.0, ((50, 4, 1, 0), (50, 4, 51, 0), 0): 5.0, ((76, 15, 1, 1), (50, 4, 1, 0), 0): 5.0, ((76, 39, 1, 1), (72, 2, 1, 0), 0): 3.0, ((49, 0, 1, 0), (49, 0, 51, 0), 0): 2.0, ((72, 63, 1, 2), (76, 39, 1, 1), 0): 3.0, ((49, 20, 1, 1), (49, 20, 51, 1), 0): 3.0, ((72, 100, 1, 3), (49, 20, 1, 1), 0): 3.0, ((50, 4, 51, 0), (50, 4, 119, 0), 0): 5.0, ((49, 0, 51, 0), (49, 0, 101, 0), 0): 2.0, ((49, 20, 51, 1), (49, 20, 119, 1), 0): 3.0, ((49, 0, 101, 0), (49, 0, 119, 0), 0): 2.0, ((57, 1, 1, 0), (57, 1, 119, 0), 0): 4.0, ((30, 65, 1, 2), (56, 64, 1, 2), 0): 4.0, ((74, 33, 1, 1), (74, 33, 51, 1), 0): 1.0, ((5, 100, 0, 3), (68, 100, 1, 3), 0): 1.0, ((39, 100, 1, 3), (74, 33, 1, 1), 0): 1.0, ((68, 100, 1, 3), (39, 100, 1, 3), 0): 1.0, ((5, 0, 1, 0), (5, 0, 119, 0), 0): 1.0, ((74, 33, 51, 1), (74, 33, 101, 1), 0): 1.0, ((74, 33, 101, 1), (23, 6, 101, 0), 0): 1.0, ((56, 64, 1, 2), (28, 51, 1, 2), 0): 4.0, ((30, 95, 1, 3), (77, 70, 1, 2), 0): 4.0, ((77, 70, 1, 2), (31, 11, 1, 1), 0): 4.0, ((13, 20, 1, 1), (93, 4, 1, 0), 0): 1.0, ((13, 40, 1, 2), (93, 24, 1, 1), 0): 1.0, ((13, 64, 1, 2), (93, 51, 1, 2), 0): 1.0, ((13, 80, 0, 3), (93, 64, 1, 2), 0): 1.0, ((93, 4, 1, 0), (93, 4, 51, 0), 0): 1.0, ((93, 24, 1, 1), (13, 20, 1, 1), 0): 1.0, ((45, 64, 1, 2), (13, 64, 1, 2), 1): 1.0, ((93, 51, 1, 2), (13, 40, 1, 2), 0): 1.0, ((93, 64, 1, 2), (45, 64, 1, 2), 0): 1.0, ((43, 54, 1, 2), (82, 3, 1, 0), 0): 1.0, ((43, 54, 1, 2), (43, 54, 119, 2), 0): 2.0, ((90, 54, 1, 2), (43, 10, 1, 1), 0): 1.0, ((93, 84, 1, 3), (43, 0, 1, 0), 0): 1.0, ((93, 4, 51, 0), (93, 4, 101, 0), 0): 1.0, ((93, 4, 101, 0), (93, 4, 119, 0), 0): 1.0, ((21, 9, 1, 0), (21, 9, 51, 0), 0): 5.0, ((21, 100, 1, 3), (36, 10, 1, 1), 0): 5.0, ((21, 100, 0, 3), (21, 100, 1, 3), 0): 5.0, ((36, 10, 1, 1), (36, 10, 119, 1), 0): 5.0, ((21, 9, 51, 0), (21, 9, 101, 0), 0): 5.0, ((21, 9, 101, 0), (21, 9, 119, 0), 0): 5.0, ((34, 100, 1, 3), (40, 77, 1, 2), 0): 5.0, ((58, 80, 1, 3), (40, 6, 1, 0), 0): 5.0, ((76, 100, 1, 3), (72, 63, 1, 2), 0): 3.0, ((76, 100, 1, 3), (72, 80, 1, 3), 0): 2.0, ((28, 51, 1, 2), (56, 34, 1, 1), 0): 4.0, ((28, 90, 0, 3), (30, 65, 1, 2), 0): 4.0, ((28, 100, 0, 3), (39, 18, 1, 1), 0): 1.0, ((82, 3, 1, 0), (82, 3, 51, 0), 0): 1.0, ((43, 0, 1, 0), (43, 0, 51, 0), 0): 1.0, ((43, 10, 1, 1), (43, 10, 119, 1), 0): 1.0, ((82, 3, 51, 0), (82, 3, 119, 0), 0): 1.0, ((43, 0, 51, 0), (43, 0, 119, 0), 0): 1.0, ((31, 11, 1, 1), (31, 11, 119, 1), 0): 4.0, ((31, 100, 1, 3), (90, 6, 1, 0), 0): 4.0, ((31, 100, 0, 3), (31, 100, 1, 3), 0): 4.0, ((90, 6, 1, 0), (90, 6, 119, 0), 0): 4.0, ((40, 6, 1, 0), (40, 6, 119, 0), 0): 5.0, ((40, 77, 1, 2), (21, 9, 1, 0), 0): 5.0, ((40, 100, 1, 3), (34, 100, 1, 3), 0): 5.0, ((36, 100, 1, 3), (76, 15, 1, 1), 0): 5.0, ((36, 100, 0, 3), (36, 100, 1, 3), 0): 5.0, ((58, 4, 1, 0), (58, 4, 51, 0), 0): 5.0, ((40, 100, 0, 3), (40, 100, 1, 3), 0): 5.0, ((58, 4, 51, 0), (58, 4, 101, 0), 0): 5.0, ((58, 4, 101, 0), (58, 4, 119, 0), 0): 5.0, ((43, 100, 1, 3), (58, 4, 1, 0), 0): 5.0, ((43, 100, 0, 3), (43, 100, 1, 3), 0): 5.0, ((50, 100, 0, 3), (76, 100, 1, 3), 0): 5.0, ((57, 100, 0, 3), (30, 95, 1, 3), 0): 4.0, ((58, 80, 0, 3), (58, 80, 1, 3), 0): 5.0, ((70, 100, 1, 3), (83, 100, 1, 3), 0): 1.0, ((70, 100, 0, 3), (70, 100, 1, 3), 0): 1.0, ((83, 100, 1, 3), (90, 54, 1, 2), 0): 1.0, ((72, 80, 1, 3), (49, 0, 1, 0), 0): 2.0, ((72, 100, 0, 3), (72, 100, 1, 3), 0): 3.0, ((90, 100, 1, 3), (43, 54, 1, 2), 0): 3.0, ((90, 100, 0, 3), (90, 100, 1, 3), 0): 3.0, ((93, 84, 0, 3), (93, 84, 1, 3), 0): 1.0}
(((13, np.int64(20), np.int64(0), 1), (13, 64, 1, 2), 0), ((13, 64, 1, 2), (93, 51, 1, 2), 0), ((93, 51, 1, 2), (93, 84, 1, 3), 0), ((93, 84, 1, 3), (43, 0, 1, 0), 0), ((43, 0, 1, 0), (43, 100, 1, 3), 0), ((43, 100, 1, 3), (58, 4, 1, 0), 0), ((58, 4, 1, 0), (58, 80, 1, 3), 0), ((58, 80, 1, 3), (40, 6, 1, 0), 0), ((40, 6, 1, 0), (40, 77, 1, 2), 0), ((40, 77, 1, 2), (21, 9, 1, 0), 0), ((21, 9, 1, 0), (21, 100, 1, 3), 0), ((21, 100, 1, 3), (36, 10, 1, 1), 0), ((36, 10, 1, 1), (36, 100, 1, 3), 0), ((36, 100, 1, 3), (76, 15, 1, 1), 0), ((76, 15, 1, 1), (76, 100, 1, 3), 0), ((76, 100, 1, 3), (72, 63, 1, 2), 0), ((72, 63, 1, 2), (72, 80, 1, 3), 0), ((72, 80, 1, 3), (49, 0, 1, 0), 0), ((49, 0, 1, 0), (49, 0, 119, 0), 0))
New edge added:  ((13, np.int64(64), np.int64(1), 2), (93, np.int64(48), np.int64(3), 2), 0)  Edge removed:  ((13, 64, 1, 2), (93, 51, 1, 2), 0)
Solution cannot be extended to a feasible solution, updating network...
a[ 49 ] =  1.0
n[ 5 ] =  2.0
n[ 13 ] =  1.0
n[ 21 ] =  6.0
n[ 23 ] =  1.0
n[ 31 ] =  5.0
n[ 36 ] =  5.0
n[ 37 ] =  1.0
n[ 40 ] =  6.0
n[ 43 ] =  5.0
n[ 50 ] =  5.0
n[ 57 ] =  4.0
n[ 58 ] =  6.0
n[ 67 ] =  1.0
n[ 70 ] =  1.0
n[ 72 ] =  3.0
n[ 76 ] =  1.0
n[ 82 ] =  1.0
n[ 90 ] =  4.0
n[ 92 ] =  1.0
n[ 93 ] =  1.0
'''''''''''''''''
Gurobi Optimizer version 13.0.1 build v13.0.1rc0 (linux64 - "Debian GNU/Linux 12 (bookworm)")

CPU model: Intel(R) Xeon(R) CPU @ 2.20GHz, instruction set [SSE2|AVX|AVX2]
Thread count: 1 physical cores, 2 logical processors, using up to 2 threads

Non-default parameters:
MIPGap  0.05

Academic license 937859 - for non-commercial use only - registered to hp___@cornell.edu
Optimize a model with 716127 rows, 1467460 columns and 3869335 nonzeros (Min)
Model fingerprint: 0xa79c00b9
Model has 1058572 linear objective coefficients
Variable types: 0 continuous, 1467460 integer (0 binary)
Coefficient statistics:
  Matrix range     [1e+00, 3e+05]
  Objective range  [6e-01, 8e+02]
  Bounds range     [0e+00, 0e+00]
  RHS range        [1e+00, 5e+00]

MIP start from previous solve did not produce a new incumbent solution
MIP start from previous solve violates constraint flow_bal_load[(92,_np.int64(9),_np.int64(1),_0),1] by 1.000000000
Processed MIP start in 1.22 seconds (0.36 work units)

Presolve removed 582014 rows and 806119 columns (presolve time = 5s)...
Presolve removed 583949 rows and 811293 columns
Presolve time: 5.94s
Presolved: 132178 rows, 656167 columns, 1515570 nonzeros
Variable types: 0 continuous, 656167 integer (2126 binary)
Performing another presolve...
Presolve removed 1871 rows and 18532 columns (presolve time = 5s)...
Presolve removed 1907 rows and 18834 columns
Presolve time: 8.58s

Root simplex log...

Iteration    Objective       Primal Inf.    Dual Inf.      Time
       0      handle free variables                         24s
    3650    6.3469864e+02   4.700000e+01   0.000000e+00     25s
   10145    1.0336542e+03   5.599258e+01   0.000000e+00     30s
   14993    1.6542659e+03   3.430202e+02   0.000000e+00     35s
   17963    1.7555256e+03   7.739831e+01   0.000000e+00     40s
   19873    1.7849795e+03   1.925000e+02   0.000000e+00     45s
   21273    1.8236360e+03   1.536695e+02   0.000000e+00     50s
   23013    1.8663768e+03   1.215000e+02   0.000000e+00     55s
   24633    1.8815198e+03   9.008051e+01   0.000000e+00     60s
   26153    1.9225997e+03   2.217901e+02   0.000000e+00     65s
   27513    1.9303103e+03   8.259322e+01   0.000000e+00     70s
   29013    1.9384246e+03   2.074966e+02   0.000000e+00     75s
   30233    1.9752835e+03   1.283893e+02   0.000000e+00     81s
   31233    2.0019605e+03   2.144128e+02   0.000000e+00     85s
   32503    2.0205023e+03   2.735000e+02   0.000000e+00     90s
   33773    2.1148037e+03   2.253333e+02   0.000000e+00     95s
   35213    2.2459400e+03   1.781667e+02   0.000000e+00    100s
   36263    2.2694578e+03   1.331667e+02   0.000000e+00    105s
   37263    2.2926637e+03   1.033672e+02   0.000000e+00    111s
   38093    2.3182076e+03   8.076893e+02   0.000000e+00    115s
   39063    2.3288292e+03   1.102723e+02   0.000000e+00    120s
   39803    2.3385016e+03   1.657241e+02   0.000000e+00    126s
   40633    2.3575123e+03   2.280143e+02   0.000000e+00    131s
   41273    2.3636569e+03   2.016272e+02   0.000000e+00    135s
   42333    2.3842420e+03   1.038967e+02   0.000000e+00    140s
   43173    2.4010360e+03   8.348871e+01   0.000000e+00    145s
   44083    2.4416426e+03   8.526949e+02   0.000000e+00    151s
   44783    2.4626964e+03   1.070723e+02   0.000000e+00    156s
   45503    2.5551614e+03   9.344395e+01   0.000000e+00    160s
   46253    2.6188067e+03   1.685310e+02   0.000000e+00    165s
   46953    2.6407264e+03   4.214439e+02   0.000000e+00    170s
   47983    2.6598857e+03   2.976939e+02   0.000000e+00    175s
   48983    2.6888559e+03   1.462564e+02   0.000000e+00    181s
   49443    2.6941326e+03   1.392439e+02   0.000000e+00    185s
   50343    2.7064722e+03   2.691983e+02   0.000000e+00    190s
   51573    2.7695025e+03   4.949020e+02   0.000000e+00    196s
   52133    2.8108501e+03   1.887194e+02   0.000000e+00    200s
   53373    2.8580387e+03   7.085523e+01   0.000000e+00    206s
   54433    2.9593585e+03   1.100696e+02   0.000000e+00    210s
   55663    3.1679478e+03   2.924586e+02   0.000000e+00    215s
   56413    3.4990615e+03   2.575437e+02   0.000000e+00    221s
   57263    4.8427583e+03   3.691538e+02   0.000000e+00    225s
   58263    5.0025257e+03   1.173213e+03   0.000000e+00    231s
   58943    5.0334045e+03   3.132320e+03   0.000000e+00    236s
   59573    5.0462863e+03   9.130588e+02   0.000000e+00    240s
   60233    5.0568195e+03   3.116473e+02   0.000000e+00    246s
   60883    5.0707819e+03   3.187921e+02   0.000000e+00    250s
   61443    5.1320404e+03   3.781250e+02   0.000000e+00    256s
   62193    5.1520311e+03   2.188906e+02   0.000000e+00    261s
   62703    5.1570063e+03   3.161270e+02   0.000000e+00    265s
   63473    5.1610798e+03   8.180417e+01   0.000000e+00    271s
   63993    5.1706880e+03   9.908333e+01   0.000000e+00    276s
   64353    5.1799241e+03   3.538924e+02   0.000000e+00    280s
   64823    5.1893138e+03   1.760625e+02   0.000000e+00    286s
   65933    5.2161169e+03   1.043151e+02   0.000000e+00    290s
   66683    5.2222910e+03   4.014062e+01   0.000000e+00    296s
   67173    5.2268640e+03   6.907354e+01   0.000000e+00    301s
   67653    5.2296839e+03   4.425000e+01   0.000000e+00    306s
   68013    5.2297832e+03   1.650000e+01   0.000000e+00    311s
   68443    5.2304412e+03   3.333333e-01   0.000000e+00    316s
   68465    5.2304411e+03   0.000000e+00   0.000000e+00    317s
   68465    5.2304411e+03   0.000000e+00   0.000000e+00    317s

Root relaxation: objective 5.230441e+03, 68465 iterations, 296.06 seconds (120.33 work units)
Total elapsed time = 317.10s (DegenMoves)

    Nodes    |    Current Node    |     Objective Bounds      |     Work
 Expl Unexpl |  Obj  Depth IntInf | Incumbent    BestBd   Gap | It/Node Time

     0     0 5230.44110    0   90          - 5230.44110      -     -  338s
H    0     0                    5410.9568493 5230.44110  3.34%     -  343s

Explored 1 nodes (114241 simplex iterations) in 343.23 seconds (139.73 work units)
Thread count was 2 (of 2 available processors)

Solution count 1: 5410.96 

Optimal solution found (tolerance 5.00e-02)
Best objective 5.410956849315e+03, best bound 5.230441095890e+03, gap 3.3361%
Iteration:  32
Size of network:  13213  nodes,  244447  edges
Obj Value:  5410.956849315068
a: {49: 1.0}
n: {21: 7.0, 25: 3.0, 31: 6.0, 36: 6.0, 39: 1.0, 40: 4.0, 43: 6.0, 50: 6.0, 57: 2.0, 58: 6.0, 67: 1.0, 72: 3.0, 82: 1.0, 90: 5.0, 92: 1.0}
{0: (34.421443, -119.684178), 1: (36.167392, -94.119169), 2: (34.071417, -99.009382), 3: (34.689589, -118.130371), 4: (36.434113, -99.427596), 5: (35.400164, -119.399727), 6: (37.2129649, -93.37103), 7: (30.25011, -93.01142), 8: (36.751521, -96.000152), 9: (35.35468, -94.437379), 10: (38.89357, -94.36045), 11: (33.7885884, -118.2150827), 12: (32.596725, -117.019495), 13: (33.30006, -111.96835), 14: (35.392817, -97.422948), 15: (38.96627, -95.700495), 16: (30.725159, -96.425728), 17: (37.737099, -97.32375), 18: (34.188212, -97.171022), 19: (33.94423, -96.41932), 20: (30.209862, -92.002378), 21: (37.183969, -104.499646), 22: (32.267588, -107.774524), 23: (36.72136, -119.761165), 24: (30.437821, -95.498724), 25: (35.079896, -106.746225), 26: (35.840761, -98.419831), 27: (31.207465, -95.996079), 28: (33.899899, -118.207088), 29: (33.3874378, -110.7609849), 30: (34.02094, -117.385415), 31: (33.603063, -114.598023), 32: (35.189976, -101.706309), 33: (35.853211, -94.989243), 34: (35.004614, -106.032837), 35: (31.151717, -93.265081), 36: (36.706596, -101.443207), 37: (37.069631, -100.905444), 38: (32.62712, -96.74537), 39: (36.075856, -119.043996), 40: (35.65758, -105.993406), 41: (32.181782, -94.334174), 42: (30.330588, -97.701649), 43: (35.01643, -110.675005), 44: (35.25655, -96.671004), 45: (33.3021433, -111.9552863), 46: (36.535661, -97.33916), 47: (32.698465, -97.959695), 48: (33.984094, -106.887526), 49: (32.7658795, -96.8754612), 50: (35.309665, -99.631741), 51: (31.784139, -93.08731), 52: (33.0390751, -117.2841996), 53: (38.164391, -112.278183), 54: (34.4349097, -119.9212861), 55: (31.499498, -97.173412), 56: (33.9541734, -117.5556971), 57: (34.118101, -116.45646), 58: (36.71838, -108.167694), 59: (31.940555, -102.169802), 60: (36.081743, -96.054325), 61: (32.469998, -93.672804), 62: (34.4425082, -119.7812613), 63: (37.648431, -98.094183), 64: (32.448848, -100.439583), 65: (32.627591, -97.314361), 66: (38.54421, -106.92517), 67: (34.886448, -117.079423), 68: (35.9874334, -119.961999), 69: (32.794671, -115.539473), 70: (36.220567, -115.125553), 71: (35.106478, -92.43572), 72: (34.584172, -98.396813), 73: (33.39639, -110.76888), 74: (37.8135094, -119.8800771), 75: (35.87844, -97.392471), 76: (35.490972, -98.967096), 77: (33.8310496, -116.5452277), 78: (32.354553, -95.302495), 79: (37.962455, -100.846437), 80: (32.178328, -110.960207), 81: (38.7747705, -119.9029911), 82: (33.463568, -112.459255), 83: (36.009923, -114.784826), 84: (35.3002628, -119.0381956), 85: (36.249164, -95.333829), 86: (33.6699802, -96.6120405), 87: (38.971499, -92.294316), 88: (32.029056, -93.713243), 89: (33.8722233, -118.2654222), 90: (35.263617, -112.194139), 91: (37.199194, -93.402643), 92: (33.73573, -97.14484), 93: (32.881785, -111.777561), 94: (37.161682, -113.434692), 95: (30.35815, -99.606129), 96: (34.773291, -96.697633), 97: (34.12755, -118.443664), 98: (31.34545, -92.51807), 99: (38.945105, -104.724068), 100: (30.0774, -99.10731)}
x_load_0: {((39, 8, 1, 0), (39, 69, 1, 2), 0): 1.0, ((67, 8, 1, 0), (67, 80, 1, 3), 0): 1.0, ((39, 69, 1, 2), (74, 6, 1, 0), 0): 1.0, ((57, 41, 1, 2), (67, 8, 1, 0), 0): 1.0, ((67, 80, 1, 3), (39, 8, 1, 0), 0): 1.0, ((74, 6, 1, 0), (74, 6, 119, 0), 0): 1.0, ((13, 24, 0, 1), (82, 10, 1, 1), 0): 1.0, ((82, 10, 1, 1), (82, 84, 1, 3), 0): 1.0, ((31, 20, 1, 1), (31, 100, 1, 3), 0): 1.0, ((82, 84, 1, 3), (31, 20, 1, 1), 0): 1.0, ((31, 100, 1, 3), (57, 41, 1, 2), 0): 1.0}
x_ener_0: {((39, 8, 1, 0), (39, 8, 119, 0), 0): 1.0, ((67, 8, 1, 0), (67, 8, 119, 0), 0): 1.0, ((39, 69, 1, 2), (74, 6, 1, 0), 0): 1.0, ((57, 41, 1, 2), (67, 8, 1, 0), 0): 1.0, ((67, 80, 1, 3), (39, 8, 1, 0), 0): 1.0, ((74, 6, 1, 0), (74, 6, 51, 0), 0): 1.0, ((74, 6, 51, 0), (74, 6, 101, 0), 0): 1.0, ((74, 6, 101, 0), (74, 6, 119, 0), 0): 1.0, ((13, 24, 0, 1), (82, 10, 1, 1), 0): 1.0, ((82, 10, 1, 1), (82, 10, 51, 1), 0): 1.0, ((31, 20, 1, 1), (31, 20, 51, 1), 0): 1.0, ((82, 84, 1, 3), (31, 20, 1, 1), 0): 1.0, ((82, 10, 51, 1), (82, 10, 119, 1), 0): 1.0, ((31, 20, 51, 1), (31, 20, 101, 1), 0): 1.0, ((31, 20, 101, 1), (31, 20, 119, 1), 0): 1.0, ((31, 100, 1, 3), (57, 41, 1, 2), 0): 1.0, ((31, 100, 0, 3), (31, 100, 1, 3), 0): 1.0, ((39, 69, 0, 2), (39, 69, 1, 2), 0): 1.0, ((67, 80, 0, 3), (67, 80, 1, 3), 0): 1.0, ((82, 84, 0, 3), (82, 84, 1, 3), 0): 1.0}
(((13, np.int64(24), np.int64(0), 1), (82, 10, 1, 1), 0), ((82, 10, 1, 1), (82, 84, 1, 3), 0), ((82, 84, 1, 3), (31, 20, 1, 1), 0), ((31, 20, 1, 1), (31, 100, 1, 3), 0), ((31, 100, 1, 3), (57, 41, 1, 2), 0), ((57, 41, 1, 2), (67, 8, 1, 0), 0), ((67, 8, 1, 0), (67, 80, 1, 3), 0), ((67, 80, 1, 3), (39, 8, 1, 0), 0), ((39, 8, 1, 0), (39, 69, 1, 2), 0), ((39, 69, 1, 2), (74, 6, 1, 0), 0), ((74, 6, 1, 0), (74, 6, 119, 0), 0))
New edge added:  ((13, np.int64(24), np.int64(0), 1), (82, np.int64(8), np.int64(2), 0), 0)  Edge removed:  ((13, np.int64(24), np.int64(0), 1), (82, 10, 1, 1), 0)
x_load_1: {((50, 7, 1, 0), (50, 80, 1, 3), 0): 1.0, ((92, 15, 1, 1), (92, 100, 1, 3), 0): 1.0, ((50, 80, 1, 3), (36, 7, 1, 0), 0): 1.0, ((13, 27, 1, 1), (13, 27, 119, 1), 0): 1.0, ((92, 100, 1, 3), (50, 7, 1, 0), 0): 1.0, ((49, 47, 1, 2), (92, 15, 1, 1), 0): 1.0, ((21, 10, 1, 1), (21, 80, 1, 3), 0): 1.0, ((21, 80, 1, 3), (40, 10, 1, 1), 0): 1.0, ((40, 10, 1, 1), (40, 80, 1, 3), 0): 1.0, ((40, 80, 1, 3), (58, 6, 1, 0), 0): 1.0, ((36, 7, 1, 0), (36, 100, 1, 3), 0): 1.0, ((36, 100, 1, 3), (21, 10, 1, 1), 0): 1.0, ((58, 6, 1, 0), (58, 100, 1, 3), 0): 1.0, ((43, 4, 1, 0), (43, 100, 1, 3), 0): 1.0, ((43, 100, 1, 3), (13, 27, 1, 1), 0): 1.0, ((49, 47, 0, 2), (49, 47, 1, 2), 0): 1.0, ((58, 100, 1, 3), (43, 4, 1, 0), 0): 1.0}
x_ener_1: {((50, 7, 1, 0), (50, 7, 119, 0), 0): 1.0, ((92, 15, 1, 1), (92, 15, 119, 1), 0): 1.0, ((50, 80, 1, 3), (36, 7, 1, 0), 0): 1.0, ((76, 80, 1, 3), (50, 80, 1, 3), 0): 1.0, ((92, 64, 1, 2), (49, 40, 1, 2), 0): 1.0, ((13, 27, 1, 1), (13, 27, 119, 1), 0): 1.0, ((49, 40, 1, 2), (49, 47, 1, 2), 0): 1.0, ((92, 100, 1, 3), (50, 7, 1, 0), 0): 1.0, ((49, 47, 1, 2), (92, 15, 1, 1), 0): 1.0, ((21, 10, 1, 1), (21, 10, 51, 1), 0): 1.0, ((21, 80, 1, 3), (40, 10, 1, 1), 0): 2.0, ((21, 80, 0, 3), (21, 80, 1, 3), 0): 2.0, ((40, 10, 1, 1), (40, 10, 119, 1), 0): 2.0, ((21, 10, 51, 1), (21, 10, 119, 1), 0): 1.0, ((40, 80, 1, 3), (58, 6, 1, 0), 0): 1.0, ((36, 7, 1, 0), (36, 7, 119, 0), 0): 1.0, ((36, 100, 1, 3), (21, 10, 1, 1), 0): 1.0, ((36, 100, 0, 3), (36, 100, 1, 3), 0): 1.0, ((49, 100, 1, 3), (92, 64, 1, 2), 0): 1.0, ((40, 80, 0, 3), (40, 80, 1, 3), 0): 1.0, ((58, 6, 1, 0), (58, 6, 119, 0), 0): 1.0, ((43, 4, 1, 0), (43, 4, 51, 0), 0): 1.0, ((43, 100, 1, 3), (13, 27, 1, 1), 0): 1.0, ((43, 100, 0, 3), (43, 100, 1, 3), 0): 1.0, ((43, 4, 51, 0), (43, 4, 101, 0), 0): 1.0, ((43, 4, 101, 0), (43, 4, 119, 0), 0): 1.0, ((49, 100, 0, 3), (49, 100, 1, 3), 0): 1.0, ((58, 100, 1, 3), (43, 4, 1, 0), 0): 1.0, ((58, 100, 0, 3), (58, 100, 1, 3), 0): 1.0, ((72, 100, 0, 3), (76, 80, 1, 3), 0): 1.0, ((92, 100, 0, 3), (92, 100, 1, 3), 0): 1.0}
(((49, np.int64(47), np.int64(0), 2), (49, 47, 1, 2), 0), ((49, 47, 1, 2), (92, 15, 1, 1), 0), ((92, 15, 1, 1), (92, 100, 1, 3), 0), ((92, 100, 1, 3), (50, 7, 1, 0), 0), ((50, 7, 1, 0), (50, 80, 1, 3), 0), ((50, 80, 1, 3), (36, 7, 1, 0), 0), ((36, 7, 1, 0), (36, 100, 1, 3), 0), ((36, 100, 1, 3), (21, 10, 1, 1), 0), ((21, 10, 1, 1), (21, 80, 1, 3), 0), ((21, 80, 1, 3), (40, 10, 1, 1), 0), ((40, 10, 1, 1), (40, 80, 1, 3), 0), ((40, 80, 1, 3), (58, 6, 1, 0), 0), ((58, 6, 1, 0), (58, 100, 1, 3), 0), ((58, 100, 1, 3), (43, 4, 1, 0), 0), ((43, 4, 1, 0), (43, 100, 1, 3), 0), ((43, 100, 1, 3), (13, 27, 1, 1), 0), ((13, 27, 1, 1), (13, 27, 119, 1), 0))
New edge added:  ((49, np.int64(47), np.int64(1), 2), (92, np.int64(11), np.int64(6), 1), 0)  Edge removed:  ((49, 47, 1, 2), (92, 15, 1, 1), 0)
x_load_2: {((56, 34, 1, 1), (57, 1, 1, 0), 0): 2.0, ((72, 2, 1, 0), (72, 80, 1, 3), 0): 3.0, ((76, 15, 1, 1), (76, 39, 1, 1), 0): 3.0, ((76, 15, 1, 1), (76, 100, 1, 3), 0): 2.0, ((76, 39, 1, 1), (72, 2, 1, 0), 0): 3.0, ((49, 0, 1, 0), (49, 0, 119, 0), 0): 5.0, ((72, 63, 1, 2), (72, 80, 1, 3), 0): 2.0, ((57, 1, 1, 0), (57, 67, 1, 2), 0): 2.0, ((30, 65, 1, 2), (30, 95, 1, 3), 0): 2.0, ((30, 80, 1, 3), (30, 95, 1, 3), 0): 1.0, ((57, 67, 1, 2), (31, 10, 1, 1), 0): 2.0, ((30, 95, 1, 3), (31, 10, 1, 1), 0): 3.0, ((31, 10, 1, 1), (31, 100, 1, 3), 0): 5.0, ((43, 54, 1, 2), (43, 100, 1, 3), 0): 5.0, ((21, 9, 1, 0), (21, 100, 1, 3), 0): 3.0, ((21, 10, 1, 1), (21, 100, 1, 3), 0): 2.0, ((21, 100, 1, 3), (36, 10, 1, 1), 0): 5.0, ((36, 10, 1, 1), (36, 100, 1, 3), 0): 5.0, ((40, 26, 1, 1), (40, 77, 1, 2), 0): 3.0, ((40, 80, 1, 3), (21, 10, 1, 1), 0): 2.0, ((58, 80, 1, 3), (40, 6, 1, 0), 0): 2.0, ((76, 100, 1, 3), (72, 63, 1, 2), 0): 2.0, ((28, 51, 1, 2), (56, 34, 1, 1), 0): 2.0, ((28, 36, 0, 1), (28, 51, 1, 2), 0): 2.0, ((28, 81, 0, 3), (30, 65, 1, 2), 0): 2.0, ((28, 100, 0, 3), (56, 81, 1, 3), 0): 1.0, ((56, 81, 1, 3), (30, 80, 1, 3), 0): 1.0, ((31, 100, 1, 3), (90, 6, 1, 0), 0): 5.0, ((90, 6, 1, 0), (90, 100, 1, 3), 0): 5.0, ((40, 6, 1, 0), (40, 80, 1, 3), 0): 2.0, ((40, 77, 1, 2), (21, 9, 1, 0), 0): 3.0, ((36, 100, 1, 3), (76, 15, 1, 1), 0): 5.0, ((58, 4, 1, 0), (58, 80, 1, 3), 0): 2.0, ((58, 4, 1, 0), (58, 100, 1, 3), 0): 3.0, ((43, 100, 1, 3), (58, 4, 1, 0), 0): 5.0, ((58, 100, 1, 3), (40, 26, 1, 1), 0): 3.0, ((72, 80, 1, 3), (49, 0, 1, 0), 0): 5.0, ((90, 100, 1, 3), (43, 54, 1, 2), 0): 5.0}
x_ener_2: {((56, 34, 1, 1), (57, 1, 1, 0), 0): 2.0, ((72, 2, 1, 0), (72, 2, 119, 0), 0): 3.0, ((50, 4, 1, 0), (50, 4, 119, 0), 0): 5.0, ((76, 15, 1, 1), (50, 4, 1, 0), 0): 5.0, ((76, 39, 1, 1), (72, 2, 1, 0), 0): 3.0, ((49, 0, 1, 0), (49, 0, 51, 0), 0): 5.0, ((72, 63, 1, 2), (76, 39, 1, 1), 0): 3.0, ((49, 0, 51, 0), (49, 0, 101, 0), 0): 5.0, ((49, 0, 101, 0), (49, 0, 119, 0), 0): 5.0, ((57, 1, 1, 0), (57, 1, 51, 0), 0): 2.0, ((30, 65, 1, 2), (56, 64, 1, 2), 0): 2.0, ((30, 80, 1, 3), (56, 79, 1, 2), 0): 2.0, ((56, 79, 1, 2), (57, 67, 1, 2), 0): 2.0, ((57, 67, 1, 2), (31, 10, 1, 1), 0): 2.0, ((57, 1, 51, 0), (57, 1, 119, 0), 0): 2.0, ((56, 64, 1, 2), (28, 51, 1, 2), 0): 2.0, ((56, 95, 1, 3), (30, 95, 1, 3), 1): 1.0, ((30, 95, 1, 3), (31, 10, 1, 1), 0): 3.0, ((89, 98, 1, 3), (56, 95, 1, 3), 0): 1.0, ((31, 10, 1, 1), (31, 10, 51, 1), 0): 5.0, ((43, 54, 1, 2), (43, 54, 119, 2), 0): 5.0, ((31, 10, 51, 1), (31, 10, 101, 1), 0): 5.0, ((31, 10, 101, 1), (31, 10, 119, 1), 0): 5.0, ((21, 9, 1, 0), (21, 9, 51, 0), 0): 3.0, ((21, 10, 1, 1), (21, 10, 51, 1), 0): 3.0, ((21, 100, 1, 3), (36, 10, 1, 1), 0): 5.0, ((21, 100, 0, 3), (21, 100, 1, 3), 0): 5.0, ((36, 10, 1, 1), (36, 10, 119, 1), 0): 5.0, ((21, 9, 51, 0), (21, 9, 119, 0), 0): 3.0, ((21, 10, 51, 1), (21, 10, 101, 1), 0): 3.0, ((21, 10, 101, 1), (21, 10, 119, 1), 0): 3.0, ((25, 8, 1, 0), (25, 8, 119, 0), 0): 3.0, ((40, 26, 1, 1), (25, 8, 1, 0), 0): 3.0, ((25, 100, 0, 3), (40, 80, 1, 3), 0): 3.0, ((34, 100, 1, 3), (40, 77, 1, 2), 0): 3.0, ((40, 80, 1, 3), (21, 10, 1, 1), 0): 3.0, ((58, 80, 1, 3), (40, 6, 1, 0), 0): 2.0, ((76, 100, 1, 3), (72, 63, 1, 2), 0): 3.0, ((76, 100, 1, 3), (72, 80, 1, 3), 0): 3.0, ((28, 51, 1, 2), (56, 34, 1, 1), 0): 2.0, ((28, 81, 0, 3), (30, 65, 1, 2), 0): 2.0, ((28, 100, 0, 3), (56, 81, 1, 3), 0): 2.0, ((28, 100, 0, 3), (89, 98, 1, 3), 0): 1.0, ((56, 81, 1, 3), (30, 80, 1, 3), 0): 2.0, ((31, 100, 1, 3), (90, 6, 1, 0), 0): 5.0, ((31, 100, 0, 3), (31, 100, 1, 3), 0): 5.0, ((90, 6, 1, 0), (90, 6, 119, 0), 0): 5.0, ((40, 6, 1, 0), (40, 6, 51, 0), 0): 2.0, ((40, 77, 1, 2), (21, 9, 1, 0), 0): 3.0, ((40, 6, 51, 0), (40, 6, 119, 0), 0): 2.0, ((36, 100, 1, 3), (76, 15, 1, 1), 0): 5.0, ((36, 100, 0, 3), (37, 100, 1, 3), 0): 5.0, ((37, 100, 1, 3), (36, 100, 1, 3), 0): 5.0, ((58, 4, 1, 0), (58, 4, 51, 0), 0): 5.0, ((40, 100, 0, 3), (34, 100, 1, 3), 0): 3.0, ((58, 4, 51, 0), (58, 4, 119, 0), 0): 5.0, ((43, 100, 1, 3), (58, 4, 1, 0), 0): 5.0, ((43, 100, 0, 3), (43, 100, 1, 3), 0): 5.0, ((50, 100, 1, 3), (76, 100, 1, 3), 0): 6.0, ((50, 100, 0, 3), (50, 100, 1, 3), 0): 6.0, ((57, 100, 0, 3), (30, 95, 1, 3), 0): 2.0, ((58, 100, 1, 3), (40, 26, 1, 1), 0): 3.0, ((58, 80, 0, 3), (58, 80, 1, 3), 0): 2.0, ((58, 100, 0, 3), (58, 100, 1, 3), 0): 3.0, ((72, 80, 1, 3), (49, 0, 1, 0), 0): 5.0, ((72, 80, 0, 3), (72, 80, 1, 3), 0): 2.0, ((90, 100, 1, 3), (43, 54, 1, 2), 0): 5.0, ((90, 100, 0, 3), (90, 100, 1, 3), 0): 5.0}
(((28, np.int64(36), np.int64(0), 1), (28, 51, 1, 2), 0), ((28, 51, 1, 2), (56, 34, 1, 1), 0), ((56, 34, 1, 1), (57, 1, 1, 0), 0), ((57, 1, 1, 0), (57, 67, 1, 2), 0), ((57, 67, 1, 2), (31, 10, 1, 1), 0), ((31, 10, 1, 1), (31, 100, 1, 3), 0), ((31, 100, 1, 3), (90, 6, 1, 0), 0), ((90, 6, 1, 0), (90, 100, 1, 3), 0), ((90, 100, 1, 3), (43, 54, 1, 2), 0), ((43, 54, 1, 2), (43, 100, 1, 3), 0), ((43, 100, 1, 3), (58, 4, 1, 0), 0), ((58, 4, 1, 0), (58, 80, 1, 3), 0), ((58, 80, 1, 3), (40, 6, 1, 0), 0), ((40, 6, 1, 0), (40, 80, 1, 3), 0), ((40, 80, 1, 3), (21, 10, 1, 1), 0), ((21, 10, 1, 1), (21, 100, 1, 3), 0), ((21, 100, 1, 3), (36, 10, 1, 1), 0), ((36, 10, 1, 1), (36, 100, 1, 3), 0), ((36, 100, 1, 3), (76, 15, 1, 1), 0), ((76, 15, 1, 1), (76, 39, 1, 1), 0), ((76, 39, 1, 1), (72, 2, 1, 0), 0), ((72, 2, 1, 0), (72, 80, 1, 3), 0), ((72, 80, 1, 3), (49, 0, 1, 0), 0), ((49, 0, 1, 0), (49, 0, 119, 0), 0))
New edge added:  ((28, np.int64(51), np.int64(1), 2), (56, np.int64(32), np.int64(4), 1), 0)  Edge removed:  ((28, 51, 1, 2), (56, 34, 1, 1), 0)
Solution cannot be extended to a feasible solution, updating network...
a[ 49 ] =  1.0
n[ 21 ] =  7.0
n[ 25 ] =  3.0
n[ 31 ] =  6.0
n[ 36 ] =  6.0
n[ 39 ] =  1.0
n[ 40 ] =  4.0
n[ 43 ] =  6.0
n[ 50 ] =  6.0
n[ 57 ] =  2.0
n[ 58 ] =  6.0
n[ 67 ] =  1.0
n[ 72 ] =  3.0
n[ 82 ] =  1.0
n[ 90 ] =  5.0
n[ 92 ] =  1.0
'''''''''''''''''
Gurobi Optimizer version 13.0.1 build v13.0.1rc0 (linux64 - "Debian GNU/Linux 12 (bookworm)")

CPU model: Intel(R) Xeon(R) CPU @ 2.20GHz, instruction set [SSE2|AVX|AVX2]
Thread count: 1 physical cores, 2 logical processors, using up to 2 threads

Non-default parameters:
MIPGap  0.05

Academic license 937859 - for non-commercial use only - registered to hp___@cornell.edu
Optimize a model with 718963 rows, 1474642 columns and 3892607 nonzeros (Min)
Model fingerprint: 0xeb2e7fdd
Model has 1063153 linear objective coefficients
Variable types: 0 continuous, 1474642 integer (0 binary)
Coefficient statistics:
  Matrix range     [1e+00, 3e+05]
  Objective range  [6e-01, 8e+02]
  Bounds range     [0e+00, 0e+00]
  RHS range        [1e+00, 5e+00]

MIP start from previous solve did not produce a new incumbent solution
MIP start from previous solve violates constraint flow_bal_load[(82,_np.int64(10),_np.int64(1),_1),0] by 1.000000000
Processed MIP start in 1.01 seconds (0.37 work units)

Presolve removed 580652 rows and 775564 columns (presolve time = 5s)...
Presolve removed 586179 rows and 816954 columns
Presolve time: 8.86s
Presolved: 132784 rows, 657688 columns, 1522850 nonzeros
Variable types: 0 continuous, 657688 integer (2138 binary)
Performing another presolve...
Presolve removed 164 rows and 11104 columns (presolve time = 5s)...
Presolve removed 163 rows and 11103 columns
Presolve time: 6.21s

Root simplex log...

Iteration    Objective       Primal Inf.    Dual Inf.      Time
       0      handle free variables                         24s
    3317    5.7989631e+02   5.832373e+01   0.000000e+00     25s
   11064    1.0296224e+03   5.790136e+01   0.000000e+00     30s
   16129    1.6726510e+03   2.773898e+02   0.000000e+00     35s
   19299    1.8072782e+03   6.548305e+01   0.000000e+00     40s
   21349    1.8194909e+03   5.358333e+01   0.000000e+00     45s
   23369    1.8593288e+03   1.410000e+02   0.000000e+00     50s
   25199    1.8671713e+03   2.690000e+02   0.000000e+00     55s
   26999    1.9211083e+03   1.293099e+02   0.000000e+00     60s
   28809    1.9488321e+03   7.931836e+01   0.000000e+00     65s
   30529    1.9937248e+03   1.168636e+02   0.000000e+00     70s
   32089    2.0159692e+03   6.900000e+01   0.000000e+00     75s
   33679    2.1374513e+03   6.648661e+02   0.000000e+00     80s
   35339    2.2535053e+03   7.790131e+02   0.000000e+00     85s
   36729    2.2727584e+03   1.057371e+02   0.000000e+00     91s
   37979    2.2934801e+03   1.205000e+02   0.000000e+00     95s
   38989    2.3161119e+03   4.044545e+02   0.000000e+00    101s
   39989    2.3205197e+03   2.378898e+02   0.000000e+00    105s
   40969    2.3338362e+03   1.047733e+02   0.000000e+00    110s
   42079    2.3443834e+03   5.724200e+01   0.000000e+00    116s
   43099    2.3701665e+03   9.692578e+01   0.000000e+00    120s
   44059    2.3804496e+03   8.203186e+01   0.000000e+00    125s
   45019    2.4053982e+03   2.431667e+02   0.000000e+00    131s
   45819    2.4218392e+03   1.946582e+02   0.000000e+00    136s
   46549    2.4254537e+03   1.163410e+02   0.000000e+00    140s
   47239    2.4278068e+03   4.436169e+02   0.000000e+00    146s
   47979    2.4417197e+03   4.020208e+02   0.000000e+00    151s
   48899    2.4635332e+03   1.934710e+02   0.000000e+00    155s
   50239    2.4911530e+03   1.155237e+03   0.000000e+00    160s
   51559    2.5968021e+03   2.053500e+02   0.000000e+00    165s
   52679    2.7206586e+03   2.509888e+02   0.000000e+00    170s
   53429    2.7225343e+03   9.673447e+01   0.000000e+00    176s
   54619    2.7842878e+03   3.003034e+02   0.000000e+00    180s
   55489    2.7943091e+03   1.937101e+02   0.000000e+00    185s
   56749    2.8412105e+03   1.828479e+02   0.000000e+00    190s
   57729    2.8714536e+03   1.179417e+02   0.000000e+00    195s
   59279    3.0646329e+03   3.242579e+02   0.000000e+00    200s
   60559    3.4559519e+03   3.078896e+02   0.000000e+00    205s
   61739    4.9036580e+03   5.661165e+02   0.000000e+00    210s
   62569    5.0011481e+03   5.604286e+02   0.000000e+00    215s
   63279    5.0510104e+03   3.655447e+02   0.000000e+00    220s
   64109    5.1069671e+03   1.010069e+03   0.000000e+00    225s
   64669    5.1165633e+03   6.766558e+02   0.000000e+00    231s
   65089    5.1261484e+03   2.282588e+02   0.000000e+00    235s
   65789    5.1625432e+03   8.861339e+02   0.000000e+00    241s
   66139    5.1675338e+03   2.040013e+02   0.000000e+00    245s
   66889    5.1901655e+03   1.532500e+02   0.000000e+00    251s
   67359    5.1966656e+03   3.287104e+02   0.000000e+00    255s
   67939    5.2042097e+03   6.434896e+01   0.000000e+00    260s
   68749    5.2136361e+03   1.105750e+02   0.000000e+00    267s
   69169    5.2164351e+03   1.817084e+02   0.000000e+00    271s
   69579    5.2196467e+03   1.638380e+02   0.000000e+00    275s
   70049    5.2230639e+03   2.067345e+02   0.000000e+00    281s
   70579    5.2245820e+03   9.149948e+01   0.000000e+00    285s
   71229    5.2267078e+03   2.280469e+02   0.000000e+00    291s
   71589    5.2291248e+03   6.628125e+01   0.000000e+00    295s
   72299    5.2302631e+03   1.140000e+01   0.000000e+00    301s
   72879    5.2309624e+03   4.173125e+01   0.000000e+00    306s
   73269    5.2323515e+03   4.519792e+01   0.000000e+00    310s
   73629    5.2333167e+03   4.134411e+01   0.000000e+00    316s
   73979    5.2341558e+03   1.037847e+01   0.000000e+00    321s
   74130    5.2346027e+03   0.000000e+00   0.000000e+00    323s
   74130    5.2346027e+03   0.000000e+00   0.000000e+00    324s

Root relaxation: objective 5.234603e+03, 74130 iterations, 301.93 seconds (128.84 work units)
Total elapsed time = 323.86s (DegenMoves)

    Nodes    |    Current Node    |     Objective Bounds      |     Work
 Expl Unexpl |  Obj  Depth IntInf | Incumbent    BestBd   Gap | It/Node Time

     0     0 5234.60274    0  132          - 5234.60274      -     -  328s
H    0     0                    5589.6390411 5234.60274  6.35%     -  332s
H    0     0                    5418.5054795 5234.60274  3.39%     -  333s

Explored 1 nodes (92744 simplex iterations) in 333.27 seconds (141.28 work units)
Thread count was 2 (of 2 available processors)

Solution count 2: 5418.51 5589.64 

Optimal solution found (tolerance 5.00e-02)
Best objective 5.418505479452e+03, best bound 5.234602739726e+03, gap 3.3940%
Iteration:  33
Size of network:  13265  nodes,  245641  edges
Obj Value:  5418.505479452056
a: {49: 1.0}
n: {5: 1.0, 18: 1.0, 21: 6.0, 23: 1.0, 30: 1.0, 31: 7.0, 34: 6.0, 36: 5.0, 37: 1.0, 39: 1.0, 43: 5.0, 50: 3.0, 58: 6.0, 67: 1.0, 72: 3.0, 76: 3.0, 82: 2.0, 90: 5.0, 93: 1.0}
{0: (34.421443, -119.684178), 1: (36.167392, -94.119169), 2: (34.071417, -99.009382), 3: (34.689589, -118.130371), 4: (36.434113, -99.427596), 5: (35.400164, -119.399727), 6: (37.2129649, -93.37103), 7: (30.25011, -93.01142), 8: (36.751521, -96.000152), 9: (35.35468, -94.437379), 10: (38.89357, -94.36045), 11: (33.7885884, -118.2150827), 12: (32.596725, -117.019495), 13: (33.30006, -111.96835), 14: (35.392817, -97.422948), 15: (38.96627, -95.700495), 16: (30.725159, -96.425728), 17: (37.737099, -97.32375), 18: (34.188212, -97.171022), 19: (33.94423, -96.41932), 20: (30.209862, -92.002378), 21: (37.183969, -104.499646), 22: (32.267588, -107.774524), 23: (36.72136, -119.761165), 24: (30.437821, -95.498724), 25: (35.079896, -106.746225), 26: (35.840761, -98.419831), 27: (31.207465, -95.996079), 28: (33.899899, -118.207088), 29: (33.3874378, -110.7609849), 30: (34.02094, -117.385415), 31: (33.603063, -114.598023), 32: (35.189976, -101.706309), 33: (35.853211, -94.989243), 34: (35.004614, -106.032837), 35: (31.151717, -93.265081), 36: (36.706596, -101.443207), 37: (37.069631, -100.905444), 38: (32.62712, -96.74537), 39: (36.075856, -119.043996), 40: (35.65758, -105.993406), 41: (32.181782, -94.334174), 42: (30.330588, -97.701649), 43: (35.01643, -110.675005), 44: (35.25655, -96.671004), 45: (33.3021433, -111.9552863), 46: (36.535661, -97.33916), 47: (32.698465, -97.959695), 48: (33.984094, -106.887526), 49: (32.7658795, -96.8754612), 50: (35.309665, -99.631741), 51: (31.784139, -93.08731), 52: (33.0390751, -117.2841996), 53: (38.164391, -112.278183), 54: (34.4349097, -119.9212861), 55: (31.499498, -97.173412), 56: (33.9541734, -117.5556971), 57: (34.118101, -116.45646), 58: (36.71838, -108.167694), 59: (31.940555, -102.169802), 60: (36.081743, -96.054325), 61: (32.469998, -93.672804), 62: (34.4425082, -119.7812613), 63: (37.648431, -98.094183), 64: (32.448848, -100.439583), 65: (32.627591, -97.314361), 66: (38.54421, -106.92517), 67: (34.886448, -117.079423), 68: (35.9874334, -119.961999), 69: (32.794671, -115.539473), 70: (36.220567, -115.125553), 71: (35.106478, -92.43572), 72: (34.584172, -98.396813), 73: (33.39639, -110.76888), 74: (37.8135094, -119.8800771), 75: (35.87844, -97.392471), 76: (35.490972, -98.967096), 77: (33.8310496, -116.5452277), 78: (32.354553, -95.302495), 79: (37.962455, -100.846437), 80: (32.178328, -110.960207), 81: (38.7747705, -119.9029911), 82: (33.463568, -112.459255), 83: (36.009923, -114.784826), 84: (35.3002628, -119.0381956), 85: (36.249164, -95.333829), 86: (33.6699802, -96.6120405), 87: (38.971499, -92.294316), 88: (32.029056, -93.713243), 89: (33.8722233, -118.2654222), 90: (35.263617, -112.194139), 91: (37.199194, -93.402643), 92: (33.73573, -97.14484), 93: (32.881785, -111.777561), 94: (37.161682, -113.434692), 95: (30.35815, -99.606129), 96: (34.773291, -96.697633), 97: (34.12755, -118.443664), 98: (31.34545, -92.51807), 99: (38.945105, -104.724068), 100: (30.0774, -99.10731)}
x_load_0: {((67, 13, 1, 1), (67, 100, 1, 3), 0): 1.0, ((39, 28, 1, 1), (39, 100, 1, 3), 0): 1.0, ((74, 33, 1, 1), (74, 33, 119, 1), 0): 1.0, ((39, 100, 1, 3), (74, 33, 1, 1), 0): 1.0, ((13, 44, 1, 2), (82, 29, 1, 1), 0): 1.0, ((13, 7, 0, 0), (13, 44, 1, 2), 0): 1.0, ((82, 29, 1, 1), (82, 84, 1, 3), 0): 1.0, ((31, 20, 1, 1), (31, 100, 1, 3), 0): 1.0, ((82, 84, 1, 3), (31, 20, 1, 1), 0): 1.0, ((31, 100, 1, 3), (67, 13, 1, 1), 0): 1.0, ((67, 100, 1, 3), (39, 28, 1, 1), 0): 1.0}
x_ener_0: {((5, 2, 1, 0), (5, 2, 51, 0), 0): 1.0, ((67, 13, 1, 1), (67, 13, 119, 1), 0): 1.0, ((39, 28, 1, 1), (5, 2, 1, 0), 0): 1.0, ((5, 2, 51, 0), (5, 2, 101, 0), 0): 1.0, ((5, 2, 101, 0), (5, 2, 119, 0), 0): 1.0, ((74, 33, 1, 1), (74, 33, 51, 1), 0): 1.0, ((39, 100, 1, 3), (74, 33, 1, 1), 0): 1.0, ((68, 100, 1, 3), (39, 100, 1, 3), 0): 1.0, ((74, 33, 51, 1), (74, 33, 119, 1), 0): 1.0, ((13, 20, 1, 1), (82, 10, 1, 1), 0): 1.0, ((13, 44, 1, 2), (82, 29, 1, 1), 0): 1.0, ((82, 10, 1, 1), (82, 10, 51, 1), 0): 1.0, ((82, 29, 1, 1), (13, 20, 1, 1), 0): 1.0, ((45, 44, 1, 2), (13, 44, 1, 2), 1): 1.0, ((31, 20, 1, 1), (31, 20, 119, 1), 0): 2.0, ((82, 84, 1, 3), (31, 20, 1, 1), 0): 2.0, ((82, 10, 51, 1), (82, 10, 101, 1), 0): 1.0, ((82, 10, 101, 1), (82, 10, 119, 1), 0): 1.0, ((23, 100, 0, 3), (68, 100, 1, 3), 0): 1.0, ((31, 100, 1, 3), (45, 44, 1, 2), 0): 1.0, ((31, 100, 1, 3), (67, 13, 1, 1), 0): 1.0, ((31, 100, 0, 3), (31, 100, 1, 3), 0): 2.0, ((67, 100, 1, 3), (39, 28, 1, 1), 0): 1.0, ((67, 100, 0, 3), (67, 100, 1, 3), 0): 1.0, ((82, 84, 0, 3), (82, 84, 1, 3), 0): 2.0}
(((13, np.int64(7), np.int64(0), 0), (13, 44, 1, 2), 0), ((13, 44, 1, 2), (82, 29, 1, 1), 0), ((82, 29, 1, 1), (82, 84, 1, 3), 0), ((82, 84, 1, 3), (31, 20, 1, 1), 0), ((31, 20, 1, 1), (31, 100, 1, 3), 0), ((31, 100, 1, 3), (67, 13, 1, 1), 0), ((67, 13, 1, 1), (67, 100, 1, 3), 0), ((67, 100, 1, 3), (39, 28, 1, 1), 0), ((39, 28, 1, 1), (39, 100, 1, 3), 0), ((39, 100, 1, 3), (74, 33, 1, 1), 0), ((74, 33, 1, 1), (74, 33, 119, 1), 0))
New edge added:  ((13, np.int64(44), np.int64(1), 2), (82, np.int64(28), np.int64(3), 1), 0)  Edge removed:  ((13, 44, 1, 2), (82, 29, 1, 1), 0)
x_load_1: {((50, 7, 1, 0), (50, 100, 1, 3), 0): 1.0, ((92, 15, 1, 1), (92, 100, 1, 3), 0): 1.0, ((13, 7, 1, 0), (13, 7, 119, 0), 0): 1.0, ((49, 48, 1, 2), (92, 15, 1, 1), 0): 1.0, ((92, 100, 1, 3), (50, 7, 1, 0), 0): 1.0, ((21, 10, 1, 1), (21, 100, 1, 3), 0): 1.0, ((21, 100, 1, 3), (40, 30, 1, 1), 0): 1.0, ((40, 30, 1, 1), (40, 77, 1, 2), 0): 1.0, ((43, 80, 1, 3), (13, 7, 1, 0), 0): 1.0, ((40, 77, 1, 2), (58, 4, 1, 0), 0): 1.0, ((36, 27, 1, 1), (36, 100, 1, 3), 0): 1.0, ((36, 100, 1, 3), (21, 10, 1, 1), 0): 1.0, ((58, 4, 1, 0), (58, 100, 1, 3), 0): 1.0, ((43, 4, 1, 0), (43, 80, 1, 3), 0): 1.0, ((49, 48, 0, 2), (49, 48, 1, 2), 0): 1.0, ((50, 100, 1, 3), (36, 27, 1, 1), 0): 1.0, ((58, 100, 1, 3), (43, 4, 1, 0), 0): 1.0}
x_ener_1: {((50, 7, 1, 0), (50, 7, 51, 0), 0): 1.0, ((92, 15, 1, 1), (18, 4, 1, 0), 0): 1.0, ((92, 64, 1, 2), (49, 40, 1, 2), 0): 1.0, ((50, 7, 51, 0), (50, 7, 101, 0), 0): 1.0, ((50, 7, 101, 0), (50, 7, 119, 0), 0): 1.0, ((37, 8, 1, 0), (37, 8, 119, 0), 0): 1.0, ((13, 7, 1, 0), (13, 7, 51, 0), 0): 1.0, ((13, 7, 51, 0), (13, 7, 119, 0), 0): 1.0, ((49, 48, 1, 2), (92, 15, 1, 1), 0): 1.0, ((18, 4, 1, 0), (18, 4, 51, 0), 0): 1.0, ((18, 100, 1, 3), (92, 100, 1, 3), 0): 1.0, ((49, 40, 1, 2), (49, 48, 1, 2), 0): 1.0, ((18, 100, 0, 3), (18, 100, 1, 3), 0): 1.0, ((92, 100, 1, 3), (50, 7, 1, 0), 0): 1.0, ((18, 4, 51, 0), (18, 4, 119, 0), 0): 1.0, ((21, 10, 1, 1), (21, 10, 119, 1), 0): 1.0, ((21, 100, 1, 3), (40, 30, 1, 1), 0): 1.0, ((21, 100, 0, 3), (21, 100, 1, 3), 0): 1.0, ((34, 9, 1, 0), (34, 9, 119, 0), 0): 1.0, ((40, 30, 1, 1), (34, 9, 1, 0), 0): 1.0, ((34, 100, 1, 3), (40, 77, 1, 2), 0): 1.0, ((76, 100, 1, 3), (50, 100, 1, 3), 0): 1.0, ((43, 80, 1, 3), (13, 7, 1, 0), 0): 1.0, ((34, 100, 0, 3), (40, 100, 1, 3), 0): 1.0, ((40, 77, 1, 2), (58, 4, 1, 0), 0): 1.0, ((40, 100, 1, 3), (34, 100, 1, 3), 0): 1.0, ((36, 27, 1, 1), (37, 8, 1, 0), 0): 1.0, ((36, 100, 1, 3), (21, 10, 1, 1), 0): 1.0, ((37, 100, 1, 3), (36, 100, 1, 3), 0): 1.0, ((37, 100, 0, 3), (37, 100, 1, 3), 0): 1.0, ((49, 100, 1, 3), (92, 64, 1, 2), 0): 1.0, ((58, 4, 1, 0), (58, 4, 51, 0), 0): 1.0, ((58, 4, 51, 0), (58, 4, 101, 0), 0): 1.0, ((58, 4, 101, 0), (58, 4, 119, 0), 0): 1.0, ((43, 4, 1, 0), (43, 4, 51, 0), 0): 1.0, ((43, 4, 51, 0), (43, 4, 119, 0), 0): 1.0, ((49, 100, 0, 3), (49, 100, 1, 3), 0): 1.0, ((50, 100, 1, 3), (36, 27, 1, 1), 0): 1.0, ((58, 100, 1, 3), (43, 4, 1, 0), 0): 1.0, ((58, 100, 0, 3), (58, 100, 1, 3), 0): 1.0, ((76, 100, 0, 3), (76, 100, 1, 3), 0): 1.0, ((90, 100, 1, 3), (43, 80, 1, 3), 0): 1.0, ((90, 100, 0, 3), (90, 100, 1, 3), 0): 1.0}
(((49, np.int64(48), np.int64(0), 2), (49, 48, 1, 2), 0), ((49, 48, 1, 2), (92, 15, 1, 1), 0), ((92, 15, 1, 1), (92, 100, 1, 3), 0), ((92, 100, 1, 3), (50, 7, 1, 0), 0), ((50, 7, 1, 0), (50, 100, 1, 3), 0), ((50, 100, 1, 3), (36, 27, 1, 1), 0), ((36, 27, 1, 1), (36, 100, 1, 3), 0), ((36, 100, 1, 3), (21, 10, 1, 1), 0), ((21, 10, 1, 1), (21, 100, 1, 3), 0), ((21, 100, 1, 3), (40, 30, 1, 1), 0), ((40, 30, 1, 1), (40, 77, 1, 2), 0), ((40, 77, 1, 2), (58, 4, 1, 0), 0), ((58, 4, 1, 0), (58, 100, 1, 3), 0), ((58, 100, 1, 3), (43, 4, 1, 0), 0), ((43, 4, 1, 0), (43, 80, 1, 3), 0), ((43, 80, 1, 3), (13, 7, 1, 0), 0), ((13, 7, 1, 0), (13, 7, 119, 0), 0))
New edge added:  ((49, np.int64(48), np.int64(1), 2), (92, np.int64(12), np.int64(6), 1), 0)  Edge removed:  ((49, 48, 1, 2), (92, 15, 1, 1), 0)
x_load_2: {((30, 2, 1, 0), (30, 100, 1, 3), 0): 1.0, ((39, 17, 1, 1), (39, 100, 1, 3), 0): 1.0, ((30, 45, 1, 2), (30, 95, 1, 3), 0): 1.0, ((28, 70, 1, 2), (30, 45, 1, 2), 0): 1.0, ((72, 2, 1, 0), (72, 100, 1, 3), 0): 3.0, ((76, 15, 1, 1), (76, 39, 1, 1), 0): 3.0, ((76, 15, 1, 1), (76, 100, 1, 3), 0): 2.0, ((76, 39, 1, 1), (72, 2, 1, 0), 0): 3.0, ((49, 0, 1, 0), (49, 0, 119, 0), 0): 2.0, ((72, 63, 1, 2), (72, 80, 1, 3), 0): 2.0, ((49, 20, 1, 1), (49, 20, 119, 1), 0): 3.0, ((72, 100, 1, 3), (49, 20, 1, 1), 0): 3.0, ((28, 27, 1, 1), (30, 2, 1, 0), 0): 1.0, ((30, 80, 1, 3), (30, 95, 1, 3), 0): 1.0, ((57, 67, 1, 2), (31, 10, 1, 1), 0): 1.0, ((74, 33, 1, 1), (74, 33, 119, 1), 0): 1.0, ((39, 100, 1, 3), (74, 33, 1, 1), 0): 1.0, ((30, 95, 1, 3), (31, 10, 1, 1), 0): 2.0, ((13, 80, 0, 3), (93, 64, 1, 2), 0): 1.0, ((31, 10, 1, 1), (31, 100, 1, 3), 0): 3.0, ((43, 16, 1, 1), (43, 100, 1, 3), 0): 1.0, ((93, 64, 1, 2), (93, 100, 1, 3), 0): 1.0, ((43, 54, 1, 2), (43, 100, 1, 3), 0): 4.0, ((93, 100, 1, 3), (43, 16, 1, 1), 0): 1.0, ((21, 30, 1, 1), (21, 100, 1, 3), 0): 5.0, ((21, 100, 1, 3), (36, 10, 1, 1), 0): 5.0, ((36, 10, 1, 1), (36, 100, 1, 3), 0): 5.0, ((40, 26, 1, 1), (40, 100, 1, 3), 0): 5.0, ((76, 100, 1, 3), (72, 63, 1, 2), 0): 2.0, ((28, 10, 0, 1), (28, 27, 1, 1), 0): 1.0, ((28, 12, 0, 1), (28, 70, 1, 2), 0): 1.0, ((28, 98, 0, 3), (39, 17, 1, 1), 0): 1.0, ((28, 98, 0, 3), (57, 45, 1, 2), 0): 1.0, ((57, 45, 1, 2), (57, 67, 1, 2), 0): 1.0, ((28, 100, 0, 3), (56, 81, 1, 3), 0): 1.0, ((56, 81, 1, 3), (30, 80, 1, 3), 0): 1.0, ((30, 100, 1, 3), (31, 15, 1, 1), 0): 1.0, ((31, 15, 1, 1), (31, 100, 1, 3), 0): 1.0, ((31, 100, 1, 3), (90, 6, 1, 0), 0): 4.0, ((90, 6, 1, 0), (90, 100, 1, 3), 0): 4.0, ((40, 100, 1, 3), (21, 30, 1, 1), 0): 5.0, ((36, 100, 1, 3), (76, 15, 1, 1), 0): 5.0, ((58, 4, 1, 0), (58, 100, 1, 3), 0): 5.0, ((43, 100, 1, 3), (58, 4, 1, 0), 0): 5.0, ((58, 100, 1, 3), (40, 26, 1, 1), 0): 5.0, ((72, 80, 1, 3), (49, 0, 1, 0), 0): 2.0, ((90, 100, 1, 3), (43, 54, 1, 2), 0): 4.0}
x_ener_2: {((30, 2, 1, 0), (30, 2, 119, 0), 0): 1.0, ((23, 6, 1, 0), (23, 6, 51, 0), 0): 1.0, ((28, 29, 1, 1), (89, 27, 1, 1), 0): 1.0, ((89, 27, 1, 1), (28, 27, 1, 1), 0): 1.0, ((39, 17, 1, 1), (39, 17, 51, 1), 0): 1.0, ((30, 45, 1, 2), (28, 29, 1, 1), 0): 1.0, ((89, 70, 1, 2), (28, 70, 1, 2), 1): 1.0, ((28, 70, 1, 2), (30, 45, 1, 2), 0): 1.0, ((23, 6, 51, 0), (23, 6, 119, 0), 0): 1.0, ((39, 17, 51, 1), (39, 17, 101, 1), 0): 1.0, ((39, 17, 101, 1), (39, 17, 119, 1), 0): 1.0, ((2, 100, 1, 3), (72, 100, 1, 3), 0): 3.0, ((72, 2, 1, 0), (72, 2, 51, 0), 0): 3.0, ((50, 4, 1, 0), (50, 4, 119, 0), 0): 2.0, ((76, 15, 1, 1), (50, 4, 1, 0), 0): 2.0, ((76, 15, 1, 1), (76, 15, 119, 1), 0): 3.0, ((76, 39, 1, 1), (72, 2, 1, 0), 0): 3.0, ((49, 0, 1, 0), (49, 0, 51, 0), 0): 2.0, ((72, 63, 1, 2), (76, 39, 1, 1), 0): 3.0, ((49, 20, 1, 1), (49, 20, 51, 1), 0): 3.0, ((72, 100, 1, 3), (49, 20, 1, 1), 0): 3.0, ((72, 2, 51, 0), (72, 2, 101, 0), 0): 3.0, ((49, 0, 51, 0), (49, 0, 101, 0), 0): 2.0, ((49, 20, 51, 1), (49, 20, 101, 1), 0): 3.0, ((72, 2, 101, 0), (72, 2, 119, 0), 0): 3.0, ((49, 0, 101, 0), (49, 0, 119, 0), 0): 2.0, ((49, 20, 101, 1), (49, 20, 119, 1), 0): 3.0, ((28, 27, 1, 1), (30, 2, 1, 0), 0): 1.0, ((30, 80, 1, 3), (56, 79, 1, 2), 0): 1.0, ((56, 79, 1, 2), (57, 67, 1, 2), 0): 1.0, ((57, 67, 1, 2), (31, 10, 1, 1), 0): 1.0, ((5, 100, 1, 3), (84, 100, 1, 3), 0): 1.0, ((74, 33, 1, 1), (23, 6, 1, 0), 0): 1.0, ((5, 100, 0, 3), (5, 100, 1, 3), 0): 1.0, ((39, 100, 1, 3), (74, 33, 1, 1), 0): 1.0, ((84, 100, 1, 3), (89, 70, 1, 2), 0): 1.0, ((56, 95, 1, 3), (30, 95, 1, 3), 1): 2.0, ((30, 95, 1, 3), (31, 10, 1, 1), 0): 2.0, ((89, 98, 1, 3), (56, 95, 1, 3), 0): 2.0, ((13, 24, 1, 1), (93, 10, 1, 1), 0): 1.0, ((13, 49, 1, 2), (93, 40, 1, 2), 0): 1.0, ((13, 64, 1, 2), (82, 64, 1, 2), 0): 1.0, ((13, 80, 0, 3), (93, 64, 1, 2), 0): 1.0, ((93, 10, 1, 1), (93, 10, 119, 1), 0): 1.0, ((93, 40, 1, 2), (13, 24, 1, 1), 0): 1.0, ((31, 10, 1, 1), (31, 10, 119, 1), 0): 3.0, ((43, 16, 1, 1), (43, 16, 51, 1), 0): 1.0, ((82, 64, 1, 2), (13, 49, 1, 2), 0): 1.0, ((93, 64, 1, 2), (13, 64, 1, 2), 0): 1.0, ((43, 54, 1, 2), (43, 54, 51, 2), 0): 1.0, ((43, 54, 1, 2), (43, 54, 119, 2), 0): 3.0, ((93, 100, 1, 3), (43, 16, 1, 1), 0): 1.0, ((43, 16, 51, 1), (43, 16, 119, 1), 0): 1.0, ((31, 4, 51, 0), (31, 4, 101, 0), 0): 1.0, ((43, 54, 51, 2), (82, 3, 51, 0), 0): 1.0, ((31, 4, 101, 0), (31, 4, 119, 0), 0): 1.0, ((21, 30, 1, 1), (21, 30, 119, 1), 0): 5.0, ((21, 100, 1, 3), (36, 10, 1, 1), 0): 5.0, ((21, 100, 0, 3), (21, 100, 1, 3), 0): 5.0, ((36, 10, 1, 1), (36, 10, 119, 1), 0): 5.0, ((34, 9, 51, 0), (34, 9, 119, 0), 0): 5.0, ((40, 26, 1, 1), (40, 26, 51, 1), 0): 5.0, ((40, 26, 51, 1), (34, 9, 51, 0), 0): 5.0, ((76, 100, 1, 3), (72, 63, 1, 2), 0): 3.0, ((28, 98, 0, 3), (39, 17, 1, 1), 0): 1.0, ((28, 98, 0, 3), (57, 45, 1, 2), 0): 1.0, ((57, 45, 1, 2), (57, 45, 51, 2), 0): 1.0, ((28, 100, 0, 3), (56, 81, 1, 3), 0): 1.0, ((28, 100, 0, 3), (89, 98, 1, 3), 0): 2.0, ((56, 81, 1, 3), (30, 80, 1, 3), 0): 1.0, ((57, 45, 51, 2), (31, 4, 51, 0), 0): 1.0, ((82, 3, 51, 0), (82, 3, 101, 0), 0): 1.0, ((82, 3, 101, 0), (82, 3, 119, 0), 0): 1.0, ((30, 100, 1, 3), (31, 15, 1, 1), 0): 1.0, ((31, 15, 1, 1), (31, 15, 119, 1), 0): 1.0, ((30, 100, 0, 3), (30, 100, 1, 3), 0): 1.0, ((31, 100, 1, 3), (90, 6, 1, 0), 0): 5.0, ((31, 100, 0, 3), (31, 100, 1, 3), 0): 5.0, ((90, 6, 1, 0), (90, 6, 119, 0), 0): 5.0, ((34, 100, 0, 3), (40, 100, 1, 3), 0): 5.0, ((40, 100, 1, 3), (21, 30, 1, 1), 0): 5.0, ((36, 100, 1, 3), (76, 15, 1, 1), 0): 5.0, ((36, 100, 0, 3), (36, 100, 1, 3), 0): 5.0, ((39, 100, 0, 3), (39, 100, 1, 3), 0): 1.0, ((58, 4, 1, 0), (58, 4, 51, 0), 0): 5.0, ((58, 4, 51, 0), (58, 4, 119, 0), 0): 5.0, ((43, 100, 1, 3), (58, 4, 1, 0), 0): 5.0, ((43, 100, 0, 3), (43, 100, 1, 3), 0): 5.0, ((50, 100, 1, 3), (76, 100, 1, 3), 0): 3.0, ((50, 100, 0, 3), (50, 100, 1, 3), 0): 3.0, ((58, 100, 1, 3), (40, 26, 1, 1), 0): 5.0, ((58, 100, 0, 3), (58, 100, 1, 3), 0): 5.0, ((72, 80, 1, 3), (49, 0, 1, 0), 0): 2.0, ((72, 100, 0, 3), (2, 100, 1, 3), 0): 3.0, ((76, 100, 0, 3), (72, 80, 1, 3), 0): 2.0, ((90, 100, 1, 3), (43, 54, 1, 2), 0): 4.0, ((90, 100, 0, 3), (90, 100, 1, 3), 0): 4.0, ((93, 100, 0, 3), (93, 100, 1, 3), 0): 1.0}
(((13, np.int64(80), np.int64(0), 3), (93, 64, 1, 2), 0), ((93, 64, 1, 2), (93, 100, 1, 3), 0), ((93, 100, 1, 3), (43, 16, 1, 1), 0), ((43, 16, 1, 1), (43, 100, 1, 3), 0), ((43, 100, 1, 3), (58, 4, 1, 0), 0), ((58, 4, 1, 0), (58, 100, 1, 3), 0), ((58, 100, 1, 3), (40, 26, 1, 1), 0), ((40, 26, 1, 1), (40, 100, 1, 3), 0), ((40, 100, 1, 3), (21, 30, 1, 1), 0), ((21, 30, 1, 1), (21, 100, 1, 3), 0), ((21, 100, 1, 3), (36, 10, 1, 1), 0), ((36, 10, 1, 1), (36, 100, 1, 3), 0), ((36, 100, 1, 3), (76, 15, 1, 1), 0), ((76, 15, 1, 1), (76, 100, 1, 3), 0), ((76, 100, 1, 3), (72, 63, 1, 2), 0), ((72, 63, 1, 2), (72, 80, 1, 3), 0), ((72, 80, 1, 3), (49, 0, 1, 0), 0), ((49, 0, 1, 0), (49, 0, 119, 0), 0))
New edge added:  ((13, np.int64(80), np.int64(0), 3), (93, np.int64(64), np.int64(2), 2), 0)  Edge removed:  ((13, np.int64(80), np.int64(0), 3), (93, 64, 1, 2), 0)
Solution cannot be extended to a feasible solution, updating network...
a[ 49 ] =  1.0
n[ 5 ] =  1.0
n[ 18 ] =  1.0
n[ 21 ] =  6.0
n[ 23 ] =  1.0
n[ 30 ] =  1.0
n[ 31 ] =  7.0
n[ 34 ] =  6.0
n[ 36 ] =  5.0
n[ 37 ] =  1.0
n[ 39 ] =  1.0
n[ 43 ] =  5.0
n[ 50 ] =  3.0
n[ 58 ] =  6.0
n[ 67 ] =  1.0
n[ 72 ] =  3.0
n[ 76 ] =  3.0
n[ 82 ] =  2.0
n[ 90 ] =  5.0
n[ 93 ] =  1.0
'''''''''''''''''
Gurobi Optimizer version 13.0.1 build v13.0.1rc0 (linux64 - "Debian GNU/Linux 12 (bookworm)")

CPU model: Intel(R) Xeon(R) CPU @ 2.20GHz, instruction set [SSE2|AVX|AVX2]
Thread count: 1 physical cores, 2 logical processors, using up to 2 threads

Non-default parameters:
MIPGap  0.05

Academic license 937859 - for non-commercial use only - registered to hp___@cornell.edu
Optimize a model with 719092 rows, 1474900 columns and 3897506 nonzeros (Min)
Model fingerprint: 0xc16ded53
Model has 1063324 linear objective coefficients
Variable types: 0 continuous, 1474900 integer (0 binary)
Coefficient statistics:
  Matrix range     [1e+00, 3e+05]
  Objective range  [6e-01, 8e+02]
  Bounds range     [0e+00, 0e+00]
  RHS range        [1e+00, 5e+00]

MIP start from previous solve did not produce a new incumbent solution
MIP start from previous solve violates constraint flow_bal_load[(93,_np.int64(64),_np.int64(1),_2),2] by 1.000000000
Processed MIP start in 1.27 seconds (0.37 work units)

Presolve removed 580764 rows and 775504 columns (presolve time = 5s)...
Presolve removed 584415 rows and 808368 columns (presolve time = 10s)...
Presolve removed 586297 rows and 817124 columns
Presolve time: 13.11s
Presolved: 132795 rows, 657776 columns, 1523030 nonzeros
Variable types: 0 continuous, 657776 integer (2138 binary)
Performing another presolve...
Presolve removed 166 rows and 11104 columns (presolve time = 5s)...
Presolve removed 163 rows and 11101 columns
Presolve time: 6.99s

Root simplex log...

Iteration    Objective       Primal Inf.    Dual Inf.      Time
       0      handle free variables                         31s
    7992    9.4257214e+02   1.252723e+02   0.000000e+00     35s
   12938    1.2944330e+03   1.684217e+02   0.000000e+00     40s
   16826    1.7429203e+03   3.052818e+02   0.000000e+00     45s
   19886    1.8189281e+03   1.830000e+02   0.000000e+00     50s
   21586    1.8526781e+03   4.400000e+01   0.000000e+00     55s
   23316    1.8665754e+03   1.885000e+02   0.000000e+00     60s
   24976    1.9190888e+03   2.295580e+02   0.000000e+00     65s
   26876    1.9414213e+03   2.090000e+02   0.000000e+00     70s
   28606    1.9788818e+03   2.222606e+02   0.000000e+00     75s
   30156    2.0258358e+03   1.381514e+02   0.000000e+00     80s
   31486    2.0409507e+03   1.417322e+03   0.000000e+00     85s
   33056    2.2402007e+03   1.976089e+02   0.000000e+00     90s
   34236    2.2686153e+03   2.294961e+02   0.000000e+00     95s
   35356    2.2844717e+03   1.254223e+02   0.000000e+00    100s
   36426    2.3063305e+03   1.645758e+02   0.000000e+00    105s
   37576    2.3135977e+03   1.613333e+02   0.000000e+00    110s
   38746    2.3267439e+03   9.784746e+01   0.000000e+00    116s
   39596    2.3366137e+03   1.581578e+02   0.000000e+00    120s
   40376    2.3447664e+03   2.066675e+02   0.000000e+00    125s
   41166    2.3690208e+03   1.093222e+02   0.000000e+00    130s
   41966    2.3803845e+03   1.000011e+02   0.000000e+00    135s
   42826    2.3926537e+03   3.404277e+02   0.000000e+00    140s
   43796    2.4031780e+03   5.625652e+02   0.000000e+00    146s
   44656    2.4280138e+03   4.525736e+02   0.000000e+00    151s
   45706    2.4436395e+03   1.831618e+02   0.000000e+00    155s
   46666    2.4649834e+03   1.178958e+02   0.000000e+00    160s
   47516    2.5460920e+03   5.418615e+01   0.000000e+00    166s
   48216    2.6564966e+03   2.764479e+02   0.000000e+00    170s
   49156    2.6812708e+03   2.056184e+02   0.000000e+00    175s
   50056    2.7005372e+03   1.089403e+02   0.000000e+00    181s
   50906    2.7197687e+03   2.420434e+02   0.000000e+00    186s
   51626    2.7325044e+03   1.500907e+02   0.000000e+00    190s
   53076    2.7849604e+03   2.560798e+02   0.000000e+00    195s
   53646    2.8194581e+03   1.904920e+02   0.000000e+00    201s
   55036    2.9406509e+03   1.170416e+02   0.000000e+00    205s
   56506    3.2294827e+03   1.999968e+02   0.000000e+00    211s
   57706    4.9285363e+03   7.806497e+02   0.000000e+00    215s
   58776    5.0415597e+03   6.327972e+02   0.000000e+00    220s
   59406    5.0532543e+03   1.468177e+03   0.000000e+00    225s
   60136    5.0628874e+03   4.534702e+02   0.000000e+00    231s
   60646    5.0952944e+03   6.300016e+02   0.000000e+00    235s
   61476    5.1485815e+03   2.208750e+02   0.000000e+00    241s
   62426    5.1721576e+03   1.256377e+02   0.000000e+00    245s
   63366    5.1882100e+03   3.220077e+02   0.000000e+00    251s
   64276    5.2031377e+03   1.101220e+02   0.000000e+00    256s
   64616    5.2075667e+03   1.338278e+02   0.000000e+00    261s
   65126    5.2128565e+03   6.250000e+01   0.000000e+00    267s
   65496    5.2151610e+03   2.860165e+02   0.000000e+00    271s
   65946    5.2176218e+03   1.150220e+02   0.000000e+00    276s
   66286    5.2202460e+03   1.694573e+02   0.000000e+00    280s
   66766    5.2237847e+03   5.783333e+01   0.000000e+00    286s
   67486    5.2305516e+03   1.383750e+02   0.000000e+00    291s
   67816    5.2308009e+03   5.400000e+01   0.000000e+00    295s
   68186    5.2314236e+03   2.636364e+01   0.000000e+00    301s
   68506    5.2326009e+03   3.659375e+01   0.000000e+00    306s
   68846    5.2330840e+03   2.600000e+01   0.000000e+00    311s
   69206    5.2341759e+03   4.750000e+00   0.000000e+00    316s
   69566    5.2348588e+03   7.601695e+00   0.000000e+00    321s
   69916    5.2356547e+03   0.000000e+00   0.000000e+00    324s
   69916    5.2356547e+03   0.000000e+00   0.000000e+00    324s

Root relaxation: objective 5.235655e+03, 69916 iterations, 296.20 seconds (129.33 work units)
Total elapsed time = 324.56s (DegenMoves)

    Nodes    |    Current Node    |     Objective Bounds      |     Work
 Expl Unexpl |  Obj  Depth IntInf | Incumbent    BestBd   Gap | It/Node Time

     0     0 5235.65466    0   92          - 5235.65466      -     -  330s
H    0     0                    5552.9904110 5235.65466  5.71%     -  334s
H    0     0                    5543.6417808 5235.65466  5.56%     -  334s
H    0     0                    5534.2931507 5235.65466  5.40%     -  334s
H    0     0                    5392.5068493 5235.65466  2.91%     -  341s

Explored 1 nodes (90164 simplex iterations) in 341.19 seconds (144.88 work units)
Thread count was 2 (of 2 available processors)

Solution count 4: 5392.51 5534.29 5543.64 5552.99 

Optimal solution found (tolerance 5.00e-02)
Best objective 5.392506849315e+03, best bound 5.235654664057e+03, gap 2.9087%
Iteration:  34
Size of network:  13272  nodes,  245681  edges
Obj Value:  5392.506849315069
a: {49: 1.0}
n: {5: 1.0, 13: 1.0, 21: 6.0, 23: 1.0, 26: 5.0, 31: 5.0, 36: 5.0, 37: 1.0, 39: 1.0, 40: 6.0, 43: 5.0, 50: 1.0, 57: 2.0, 58: 6.0, 67: 1.0, 70: 1.0, 72: 3.0, 82: 1.0, 90: 4.0, 92: 1.0, 93: 1.0}
{0: (34.421443, -119.684178), 1: (36.167392, -94.119169), 2: (34.071417, -99.009382), 3: (34.689589, -118.130371), 4: (36.434113, -99.427596), 5: (35.400164, -119.399727), 6: (37.2129649, -93.37103), 7: (30.25011, -93.01142), 8: (36.751521, -96.000152), 9: (35.35468, -94.437379), 10: (38.89357, -94.36045), 11: (33.7885884, -118.2150827), 12: (32.596725, -117.019495), 13: (33.30006, -111.96835), 14: (35.392817, -97.422948), 15: (38.96627, -95.700495), 16: (30.725159, -96.425728), 17: (37.737099, -97.32375), 18: (34.188212, -97.171022), 19: (33.94423, -96.41932), 20: (30.209862, -92.002378), 21: (37.183969, -104.499646), 22: (32.267588, -107.774524), 23: (36.72136, -119.761165), 24: (30.437821, -95.498724), 25: (35.079896, -106.746225), 26: (35.840761, -98.419831), 27: (31.207465, -95.996079), 28: (33.899899, -118.207088), 29: (33.3874378, -110.7609849), 30: (34.02094, -117.385415), 31: (33.603063, -114.598023), 32: (35.189976, -101.706309), 33: (35.853211, -94.989243), 34: (35.004614, -106.032837), 35: (31.151717, -93.265081), 36: (36.706596, -101.443207), 37: (37.069631, -100.905444), 38: (32.62712, -96.74537), 39: (36.075856, -119.043996), 40: (35.65758, -105.993406), 41: (32.181782, -94.334174), 42: (30.330588, -97.701649), 43: (35.01643, -110.675005), 44: (35.25655, -96.671004), 45: (33.3021433, -111.9552863), 46: (36.535661, -97.33916), 47: (32.698465, -97.959695), 48: (33.984094, -106.887526), 49: (32.7658795, -96.8754612), 50: (35.309665, -99.631741), 51: (31.784139, -93.08731), 52: (33.0390751, -117.2841996), 53: (38.164391, -112.278183), 54: (34.4349097, -119.9212861), 55: (31.499498, -97.173412), 56: (33.9541734, -117.5556971), 57: (34.118101, -116.45646), 58: (36.71838, -108.167694), 59: (31.940555, -102.169802), 60: (36.081743, -96.054325), 61: (32.469998, -93.672804), 62: (34.4425082, -119.7812613), 63: (37.648431, -98.094183), 64: (32.448848, -100.439583), 65: (32.627591, -97.314361), 66: (38.54421, -106.92517), 67: (34.886448, -117.079423), 68: (35.9874334, -119.961999), 69: (32.794671, -115.539473), 70: (36.220567, -115.125553), 71: (35.106478, -92.43572), 72: (34.584172, -98.396813), 73: (33.39639, -110.76888), 74: (37.8135094, -119.8800771), 75: (35.87844, -97.392471), 76: (35.490972, -98.967096), 77: (33.8310496, -116.5452277), 78: (32.354553, -95.302495), 79: (37.962455, -100.846437), 80: (32.178328, -110.960207), 81: (38.7747705, -119.9029911), 82: (33.463568, -112.459255), 83: (36.009923, -114.784826), 84: (35.3002628, -119.0381956), 85: (36.249164, -95.333829), 86: (33.6699802, -96.6120405), 87: (38.971499, -92.294316), 88: (32.029056, -93.713243), 89: (33.8722233, -118.2654222), 90: (35.263617, -112.194139), 91: (37.199194, -93.402643), 92: (33.73573, -97.14484), 93: (32.881785, -111.777561), 94: (37.161682, -113.434692), 95: (30.35815, -99.606129), 96: (34.773291, -96.697633), 97: (34.12755, -118.443664), 98: (31.34545, -92.51807), 99: (38.945105, -104.724068), 100: (30.0774, -99.10731)}
x_load_0: {((67, 8, 1, 0), (67, 100, 1, 3), 0): 1.0, ((39, 28, 1, 1), (39, 73, 1, 2), 0): 1.0, ((57, 41, 1, 2), (67, 8, 1, 0), 0): 1.0, ((74, 6, 1, 0), (74, 6, 119, 0), 0): 1.0, ((31, 6, 1, 0), (31, 100, 1, 3), 0): 1.0, ((13, 44, 0, 2), (82, 29, 1, 1), 0): 1.0, ((82, 29, 1, 1), (82, 71, 1, 2), 0): 1.0, ((82, 71, 1, 2), (31, 6, 1, 0), 0): 1.0, ((31, 100, 1, 3), (57, 41, 1, 2), 0): 1.0, ((39, 73, 1, 2), (74, 6, 1, 0), 0): 1.0, ((67, 100, 1, 3), (39, 28, 1, 1), 0): 1.0}
x_ener_0: {((67, 8, 1, 0), (67, 8, 119, 0), 0): 1.0, ((5, 10, 1, 1), (5, 10, 51, 1), 0): 1.0, ((39, 28, 1, 1), (5, 10, 1, 1), 0): 1.0, ((57, 41, 1, 2), (67, 8, 1, 0), 0): 1.0, ((5, 10, 51, 1), (5, 10, 119, 1), 0): 1.0, ((74, 6, 1, 0), (74, 6, 51, 0), 0): 1.0, ((68, 100, 1, 3), (39, 73, 1, 2), 0): 1.0, ((74, 6, 51, 0), (74, 6, 101, 0), 0): 1.0, ((74, 6, 101, 0), (74, 6, 119, 0), 0): 1.0, ((31, 6, 1, 0), (31, 6, 119, 0), 0): 1.0, ((13, 44, 0, 2), (82, 29, 1, 1), 0): 1.0, ((82, 29, 1, 1), (82, 29, 119, 1), 0): 1.0, ((82, 71, 1, 2), (31, 6, 1, 0), 0): 1.0, ((23, 100, 0, 3), (68, 100, 1, 3), 0): 1.0, ((31, 100, 1, 3), (57, 41, 1, 2), 0): 1.0, ((31, 100, 0, 3), (31, 100, 1, 3), 0): 1.0, ((39, 73, 1, 2), (74, 6, 1, 0), 0): 1.0, ((67, 100, 1, 3), (39, 28, 1, 1), 0): 1.0, ((67, 100, 0, 3), (67, 100, 1, 3), 0): 1.0, ((93, 100, 0, 3), (82, 71, 1, 2), 0): 1.0}
(((13, np.int64(44), np.int64(0), 2), (82, 29, 1, 1), 0), ((82, 29, 1, 1), (82, 71, 1, 2), 0), ((82, 71, 1, 2), (31, 6, 1, 0), 0), ((31, 6, 1, 0), (31, 100, 1, 3), 0), ((31, 100, 1, 3), (57, 41, 1, 2), 0), ((57, 41, 1, 2), (67, 8, 1, 0), 0), ((67, 8, 1, 0), (67, 100, 1, 3), 0), ((67, 100, 1, 3), (39, 28, 1, 1), 0), ((39, 28, 1, 1), (39, 73, 1, 2), 0), ((39, 73, 1, 2), (74, 6, 1, 0), 0), ((74, 6, 1, 0), (74, 6, 119, 0), 0))
New edge added:  ((13, np.int64(44), np.int64(0), 2), (82, np.int64(28), np.int64(2), 1), 0)  Edge removed:  ((13, np.int64(44), np.int64(0), 2), (82, 29, 1, 1), 0)
x_load_1: {((50, 7, 1, 0), (50, 100, 1, 3), 0): 1.0, ((92, 15, 1, 1), (92, 100, 1, 3), 0): 1.0, ((13, 7, 1, 0), (13, 7, 119, 0), 0): 1.0, ((92, 100, 1, 3), (50, 7, 1, 0), 0): 1.0, ((49, 50, 1, 2), (92, 15, 1, 1), 0): 1.0, ((21, 10, 1, 1), (21, 100, 1, 3), 0): 1.0, ((21, 100, 1, 3), (40, 30, 1, 1), 0): 1.0, ((40, 30, 1, 1), (40, 80, 1, 3), 0): 1.0, ((40, 80, 1, 3), (58, 6, 1, 0), 0): 1.0, ((43, 80, 1, 3), (13, 7, 1, 0), 0): 1.0, ((36, 27, 1, 1), (36, 100, 1, 3), 0): 1.0, ((36, 100, 1, 3), (21, 10, 1, 1), 0): 1.0, ((58, 6, 1, 0), (58, 100, 1, 3), 0): 1.0, ((43, 4, 1, 0), (43, 80, 1, 3), 0): 1.0, ((49, 50, 0, 2), (49, 50, 1, 2), 0): 1.0, ((50, 100, 1, 3), (36, 27, 1, 1), 0): 1.0, ((58, 100, 1, 3), (43, 4, 1, 0), 0): 1.0}
x_ener_1: {((50, 7, 1, 0), (50, 7, 119, 0), 0): 1.0, ((92, 15, 1, 1), (92, 15, 119, 1), 0): 1.0, ((92, 64, 1, 2), (49, 40, 1, 2), 0): 1.0, ((67, 59, 51, 2), (70, 7, 51, 0), 0): 1.0, ((37, 8, 1, 0), (37, 8, 119, 0), 0): 1.0, ((5, 100, 1, 3), (5, 100, 51, 3), 0): 1.0, ((5, 100, 0, 3), (84, 100, 1, 3), 0): 1.0, ((84, 100, 1, 3), (5, 100, 1, 3), 0): 1.0, ((5, 100, 51, 3), (84, 100, 51, 3), 0): 1.0, ((84, 100, 51, 3), (67, 59, 51, 2), 0): 1.0, ((13, 7, 1, 0), (13, 7, 51, 0), 0): 1.0, ((13, 7, 51, 0), (13, 7, 101, 0), 0): 1.0, ((13, 7, 101, 0), (13, 7, 119, 0), 0): 1.0, ((18, 100, 1, 3), (92, 100, 1, 3), 0): 1.0, ((49, 40, 1, 2), (49, 50, 1, 2), 0): 1.0, ((92, 100, 1, 3), (50, 7, 1, 0), 0): 1.0, ((49, 50, 1, 2), (92, 15, 1, 1), 0): 1.0, ((21, 10, 1, 1), (21, 10, 51, 1), 0): 1.0, ((21, 100, 1, 3), (40, 30, 1, 1), 0): 1.0, ((21, 100, 0, 3), (21, 100, 1, 3), 0): 1.0, ((40, 30, 1, 1), (40, 30, 51, 1), 0): 1.0, ((21, 10, 51, 1), (21, 10, 101, 1), 0): 1.0, ((40, 30, 51, 1), (40, 30, 101, 1), 0): 1.0, ((21, 10, 101, 1), (21, 10, 119, 1), 0): 1.0, ((40, 30, 101, 1), (40, 30, 119, 1), 0): 1.0, ((40, 80, 1, 3), (58, 6, 1, 0), 0): 1.0, ((76, 100, 1, 3), (50, 100, 1, 3), 0): 1.0, ((43, 80, 1, 3), (13, 7, 1, 0), 0): 1.0, ((36, 27, 1, 1), (37, 8, 1, 0), 0): 1.0, ((36, 100, 1, 3), (21, 10, 1, 1), 0): 1.0, ((36, 100, 0, 3), (36, 100, 1, 3), 0): 1.0, ((38, 100, 1, 3), (49, 100, 1, 3), 0): 1.0, ((49, 100, 1, 3), (92, 64, 1, 2), 0): 1.0, ((40, 80, 0, 3), (40, 80, 1, 3), 0): 1.0, ((58, 6, 1, 0), (58, 6, 51, 0), 0): 1.0, ((58, 6, 51, 0), (58, 6, 119, 0), 0): 1.0, ((43, 4, 1, 0), (43, 4, 51, 0), 0): 1.0, ((43, 4, 51, 0), (43, 4, 101, 0), 0): 1.0, ((43, 4, 101, 0), (43, 4, 119, 0), 0): 1.0, ((49, 100, 0, 3), (38, 100, 1, 3), 0): 1.0, ((50, 100, 1, 3), (36, 27, 1, 1), 0): 1.0, ((50, 100, 0, 3), (76, 100, 1, 3), 0): 1.0, ((70, 7, 51, 0), (70, 7, 101, 0), 0): 1.0, ((70, 7, 101, 0), (70, 7, 119, 0), 0): 1.0, ((58, 100, 1, 3), (43, 4, 1, 0), 0): 1.0, ((58, 100, 0, 3), (58, 100, 1, 3), 0): 1.0, ((90, 100, 1, 3), (43, 80, 1, 3), 0): 1.0, ((90, 100, 0, 3), (90, 100, 1, 3), 0): 1.0, ((92, 100, 0, 3), (18, 100, 1, 3), 0): 1.0}
(((49, np.int64(50), np.int64(0), 2), (49, 50, 1, 2), 0), ((49, 50, 1, 2), (92, 15, 1, 1), 0), ((92, 15, 1, 1), (92, 100, 1, 3), 0), ((92, 100, 1, 3), (50, 7, 1, 0), 0), ((50, 7, 1, 0), (50, 100, 1, 3), 0), ((50, 100, 1, 3), (36, 27, 1, 1), 0), ((36, 27, 1, 1), (36, 100, 1, 3), 0), ((36, 100, 1, 3), (21, 10, 1, 1), 0), ((21, 10, 1, 1), (21, 100, 1, 3), 0), ((21, 100, 1, 3), (40, 30, 1, 1), 0), ((40, 30, 1, 1), (40, 80, 1, 3), 0), ((40, 80, 1, 3), (58, 6, 1, 0), 0), ((58, 6, 1, 0), (58, 100, 1, 3), 0), ((58, 100, 1, 3), (43, 4, 1, 0), 0), ((43, 4, 1, 0), (43, 80, 1, 3), 0), ((43, 80, 1, 3), (13, 7, 1, 0), 0), ((13, 7, 1, 0), (13, 7, 119, 0), 0))
New edge added:  ((49, np.int64(50), np.int64(1), 2), (92, np.int64(14), np.int64(6), 1), 0)  Edge removed:  ((49, 50, 1, 2), (92, 15, 1, 1), 0)
x_load_2: {((39, 14, 1, 1), (39, 100, 1, 3), 0): 1.0, ((72, 2, 1, 0), (72, 80, 1, 3), 0): 3.0, ((76, 15, 1, 1), (76, 39, 1, 1), 0): 3.0, ((76, 15, 1, 1), (76, 100, 1, 3), 0): 2.0, ((76, 39, 1, 1), (72, 2, 1, 0), 0): 3.0, ((49, 0, 1, 0), (49, 0, 119, 0), 0): 5.0, ((72, 63, 1, 2), (72, 80, 1, 3), 0): 2.0, ((57, 43, 1, 2), (57, 67, 1, 2), 0): 2.0, ((30, 80, 1, 3), (30, 95, 1, 3), 0): 2.0, ((57, 67, 1, 2), (31, 10, 1, 1), 0): 2.0, ((74, 33, 1, 1), (74, 33, 119, 1), 0): 1.0, ((39, 100, 1, 3), (74, 33, 1, 1), 0): 1.0, ((30, 95, 1, 3), (31, 10, 1, 1), 0): 2.0, ((13, 64, 0, 2), (93, 51, 1, 2), 0): 1.0, ((31, 10, 1, 1), (31, 100, 1, 3), 0): 4.0, ((43, 16, 1, 1), (43, 100, 1, 3), 0): 1.0, ((93, 51, 1, 2), (93, 100, 1, 3), 0): 1.0, ((43, 54, 1, 2), (43, 100, 1, 3), 0): 1.0, ((90, 54, 1, 2), (43, 10, 1, 1), 0): 3.0, ((93, 100, 1, 3), (43, 16, 1, 1), 0): 1.0, ((21, 30, 1, 1), (21, 100, 1, 3), 0): 5.0, ((21, 100, 1, 3), (36, 10, 1, 1), 0): 5.0, ((36, 10, 1, 1), (36, 100, 1, 3), 0): 5.0, ((40, 26, 1, 1), (40, 100, 1, 3), 0): 5.0, ((76, 100, 1, 3), (72, 63, 1, 2), 0): 2.0, ((28, 96, 0, 3), (39, 14, 1, 1), 0): 1.0, ((28, 96, 0, 3), (57, 43, 1, 2), 0): 2.0, ((28, 100, 0, 3), (56, 81, 1, 3), 0): 2.0, ((56, 81, 1, 3), (30, 80, 1, 3), 0): 2.0, ((43, 10, 1, 1), (43, 100, 1, 3), 0): 3.0, ((31, 100, 1, 3), (90, 6, 1, 0), 0): 4.0, ((90, 6, 1, 0), (90, 54, 1, 2), 0): 3.0, ((90, 6, 1, 0), (90, 100, 1, 3), 0): 1.0, ((40, 100, 1, 3), (21, 30, 1, 1), 0): 5.0, ((36, 100, 1, 3), (76, 15, 1, 1), 0): 5.0, ((58, 4, 1, 0), (58, 100, 1, 3), 0): 5.0, ((43, 100, 1, 3), (58, 4, 1, 0), 0): 5.0, ((58, 100, 1, 3), (40, 26, 1, 1), 0): 5.0, ((72, 80, 1, 3), (49, 0, 1, 0), 0): 5.0, ((90, 100, 1, 3), (43, 54, 1, 2), 0): 1.0}
x_ener_2: {((23, 6, 1, 0), (23, 6, 51, 0), 0): 1.0, ((39, 14, 1, 1), (39, 14, 119, 1), 0): 1.0, ((23, 6, 51, 0), (23, 6, 119, 0), 0): 1.0, ((72, 2, 1, 0), (72, 2, 51, 0), 0): 3.0, ((76, 15, 1, 1), (26, 2, 1, 0), 0): 5.0, ((76, 39, 1, 1), (72, 2, 1, 0), 0): 3.0, ((49, 0, 1, 0), (49, 0, 51, 0), 0): 5.0, ((72, 63, 1, 2), (76, 39, 1, 1), 0): 3.0, ((72, 2, 51, 0), (72, 2, 119, 0), 0): 3.0, ((49, 0, 51, 0), (49, 0, 101, 0), 0): 5.0, ((49, 0, 101, 0), (49, 0, 119, 0), 0): 5.0, ((57, 43, 1, 2), (57, 43, 119, 2), 0): 2.0, ((30, 80, 1, 3), (56, 79, 1, 2), 0): 2.0, ((56, 79, 1, 2), (30, 74, 1, 2), 0): 2.0, ((57, 67, 1, 2), (31, 10, 1, 1), 0): 2.0, ((26, 2, 1, 0), (26, 2, 51, 0), 0): 5.0, ((26, 2, 51, 0), (26, 2, 101, 0), 0): 5.0, ((26, 2, 101, 0), (26, 2, 119, 0), 0): 5.0, ((74, 33, 1, 1), (23, 6, 1, 0), 0): 1.0, ((39, 100, 1, 3), (74, 33, 1, 1), 0): 1.0, ((30, 74, 1, 2), (57, 67, 1, 2), 0): 2.0, ((30, 95, 1, 3), (31, 10, 1, 1), 0): 2.0, ((13, 4, 1, 0), (13, 4, 119, 0), 0): 1.0, ((13, 20, 1, 1), (93, 4, 1, 0), 0): 1.0, ((13, 40, 1, 2), (93, 24, 1, 1), 0): 1.0, ((13, 100, 1, 3), (93, 100, 1, 3), 0): 1.0, ((13, 64, 0, 2), (93, 51, 1, 2), 0): 1.0, ((45, 4, 1, 0), (13, 4, 1, 0), 1): 1.0, ((93, 4, 1, 0), (93, 4, 119, 0), 0): 1.0, ((93, 24, 1, 1), (13, 20, 1, 1), 0): 1.0, ((45, 40, 1, 2), (13, 40, 1, 2), 1): 1.0, ((31, 10, 1, 1), (31, 10, 51, 1), 0): 4.0, ((43, 16, 1, 1), (43, 16, 51, 1), 0): 1.0, ((93, 51, 1, 2), (45, 40, 1, 2), 0): 1.0, ((43, 54, 1, 2), (45, 4, 1, 0), 0): 1.0, ((90, 54, 1, 2), (43, 10, 1, 1), 0): 3.0, ((93, 100, 1, 3), (43, 16, 1, 1), 0): 1.0, ((31, 10, 51, 1), (31, 10, 101, 1), 0): 4.0, ((43, 16, 51, 1), (43, 16, 101, 1), 0): 1.0, ((31, 10, 101, 1), (31, 10, 119, 1), 0): 4.0, ((43, 16, 101, 1), (43, 16, 119, 1), 0): 1.0, ((21, 30, 1, 1), (21, 30, 119, 1), 0): 5.0, ((21, 100, 1, 3), (36, 10, 1, 1), 0): 5.0, ((21, 100, 0, 3), (21, 100, 1, 3), 0): 5.0, ((36, 10, 1, 1), (36, 10, 119, 1), 0): 5.0, ((40, 26, 1, 1), (40, 26, 119, 1), 0): 5.0, ((34, 100, 1, 3), (40, 100, 1, 3), 0): 5.0, ((26, 100, 1, 3), (76, 100, 1, 3), 0): 5.0, ((26, 100, 0, 3), (26, 100, 1, 3), 0): 5.0, ((76, 100, 1, 3), (72, 63, 1, 2), 0): 3.0, ((76, 100, 1, 3), (72, 80, 1, 3), 0): 2.0, ((28, 96, 0, 3), (39, 14, 1, 1), 0): 1.0, ((28, 96, 0, 3), (57, 43, 1, 2), 0): 2.0, ((28, 100, 0, 3), (56, 81, 1, 3), 0): 2.0, ((56, 81, 1, 3), (30, 80, 1, 3), 0): 2.0, ((43, 10, 1, 1), (43, 10, 119, 1), 0): 3.0, ((31, 100, 1, 3), (90, 6, 1, 0), 0): 4.0, ((31, 100, 0, 3), (31, 100, 1, 3), 0): 4.0, ((90, 6, 1, 0), (90, 6, 119, 0), 0): 4.0, ((40, 100, 1, 3), (21, 30, 1, 1), 0): 5.0, ((36, 100, 1, 3), (76, 15, 1, 1), 0): 5.0, ((36, 100, 0, 3), (36, 100, 1, 3), 0): 4.0, ((37, 100, 1, 3), (36, 100, 1, 3), 0): 1.0, ((37, 100, 0, 3), (37, 100, 1, 3), 0): 1.0, ((39, 100, 0, 3), (39, 100, 1, 3), 0): 1.0, ((58, 4, 1, 0), (58, 4, 51, 0), 0): 5.0, ((40, 100, 0, 3), (34, 100, 1, 3), 0): 5.0, ((58, 4, 51, 0), (58, 4, 119, 0), 0): 5.0, ((43, 100, 1, 3), (58, 4, 1, 0), 0): 5.0, ((43, 100, 0, 3), (43, 100, 1, 3), 0): 5.0, ((57, 100, 0, 3), (30, 95, 1, 3), 0): 2.0, ((58, 100, 1, 3), (40, 26, 1, 1), 0): 5.0, ((58, 100, 0, 3), (58, 100, 1, 3), 0): 5.0, ((70, 100, 0, 3), (83, 100, 1, 3), 0): 1.0, ((83, 100, 1, 3), (90, 54, 1, 2), 0): 1.0, ((72, 80, 1, 3), (49, 0, 1, 0), 0): 5.0, ((72, 80, 0, 3), (72, 80, 1, 3), 0): 3.0, ((82, 100, 0, 3), (13, 100, 1, 3), 0): 1.0, ((90, 100, 1, 3), (43, 54, 1, 2), 0): 1.0, ((90, 54, 0, 2), (90, 54, 1, 2), 0): 2.0, ((90, 100, 0, 3), (90, 100, 1, 3), 0): 1.0}
(((13, np.int64(64), np.int64(0), 2), (93, 51, 1, 2), 0), ((93, 51, 1, 2), (93, 100, 1, 3), 0), ((93, 100, 1, 3), (43, 16, 1, 1), 0), ((43, 16, 1, 1), (43, 100, 1, 3), 0), ((43, 100, 1, 3), (58, 4, 1, 0), 0), ((58, 4, 1, 0), (58, 100, 1, 3), 0), ((58, 100, 1, 3), (40, 26, 1, 1), 0), ((40, 26, 1, 1), (40, 100, 1, 3), 0), ((40, 100, 1, 3), (21, 30, 1, 1), 0), ((21, 30, 1, 1), (21, 100, 1, 3), 0), ((21, 100, 1, 3), (36, 10, 1, 1), 0), ((36, 10, 1, 1), (36, 100, 1, 3), 0), ((36, 100, 1, 3), (76, 15, 1, 1), 0), ((76, 15, 1, 1), (76, 39, 1, 1), 0), ((76, 39, 1, 1), (72, 2, 1, 0), 0), ((72, 2, 1, 0), (72, 80, 1, 3), 0), ((72, 80, 1, 3), (49, 0, 1, 0), 0), ((49, 0, 1, 0), (49, 0, 119, 0), 0))
New edge added:  ((13, np.int64(64), np.int64(0), 2), (93, np.int64(48), np.int64(2), 2), 0)  Edge removed:  ((13, np.int64(64), np.int64(0), 2), (93, 51, 1, 2), 0)
Solution cannot be extended to a feasible solution, updating network...
a[ 49 ] =  1.0
n[ 5 ] =  1.0
n[ 13 ] =  1.0
n[ 21 ] =  6.0
n[ 23 ] =  1.0
n[ 26 ] =  5.0
n[ 31 ] =  5.0
n[ 36 ] =  5.0
n[ 37 ] =  1.0
n[ 39 ] =  1.0
n[ 40 ] =  6.0
n[ 43 ] =  5.0
n[ 50 ] =  1.0
n[ 57 ] =  2.0
n[ 58 ] =  6.0
n[ 67 ] =  1.0
n[ 70 ] =  1.0
n[ 72 ] =  3.0
n[ 82 ] =  1.0
n[ 90 ] =  4.0
n[ 92 ] =  1.0
n[ 93 ] =  1.0
'''''''''''''''''
Gurobi Optimizer version 13.0.1 build v13.0.1rc0 (linux64 - "Debian GNU/Linux 12 (bookworm)")

CPU model: Intel(R) Xeon(R) CPU @ 2.20GHz, instruction set [SSE2|AVX|AVX2]
Thread count: 1 physical cores, 2 logical processors, using up to 2 threads

Non-default parameters:
MIPGap  0.05

Academic license 937859 - for non-commercial use only - registered to hp___@cornell.edu
Optimize a model with 719098 rows, 1474918 columns and 3901832 nonzeros (Min)
Model fingerprint: 0x65b8ae0a
Model has 1063324 linear objective coefficients
Variable types: 0 continuous, 1474918 integer (0 binary)
Coefficient statistics:
  Matrix range     [1e+00, 3e+05]
  Objective range  [6e-01, 8e+02]
  Bounds range     [0e+00, 0e+00]
  RHS range        [1e+00, 5e+00]

MIP start from previous solve did not produce a new incumbent solution
MIP start from previous solve violates constraint flow_bal_load[(92,_np.int64(15),_np.int64(1),_1),1] by 1.000000000
Processed MIP start in 1.19 seconds (0.37 work units)

Presolve removed 580770 rows and 775739 columns (presolve time = 5s)...
Presolve removed 586306 rows and 817139 columns
Presolve time: 9.14s
Presolved: 132792 rows, 657779 columns, 1523036 nonzeros
Variable types: 0 continuous, 657779 integer (2138 binary)
Performing another presolve...
Presolve removed 165 rows and 11105 columns (presolve time = 5s)...
Presolve removed 161 rows and 11101 columns
Presolve time: 6.40s

Root simplex log...

Iteration    Objective       Primal Inf.    Dual Inf.      Time
       0      handle free variables                         25s
    1732    3.5775001e+02   4.325000e+01   0.000000e+00     25s
   10138    9.9620308e+02   1.587329e+02   0.000000e+00     30s
   15037    1.6191640e+03   1.942462e+02   0.000000e+00     35s
   18527    1.7558358e+03   3.044756e+02   0.000000e+00     40s
   21077    1.8197226e+03   1.770000e+02   0.000000e+00     45s
   22367    1.8526781e+03   1.320000e+02   0.000000e+00     50s
   24247    1.8665754e+03   1.150000e+02   0.000000e+00     55s
   25917    1.9008863e+03   1.922917e+02   0.000000e+00     60s
   27617    1.9190850e+03   2.968439e+02   0.000000e+00     65s
   29277    1.9575122e+03   2.240374e+02   0.000000e+00     70s
   30857    1.9684213e+03   6.150000e+01   0.000000e+00     75s
   32567    2.0433620e+03   3.938378e+02   0.000000e+00     80s
   33877    2.0666600e+03   3.779306e+02   0.000000e+00     85s
   35357    2.1004740e+03   1.231094e+02   0.000000e+00     91s
   36497    2.1209578e+03   1.578333e+02   0.000000e+00     95s
   37827    2.1711199e+03   2.306667e+02   0.000000e+00    100s
   39067    2.2868294e+03   9.475000e+01   0.000000e+00    106s
   40057    2.2888185e+03   7.914407e+01   0.000000e+00    110s
   41247    2.3137998e+03   4.705178e+02   0.000000e+00    116s
   42117    2.3465620e+03   2.661250e+02   0.000000e+00    120s
   42847    2.3567181e+03   7.853711e+01   0.000000e+00    126s
   43657    2.3596791e+03   2.770380e+02   0.000000e+00    130s
   44787    2.3806195e+03   1.974129e+02   0.000000e+00    135s
   45827    2.4055939e+03   4.340353e+02   0.000000e+00    141s
   46737    2.4298131e+03   5.689510e+02   0.000000e+00    145s
   47837    2.4371422e+03   1.235074e+02   0.000000e+00    150s
   49027    2.4908133e+03   9.023127e+01   0.000000e+00    155s
   50427    2.6246389e+03   1.859524e+02   0.000000e+00    161s
   51427    2.6907398e+03   1.611916e+02   0.000000e+00    166s
   52107    2.6979487e+03   1.987362e+02   0.000000e+00    170s
   53127    2.7068711e+03   8.804776e+01   0.000000e+00    175s
   54427    2.7848378e+03   1.233056e+02   0.000000e+00    180s
   55617    2.8418711e+03   1.189565e+02   0.000000e+00    185s
   56907    2.9733032e+03   5.472107e+02   0.000000e+00    190s
   58287    3.0390437e+03   1.800603e+02   0.000000e+00    195s
   59907    4.1591883e+03   2.093968e+02   0.000000e+00    200s
   61107    5.0097078e+03   3.515475e+02   0.000000e+00    205s
   61937    5.0361424e+03   1.419718e+03   0.000000e+00    210s
   62557    5.0460580e+03   4.472668e+02   0.000000e+00    216s
   63097    5.0502327e+03   1.306521e+03   0.000000e+00    221s
   63597    5.0832547e+03   4.048537e+02   0.000000e+00    226s
   64047    5.1220219e+03   1.724107e+02   0.000000e+00    230s
   64677    5.1306931e+03   1.799143e+02   0.000000e+00    235s
   65587    5.1405854e+03   5.901423e+02   0.000000e+00    240s
   66727    5.1709080e+03   3.066497e+02   0.000000e+00    245s
   67457    5.1863178e+03   1.162699e+02   0.000000e+00    250s
   68187    5.2052967e+03   1.087500e+02   0.000000e+00    256s
   68987    5.2140829e+03   1.062500e+02   0.000000e+00    261s
   69437    5.2160648e+03   2.484294e+02   0.000000e+00    266s
   69927    5.2216798e+03   9.646667e+01   0.000000e+00    271s
   70327    5.2230204e+03   1.687269e+02   0.000000e+00    275s
   70807    5.2242945e+03   2.247903e+02   0.000000e+00    282s
   71037    5.2261248e+03   1.148568e+02   0.000000e+00    285s
   71487    5.2272377e+03   5.809515e+01   0.000000e+00    291s
   71817    5.2293078e+03   2.300684e+02   0.000000e+00    296s
   72167    5.2298634e+03   4.788587e+01   0.000000e+00    301s
   72677    5.2315172e+03   1.627327e+01   0.000000e+00    307s
   73017    5.2327529e+03   2.091667e+01   0.000000e+00    312s
   73337    5.2336653e+03   9.286643e+01   0.000000e+00    316s
   73677    5.2348670e+03   9.244643e+01   0.000000e+00    321s
   74137    5.2361270e+03   4.211279e+02   0.000000e+00    326s
   74330    5.2366830e+03   0.000000e+00   0.000000e+00    329s
   74330    5.2366830e+03   0.000000e+00   0.000000e+00    329s

Root relaxation: objective 5.236683e+03, 74330 iterations, 306.44 seconds (135.05 work units)
Total elapsed time = 328.89s (DegenMoves)

    Nodes    |    Current Node    |     Objective Bounds      |     Work
 Expl Unexpl |  Obj  Depth IntInf | Incumbent    BestBd   Gap | It/Node Time

     0     0 5236.68297    0  106          - 5236.68297      -     -  337s
H    0     0                    5555.3904110 5236.68297  5.74%     -  341s
H    0     0                    5536.6931507 5236.68297  5.42%     -  341s
H    0     0                    5391.3068493 5236.68297  2.87%     -  349s

Explored 1 nodes (96240 simplex iterations) in 350.18 seconds (151.58 work units)
Thread count was 2 (of 2 available processors)

Solution count 3: 5391.31 5536.69 5555.39 

Optimal solution found (tolerance 5.00e-02)
Best objective 5.391306849315e+03, best bound 5.236682974560e+03, gap 2.8680%
Iteration:  35
Size of network:  13272  nodes,  245681  edges
Obj Value:  5391.3068493150695
a: {11: 1.0}
n: {5: 1.0, 13: 1.0, 21: 6.0, 23: 1.0, 25: 1.0, 31: 5.0, 34: 5.0, 36: 5.0, 37: 1.0, 39: 1.0, 43: 5.0, 50: 1.0, 57: 2.0, 58: 6.0, 67: 1.0, 70: 1.0, 72: 3.0, 76: 5.0, 82: 1.0, 90: 4.0, 92: 1.0, 93: 1.0}
{0: (34.421443, -119.684178), 1: (36.167392, -94.119169), 2: (34.071417, -99.009382), 3: (34.689589, -118.130371), 4: (36.434113, -99.427596), 5: (35.400164, -119.399727), 6: (37.2129649, -93.37103), 7: (30.25011, -93.01142), 8: (36.751521, -96.000152), 9: (35.35468, -94.437379), 10: (38.89357, -94.36045), 11: (33.7885884, -118.2150827), 12: (32.596725, -117.019495), 13: (33.30006, -111.96835), 14: (35.392817, -97.422948), 15: (38.96627, -95.700495), 16: (30.725159, -96.425728), 17: (37.737099, -97.32375), 18: (34.188212, -97.171022), 19: (33.94423, -96.41932), 20: (30.209862, -92.002378), 21: (37.183969, -104.499646), 22: (32.267588, -107.774524), 23: (36.72136, -119.761165), 24: (30.437821, -95.498724), 25: (35.079896, -106.746225), 26: (35.840761, -98.419831), 27: (31.207465, -95.996079), 28: (33.899899, -118.207088), 29: (33.3874378, -110.7609849), 30: (34.02094, -117.385415), 31: (33.603063, -114.598023), 32: (35.189976, -101.706309), 33: (35.853211, -94.989243), 34: (35.004614, -106.032837), 35: (31.151717, -93.265081), 36: (36.706596, -101.443207), 37: (37.069631, -100.905444), 38: (32.62712, -96.74537), 39: (36.075856, -119.043996), 40: (35.65758, -105.993406), 41: (32.181782, -94.334174), 42: (30.330588, -97.701649), 43: (35.01643, -110.675005), 44: (35.25655, -96.671004), 45: (33.3021433, -111.9552863), 46: (36.535661, -97.33916), 47: (32.698465, -97.959695), 48: (33.984094, -106.887526), 49: (32.7658795, -96.8754612), 50: (35.309665, -99.631741), 51: (31.784139, -93.08731), 52: (33.0390751, -117.2841996), 53: (38.164391, -112.278183), 54: (34.4349097, -119.9212861), 55: (31.499498, -97.173412), 56: (33.9541734, -117.5556971), 57: (34.118101, -116.45646), 58: (36.71838, -108.167694), 59: (31.940555, -102.169802), 60: (36.081743, -96.054325), 61: (32.469998, -93.672804), 62: (34.4425082, -119.7812613), 63: (37.648431, -98.094183), 64: (32.448848, -100.439583), 65: (32.627591, -97.314361), 66: (38.54421, -106.92517), 67: (34.886448, -117.079423), 68: (35.9874334, -119.961999), 69: (32.794671, -115.539473), 70: (36.220567, -115.125553), 71: (35.106478, -92.43572), 72: (34.584172, -98.396813), 73: (33.39639, -110.76888), 74: (37.8135094, -119.8800771), 75: (35.87844, -97.392471), 76: (35.490972, -98.967096), 77: (33.8310496, -116.5452277), 78: (32.354553, -95.302495), 79: (37.962455, -100.846437), 80: (32.178328, -110.960207), 81: (38.7747705, -119.9029911), 82: (33.463568, -112.459255), 83: (36.009923, -114.784826), 84: (35.3002628, -119.0381956), 85: (36.249164, -95.333829), 86: (33.6699802, -96.6120405), 87: (38.971499, -92.294316), 88: (32.029056, -93.713243), 89: (33.8722233, -118.2654222), 90: (35.263617, -112.194139), 91: (37.199194, -93.402643), 92: (33.73573, -97.14484), 93: (32.881785, -111.777561), 94: (37.161682, -113.434692), 95: (30.35815, -99.606129), 96: (34.773291, -96.697633), 97: (34.12755, -118.443664), 98: (31.34545, -92.51807), 99: (38.945105, -104.724068), 100: (30.0774, -99.10731)}
x_load_0: {((67, 13, 1, 1), (67, 100, 1, 3), 0): 1.0, ((39, 28, 1, 1), (39, 73, 1, 2), 0): 1.0, ((74, 6, 1, 0), (74, 6, 119, 0), 0): 1.0, ((13, 29, 0, 1), (82, 15, 1, 1), 0): 1.0, ((82, 15, 1, 1), (82, 80, 1, 3), 0): 1.0, ((82, 80, 1, 3), (31, 15, 1, 1), 0): 1.0, ((31, 15, 1, 1), (31, 100, 1, 3), 0): 1.0, ((31, 100, 1, 3), (67, 13, 1, 1), 0): 1.0, ((39, 73, 1, 2), (74, 6, 1, 0), 0): 1.0, ((67, 100, 1, 3), (39, 28, 1, 1), 0): 1.0}
x_ener_0: {((5, 2, 1, 0), (5, 2, 51, 0), 0): 1.0, ((67, 13, 1, 1), (67, 13, 51, 1), 0): 1.0, ((39, 28, 1, 1), (5, 2, 1, 0), 0): 1.0, ((3, 78, 51, 2), (67, 59, 51, 2), 0): 1.0, ((5, 2, 51, 0), (5, 2, 119, 0), 0): 1.0, ((67, 13, 51, 1), (67, 13, 101, 1), 0): 1.0, ((67, 59, 51, 2), (67, 59, 101, 2), 0): 1.0, ((67, 13, 101, 1), (67, 13, 119, 1), 0): 1.0, ((67, 59, 101, 2), (70, 7, 101, 0), 0): 1.0, ((5, 100, 1, 3), (5, 100, 51, 3), 0): 1.0, ((74, 6, 1, 0), (74, 6, 51, 0), 0): 1.0, ((5, 100, 0, 3), (84, 100, 1, 3), 0): 1.0, ((39, 100, 1, 3), (68, 100, 1, 3), 0): 1.0, ((68, 100, 1, 3), (39, 73, 1, 2), 0): 1.0, ((84, 100, 1, 3), (5, 100, 1, 3), 0): 1.0, ((5, 100, 51, 3), (84, 100, 51, 3), 0): 1.0, ((74, 6, 51, 0), (74, 6, 119, 0), 0): 1.0, ((84, 100, 51, 3), (3, 78, 51, 2), 0): 1.0, ((13, 4, 1, 0), (13, 4, 119, 0), 0): 1.0, ((13, 29, 0, 1), (82, 15, 1, 1), 0): 1.0, ((45, 4, 1, 0), (13, 4, 1, 0), 1): 1.0, ((82, 15, 1, 1), (45, 4, 1, 0), 0): 1.0, ((82, 80, 1, 3), (31, 15, 1, 1), 0): 1.0, ((31, 15, 1, 1), (31, 15, 51, 1), 0): 1.0, ((31, 15, 51, 1), (31, 15, 119, 1), 0): 1.0, ((31, 100, 1, 3), (67, 13, 1, 1), 0): 1.0, ((31, 100, 0, 3), (31, 100, 1, 3), 0): 1.0, ((39, 73, 1, 2), (74, 6, 1, 0), 0): 1.0, ((39, 100, 0, 3), (39, 100, 1, 3), 0): 1.0, ((70, 7, 101, 0), (70, 7, 119, 0), 0): 1.0, ((67, 100, 1, 3), (39, 28, 1, 1), 0): 1.0, ((67, 100, 0, 3), (67, 100, 1, 3), 0): 1.0, ((82, 80, 0, 3), (82, 80, 1, 3), 0): 1.0}
(((13, np.int64(29), np.int64(0), 1), (82, 15, 1, 1), 0), ((82, 15, 1, 1), (82, 80, 1, 3), 0), ((82, 80, 1, 3), (31, 15, 1, 1), 0), ((31, 15, 1, 1), (31, 100, 1, 3), 0), ((31, 100, 1, 3), (67, 13, 1, 1), 0), ((67, 13, 1, 1), (67, 100, 1, 3), 0), ((67, 100, 1, 3), (39, 28, 1, 1), 0), ((39, 28, 1, 1), (39, 73, 1, 2), 0), ((39, 73, 1, 2), (74, 6, 1, 0), 0), ((74, 6, 1, 0), (74, 6, 119, 0), 0))
New edge added:  ((13, np.int64(29), np.int64(0), 1), (82, np.int64(13), np.int64(2), 1), 0)  Edge removed:  ((13, np.int64(29), np.int64(0), 1), (82, 15, 1, 1), 0)
x_load_1: {((50, 7, 1, 0), (50, 100, 1, 3), 0): 1.0, ((92, 64, 1, 2), (92, 100, 1, 3), 0): 1.0, ((13, 7, 1, 0), (13, 7, 119, 0), 0): 1.0, ((92, 100, 1, 3), (50, 7, 1, 0), 0): 1.0, ((21, 10, 1, 1), (21, 100, 1, 3), 0): 1.0, ((21, 100, 1, 3), (40, 30, 1, 1), 0): 1.0, ((40, 30, 1, 1), (40, 80, 1, 3), 0): 1.0, ((40, 80, 1, 3), (58, 6, 1, 0), 0): 1.0, ((43, 80, 1, 3), (13, 7, 1, 0), 0): 1.0, ((36, 27, 1, 1), (36, 100, 1, 3), 0): 1.0, ((36, 100, 1, 3), (21, 10, 1, 1), 0): 1.0, ((49, 100, 1, 3), (92, 64, 1, 2), 0): 1.0, ((58, 6, 1, 0), (58, 100, 1, 3), 0): 1.0, ((43, 4, 1, 0), (43, 80, 1, 3), 0): 1.0, ((49, 100, 0, 3), (49, 100, 1, 3), 0): 1.0, ((50, 100, 1, 3), (36, 27, 1, 1), 0): 1.0, ((58, 100, 1, 3), (43, 4, 1, 0), 0): 1.0}
x_ener_1: {((96, 40, 1, 2), (96, 40, 51, 2), 0): 1.0, ((96, 40, 51, 2), (92, 0, 51, 0), 0): 1.0, ((50, 7, 1, 0), (50, 7, 119, 0), 0): 1.0, ((92, 64, 1, 2), (18, 55, 1, 2), 0): 1.0, ((37, 8, 1, 0), (37, 8, 119, 0), 0): 1.0, ((13, 7, 1, 0), (13, 7, 51, 0), 0): 1.0, ((13, 7, 51, 0), (13, 7, 101, 0), 0): 1.0, ((13, 7, 101, 0), (13, 7, 119, 0), 0): 1.0, ((18, 55, 1, 2), (96, 40, 1, 2), 0): 1.0, ((92, 100, 1, 3), (50, 7, 1, 0), 0): 1.0, ((92, 0, 51, 0), (92, 0, 119, 0), 0): 1.0, ((21, 10, 1, 1), (21, 10, 51, 1), 0): 1.0, ((21, 100, 1, 3), (40, 30, 1, 1), 0): 1.0, ((21, 100, 0, 3), (21, 100, 1, 3), 0): 1.0, ((40, 30, 1, 1), (25, 0, 1, 0), 0): 1.0, ((21, 10, 51, 1), (21, 10, 119, 1), 0): 1.0, ((25, 100, 0, 3), (40, 80, 1, 3), 0): 1.0, ((40, 80, 1, 3), (58, 6, 1, 0), 0): 1.0, ((25, 0, 1, 0), (25, 0, 51, 0), 0): 1.0, ((25, 0, 51, 0), (25, 0, 119, 0), 0): 1.0, ((76, 100, 1, 3), (50, 100, 1, 3), 0): 1.0, ((43, 80, 1, 3), (13, 7, 1, 0), 0): 1.0, ((36, 27, 1, 1), (37, 8, 1, 0), 0): 1.0, ((36, 100, 1, 3), (21, 10, 1, 1), 0): 1.0, ((36, 100, 0, 3), (37, 100, 1, 3), 0): 1.0, ((37, 100, 1, 3), (36, 100, 1, 3), 0): 1.0, ((49, 100, 1, 3), (92, 64, 1, 2), 0): 1.0, ((58, 6, 1, 0), (58, 6, 119, 0), 0): 1.0, ((43, 4, 1, 0), (43, 4, 119, 0), 0): 1.0, ((49, 100, 0, 3), (49, 100, 1, 3), 0): 1.0, ((50, 100, 1, 3), (36, 27, 1, 1), 0): 1.0, ((58, 100, 1, 3), (43, 4, 1, 0), 0): 1.0, ((58, 100, 0, 3), (58, 100, 1, 3), 0): 1.0, ((76, 100, 0, 3), (76, 100, 1, 3), 0): 1.0, ((90, 100, 1, 3), (43, 80, 1, 3), 0): 1.0, ((90, 100, 0, 3), (90, 100, 1, 3), 0): 1.0, ((92, 100, 0, 3), (92, 100, 1, 3), 0): 1.0}
(((49, np.int64(100), np.int64(0), 3), (49, 100, 1, 3), 0), ((49, 100, 1, 3), (92, 64, 1, 2), 0), ((92, 64, 1, 2), (92, 100, 1, 3), 0), ((92, 100, 1, 3), (50, 7, 1, 0), 0), ((50, 7, 1, 0), (50, 100, 1, 3), 0), ((50, 100, 1, 3), (36, 27, 1, 1), 0), ((36, 27, 1, 1), (36, 100, 1, 3), 0), ((36, 100, 1, 3), (21, 10, 1, 1), 0), ((21, 10, 1, 1), (21, 100, 1, 3), 0), ((21, 100, 1, 3), (40, 30, 1, 1), 0), ((40, 30, 1, 1), (40, 80, 1, 3), 0), ((40, 80, 1, 3), (58, 6, 1, 0), 0), ((58, 6, 1, 0), (58, 100, 1, 3), 0), ((58, 100, 1, 3), (43, 4, 1, 0), 0), ((43, 4, 1, 0), (43, 80, 1, 3), 0), ((43, 80, 1, 3), (13, 7, 1, 0), 0), ((13, 7, 1, 0), (13, 7, 119, 0), 0))
New edge added:  ((49, np.int64(100), np.int64(1), 3), (92, np.int64(64), np.int64(6), 2), 0)  Edge removed:  ((49, 100, 1, 3), (92, 64, 1, 2), 0)
x_load_2: {((39, 14, 1, 1), (39, 100, 1, 3), 0): 1.0, ((56, 34, 1, 1), (57, 1, 1, 0), 0): 1.0, ((28, 52, 1, 2), (56, 34, 1, 1), 0): 1.0, ((72, 2, 1, 0), (72, 100, 1, 3), 0): 3.0, ((76, 15, 1, 1), (76, 39, 1, 1), 0): 3.0, ((76, 15, 1, 1), (76, 100, 1, 3), 0): 2.0, ((76, 39, 1, 1), (72, 2, 1, 0), 0): 3.0, ((49, 0, 1, 0), (49, 0, 119, 0), 0): 2.0, ((72, 63, 1, 2), (72, 80, 1, 3), 0): 2.0, ((49, 20, 1, 1), (49, 20, 119, 1), 0): 3.0, ((72, 100, 1, 3), (49, 20, 1, 1), 0): 3.0, ((57, 1, 1, 0), (57, 67, 1, 2), 0): 1.0, ((30, 65, 1, 2), (30, 95, 1, 3), 0): 2.0, ((30, 80, 1, 3), (30, 95, 1, 3), 0): 1.0, ((57, 67, 1, 2), (31, 10, 1, 1), 0): 1.0, ((74, 33, 1, 1), (74, 33, 119, 1), 0): 1.0, ((39, 100, 1, 3), (74, 33, 1, 1), 0): 1.0, ((30, 95, 1, 3), (31, 10, 1, 1), 0): 3.0, ((13, 84, 0, 3), (93, 71, 1, 2), 0): 1.0, ((31, 10, 1, 1), (31, 100, 1, 3), 0): 4.0, ((43, 16, 1, 1), (43, 100, 1, 3), 0): 1.0, ((93, 71, 1, 2), (93, 100, 1, 3), 0): 1.0, ((43, 54, 1, 2), (43, 100, 1, 3), 0): 3.0, ((90, 54, 1, 2), (43, 10, 1, 1), 0): 1.0, ((93, 100, 1, 3), (43, 16, 1, 1), 0): 1.0, ((21, 9, 1, 0), (21, 100, 1, 3), 0): 5.0, ((21, 100, 1, 3), (36, 10, 1, 1), 0): 5.0, ((36, 10, 1, 1), (36, 100, 1, 3), 0): 5.0, ((40, 26, 1, 1), (40, 77, 1, 2), 0): 5.0, ((76, 100, 1, 3), (72, 63, 1, 2), 0): 2.0, ((28, 29, 0, 1), (28, 52, 1, 2), 0): 1.0, ((28, 90, 0, 3), (30, 65, 1, 2), 0): 2.0, ((28, 96, 0, 3), (39, 14, 1, 1), 0): 1.0, ((28, 100, 0, 3), (56, 81, 1, 3), 0): 1.0, ((56, 81, 1, 3), (30, 80, 1, 3), 0): 1.0, ((43, 10, 1, 1), (43, 100, 1, 3), 0): 1.0, ((31, 100, 1, 3), (90, 6, 1, 0), 0): 4.0, ((90, 6, 1, 0), (90, 54, 1, 2), 0): 1.0, ((90, 6, 1, 0), (90, 100, 1, 3), 0): 3.0, ((40, 77, 1, 2), (21, 9, 1, 0), 0): 5.0, ((36, 100, 1, 3), (76, 15, 1, 1), 0): 5.0, ((58, 4, 1, 0), (58, 100, 1, 3), 0): 5.0, ((43, 100, 1, 3), (58, 4, 1, 0), 0): 5.0, ((58, 100, 1, 3), (40, 26, 1, 1), 0): 5.0, ((72, 80, 1, 3), (49, 0, 1, 0), 0): 2.0, ((90, 100, 1, 3), (43, 54, 1, 2), 0): 3.0}
x_ener_2: {((23, 6, 1, 0), (23, 6, 51, 0), 0): 1.0, ((39, 14, 1, 1), (39, 14, 51, 1), 0): 1.0, ((56, 34, 1, 1), (57, 1, 1, 0), 0): 2.0, ((28, 52, 1, 2), (56, 34, 1, 1), 0): 2.0, ((23, 6, 51, 0), (23, 6, 119, 0), 0): 1.0, ((39, 14, 51, 1), (39, 14, 101, 1), 0): 1.0, ((39, 14, 101, 1), (39, 14, 119, 1), 0): 1.0, ((2, 100, 1, 3), (72, 100, 1, 3), 0): 3.0, ((72, 2, 1, 0), (72, 2, 119, 0), 0): 3.0, ((76, 15, 1, 1), (76, 15, 51, 1), 0): 5.0, ((76, 39, 1, 1), (72, 2, 1, 0), 0): 3.0, ((49, 0, 1, 0), (49, 0, 119, 0), 0): 2.0, ((72, 63, 1, 2), (76, 39, 1, 1), 0): 3.0, ((49, 20, 1, 1), (49, 20, 119, 1), 0): 3.0, ((72, 100, 1, 3), (49, 20, 1, 1), 0): 3.0, ((76, 15, 51, 1), (76, 15, 119, 1), 0): 5.0, ((57, 1, 1, 0), (57, 1, 51, 0), 0): 2.0, ((11, 50, 1, 2), (11, 54, 1, 2), 0): 2.0, ((30, 65, 1, 2), (56, 64, 1, 2), 0): 2.0, ((30, 80, 1, 3), (56, 79, 1, 2), 0): 1.0, ((56, 79, 1, 2), (30, 74, 1, 2), 0): 1.0, ((57, 67, 1, 2), (31, 10, 1, 1), 0): 1.0, ((57, 1, 51, 0), (57, 1, 119, 0), 0): 2.0, ((74, 33, 1, 1), (23, 6, 1, 0), 0): 1.0, ((11, 54, 1, 2), (28, 52, 1, 2), 0): 2.0, ((39, 100, 1, 3), (74, 33, 1, 1), 0): 1.0, ((68, 100, 1, 3), (39, 100, 1, 3), 0): 1.0, ((11, 97, 1, 3), (56, 95, 1, 3), 0): 1.0, ((56, 64, 1, 2), (11, 50, 1, 2), 0): 2.0, ((56, 95, 1, 3), (30, 95, 1, 3), 1): 1.0, ((30, 74, 1, 2), (57, 67, 1, 2), 0): 1.0, ((30, 95, 1, 3), (31, 10, 1, 1), 0): 3.0, ((13, 20, 1, 1), (93, 4, 1, 0), 0): 1.0, ((13, 40, 1, 2), (93, 24, 1, 1), 0): 1.0, ((13, 100, 1, 3), (93, 100, 1, 3), 0): 1.0, ((13, 84, 0, 3), (93, 71, 1, 2), 0): 1.0, ((93, 4, 1, 0), (93, 4, 51, 0), 0): 1.0, ((93, 24, 1, 1), (13, 20, 1, 1), 0): 1.0, ((31, 10, 1, 1), (31, 10, 119, 1), 0): 4.0, ((43, 16, 1, 1), (43, 16, 51, 1), 0): 1.0, ((82, 49, 1, 2), (13, 40, 1, 2), 0): 1.0, ((93, 71, 1, 2), (82, 49, 1, 2), 0): 1.0, ((43, 54, 1, 2), (82, 3, 1, 0), 0): 1.0, ((43, 54, 1, 2), (43, 54, 119, 2), 0): 2.0, ((90, 54, 1, 2), (43, 10, 1, 1), 0): 1.0, ((93, 100, 1, 3), (43, 16, 1, 1), 0): 1.0, ((93, 4, 51, 0), (93, 4, 119, 0), 0): 1.0, ((43, 16, 51, 1), (43, 16, 119, 1), 0): 1.0, ((21, 9, 1, 0), (21, 9, 51, 0), 0): 5.0, ((21, 100, 1, 3), (36, 10, 1, 1), 0): 5.0, ((21, 100, 0, 3), (21, 100, 1, 3), 0): 5.0, ((34, 9, 1, 0), (34, 9, 119, 0), 0): 5.0, ((36, 10, 1, 1), (36, 10, 119, 1), 0): 5.0, ((21, 9, 51, 0), (21, 9, 101, 0), 0): 5.0, ((21, 9, 101, 0), (21, 9, 119, 0), 0): 5.0, ((23, 100, 1, 3), (68, 100, 1, 3), 0): 1.0, ((23, 100, 0, 3), (23, 100, 1, 3), 0): 1.0, ((40, 26, 1, 1), (34, 9, 1, 0), 0): 5.0, ((76, 100, 1, 3), (72, 63, 1, 2), 0): 3.0, ((28, 100, 1, 3), (89, 100, 1, 3), 0): 1.0, ((28, 90, 0, 3), (30, 65, 1, 2), 0): 2.0, ((28, 96, 0, 3), (39, 14, 1, 1), 0): 1.0, ((28, 100, 0, 3), (56, 81, 1, 3), 0): 1.0, ((28, 100, 0, 3), (28, 100, 1, 3), 0): 1.0, ((56, 81, 1, 3), (30, 80, 1, 3), 0): 1.0, ((89, 100, 1, 3), (11, 97, 1, 3), 0): 1.0, ((82, 3, 1, 0), (82, 3, 51, 0), 0): 1.0, ((43, 10, 1, 1), (43, 10, 51, 1), 0): 1.0, ((82, 3, 51, 0), (82, 3, 119, 0), 0): 1.0, ((43, 10, 51, 1), (43, 10, 101, 1), 0): 1.0, ((43, 10, 101, 1), (43, 10, 119, 1), 0): 1.0, ((31, 100, 1, 3), (90, 6, 1, 0), 0): 4.0, ((31, 100, 0, 3), (31, 100, 1, 3), 0): 4.0, ((90, 6, 1, 0), (90, 6, 119, 0), 0): 4.0, ((34, 100, 0, 3), (40, 77, 1, 2), 0): 5.0, ((40, 77, 1, 2), (21, 9, 1, 0), 0): 5.0, ((36, 100, 1, 3), (76, 15, 1, 1), 0): 5.0, ((36, 100, 0, 3), (37, 100, 1, 3), 0): 4.0, ((37, 100, 1, 3), (36, 100, 1, 3), 0): 4.0, ((37, 100, 0, 3), (36, 100, 1, 3), 0): 1.0, ((58, 4, 1, 0), (58, 4, 51, 0), 0): 5.0, ((58, 4, 51, 0), (58, 4, 101, 0), 0): 5.0, ((58, 4, 101, 0), (58, 4, 119, 0), 0): 5.0, ((43, 100, 1, 3), (58, 4, 1, 0), 0): 5.0, ((43, 100, 0, 3), (43, 100, 1, 3), 0): 5.0, ((50, 100, 0, 3), (76, 100, 1, 3), 0): 1.0, ((57, 100, 0, 3), (30, 95, 1, 3), 0): 2.0, ((58, 100, 1, 3), (40, 26, 1, 1), 0): 5.0, ((58, 100, 0, 3), (58, 100, 1, 3), 0): 5.0, ((70, 100, 0, 3), (83, 100, 1, 3), 0): 1.0, ((83, 100, 1, 3), (90, 54, 1, 2), 0): 1.0, ((72, 80, 1, 3), (49, 0, 1, 0), 0): 2.0, ((72, 100, 0, 3), (2, 100, 1, 3), 0): 3.0, ((76, 100, 0, 3), (72, 80, 1, 3), 0): 2.0, ((76, 100, 0, 3), (76, 100, 1, 3), 0): 2.0, ((90, 100, 1, 3), (43, 54, 1, 2), 0): 3.0, ((90, 100, 0, 3), (90, 100, 1, 3), 0): 3.0, ((93, 100, 0, 3), (13, 100, 1, 3), 0): 1.0}
(((13, np.int64(84), np.int64(0), 3), (93, 71, 1, 2), 0), ((93, 71, 1, 2), (93, 100, 1, 3), 0), ((93, 100, 1, 3), (43, 16, 1, 1), 0), ((43, 16, 1, 1), (43, 100, 1, 3), 0), ((43, 100, 1, 3), (58, 4, 1, 0), 0), ((58, 4, 1, 0), (58, 100, 1, 3), 0), ((58, 100, 1, 3), (40, 26, 1, 1), 0), ((40, 26, 1, 1), (40, 77, 1, 2), 0), ((40, 77, 1, 2), (21, 9, 1, 0), 0), ((21, 9, 1, 0), (21, 100, 1, 3), 0), ((21, 100, 1, 3), (36, 10, 1, 1), 0), ((36, 10, 1, 1), (36, 100, 1, 3), 0), ((36, 100, 1, 3), (76, 15, 1, 1), 0), ((76, 15, 1, 1), (76, 100, 1, 3), 0), ((76, 100, 1, 3), (72, 63, 1, 2), 0), ((72, 63, 1, 2), (72, 80, 1, 3), 0), ((72, 80, 1, 3), (49, 0, 1, 0), 0), ((49, 0, 1, 0), (49, 0, 119, 0), 0))
New edge added:  ((13, np.int64(84), np.int64(0), 3), (93, np.int64(68), np.int64(2), 2), 0)  Edge removed:  ((13, np.int64(84), np.int64(0), 3), (93, 71, 1, 2), 0)
Solution cannot be extended to a feasible solution, updating network...
a[ 11 ] =  1.0
n[ 5 ] =  1.0
n[ 13 ] =  1.0
n[ 21 ] =  6.0
n[ 23 ] =  1.0
n[ 25 ] =  1.0
n[ 31 ] =  5.0
n[ 34 ] =  5.0
n[ 36 ] =  5.0
n[ 37 ] =  1.0
n[ 39 ] =  1.0
n[ 43 ] =  5.0
n[ 50 ] =  1.0
n[ 57 ] =  2.0
n[ 58 ] =  6.0
n[ 67 ] =  1.0
n[ 70 ] =  1.0
n[ 72 ] =  3.0
n[ 76 ] =  5.0
n[ 82 ] =  1.0
n[ 90 ] =  4.0
n[ 92 ] =  1.0
n[ 93 ] =  1.0
'''''''''''''''''
Gurobi Optimizer version 13.0.1 build v13.0.1rc0 (linux64 - "Debian GNU/Linux 12 (bookworm)")

CPU model: Intel(R) Xeon(R) CPU @ 2.20GHz, instruction set [SSE2|AVX|AVX2]
Thread count: 1 physical cores, 2 logical processors, using up to 2 threads

Non-default parameters:
MIPGap  0.05

Academic license 937859 - for non-commercial use only - registered to hp___@cornell.edu
Optimize a model with 720007 rows, 1476736 columns and 3910760 nonzeros (Min)
Model fingerprint: 0xbdde9934
Model has 1064776 linear objective coefficients
Variable types: 0 continuous, 1476736 integer (0 binary)
Coefficient statistics:
  Matrix range     [1e+00, 3e+05]
  Objective range  [6e-01, 8e+02]
  Bounds range     [0e+00, 0e+00]
  RHS range        [1e+00, 5e+00]

MIP start from previous solve did not produce a new incumbent solution
MIP start from previous solve violates constraint flow_bal_load[(92,_np.int64(64),_np.int64(1),_2),1] by 1.000000000
Processed MIP start in 1.37 seconds (0.37 work units)

Presolve removed 583343 rows and 802408 columns (presolve time = 5s)...
Presolve removed 587008 rows and 816926 columns
Presolve time: 8.45s
Presolved: 132999 rows, 659810 columns, 1527300 nonzeros
Variable types: 0 continuous, 659810 integer (2138 binary)
Performing another presolve...
Presolve removed 185 rows and 11861 columns (presolve time = 5s)...
Presolve removed 211 rows and 11890 columns
Presolve time: 7.57s

Root simplex log...

Iteration    Objective       Primal Inf.    Dual Inf.      Time
       0      handle free variables                         25s
    9738    9.9907261e+02   1.630019e+02   0.000000e+00     30s
   15132    1.6728414e+03   3.445746e+02   0.000000e+00     35s
   18562    1.7735971e+03   6.650000e+01   0.000000e+00     40s
   21122    1.8214430e+03   9.650000e+01   0.000000e+00     45s
   22972    1.8551093e+03   9.164712e+01   0.000000e+00     50s
   25092    1.8716696e+03   1.096293e+02   0.000000e+00     55s
   27272    1.9300957e+03   2.120000e+02   0.000000e+00     60s
   28832    1.9361016e+03   3.022478e+02   0.000000e+00     65s
   30372    1.9900937e+03   1.481667e+02   0.000000e+00     70s
   31952    2.0116844e+03   1.716080e+02   0.000000e+00     75s
   33672    2.1069145e+03   9.820876e+01   0.000000e+00     80s
   35272    2.2178592e+03   1.577748e+02   0.000000e+00     85s
   36482    2.2627766e+03   1.200630e+02   0.000000e+00     90s
   37782    2.2873916e+03   5.933333e+01   0.000000e+00     96s
   38912    2.3060083e+03   6.527966e+01   0.000000e+00    101s
   39892    2.3151727e+03   7.488333e+01   0.000000e+00    105s
   40992    2.3190055e+03   1.612186e+02   0.000000e+00    111s
   42042    2.3428987e+03   2.693352e+02   0.000000e+00    116s
   42902    2.3626275e+03   1.279605e+03   0.000000e+00    121s
   43712    2.3732502e+03   1.706524e+02   0.000000e+00    126s
   44432    2.3785337e+03   1.349034e+02   0.000000e+00    130s
   45292    2.3896963e+03   4.255023e+02   0.000000e+00    136s
   46142    2.4009816e+03   1.832719e+02   0.000000e+00    141s
   46872    2.4175907e+03   9.440179e+01   0.000000e+00    145s
   47742    2.4694778e+03   1.599982e+02   0.000000e+00    151s
   48702    2.5264930e+03   1.571394e+02   0.000000e+00    155s
   50092    2.6063813e+03   1.045112e+02   0.000000e+00    161s
   51002    2.6681328e+03   3.246128e+02   0.000000e+00    165s
   52232    2.6946774e+03   1.487224e+03   0.000000e+00    170s
   53262    2.7078884e+03   9.161775e+02   0.000000e+00    176s
   54372    2.7358530e+03   1.292760e+02   0.000000e+00    180s
   55812    2.8393805e+03   4.030369e+02   0.000000e+00    185s
   56672    2.8519702e+03   1.504219e+02   0.000000e+00    191s
   57792    2.9229365e+03   8.062007e+01   0.000000e+00    195s
   58892    3.0048299e+03   2.745154e+02   0.000000e+00    200s
   60382    3.1673161e+03   4.121092e+02   0.000000e+00    205s
   61622    4.4493055e+03   2.535452e+02   0.000000e+00    210s
   62852    5.0051966e+03   3.381485e+02   0.000000e+00    215s
   63882    5.0546886e+03   5.958978e+02   0.000000e+00    220s
   64532    5.0608790e+03   3.697011e+02   0.000000e+00    225s
   65342    5.0856766e+03   6.523394e+02   0.000000e+00    230s
   66172    5.1069950e+03   9.507528e+02   0.000000e+00    236s
   66902    5.1422349e+03   5.392617e+02   0.000000e+00    241s
   67702    5.1651419e+03   1.725000e+02   0.000000e+00    246s
   68242    5.1696144e+03   1.228296e+02   0.000000e+00    250s
   68962    5.1731384e+03   7.701713e+01   0.000000e+00    256s
   69582    5.1837752e+03   2.594896e+02   0.000000e+00    261s
   70092    5.1924308e+03   1.134835e+02   0.000000e+00    265s
   70762    5.2047149e+03   3.047970e+02   0.000000e+00    270s
   71562    5.2187976e+03   6.231379e+01   0.000000e+00    275s
   72022    5.2234219e+03   1.059112e+02   0.000000e+00    281s
   72392    5.2272205e+03   1.560502e+02   0.000000e+00    285s
   72982    5.2301251e+03   1.312639e+02   0.000000e+00    291s
   73342    5.2315506e+03   1.202921e+02   0.000000e+00    295s
   73812    5.2327217e+03   8.361277e+01   0.000000e+00    301s
   74152    5.2337808e+03   2.516667e+01   0.000000e+00    306s
   74482    5.2352240e+03   1.450000e+01   0.000000e+00    310s
   74842    5.2364801e+03   1.600000e+01   0.000000e+00    316s
   75212    5.2376064e+03   6.666667e+00   0.000000e+00    321s
   75572    5.2383696e+03   2.819748e+01   0.000000e+00    326s
   75912    5.2390734e+03   2.452514e+01   0.000000e+00    331s
   76272    5.2403808e+03   7.171875e+00   0.000000e+00    335s
   76615    5.2405307e+03   0.000000e+00   0.000000e+00    339s
   76615    5.2405307e+03   0.000000e+00   0.000000e+00    339s

Root relaxation: objective 5.240531e+03, 76615 iterations, 315.92 seconds (140.15 work units)
Total elapsed time = 339.11s (DegenMoves)

    Nodes    |    Current Node    |     Objective Bounds      |     Work
 Expl Unexpl |  Obj  Depth IntInf | Incumbent    BestBd   Gap | It/Node Time

     0     0 5240.53066    0   80          - 5240.53066      -     -  366s
H    0     0                    5397.6595890 5240.53066  2.91%     -  370s

Explored 1 nodes (129348 simplex iterations) in 370.55 seconds (162.30 work units)
Thread count was 2 (of 2 available processors)

Solution count 1: 5397.66 

Optimal solution found (tolerance 5.00e-02)
Best objective 5.397659589041e+03, best bound 5.240530658839e+03, gap 2.9111%
Iteration:  36
Size of network:  13279  nodes,  245981  edges
Obj Value:  5397.659589041096
a: {11: 1.0}
n: {5: 1.0, 14: 1.0, 21: 6.0, 25: 5.0, 26: 5.0, 31: 6.0, 36: 6.0, 40: 1.0, 43: 6.0, 57: 2.0, 58: 6.0, 67: 1.0, 72: 3.0, 76: 1.0, 82: 1.0, 90: 5.0}
{0: (34.421443, -119.684178), 1: (36.167392, -94.119169), 2: (34.071417, -99.009382), 3: (34.689589, -118.130371), 4: (36.434113, -99.427596), 5: (35.400164, -119.399727), 6: (37.2129649, -93.37103), 7: (30.25011, -93.01142), 8: (36.751521, -96.000152), 9: (35.35468, -94.437379), 10: (38.89357, -94.36045), 11: (33.7885884, -118.2150827), 12: (32.596725, -117.019495), 13: (33.30006, -111.96835), 14: (35.392817, -97.422948), 15: (38.96627, -95.700495), 16: (30.725159, -96.425728), 17: (37.737099, -97.32375), 18: (34.188212, -97.171022), 19: (33.94423, -96.41932), 20: (30.209862, -92.002378), 21: (37.183969, -104.499646), 22: (32.267588, -107.774524), 23: (36.72136, -119.761165), 24: (30.437821, -95.498724), 25: (35.079896, -106.746225), 26: (35.840761, -98.419831), 27: (31.207465, -95.996079), 28: (33.899899, -118.207088), 29: (33.3874378, -110.7609849), 30: (34.02094, -117.385415), 31: (33.603063, -114.598023), 32: (35.189976, -101.706309), 33: (35.853211, -94.989243), 34: (35.004614, -106.032837), 35: (31.151717, -93.265081), 36: (36.706596, -101.443207), 37: (37.069631, -100.905444), 38: (32.62712, -96.74537), 39: (36.075856, -119.043996), 40: (35.65758, -105.993406), 41: (32.181782, -94.334174), 42: (30.330588, -97.701649), 43: (35.01643, -110.675005), 44: (35.25655, -96.671004), 45: (33.3021433, -111.9552863), 46: (36.535661, -97.33916), 47: (32.698465, -97.959695), 48: (33.984094, -106.887526), 49: (32.7658795, -96.8754612), 50: (35.309665, -99.631741), 51: (31.784139, -93.08731), 52: (33.0390751, -117.2841996), 53: (38.164391, -112.278183), 54: (34.4349097, -119.9212861), 55: (31.499498, -97.173412), 56: (33.9541734, -117.5556971), 57: (34.118101, -116.45646), 58: (36.71838, -108.167694), 59: (31.940555, -102.169802), 60: (36.081743, -96.054325), 61: (32.469998, -93.672804), 62: (34.4425082, -119.7812613), 63: (37.648431, -98.094183), 64: (32.448848, -100.439583), 65: (32.627591, -97.314361), 66: (38.54421, -106.92517), 67: (34.886448, -117.079423), 68: (35.9874334, -119.961999), 69: (32.794671, -115.539473), 70: (36.220567, -115.125553), 71: (35.106478, -92.43572), 72: (34.584172, -98.396813), 73: (33.39639, -110.76888), 74: (37.8135094, -119.8800771), 75: (35.87844, -97.392471), 76: (35.490972, -98.967096), 77: (33.8310496, -116.5452277), 78: (32.354553, -95.302495), 79: (37.962455, -100.846437), 80: (32.178328, -110.960207), 81: (38.7747705, -119.9029911), 82: (33.463568, -112.459255), 83: (36.009923, -114.784826), 84: (35.3002628, -119.0381956), 85: (36.249164, -95.333829), 86: (33.6699802, -96.6120405), 87: (38.971499, -92.294316), 88: (32.029056, -93.713243), 89: (33.8722233, -118.2654222), 90: (35.263617, -112.194139), 91: (37.199194, -93.402643), 92: (33.73573, -97.14484), 93: (32.881785, -111.777561), 94: (37.161682, -113.434692), 95: (30.35815, -99.606129), 96: (34.773291, -96.697633), 97: (34.12755, -118.443664), 98: (31.34545, -92.51807), 99: (38.945105, -104.724068), 100: (30.0774, -99.10731)}
x_load_0: {((67, 13, 1, 1), (67, 100, 1, 3), 0): 1.0, ((39, 28, 1, 1), (39, 73, 1, 2), 0): 1.0, ((74, 6, 1, 0), (74, 6, 119, 0), 0): 1.0, ((31, 35, 1, 1), (31, 100, 1, 3), 0): 1.0, ((13, 80, 1, 3), (82, 64, 1, 2), 0): 1.0, ((13, 49, 0, 2), (13, 80, 1, 3), 0): 1.0, ((82, 64, 1, 2), (82, 100, 1, 3), 0): 1.0, ((82, 100, 1, 3), (31, 35, 1, 1), 0): 1.0, ((31, 100, 1, 3), (67, 13, 1, 1), 0): 1.0, ((39, 73, 1, 2), (74, 6, 1, 0), 0): 1.0, ((67, 100, 1, 3), (39, 28, 1, 1), 0): 1.0}
x_ener_0: {((5, 2, 1, 0), (5, 2, 51, 0), 0): 1.0, ((67, 13, 1, 1), (67, 13, 51, 1), 0): 1.0, ((39, 28, 1, 1), (5, 2, 1, 0), 0): 1.0, ((5, 2, 51, 0), (5, 2, 101, 0), 0): 1.0, ((67, 13, 51, 1), (67, 13, 101, 1), 0): 1.0, ((5, 2, 101, 0), (5, 2, 119, 0), 0): 1.0, ((67, 13, 101, 1), (67, 13, 119, 1), 0): 1.0, ((5, 100, 1, 3), (68, 100, 1, 3), 0): 1.0, ((74, 6, 1, 0), (74, 6, 51, 0), 0): 1.0, ((5, 100, 0, 3), (84, 100, 1, 3), 0): 1.0, ((68, 100, 1, 3), (39, 73, 1, 2), 0): 1.0, ((84, 100, 1, 3), (5, 100, 1, 3), 0): 1.0, ((74, 6, 51, 0), (74, 6, 101, 0), 0): 1.0, ((74, 6, 101, 0), (74, 6, 119, 0), 0): 1.0, ((31, 35, 1, 1), (31, 35, 119, 1), 0): 1.0, ((13, 64, 1, 2), (45, 64, 1, 2), 1): 1.0, ((13, 80, 1, 3), (82, 64, 1, 2), 0): 1.0, ((45, 40, 1, 2), (82, 24, 1, 1), 0): 1.0, ((82, 24, 1, 1), (82, 24, 119, 1), 0): 1.0, ((45, 64, 1, 2), (82, 49, 1, 2), 0): 1.0, ((82, 49, 1, 2), (45, 40, 1, 2), 0): 1.0, ((82, 64, 1, 2), (13, 64, 1, 2), 0): 1.0, ((13, 100, 0, 3), (45, 100, 1, 3), 0): 1.0, ((45, 100, 1, 3), (82, 100, 1, 3), 0): 1.0, ((82, 84, 1, 3), (13, 80, 1, 3), 0): 1.0, ((82, 100, 1, 3), (31, 35, 1, 1), 0): 1.0, ((31, 100, 1, 3), (67, 13, 1, 1), 0): 1.0, ((31, 100, 0, 3), (31, 100, 1, 3), 0): 1.0, ((39, 73, 1, 2), (74, 6, 1, 0), 0): 1.0, ((67, 100, 1, 3), (39, 28, 1, 1), 0): 1.0, ((67, 100, 0, 3), (67, 100, 1, 3), 0): 1.0, ((82, 84, 0, 3), (82, 84, 1, 3), 0): 1.0}
(((13, np.int64(49), np.int64(0), 2), (13, 80, 1, 3), 0), ((13, 80, 1, 3), (82, 64, 1, 2), 0), ((82, 64, 1, 2), (82, 100, 1, 3), 0), ((82, 100, 1, 3), (31, 35, 1, 1), 0), ((31, 35, 1, 1), (31, 100, 1, 3), 0), ((31, 100, 1, 3), (67, 13, 1, 1), 0), ((67, 13, 1, 1), (67, 100, 1, 3), 0), ((67, 100, 1, 3), (39, 28, 1, 1), 0), ((39, 28, 1, 1), (39, 73, 1, 2), 0), ((39, 73, 1, 2), (74, 6, 1, 0), 0), ((74, 6, 1, 0), (74, 6, 119, 0), 0))
New edge added:  ((13, np.int64(80), np.int64(1), 3), (82, np.int64(64), np.int64(3), 2), 0)  Edge removed:  ((13, 80, 1, 3), (82, 64, 1, 2), 0)
x_load_1: {((14, 4, 1, 0), (14, 100, 1, 3), 0): 1.0, ((36, 6, 1, 0), (36, 100, 1, 3), 0): 1.0, ((13, 27, 1, 1), (13, 27, 119, 1), 0): 1.0, ((14, 100, 1, 3), (26, 67, 1, 2), 0): 1.0, ((26, 67, 1, 2), (26, 100, 1, 3), 0): 1.0, ((21, 10, 1, 1), (21, 80, 1, 3), 0): 1.0, ((21, 80, 1, 3), (40, 10, 1, 1), 0): 1.0, ((40, 10, 1, 1), (40, 100, 1, 3), 0): 1.0, ((26, 100, 1, 3), (36, 6, 1, 0), 0): 1.0, ((40, 100, 1, 3), (58, 26, 1, 1), 0): 1.0, ((36, 100, 1, 3), (21, 10, 1, 1), 0): 1.0, ((58, 26, 1, 1), (58, 100, 1, 3), 0): 1.0, ((43, 4, 1, 0), (43, 100, 1, 3), 0): 1.0, ((43, 100, 1, 3), (13, 27, 1, 1), 0): 1.0, ((49, 100, 0, 3), (14, 4, 1, 0), 0): 1.0, ((58, 100, 1, 3), (43, 4, 1, 0), 0): 1.0}
x_ener_1: {((14, 4, 1, 0), (14, 4, 119, 0), 0): 1.0, ((72, 37, 1, 1), (76, 0, 1, 0), 0): 1.0, ((36, 6, 1, 0), (36, 6, 51, 0), 0): 1.0, ((36, 6, 51, 0), (36, 6, 119, 0), 0): 1.0, ((13, 27, 1, 1), (13, 27, 119, 1), 0): 1.0, ((14, 100, 1, 3), (26, 67, 1, 2), 0): 1.0, ((76, 0, 1, 0), (76, 0, 119, 0), 0): 1.0, ((14, 100, 0, 3), (44, 100, 1, 3), 0): 1.0, ((26, 67, 1, 2), (72, 37, 1, 1), 0): 1.0, ((44, 100, 1, 3), (14, 100, 1, 3), 0): 1.0, ((21, 10, 1, 1), (21, 10, 51, 1), 0): 1.0, ((21, 80, 1, 3), (40, 10, 1, 1), 0): 1.0, ((21, 80, 0, 3), (21, 80, 1, 3), 0): 1.0, ((40, 10, 1, 1), (40, 10, 51, 1), 0): 1.0, ((21, 10, 51, 1), (21, 10, 119, 1), 0): 1.0, ((40, 10, 51, 1), (40, 10, 101, 1), 0): 1.0, ((40, 10, 101, 1), (40, 10, 119, 1), 0): 1.0, ((26, 100, 1, 3), (36, 6, 1, 0), 0): 1.0, ((40, 100, 1, 3), (58, 26, 1, 1), 0): 1.0, ((36, 100, 1, 3), (21, 10, 1, 1), 0): 1.0, ((36, 100, 0, 3), (36, 100, 1, 3), 0): 1.0, ((58, 26, 1, 1), (58, 26, 51, 1), 0): 1.0, ((40, 100, 0, 3), (40, 100, 1, 3), 0): 1.0, ((58, 26, 51, 1), (58, 26, 101, 1), 0): 1.0, ((58, 26, 101, 1), (58, 26, 119, 1), 0): 1.0, ((43, 4, 1, 0), (43, 4, 51, 0), 0): 1.0, ((43, 100, 1, 3), (13, 27, 1, 1), 0): 1.0, ((43, 100, 0, 3), (43, 100, 1, 3), 0): 1.0, ((43, 4, 51, 0), (43, 4, 101, 0), 0): 1.0, ((43, 4, 101, 0), (43, 4, 119, 0), 0): 1.0, ((49, 100, 0, 3), (14, 4, 1, 0), 0): 1.0, ((58, 100, 1, 3), (43, 4, 1, 0), 0): 1.0, ((58, 100, 0, 3), (58, 100, 1, 3), 0): 1.0, ((76, 100, 0, 3), (26, 100, 1, 3), 0): 1.0}
(((49, np.int64(100), np.int64(0), 3), (14, 4, 1, 0), 0), ((14, 4, 1, 0), (14, 100, 1, 3), 0), ((14, 100, 1, 3), (26, 67, 1, 2), 0), ((26, 67, 1, 2), (26, 100, 1, 3), 0), ((26, 100, 1, 3), (36, 6, 1, 0), 0), ((36, 6, 1, 0), (36, 100, 1, 3), 0), ((36, 100, 1, 3), (21, 10, 1, 1), 0), ((21, 10, 1, 1), (21, 80, 1, 3), 0), ((21, 80, 1, 3), (40, 10, 1, 1), 0), ((40, 10, 1, 1), (40, 100, 1, 3), 0), ((40, 100, 1, 3), (58, 26, 1, 1), 0), ((58, 26, 1, 1), (58, 100, 1, 3), 0), ((58, 100, 1, 3), (43, 4, 1, 0), 0), ((43, 4, 1, 0), (43, 100, 1, 3), 0), ((43, 100, 1, 3), (13, 27, 1, 1), 0), ((13, 27, 1, 1), (13, 27, 119, 1), 0))
New edge added:  ((49, np.int64(100), np.int64(0), 3), (14, np.int64(4), np.int64(12), 0), 0)  Edge removed:  ((49, np.int64(100), np.int64(0), 3), (14, 4, 1, 0), 0)
x_load_2: {((56, 34, 1, 1), (57, 1, 1, 0), 0): 2.0, ((28, 52, 1, 2), (56, 34, 1, 1), 0): 2.0, ((72, 2, 1, 0), (72, 80, 1, 3), 0): 3.0, ((76, 15, 1, 1), (76, 39, 1, 1), 0): 3.0, ((76, 15, 1, 1), (76, 100, 1, 3), 0): 2.0, ((76, 39, 1, 1), (72, 2, 1, 0), 0): 3.0, ((49, 0, 1, 0), (49, 0, 119, 0), 0): 5.0, ((72, 63, 1, 2), (72, 80, 1, 3), 0): 2.0, ((57, 1, 1, 0), (57, 67, 1, 2), 0): 2.0, ((30, 65, 1, 2), (30, 95, 1, 3), 0): 2.0, ((30, 80, 1, 3), (30, 95, 1, 3), 0): 1.0, ((57, 67, 1, 2), (31, 10, 1, 1), 0): 2.0, ((30, 95, 1, 3), (31, 10, 1, 1), 0): 3.0, ((31, 10, 1, 1), (31, 100, 1, 3), 0): 5.0, ((43, 34, 1, 1), (43, 100, 1, 3), 0): 5.0, ((21, 100, 1, 3), (36, 10, 1, 1), 0): 5.0, ((36, 10, 1, 1), (36, 100, 1, 3), 0): 5.0, ((21, 0, 1, 0), (21, 100, 1, 3), 0): 5.0, ((40, 26, 1, 1), (40, 70, 1, 2), 0): 5.0, ((40, 70, 1, 2), (21, 0, 1, 0), 0): 5.0, ((76, 100, 1, 3), (72, 63, 1, 2), 0): 2.0, ((28, 0, 0, 0), (28, 52, 1, 2), 0): 2.0, ((28, 81, 0, 3), (30, 65, 1, 2), 0): 2.0, ((28, 100, 0, 3), (56, 81, 1, 3), 0): 1.0, ((56, 81, 1, 3), (30, 80, 1, 3), 0): 1.0, ((31, 100, 1, 3), (90, 6, 1, 0), 0): 5.0, ((90, 6, 1, 0), (90, 80, 1, 3), 0): 5.0, ((36, 100, 1, 3), (76, 15, 1, 1), 0): 5.0, ((58, 4, 1, 0), (58, 100, 1, 3), 0): 5.0, ((43, 100, 1, 3), (58, 4, 1, 0), 0): 5.0, ((90, 80, 1, 3), (43, 34, 1, 1), 0): 5.0, ((58, 100, 1, 3), (40, 26, 1, 1), 0): 5.0, ((72, 80, 1, 3), (49, 0, 1, 0), 0): 5.0}
x_ener_2: {((56, 34, 1, 1), (57, 1, 1, 0), 0): 2.0, ((28, 52, 1, 2), (56, 34, 1, 1), 0): 2.0, ((72, 2, 1, 0), (72, 2, 119, 0), 0): 3.0, ((76, 15, 1, 1), (26, 2, 1, 0), 0): 5.0, ((76, 39, 1, 1), (72, 2, 1, 0), 0): 3.0, ((49, 0, 1, 0), (49, 0, 51, 0), 0): 5.0, ((72, 63, 1, 2), (76, 39, 1, 1), 0): 3.0, ((49, 0, 51, 0), (49, 0, 101, 0), 0): 5.0, ((49, 0, 101, 0), (49, 0, 119, 0), 0): 5.0, ((57, 1, 1, 0), (57, 1, 119, 0), 0): 2.0, ((11, 50, 1, 2), (11, 54, 1, 2), 0): 2.0, ((30, 65, 1, 2), (56, 64, 1, 2), 0): 2.0, ((30, 80, 1, 3), (56, 79, 1, 2), 0): 2.0, ((56, 79, 1, 2), (57, 67, 1, 2), 0): 2.0, ((57, 67, 1, 2), (31, 10, 1, 1), 0): 2.0, ((26, 2, 1, 0), (26, 2, 51, 0), 0): 5.0, ((26, 2, 51, 0), (26, 2, 119, 0), 0): 5.0, ((11, 54, 1, 2), (28, 52, 1, 2), 0): 2.0, ((56, 64, 1, 2), (11, 50, 1, 2), 0): 2.0, ((28, 98, 1, 3), (30, 95, 1, 3), 0): 1.0, ((30, 95, 1, 3), (31, 10, 1, 1), 0): 3.0, ((31, 10, 1, 1), (31, 10, 119, 1), 0): 5.0, ((43, 34, 1, 1), (43, 34, 51, 1), 0): 5.0, ((43, 34, 51, 1), (43, 34, 101, 1), 0): 5.0, ((43, 34, 101, 1), (43, 34, 119, 1), 0): 5.0, ((21, 100, 1, 3), (36, 10, 1, 1), 0): 5.0, ((21, 100, 0, 3), (21, 100, 1, 3), 0): 5.0, ((36, 10, 1, 1), (36, 10, 119, 1), 0): 5.0, ((21, 0, 1, 0), (21, 0, 119, 0), 0): 5.0, ((25, 8, 1, 0), (25, 8, 119, 0), 0): 5.0, ((25, 80, 1, 3), (40, 70, 1, 2), 0): 5.0, ((25, 80, 0, 3), (25, 80, 1, 3), 0): 5.0, ((40, 26, 1, 1), (25, 8, 1, 0), 0): 5.0, ((40, 70, 1, 2), (21, 0, 1, 0), 0): 5.0, ((26, 100, 0, 3), (76, 100, 1, 3), 0): 5.0, ((76, 100, 1, 3), (72, 63, 1, 2), 0): 3.0, ((76, 100, 1, 3), (72, 80, 1, 3), 0): 2.0, ((28, 81, 0, 3), (30, 65, 1, 2), 0): 2.0, ((28, 98, 0, 3), (28, 98, 1, 3), 0): 1.0, ((28, 100, 0, 3), (56, 81, 1, 3), 0): 2.0, ((56, 81, 1, 3), (30, 80, 1, 3), 0): 2.0, ((31, 100, 1, 3), (90, 6, 1, 0), 0): 5.0, ((31, 100, 0, 3), (31, 100, 1, 3), 0): 5.0, ((90, 6, 1, 0), (90, 6, 51, 0), 0): 5.0, ((90, 6, 51, 0), (90, 6, 101, 0), 0): 5.0, ((90, 6, 101, 0), (90, 6, 119, 0), 0): 5.0, ((36, 100, 1, 3), (76, 15, 1, 1), 0): 5.0, ((36, 100, 0, 3), (37, 100, 1, 3), 0): 5.0, ((37, 100, 1, 3), (36, 100, 1, 3), 0): 5.0, ((58, 4, 1, 0), (58, 4, 119, 0), 0): 5.0, ((43, 100, 1, 3), (58, 4, 1, 0), 0): 5.0, ((43, 100, 0, 3), (43, 100, 1, 3), 0): 5.0, ((90, 80, 1, 3), (43, 34, 1, 1), 0): 5.0, ((57, 100, 0, 3), (30, 95, 1, 3), 0): 2.0, ((58, 100, 1, 3), (40, 26, 1, 1), 0): 5.0, ((58, 100, 0, 3), (58, 100, 1, 3), 0): 5.0, ((72, 80, 1, 3), (49, 0, 1, 0), 0): 5.0, ((72, 80, 0, 3), (72, 80, 1, 3), 0): 3.0, ((90, 80, 0, 3), (90, 80, 1, 3), 0): 5.0}
(((28, np.int64(0), np.int64(0), 0), (28, 52, 1, 2), 0), ((28, 52, 1, 2), (56, 34, 1, 1), 0), ((56, 34, 1, 1), (57, 1, 1, 0), 0), ((57, 1, 1, 0), (57, 67, 1, 2), 0), ((57, 67, 1, 2), (31, 10, 1, 1), 0), ((31, 10, 1, 1), (31, 100, 1, 3), 0), ((31, 100, 1, 3), (90, 6, 1, 0), 0), ((90, 6, 1, 0), (90, 80, 1, 3), 0), ((90, 80, 1, 3), (43, 34, 1, 1), 0), ((43, 34, 1, 1), (43, 100, 1, 3), 0), ((43, 100, 1, 3), (58, 4, 1, 0), 0), ((58, 4, 1, 0), (58, 100, 1, 3), 0), ((58, 100, 1, 3), (40, 26, 1, 1), 0), ((40, 26, 1, 1), (40, 70, 1, 2), 0), ((40, 70, 1, 2), (21, 0, 1, 0), 0), ((21, 0, 1, 0), (21, 100, 1, 3), 0), ((21, 100, 1, 3), (36, 10, 1, 1), 0), ((36, 10, 1, 1), (36, 100, 1, 3), 0), ((36, 100, 1, 3), (76, 15, 1, 1), 0), ((76, 15, 1, 1), (76, 39, 1, 1), 0), ((76, 39, 1, 1), (72, 2, 1, 0), 0), ((72, 2, 1, 0), (72, 80, 1, 3), 0), ((72, 80, 1, 3), (49, 0, 1, 0), 0), ((49, 0, 1, 0), (49, 0, 119, 0), 0))
New edge added:  ((28, np.int64(52), np.int64(1), 2), (56, np.int64(33), np.int64(4), 1), 0)  Edge removed:  ((28, 52, 1, 2), (56, 34, 1, 1), 0)
Solution cannot be extended to a feasible solution, updating network...
a[ 11 ] =  1.0
n[ 5 ] =  1.0
n[ 14 ] =  1.0
n[ 21 ] =  6.0
n[ 25 ] =  5.0
n[ 26 ] =  5.0
n[ 31 ] =  6.0
n[ 36 ] =  6.0
n[ 40 ] =  1.0
n[ 43 ] =  6.0
n[ 57 ] =  2.0
n[ 58 ] =  6.0
n[ 67 ] =  1.0
n[ 72 ] =  3.0
n[ 76 ] =  1.0
n[ 82 ] =  1.0
n[ 90 ] =  5.0
'''''''''''''''''
Gurobi Optimizer version 13.0.1 build v13.0.1rc0 (linux64 - "Debian GNU/Linux 12 (bookworm)")

CPU model: Intel(R) Xeon(R) CPU @ 2.20GHz, instruction set [SSE2|AVX|AVX2]
Thread count: 1 physical cores, 2 logical processors, using up to 2 threads

Non-default parameters:
MIPGap  0.05

Academic license 937859 - for non-commercial use only - registered to hp___@cornell.edu
Optimize a model with 723929 rows, 1484266 columns and 3934493 nonzeros (Min)
Model fingerprint: 0xc35ebaeb
Model has 1070455 linear objective coefficients
Variable types: 0 continuous, 1484266 integer (0 binary)
Coefficient statistics:
  Matrix range     [1e+00, 3e+05]
  Objective range  [6e-01, 8e+02]
  Bounds range     [0e+00, 0e+00]
  RHS range        [1e+00, 5e+00]

MIP start from previous solve did not produce a new incumbent solution
MIP start from previous solve violates constraint flow_bal_load[(82,_np.int64(64),_np.int64(1),_2),0] by 1.000000000
Processed MIP start in 1.36 seconds (0.37 work units)

Presolve removed 585346 rows and 782972 columns (presolve time = 5s)...
Presolve removed 589202 rows and 816403 columns
Presolve time: 8.59s
Presolved: 134727 rows, 667863 columns, 1543599 nonzeros
Variable types: 0 continuous, 667863 integer (2126 binary)
Performing another presolve...
Presolve removed 1758 rows and 17482 columns (presolve time = 5s)...
Presolve removed 1852 rows and 19421 columns
Presolve time: 8.97s

Root simplex log...

Iteration    Objective       Primal Inf.    Dual Inf.      Time
       0      handle free variables                         28s
    5547    8.1814865e+02   5.912500e+01   0.000000e+00     30s
   11047    1.0723526e+03   1.098343e+02   0.000000e+00     35s
   15459    1.6650999e+03   2.225890e+02   0.000000e+00     40s
   18529    1.7744404e+03   2.458063e+02   0.000000e+00     45s
   20699    1.8209765e+03   9.493939e+01   0.000000e+00     50s
   22719    1.8292518e+03   7.525000e+01   0.000000e+00     55s
   24599    1.8696524e+03   9.550000e+01   0.000000e+00     60s
   26239    1.8870458e+03   1.669418e+02   0.000000e+00     65s
   27879    1.9086916e+03   1.759086e+02   0.000000e+00     70s
   29879    1.9616426e+03   3.618941e+02   0.000000e+00     75s
   31449    1.9852963e+03   1.435000e+02   0.000000e+00     80s
   32829    2.0138302e+03   1.028291e+02   0.000000e+00     85s
   34239    2.0482403e+03   4.918222e+02   0.000000e+00     90s
   35389    2.1228285e+03   3.760445e+02   0.000000e+00     96s
   36479    2.2215255e+03   2.326980e+02   0.000000e+00    100s
   37669    2.2771677e+03   4.291256e+02   0.000000e+00    105s
