15
Num of charging stations 15
Num of proxy stations 22
10.730159498342369 138.66671791301206 11.925267232665867
Driving time from LA to SF node: 270.00 min)
Driving time from LA to PHX node: 345.00 min)
Set parameter WLSAccessID
Set parameter WLSSecret
Set parameter LicenseID to value 937859
Academic license 937859 - for non-commercial use only - registered to hp___@cornell.edu
construct_parallel:   0%|          | 0/37 [00:00<?, ?it/s]construct_parallel:   3%|▎         | 1/37 [00:00<00:19,  1.81it/s]construct_parallel:  11%|█         | 4/37 [00:00<00:05,  5.73it/s]construct_parallel:  19%|█▉        | 7/37 [00:00<00:02, 10.01it/s]construct_parallel:  27%|██▋       | 10/37 [00:01<00:01, 13.93it/s]construct_parallel:  35%|███▌      | 13/37 [00:01<00:02, 11.97it/s]construct_parallel:  43%|████▎     | 16/37 [00:01<00:01, 14.64it/s]construct_parallel:  49%|████▊     | 18/37 [00:01<00:01, 12.85it/s]construct_parallel:  76%|███████▌  | 28/37 [00:01<00:00, 27.98it/s]construct_parallel:  86%|████████▋ | 32/37 [00:02<00:00, 18.04it/s]construct_parallel:  97%|█████████▋| 36/37 [00:02<00:00, 18.23it/s]construct_parallel: 100%|██████████| 37/37 [00:02<00:00, 15.18it/s]
Size of network:  8919  nodes,  149874  edges
Set parameter MIPGap to value 0.02
{31: (38, 2), 26: (2, 24), 20: (0, 14)}
'''' LOGGING ''''
Gurobi Optimizer version 13.0.1 build v13.0.1rc0 (linux64 - "Debian GNU/Linux 12 (bookworm)")

CPU model: AMD EPYC 7B12, instruction set [SSE2|AVX|AVX2]
Thread count: 1 physical cores, 2 logical processors, using up to 2 threads

Non-default parameters:
MIPGap  0.02

Academic license 937859 - for non-commercial use only - registered to hp___@cornell.edu
Optimize a model with 135899 rows, 299827 columns and 769958 nonzeros (Min)
Model fingerprint: 0x471b65a2
Model has 192990 linear objective coefficients
Variable types: 5 continuous, 299822 integer (37 binary)
Coefficient statistics:
  Matrix range     [1e+00, 3e+04]
  Objective range  [6e-01, 2e+02]
  Bounds range     [1e+00, 1e+00]
  RHS range        [2e+00, 1e+100]
Warning: Model contains large rhs
         Consider reformulating model or setting NumericFocus parameter
         to avoid numerical issues.

Presolve removed 102442 rows and 164667 columns (presolve time = 5s)...
Presolve removed 109761 rows and 191728 columns
Presolve time: 9.04s
Presolved: 26138 rows, 108099 columns, 258064 nonzeros
Variable types: 0 continuous, 108099 integer (30 binary)

Root simplex log...

Iteration    Objective       Primal Inf.    Dual Inf.      Time
       0      handle free variables                         10s
    9924    6.6748771e+03   4.083333e+01   0.000000e+00     15s
   12112    7.2887173e+03   0.000000e+00   0.000000e+00     18s
   12112    7.2887173e+03   0.000000e+00   0.000000e+00     18s

Root relaxation: objective 7.288717e+03, 12112 iterations, 8.75 seconds (5.64 work units)

    Nodes    |    Current Node    |     Objective Bounds      |     Work
 Expl Unexpl |  Obj  Depth IntInf | Incumbent    BestBd   Gap | It/Node Time

     0     0 7288.71729    0   84          - 7288.71729      -     -   18s
H    0     0                    7928.1009132 7288.71729  8.06%     -   19s
H    0     0                    7825.8114155 7288.71729  6.86%     -   20s
H    0     0                    7825.7182648 7288.71729  6.86%     -   20s
H    0     0                    7825.4388128 7288.71729  6.86%     -   20s
     0     0 7339.65375    0   77 7825.43881 7339.65375  6.21%     -   22s
     0     0 7339.71029    0   79 7825.43881 7339.71029  6.21%     -   23s
     0     0 7341.14521    0   93 7825.43881 7341.14521  6.19%     -   25s
     0     0 7341.31976    0   92 7825.43881 7341.31976  6.19%     -   26s
     0     0 7341.31976    0   92 7825.43881 7341.31976  6.19%     -   26s
     0     0 7371.01059    0  104 7825.43881 7371.01059  5.81%     -   27s
     0     0 7371.01059    0  106 7825.43881 7371.01059  5.81%     -   28s
     0     0 7371.21778    0  110 7825.43881 7371.21778  5.80%     -   29s
     0     0 7371.45437    0  111 7825.43881 7371.45437  5.80%     -   31s
     0     0 7371.45437    0  108 7825.43881 7371.45437  5.80%     -   31s
     0     0 7371.45437    0  107 7825.43881 7371.45437  5.80%     -   32s
     0     0 7373.89318    0  109 7825.43881 7373.89318  5.77%     -   33s
     0     0 7373.89318    0  111 7825.43881 7373.89318  5.77%     -   34s
     0     0 7373.89318    0  114 7825.43881 7373.89318  5.77%     -   35s
     0     0 7373.89318    0  119 7825.43881 7373.89318  5.77%     -   37s
     0     0 7373.89318    0  124 7825.43881 7373.89318  5.77%     -   38s
     0     0 7373.89318    0  126 7825.43881 7373.89318  5.77%     -   39s
     0     0 7373.89318    0  123 7825.43881 7373.89318  5.77%     -   40s
     0     0 7374.62092    0  123 7825.43881 7374.62092  5.76%     -   41s
     0     0 7374.62092    0  123 7825.43881 7374.62092  5.76%     -   41s
     0     0 7374.62092    0  122 7825.43881 7374.62092  5.76%     -   41s
     0     2 7374.62092    0  122 7825.43881 7374.62092  5.76%     -   45s

Cutting planes:
  Implied bound: 1
  MIR: 11

Explored 5 nodes (19316 simplex iterations) in 47.25 seconds (19.93 work units)
Thread count was 2 (of 2 available processors)

Solution count 4: 7825.44 7825.72 7825.81 7928.1 

Optimal solution found (tolerance 2.00e-02)
Best objective 7.825438812785e+03, best bound 7.687494608817e+03, gap 1.7628%
Iteration:  1
Size of network:  8919  nodes,  149874  edges
Obj Value:  7825.438812785388
x_load: {((11, 18, 6, 1), (11, 69, 6, 2), 0): 22.0, ((11, 69, 6, 2), (26, 6, 11, 0), 0): 22.0, ((26, 6, 11, 0), (26, 6, 35, 0), 0): 22.0, ((6, 81, 1, 3), (9, 52, 1, 2), 0): 14.0, ((9, 52, 1, 2), (9, 100, 1, 3), 0): 14.0, ((9, 100, 1, 3), (36, 41, 6, 2), 0): 14.0, ((36, 59, 6, 2), (36, 80, 6, 3), 0): 14.0, ((36, 41, 6, 2), (36, 59, 6, 2), 0): 14.0, ((20, 0, 16, 0), (20, 0, 35, 0), 0): 14.0, ((36, 80, 6, 3), (20, 0, 16, 0), 0): 14.0, ((26, 100, 0, 3), (26, 100, 35, 3), 0): 2.0, ((31, 72, 0, 2), (31, 72, 35, 2), 0): 2.0, ((31, 100, 0, 3), (6, 81, 1, 3), 0): 14.0, ((31, 100, 0, 3), (11, 18, 6, 1), 0): 22.0}
x_ener: {((0, 62, 1, 2), (10, 62, 1, 2), 0): 8568.0, ((30, 7, 1, 0), (31, 0, 1, 0), 0): 152.0, ((12, 7, 6, 0), (31, 6, 6, 0), 1): 38.0, ((30, 8, 1, 0), (12, 7, 1, 0), 0): 38.0, ((31, 6, 6, 0), (31, 6, 35, 0), 0): 114.0, ((30, 18, 1, 1), (31, 12, 1, 1), 0): 228.0, ((31, 10, 6, 1), (31, 10, 35, 1), 0): 76.0, ((15, 20, 6, 1), (31, 18, 6, 1), 1): 76.0, ((30, 26, 1, 1), (31, 21, 1, 1), 0): 152.0, ((31, 18, 6, 1), (31, 18, 35, 1), 0): 76.0, ((10, 59, 1, 2), (2, 59, 1, 2), 0): 8533.0, ((2, 59, 1, 2), (0, 62, 1, 2), 0): 4284.0, ((2, 59, 1, 2), (10, 59, 1, 2), 0): 8498.0, ((6, 19, 6, 1), (35, 22, 6, 1), 0): 38.0, ((10, 62, 1, 2), (0, 62, 1, 2), 0): 4249.0, ((10, 62, 1, 2), (2, 59, 1, 2), 0): 4249.0, ((10, 62, 1, 2), (2, 62, 1, 2), 0): 70.0, ((11, 18, 6, 1), (11, 18, 11, 1), 0): 22.0, ((30, 39, 1, 1), (31, 32, 1, 1), 0): 76.0, ((2, 62, 1, 2), (0, 62, 1, 2), 0): 35.0, ((2, 62, 1, 2), (10, 59, 1, 2), 0): 35.0, ((3, 26, 6, 1), (12, 7, 6, 0), 0): 38.0, ((30, 35, 1, 1), (31, 29, 1, 1), 0): 38.0, ((35, 27, 6, 1), (31, 10, 6, 1), 0): 38.0, ((30, 51, 1, 2), (3, 40, 1, 2), 0): 76.0, ((30, 42, 1, 2), (15, 36, 1, 1), 0): 38.0, ((35, 33, 6, 1), (15, 20, 6, 1), 0): 76.0, ((12, 70, 6, 2), (15, 68, 6, 2), 1): 62200.0, ((30, 68, 1, 2), (12, 70, 1, 2), 0): 38.0, ((17, 44, 6, 2), (35, 22, 6, 1), 0): 38.0, ((30, 73, 1, 2), (35, 52, 1, 2), 0): 38.0, ((11, 69, 6, 2), (26, 6, 11, 0), 0): 22.0, ((17, 47, 6, 2), (3, 26, 6, 1), 0): 38.0, ((30, 62, 1, 2), (6, 44, 1, 2), 0): 76.0, ((8, 40, 6, 2), (31, 6, 11, 0), 0): 38.0, ((8, 80, 6, 3), (11, 69, 6, 2), 0): 22.0, ((0, 30, 6, 1), (30, 7, 11, 0), 0): 152.0, ((0, 32, 6, 1), (30, 7, 11, 0), 0): 38.0, ((0, 42, 6, 2), (10, 40, 6, 2), 0): 38.0, ((0, 51, 6, 2), (10, 49, 6, 2), 0): 76.0, ((0, 52, 6, 2), (15, 20, 11, 1), 0): 38.0, ((0, 73, 6, 2), (31, 40, 11, 2), 0): 2227.0, ((30, 7, 11, 0), (31, 0, 11, 0), 0): 228.0, ((12, 7, 11, 0), (31, 6, 11, 0), 1): 38.0, ((31, 0, 11, 0), (31, 0, 35, 0), 0): 266.0, ((10, 36, 6, 1), (31, 6, 11, 0), 0): 38.0, ((31, 6, 11, 0), (31, 6, 35, 0), 0): 2531.0, ((15, 5, 11, 0), (31, 6, 11, 0), 1): 76.0, ((10, 39, 6, 1), (15, 5, 11, 0), 0): 38.0, ((31, 8, 11, 0), (31, 8, 35, 0), 0): 38.0, ((2, 35, 6, 1), (10, 36, 6, 1), 0): 38.0, ((10, 40, 6, 2), (15, 5, 11, 0), 0): 38.0, ((3, 23, 11, 1), (31, 6, 11, 0), 0): 2227.0, ((10, 48, 6, 2), (31, 15, 11, 1), 0): 76.0, ((10, 49, 6, 2), (12, 15, 11, 1), 0): 114.0, ((15, 20, 11, 1), (31, 18, 11, 1), 1): 2265.0, ((31, 18, 11, 1), (31, 18, 35, 1), 0): 2265.0, ((31, 21, 11, 1), (31, 21, 35, 1), 0): 2227.0, ((4, 40, 11, 2), (30, 7, 16, 0), 0): 1787.0, ((8, 39, 11, 1), (31, 0, 16, 0), 0): 2271.0, ((11, 18, 11, 1), (11, 18, 35, 1), 0): 22.0, ((12, 15, 11, 1), (31, 15, 11, 1), 1): 152.0, ((31, 15, 11, 1), (31, 15, 35, 1), 0): 228.0, ((3, 43, 11, 2), (31, 24, 11, 1), 0): 38.0, ((10, 76, 6, 2), (2, 76, 6, 2), 0): 17376.0, ((31, 40, 11, 2), (31, 40, 35, 2), 0): 2227.0, ((2, 76, 6, 2), (0, 73, 6, 2), 0): 2227.0, ((2, 76, 6, 2), (3, 23, 11, 1), 0): 2227.0, ((2, 76, 6, 2), (4, 40, 11, 2), 0): 1787.0, ((2, 76, 6, 2), (8, 39, 11, 1), 0): 2227.0, ((2, 76, 6, 2), (12, 24, 11, 1), 0): 2227.0, ((2, 76, 6, 2), (15, 20, 11, 1), 0): 2227.0, ((2, 76, 6, 2), (30, 31, 11, 1), 0): 2227.0, ((2, 76, 6, 2), (31, 21, 11, 1), 0): 2227.0, ((12, 70, 11, 2), (31, 70, 11, 2), 1): 7518.0, ((12, 70, 11, 2), (32, 28, 16, 1), 0): 54682.0, ((31, 70, 11, 2), (31, 70, 16, 2), 0): 7518.0, ((30, 7, 16, 0), (31, 0, 16, 0), 0): 1787.0, ((31, 0, 16, 0), (31, 0, 35, 0), 0): 4058.0, ((12, 70, 16, 2), (32, 28, 21, 1), 0): 5157.0, ((31, 70, 16, 2), (12, 70, 16, 2), 1): 5157.0, ((31, 70, 16, 2), (15, 68, 16, 2), 0): 2361.0, ((10, 17, 16, 1), (2, 14, 16, 1), 0): 34419056.0, ((2, 14, 16, 1), (10, 17, 16, 1), 0): 34419056.0, ((31, 0, 21, 0), (31, 0, 35, 0), 0): 109364.0, ((12, 70, 21, 2), (32, 28, 26, 1), 0): 2361.0, ((10, 17, 21, 1), (2, 14, 21, 1), 0): 7246088.0, ((2, 14, 21, 1), (10, 17, 21, 1), 0): 7246088.0, ((31, 0, 26, 0), (31, 0, 31, 0), 0): 10314.0, ((9, 0, 31, 0), (9, 0, 35, 0), 0): 14.0, ((10, 17, 26, 1), (2, 14, 26, 1), 0): 1287254.0, ((2, 14, 26, 1), (10, 17, 26, 1), 0): 1287254.0, ((31, 0, 31, 0), (31, 0, 35, 0), 0): 15036.0, ((10, 17, 31, 1), (2, 14, 31, 1), 0): 125559.0, ((2, 14, 31, 1), (10, 17, 31, 1), 0): 125559.0, ((2, 42, 6, 2), (31, 6, 11, 0), 0): 38.0, ((35, 22, 6, 1), (31, 6, 6, 0), 0): 76.0, ((12, 24, 11, 1), (31, 24, 11, 1), 1): 2227.0, ((30, 31, 11, 1), (31, 24, 11, 1), 0): 2227.0, ((31, 24, 11, 1), (31, 24, 35, 1), 0): 4492.0, ((32, 28, 16, 1), (31, 0, 21, 0), 0): 109364.0, ((32, 28, 21, 1), (31, 0, 26, 0), 0): 10314.0, ((32, 28, 26, 1), (31, 0, 31, 0), 0): 4722.0, ((3, 23, 1, 1), (31, 6, 1, 0), 0): 152.0, ((3, 24, 1, 1), (12, 7, 1, 0), 0): 38.0, ((3, 26, 1, 1), (31, 8, 1, 0), 0): 38.0, ((3, 29, 1, 1), (31, 10, 1, 1), 0): 38.0, ((3, 33, 1, 1), (31, 15, 1, 1), 0): 114.0, ((3, 40, 1, 2), (31, 21, 1, 1), 0): 76.0, ((3, 43, 1, 2), (31, 24, 1, 1), 0): 38.0, ((3, 44, 1, 2), (35, 22, 1, 1), 0): 38.0, ((3, 47, 1, 2), (15, 26, 1, 1), 0): 38.0, ((3, 48, 1, 2), (35, 27, 1, 1), 0): 38.0, ((3, 50, 1, 2), (31, 31, 1, 1), 0): 38.0, ((3, 52, 1, 2), (31, 35, 1, 1), 0): 38.0, ((3, 53, 1, 2), (31, 35, 1, 1), 0): 38.0, ((3, 58, 1, 2), (15, 36, 1, 1), 0): 38.0, ((3, 66, 1, 2), (15, 44, 1, 2), 0): 114.0, ((3, 68, 1, 2), (30, 46, 1, 2), 0): 114.0, ((3, 71, 1, 2), (31, 52, 1, 2), 0): 38.0, ((3, 72, 1, 2), (15, 50, 1, 2), 0): 38.0, ((3, 100, 1, 3), (8, 80, 6, 3), 0): 22.0, ((3, 100, 1, 3), (10, 76, 6, 2), 0): 17376.0, ((12, 7, 1, 0), (31, 6, 1, 0), 1): 570.0, ((31, 6, 1, 0), (31, 6, 35, 0), 0): 798.0, ((15, 5, 1, 0), (31, 6, 1, 0), 1): 76.0, ((31, 8, 1, 0), (31, 8, 35, 0), 0): 114.0, ((31, 10, 1, 1), (31, 10, 35, 1), 0): 228.0, ((12, 10, 1, 1), (30, 7, 1, 0), 0): 38.0, ((31, 12, 1, 1), (31, 12, 35, 1), 0): 380.0, ((12, 13, 1, 1), (15, 12, 1, 1), 0): 38.0, ((15, 12, 1, 1), (30, 7, 1, 0), 0): 76.0, ((31, 15, 1, 1), (31, 15, 35, 1), 0): 342.0, ((12, 15, 1, 1), (31, 15, 1, 1), 1): 76.0, ((15, 14, 1, 1), (31, 12, 1, 1), 0): 38.0, ((30, 21, 1, 1), (12, 15, 1, 1), 0): 76.0, ((31, 18, 1, 1), (31, 18, 35, 1), 0): 456.0, ((6, 19, 1, 1), (12, 7, 1, 0), 0): 418.0, ((15, 20, 1, 1), (31, 18, 1, 1), 1): 266.0, ((31, 21, 1, 1), (31, 21, 35, 1), 0): 380.0, ((35, 22, 1, 1), (6, 19, 1, 1), 1): 228.0, ((6, 24, 1, 1), (31, 12, 1, 1), 0): 38.0, ((12, 24, 1, 1), (31, 24, 1, 1), 1): 342.0, ((15, 24, 1, 1), (12, 24, 1, 1), 0): 76.0, ((30, 28, 1, 1), (31, 21, 1, 1), 0): 76.0, ((31, 24, 1, 1), (31, 24, 35, 1), 0): 494.0, ((6, 13, 1, 1), (31, 0, 1, 0), 0): 38.0, ((30, 22, 1, 1), (31, 15, 1, 1), 0): 38.0, ((30, 30, 1, 1), (12, 24, 1, 1), 0): 152.0, ((6, 26, 1, 1), (31, 15, 1, 1), 0): 76.0, ((12, 17, 1, 1), (31, 18, 1, 1), 0): 190.0, ((12, 27, 1, 1), (31, 27, 1, 1), 0): 76.0, ((30, 31, 1, 1), (12, 24, 1, 1), 0): 38.0, ((31, 27, 1, 1), (31, 27, 35, 1), 0): 152.0, ((12, 19, 1, 1), (15, 20, 1, 1), 1): 38.0, ((15, 26, 1, 1), (30, 18, 1, 1), 0): 114.0, ((30, 34, 1, 1), (12, 27, 1, 1), 0): 38.0, ((31, 29, 1, 1), (31, 29, 35, 1), 0): 266.0, ((35, 27, 1, 1), (31, 10, 1, 1), 0): 190.0, ((12, 29, 1, 1), (31, 29, 1, 1), 0): 76.0, ((6, 29, 1, 1), (15, 20, 1, 1), 0): 152.0, ((15, 28, 1, 1), (31, 27, 1, 1), 0): 76.0, ((12, 30, 1, 1), (30, 26, 1, 1), 0): 38.0, ((31, 31, 1, 1), (31, 31, 35, 1), 0): 38.0, ((6, 20, 1, 1), (35, 22, 1, 1), 0): 38.0, ((6, 31, 1, 1), (12, 17, 1, 1), 0): 114.0, ((12, 33, 1, 1), (31, 32, 1, 1), 0): 76.0, ((31, 32, 1, 1), (31, 32, 35, 1), 0): 152.0, ((35, 28, 1, 1), (31, 12, 1, 1), 0): 76.0, ((6, 21, 1, 1), (31, 8, 1, 0), 0): 38.0, ((31, 35, 1, 1), (31, 35, 35, 1), 0): 532.0, ((6, 34, 1, 1), (31, 21, 1, 1), 0): 76.0, ((15, 31, 1, 1), (6, 19, 1, 1), 0): 38.0, ((35, 30, 1, 1), (31, 15, 1, 1), 0): 38.0, ((12, 35, 1, 1), (15, 36, 1, 1), 0): 114.0, ((15, 36, 1, 1), (31, 35, 1, 1), 0): 342.0, ((30, 40, 1, 2), (12, 33, 1, 1), 0): 38.0, ((6, 40, 1, 2), (35, 40, 1, 2), 0): 76.0, ((12, 38, 1, 1), (31, 38, 1, 1), 0): 38.0, ((30, 46, 1, 2), (31, 39, 1, 1), 0): 190.0, ((31, 39, 1, 1), (31, 39, 35, 1), 0): 342.0, ((35, 35, 1, 1), (12, 17, 1, 1), 0): 38.0, ((12, 37, 1, 1), (30, 30, 1, 1), 0): 76.0, ((12, 47, 1, 2), (31, 47, 1, 2), 0): 114.0, ((15, 44, 1, 2), (31, 44, 1, 2), 0): 228.0, ((31, 38, 1, 1), (31, 38, 35, 1), 0): 114.0, ((31, 47, 1, 2), (31, 47, 35, 2), 0): 228.0, ((35, 45, 1, 2), (31, 29, 1, 1), 0): 152.0, ((15, 46, 1, 2), (35, 28, 1, 1), 0): 76.0, ((31, 49, 1, 2), (31, 49, 35, 2), 0): 152.0, ((12, 40, 1, 2), (31, 39, 1, 1), 0): 152.0, ((12, 49, 1, 2), (31, 49, 1, 2), 0): 152.0, ((6, 49, 1, 2), (12, 35, 1, 1), 0): 76.0, ((15, 37, 1, 1), (30, 28, 1, 1), 0): 38.0, ((15, 48, 1, 2), (12, 47, 1, 2), 0): 76.0, ((35, 40, 1, 2), (31, 24, 1, 1), 0): 114.0, ((35, 47, 1, 2), (30, 26, 1, 1), 0): 38.0, ((12, 44, 1, 2), (15, 44, 1, 2), 0): 76.0, ((15, 40, 1, 2), (31, 38, 1, 1), 0): 38.0, ((15, 50, 1, 2), (12, 49, 1, 2), 0): 38.0, ((31, 44, 1, 2), (31, 44, 35, 2), 0): 228.0, ((31, 52, 1, 2), (31, 52, 35, 2), 0): 38.0, ((6, 44, 1, 2), (35, 45, 1, 2), 0): 114.0, ((6, 53, 1, 2), (12, 40, 1, 2), 0): 114.0, ((9, 40, 6, 2), (6, 19, 6, 1), 0): 38.0, ((12, 53, 1, 2), (3, 33, 1, 1), 0): 38.0, ((35, 52, 1, 2), (31, 35, 1, 1), 0): 114.0, ((6, 59, 1, 2), (31, 47, 1, 2), 0): 114.0, ((12, 58, 1, 2), (31, 59, 1, 2), 1): 190.0, ((15, 60, 1, 2), (12, 58, 1, 2), 1): 114.0, ((30, 66, 1, 2), (6, 49, 1, 2), 0): 76.0, ((31, 59, 1, 2), (31, 59, 35, 2), 0): 190.0, ((35, 55, 1, 2), (31, 38, 1, 1), 0): 38.0, ((9, 43, 6, 2), (35, 27, 6, 1), 0): 38.0, ((12, 70, 1, 2), (12, 70, 6, 2), 0): 62200.0, ((35, 65, 1, 2), (6, 64, 1, 2), 0): 76.0, ((6, 79, 1, 2), (12, 70, 1, 2), 0): 76.0, ((12, 80, 1, 3), (31, 80, 1, 3), 0): 38.0, ((15, 68, 1, 2), (12, 70, 1, 2), 1): 38.0, ((30, 86, 1, 3), (31, 80, 1, 3), 0): 38.0, ((31, 72, 1, 2), (31, 72, 35, 2), 0): 152.0, ((8, 44, 6, 2), (12, 7, 11, 0), 0): 38.0, ((3, 29, 6, 1), (31, 10, 6, 1), 0): 38.0, ((17, 49, 6, 2), (12, 15, 11, 1), 0): 38.0, ((17, 51, 6, 2), (3, 29, 6, 1), 0): 38.0, ((9, 67, 11, 2), (29, 64, 11, 2), 0): 59839.0, ((15, 68, 6, 2), (15, 68, 11, 2), 0): 62200.0, ((29, 64, 11, 2), (32, 28, 16, 1), 0): 54682.0, ((29, 64, 11, 2), (29, 64, 16, 2), 0): 5157.0, ((6, 79, 11, 2), (35, 74, 11, 2), 0): 38.0, ((6, 79, 11, 2), (35, 80, 11, 3), 0): 2361.0, ((15, 68, 11, 2), (12, 70, 11, 2), 1): 62200.0, ((29, 64, 16, 2), (32, 28, 21, 1), 0): 5157.0, ((35, 80, 11, 3), (35, 80, 16, 3), 0): 2361.0, ((15, 68, 16, 2), (15, 68, 21, 2), 0): 2361.0, ((29, 64, 21, 2), (32, 28, 26, 1), 0): 2361.0, ((35, 80, 16, 3), (35, 80, 21, 3), 0): 2361.0, ((15, 68, 21, 2), (12, 70, 21, 2), 1): 2361.0, ((35, 80, 21, 3), (29, 64, 21, 2), 0): 2361.0, ((28, 31, 6, 1), (26, 6, 11, 0), 0): 2.0, ((26, 6, 11, 0), (26, 6, 35, 0), 0): 48.0, ((8, 42, 6, 2), (31, 6, 11, 0), 0): 38.0, ((28, 31, 11, 1), (26, 6, 16, 0), 0): 2.0, ((26, 6, 16, 0), (26, 6, 35, 0), 0): 2.0, ((28, 31, 16, 1), (26, 6, 21, 0), 0): 2.0, ((26, 6, 21, 0), (26, 6, 35, 0), 0): 2.0, ((26, 12, 21, 1), (26, 12, 35, 1), 0): 16.0, ((26, 6, 26, 0), (26, 6, 31, 0), 0): 2.0, ((26, 6, 31, 0), (26, 6, 35, 0), 0): 2.0, ((5, 80, 21, 3), (26, 46, 26, 2), 0): 14.0, ((5, 80, 21, 3), (5, 80, 26, 3), 0): 12.0, ((5, 80, 11, 3), (26, 46, 16, 2), 0): 2.0, ((26, 46, 1, 2), (5, 26, 6, 1), 0): 2.0, ((26, 66, 1, 2), (28, 31, 6, 1), 0): 2.0, ((26, 66, 1, 2), (26, 66, 6, 2), 0): 4.0, ((26, 80, 1, 3), (26, 80, 6, 3), 0): 16.0, ((5, 26, 1, 1), (26, 6, 6, 0), 0): 4.0, ((5, 46, 11, 2), (5, 46, 16, 2), 0): 14.0, ((26, 6, 6, 0), (26, 6, 35, 0), 0): 6.0, ((26, 66, 6, 2), (28, 31, 11, 1), 0): 2.0, ((26, 66, 6, 2), (26, 66, 11, 2), 0): 2.0, ((26, 80, 6, 3), (5, 46, 11, 2), 0): 14.0, ((26, 80, 6, 3), (26, 80, 11, 3), 0): 2.0, ((5, 26, 6, 1), (26, 6, 11, 0), 0): 2.0, ((5, 46, 16, 2), (26, 12, 21, 1), 0): 16.0, ((5, 80, 26, 3), (26, 46, 31, 2), 0): 12.0, ((5, 80, 16, 3), (26, 46, 21, 2), 0): 6.0, ((5, 80, 16, 3), (5, 80, 21, 3), 0): 26.0, ((26, 66, 11, 2), (28, 31, 16, 1), 0): 2.0, ((26, 80, 11, 3), (5, 46, 16, 2), 0): 2.0, ((26, 46, 16, 2), (5, 26, 21, 1), 1): 2.0, ((26, 46, 21, 2), (26, 46, 35, 2), 0): 6.0, ((5, 26, 21, 1), (26, 6, 26, 0), 0): 2.0, ((26, 46, 26, 2), (26, 46, 35, 2), 0): 14.0, ((26, 46, 31, 2), (26, 46, 35, 2), 0): 12.0, ((6, 64, 1, 2), (31, 51, 1, 2), 0): 152.0, ((6, 81, 1, 3), (9, 52, 1, 2), 0): 114.0, ((31, 0, 1, 0), (31, 0, 35, 0), 0): 190.0, ((15, 10, 1, 1), (31, 8, 1, 0), 0): 38.0, ((15, 32, 1, 1), (6, 19, 1, 1), 0): 38.0, ((30, 19, 1, 1), (15, 10, 1, 1), 0): 38.0, ((12, 45, 1, 2), (6, 31, 1, 1), 0): 38.0, ((30, 41, 1, 2), (3, 26, 1, 1), 0): 38.0, ((12, 50, 1, 2), (30, 46, 1, 2), 0): 38.0, ((31, 51, 1, 2), (31, 51, 35, 2), 0): 152.0, ((29, 49, 1, 2), (6, 29, 1, 1), 0): 114.0, ((9, 52, 1, 2), (29, 49, 1, 2), 0): 114.0, ((35, 72, 1, 2), (12, 58, 1, 2), 0): 38.0, ((31, 70, 1, 2), (12, 70, 1, 2), 1): 61972.0, ((15, 66, 1, 2), (6, 53, 1, 2), 0): 38.0, ((35, 75, 1, 2), (12, 49, 1, 2), 0): 38.0, ((12, 77, 1, 2), (15, 76, 1, 2), 0): 76.0, ((12, 90, 1, 3), (31, 90, 1, 3), 1): 38.0, ((15, 76, 1, 2), (31, 75, 1, 2), 0): 114.0, ((15, 86, 1, 3), (3, 66, 1, 2), 0): 38.0, ((31, 90, 1, 3), (31, 90, 6, 3), 0): 2399.0, ((12, 79, 1, 2), (3, 66, 1, 2), 0): 38.0, ((29, 40, 6, 2), (31, 6, 11, 0), 0): 38.0, ((29, 49, 6, 2), (35, 33, 6, 1), 0): 76.0, ((9, 45, 6, 2), (31, 8, 11, 0), 0): 38.0, ((9, 47, 6, 2), (30, 7, 11, 0), 0): 38.0, ((31, 90, 6, 3), (31, 90, 11, 3), 0): 2399.0, ((35, 74, 11, 2), (3, 43, 11, 2), 0): 38.0, ((12, 90, 11, 3), (6, 79, 11, 2), 0): 2399.0, ((31, 90, 11, 3), (12, 90, 11, 3), 1): 2399.0, ((36, 39, 26, 1), (36, 40, 26, 2), 0): 14.0, ((36, 40, 26, 2), (36, 41, 26, 2), 0): 14.0, ((9, 100, 1, 3), (36, 41, 6, 2), 0): 14.0, ((35, 53, 1, 2), (15, 36, 1, 1), 0): 38.0, ((16, 41, 6, 2), (31, 0, 11, 0), 0): 38.0, ((36, 59, 6, 2), (36, 80, 6, 3), 0): 14.0, ((9, 100, 0, 3), (9, 100, 1, 3), 0): 14.0, ((36, 41, 6, 2), (36, 59, 6, 2), 0): 14.0, ((36, 41, 26, 2), (9, 0, 31, 0), 0): 14.0, ((11, 73, 1, 2), (11, 73, 6, 2), 0): 22.0, ((11, 73, 0, 2), (11, 73, 1, 2), 0): 22.0, ((28, 31, 1, 1), (26, 6, 6, 0), 0): 2.0, ((11, 73, 6, 2), (26, 6, 11, 0), 0): 22.0, ((12, 98, 6, 3), (9, 67, 11, 2), 0): 59839.0, ((12, 97, 1, 3), (31, 96, 1, 3), 1): 190.0, ((12, 98, 1, 3), (12, 98, 6, 3), 0): 59839.0, ((15, 74, 1, 2), (31, 72, 1, 2), 0): 152.0, ((31, 75, 1, 2), (31, 75, 35, 2), 0): 114.0, ((15, 77, 1, 2), (6, 64, 1, 2), 0): 38.0, ((31, 80, 1, 3), (31, 80, 35, 3), 0): 76.0, ((15, 96, 1, 3), (12, 97, 1, 3), 1): 114.0, ((30, 90, 1, 3), (3, 68, 1, 2), 0): 38.0, ((30, 90, 1, 3), (12, 80, 1, 3), 0): 38.0, ((31, 96, 1, 3), (3, 68, 1, 2), 0): 38.0, ((31, 96, 1, 3), (31, 96, 35, 3), 0): 152.0, ((15, 100, 1, 3), (12, 98, 1, 3), 0): 59801.0, ((31, 100, 1, 3), (6, 81, 1, 3), 0): 76.0, ((35, 73, 1, 2), (15, 60, 1, 2), 0): 38.0, ((12, 73, 1, 2), (15, 74, 1, 2), 1): 38.0, ((12, 78, 1, 2), (3, 58, 1, 2), 0): 38.0, ((20, 7, 16, 0), (20, 10, 16, 1), 0): 14.0, ((20, 40, 16, 2), (20, 44, 16, 2), 0): 14.0, ((20, 29, 16, 1), (20, 40, 16, 2), 0): 14.0, ((20, 64, 16, 2), (20, 80, 16, 3), 0): 14.0, ((20, 27, 16, 1), (20, 29, 16, 1), 0): 14.0, ((20, 49, 16, 2), (24, 50, 16, 2), 0): 14.0, ((24, 50, 16, 2), (20, 64, 16, 2), 0): 14.0, ((20, 80, 16, 3), (36, 39, 26, 1), 0): 14.0, ((20, 0, 16, 0), (20, 7, 16, 0), 0): 14.0, ((20, 10, 16, 1), (20, 27, 16, 1), 0): 14.0, ((20, 44, 16, 2), (20, 49, 16, 2), 0): 14.0, ((36, 80, 6, 3), (20, 0, 16, 0), 0): 14.0, ((26, 46, 0, 2), (5, 26, 1, 1), 0): 4.0, ((26, 46, 0, 2), (26, 46, 1, 2), 0): 2.0, ((26, 66, 0, 2), (28, 31, 1, 1), 0): 2.0, ((26, 66, 0, 2), (26, 66, 1, 2), 0): 6.0, ((26, 80, 0, 3), (26, 80, 1, 3), 0): 16.0, ((26, 100, 6, 3), (5, 80, 11, 3), 0): 2.0, ((26, 100, 6, 3), (26, 100, 11, 3), 0): 32.0, ((26, 100, 1, 3), (26, 100, 6, 3), 0): 34.0, ((26, 100, 0, 3), (8, 39, 11, 1), 0): 44.0, ((26, 100, 0, 3), (26, 100, 1, 3), 0): 34.0, ((26, 100, 11, 3), (5, 80, 16, 3), 0): 32.0, ((31, 6, 0, 0), (12, 7, 1, 0), 0): 38.0, ((31, 6, 0, 0), (15, 5, 1, 0), 0): 38.0, ((31, 8, 0, 0), (12, 7, 1, 0), 0): 38.0, ((31, 8, 0, 0), (15, 5, 1, 0), 0): 38.0, ((31, 12, 0, 1), (12, 10, 1, 1), 0): 38.0, ((31, 15, 0, 1), (12, 13, 1, 1), 0): 38.0, ((31, 15, 0, 1), (15, 12, 1, 1), 0): 38.0, ((31, 15, 0, 1), (30, 7, 1, 0), 0): 38.0, ((31, 18, 0, 1), (12, 17, 1, 1), 0): 38.0, ((31, 18, 0, 1), (15, 14, 1, 1), 0): 38.0, ((31, 18, 0, 1), (30, 8, 1, 0), 0): 38.0, ((31, 21, 0, 1), (12, 19, 1, 1), 0): 38.0, ((31, 21, 0, 1), (15, 20, 1, 1), 0): 38.0, ((31, 24, 0, 1), (12, 24, 1, 1), 0): 38.0, ((31, 24, 0, 1), (15, 20, 1, 1), 0): 38.0, ((31, 24, 0, 1), (30, 18, 1, 1), 0): 38.0, ((31, 25, 0, 1), (12, 24, 1, 1), 0): 38.0, ((31, 25, 0, 1), (15, 24, 1, 1), 0): 38.0, ((31, 25, 0, 1), (30, 18, 1, 1), 0): 38.0, ((31, 27, 0, 1), (15, 24, 1, 1), 0): 38.0, ((31, 27, 0, 1), (30, 18, 1, 1), 0): 38.0, ((31, 29, 0, 1), (12, 27, 1, 1), 0): 38.0, ((31, 29, 0, 1), (15, 26, 1, 1), 0): 38.0, ((31, 29, 0, 1), (30, 19, 1, 1), 0): 38.0, ((31, 30, 0, 1), (12, 29, 1, 1), 0): 38.0, ((31, 30, 0, 1), (15, 26, 1, 1), 0): 38.0, ((31, 30, 0, 1), (30, 21, 1, 1), 0): 38.0, ((31, 31, 0, 1), (12, 29, 1, 1), 0): 38.0, ((31, 31, 0, 1), (15, 28, 1, 1), 0): 38.0, ((31, 31, 0, 1), (30, 21, 1, 1), 0): 38.0, ((31, 32, 0, 1), (6, 13, 1, 1), 0): 38.0, ((31, 32, 0, 1), (12, 30, 1, 1), 0): 38.0, ((31, 32, 0, 1), (15, 28, 1, 1), 0): 38.0, ((31, 32, 0, 1), (30, 22, 1, 1), 0): 38.0, ((31, 35, 0, 1), (6, 19, 1, 1), 0): 38.0, ((31, 35, 0, 1), (12, 33, 1, 1), 0): 38.0, ((31, 35, 0, 1), (15, 31, 1, 1), 0): 38.0, ((31, 35, 0, 1), (30, 26, 1, 1), 0): 38.0, ((31, 36, 0, 1), (6, 19, 1, 1), 0): 38.0, ((31, 36, 0, 1), (12, 35, 1, 1), 0): 38.0, ((31, 36, 0, 1), (15, 32, 1, 1), 0): 38.0, ((31, 36, 0, 1), (30, 26, 1, 1), 0): 38.0, ((31, 38, 0, 1), (6, 19, 1, 1), 0): 38.0, ((31, 38, 0, 1), (12, 37, 1, 1), 0): 38.0, ((31, 38, 0, 1), (15, 36, 1, 1), 0): 38.0, ((31, 38, 0, 1), (30, 28, 1, 1), 0): 38.0, ((31, 39, 0, 1), (6, 20, 1, 1), 0): 38.0, ((31, 39, 0, 1), (12, 37, 1, 1), 0): 38.0, ((31, 39, 0, 1), (15, 36, 1, 1), 0): 38.0, ((31, 39, 0, 1), (30, 30, 1, 1), 0): 38.0, ((31, 40, 0, 2), (6, 21, 1, 1), 0): 38.0, ((31, 40, 0, 2), (12, 38, 1, 1), 0): 38.0, ((31, 40, 0, 2), (15, 36, 1, 1), 0): 38.0, ((31, 40, 0, 2), (30, 30, 1, 1), 0): 38.0, ((31, 41, 0, 2), (6, 24, 1, 1), 0): 38.0, ((31, 41, 0, 2), (12, 40, 1, 2), 0): 38.0, ((31, 41, 0, 2), (15, 37, 1, 1), 0): 38.0, ((31, 41, 0, 2), (30, 31, 1, 1), 0): 38.0, ((31, 41, 0, 2), (35, 22, 1, 1), 0): 38.0, ((31, 44, 0, 2), (6, 26, 1, 1), 0): 38.0, ((31, 44, 0, 2), (12, 44, 1, 2), 0): 38.0, ((31, 44, 0, 2), (15, 40, 1, 2), 0): 38.0, ((31, 44, 0, 2), (30, 34, 1, 1), 0): 38.0, ((31, 44, 0, 2), (35, 22, 1, 1), 0): 38.0, ((31, 45, 0, 2), (6, 26, 1, 1), 0): 38.0, ((31, 45, 0, 2), (12, 44, 1, 2), 0): 38.0, ((31, 45, 0, 2), (30, 35, 1, 1), 0): 38.0, ((31, 45, 0, 2), (35, 22, 1, 1), 0): 38.0, ((31, 47, 0, 2), (3, 23, 1, 1), 0): 38.0, ((31, 47, 0, 2), (6, 29, 1, 1), 0): 38.0, ((31, 47, 0, 2), (12, 45, 1, 2), 0): 38.0, ((31, 47, 0, 2), (15, 44, 1, 2), 0): 38.0, ((31, 47, 0, 2), (30, 39, 1, 1), 0): 38.0, ((31, 47, 0, 2), (35, 22, 1, 1), 0): 38.0, ((31, 49, 0, 2), (3, 23, 1, 1), 0): 38.0, ((31, 49, 0, 2), (6, 31, 1, 1), 0): 38.0, ((31, 49, 0, 2), (12, 47, 1, 2), 0): 38.0, ((31, 49, 0, 2), (15, 46, 1, 2), 0): 38.0, ((31, 49, 0, 2), (30, 39, 1, 1), 0): 38.0, ((31, 49, 0, 2), (35, 27, 1, 1), 0): 38.0, ((31, 50, 0, 2), (3, 23, 1, 1), 0): 38.0, ((31, 50, 0, 2), (6, 31, 1, 1), 0): 38.0, ((31, 50, 0, 2), (12, 49, 1, 2), 0): 38.0, ((31, 50, 0, 2), (15, 46, 1, 2), 0): 38.0, ((31, 50, 0, 2), (30, 40, 1, 2), 0): 38.0, ((31, 50, 0, 2), (35, 27, 1, 1), 0): 38.0, ((31, 51, 0, 2), (3, 23, 1, 1), 0): 38.0, ((31, 51, 0, 2), (6, 34, 1, 1), 0): 38.0, ((31, 51, 0, 2), (12, 49, 1, 2), 0): 38.0, ((31, 51, 0, 2), (15, 48, 1, 2), 0): 38.0, ((31, 51, 0, 2), (30, 41, 1, 2), 0): 38.0, ((31, 51, 0, 2), (35, 27, 1, 1), 0): 38.0, ((31, 52, 0, 2), (3, 24, 1, 1), 0): 38.0, ((31, 52, 0, 2), (6, 34, 1, 1), 0): 38.0, ((31, 52, 0, 2), (12, 50, 1, 2), 0): 38.0, ((31, 52, 0, 2), (15, 48, 1, 2), 0): 38.0, ((31, 52, 0, 2), (30, 42, 1, 2), 0): 38.0, ((31, 52, 0, 2), (35, 27, 1, 1), 0): 38.0, ((31, 55, 0, 2), (3, 29, 1, 1), 0): 38.0, ((31, 55, 0, 2), (6, 40, 1, 2), 0): 38.0, ((31, 55, 0, 2), (12, 53, 1, 2), 0): 38.0, ((31, 55, 0, 2), (30, 46, 1, 2), 0): 38.0, ((31, 55, 0, 2), (35, 30, 1, 1), 0): 38.0, ((31, 59, 0, 2), (3, 33, 1, 1), 0): 38.0, ((31, 59, 0, 2), (6, 40, 1, 2), 0): 38.0, ((31, 59, 0, 2), (12, 58, 1, 2), 0): 38.0, ((31, 59, 0, 2), (15, 60, 1, 2), 0): 38.0, ((31, 59, 0, 2), (30, 51, 1, 2), 0): 38.0, ((31, 59, 0, 2), (35, 35, 1, 1), 0): 38.0, ((31, 61, 0, 2), (3, 33, 1, 1), 0): 38.0, ((31, 61, 0, 2), (6, 44, 1, 2), 0): 38.0, ((31, 61, 0, 2), (15, 60, 1, 2), 0): 38.0, ((31, 61, 0, 2), (30, 51, 1, 2), 0): 38.0, ((31, 61, 0, 2), (35, 40, 1, 2), 0): 38.0, ((31, 70, 0, 2), (3, 43, 1, 2), 0): 38.0, ((31, 70, 0, 2), (6, 53, 1, 2), 0): 38.0, ((31, 70, 0, 2), (12, 70, 1, 2), 0): 38.0, ((31, 70, 0, 2), (15, 66, 1, 2), 0): 38.0, ((31, 70, 0, 2), (30, 62, 1, 2), 0): 38.0, ((31, 70, 0, 2), (35, 45, 1, 2), 0): 38.0, ((31, 70, 0, 2), (31, 70, 1, 2), 0): 61972.0, ((31, 72, 0, 2), (0, 30, 6, 1), 0): 38.0, ((31, 72, 0, 2), (3, 44, 1, 2), 0): 38.0, ((31, 72, 0, 2), (6, 53, 1, 2), 0): 38.0, ((31, 72, 0, 2), (12, 70, 1, 2), 0): 38.0, ((31, 72, 0, 2), (15, 68, 1, 2), 0): 38.0, ((31, 72, 0, 2), (30, 62, 1, 2), 0): 38.0, ((31, 72, 0, 2), (35, 47, 1, 2), 0): 38.0, ((31, 75, 0, 2), (0, 30, 6, 1), 0): 38.0, ((31, 75, 0, 2), (3, 47, 1, 2), 0): 38.0, ((31, 75, 0, 2), (6, 59, 1, 2), 0): 38.0, ((31, 75, 0, 2), (12, 73, 1, 2), 0): 38.0, ((31, 75, 0, 2), (15, 74, 1, 2), 0): 38.0, ((31, 75, 0, 2), (30, 66, 1, 2), 0): 38.0, ((31, 75, 0, 2), (35, 52, 1, 2), 0): 38.0, ((31, 76, 0, 2), (0, 30, 6, 1), 0): 38.0, ((31, 76, 0, 2), (3, 48, 1, 2), 0): 38.0, ((31, 76, 0, 2), (6, 59, 1, 2), 0): 38.0, ((31, 76, 0, 2), (12, 77, 1, 2), 0): 38.0, ((31, 76, 0, 2), (15, 74, 1, 2), 0): 38.0, ((31, 76, 0, 2), (30, 66, 1, 2), 0): 38.0, ((31, 76, 0, 2), (35, 52, 1, 2), 0): 38.0, ((31, 78, 0, 2), (0, 30, 6, 1), 0): 38.0, ((31, 78, 0, 2), (3, 50, 1, 2), 0): 38.0, ((31, 78, 0, 2), (6, 59, 1, 2), 0): 38.0, ((31, 78, 0, 2), (12, 77, 1, 2), 0): 38.0, ((31, 78, 0, 2), (15, 74, 1, 2), 0): 38.0, ((31, 78, 0, 2), (30, 68, 1, 2), 0): 38.0, ((31, 78, 0, 2), (35, 53, 1, 2), 0): 38.0, ((31, 80, 0, 3), (0, 32, 6, 1), 0): 38.0, ((31, 80, 0, 3), (3, 52, 1, 2), 0): 38.0, ((31, 80, 0, 3), (12, 78, 1, 2), 0): 38.0, ((31, 80, 0, 3), (15, 76, 1, 2), 0): 38.0, ((31, 80, 0, 3), (35, 55, 1, 2), 0): 38.0, ((31, 81, 0, 3), (3, 53, 1, 2), 0): 38.0, ((31, 81, 0, 3), (6, 64, 1, 2), 0): 38.0, ((31, 81, 0, 3), (12, 79, 1, 2), 0): 38.0, ((31, 81, 0, 3), (15, 77, 1, 2), 0): 38.0, ((31, 81, 0, 3), (30, 73, 1, 2), 0): 38.0, ((31, 81, 0, 3), (35, 65, 1, 2), 0): 38.0, ((31, 90, 0, 3), (0, 42, 6, 2), 0): 38.0, ((31, 90, 0, 3), (2, 35, 6, 1), 0): 38.0, ((31, 90, 0, 3), (3, 66, 1, 2), 0): 38.0, ((31, 90, 0, 3), (9, 40, 6, 2), 0): 38.0, ((31, 90, 0, 3), (10, 39, 6, 1), 0): 38.0, ((31, 90, 0, 3), (12, 90, 1, 3), 0): 38.0, ((31, 90, 0, 3), (15, 86, 1, 3), 0): 38.0, ((31, 90, 0, 3), (17, 44, 6, 2), 0): 38.0, ((31, 90, 0, 3), (29, 40, 6, 2), 0): 38.0, ((31, 90, 0, 3), (35, 65, 1, 2), 0): 38.0, ((31, 90, 0, 3), (31, 90, 1, 3), 0): 2361.0, ((31, 96, 0, 3), (0, 51, 6, 2), 0): 38.0, ((31, 96, 0, 3), (2, 42, 6, 2), 0): 38.0, ((31, 96, 0, 3), (3, 68, 1, 2), 0): 38.0, ((31, 96, 0, 3), (6, 79, 1, 2), 0): 38.0, ((31, 96, 0, 3), (8, 40, 6, 2), 0): 38.0, ((31, 96, 0, 3), (9, 43, 6, 2), 0): 38.0, ((31, 96, 0, 3), (10, 48, 6, 2), 0): 38.0, ((31, 96, 0, 3), (12, 97, 1, 3), 0): 38.0, ((31, 96, 0, 3), (15, 96, 1, 3), 0): 38.0, ((31, 96, 0, 3), (17, 47, 6, 2), 0): 38.0, ((31, 96, 0, 3), (29, 49, 6, 2), 0): 38.0, ((31, 96, 0, 3), (30, 86, 1, 3), 0): 38.0, ((31, 96, 0, 3), (35, 72, 1, 2), 0): 38.0, ((31, 98, 0, 3), (0, 51, 6, 2), 0): 38.0, ((31, 98, 0, 3), (3, 71, 1, 2), 0): 38.0, ((31, 98, 0, 3), (6, 79, 1, 2), 0): 38.0, ((31, 98, 0, 3), (8, 42, 6, 2), 0): 38.0, ((31, 98, 0, 3), (9, 45, 6, 2), 0): 38.0, ((31, 98, 0, 3), (10, 48, 6, 2), 0): 38.0, ((31, 98, 0, 3), (12, 97, 1, 3), 0): 38.0, ((31, 98, 0, 3), (15, 96, 1, 3), 0): 38.0, ((31, 98, 0, 3), (17, 49, 6, 2), 0): 38.0, ((31, 98, 0, 3), (29, 49, 6, 2), 0): 38.0, ((31, 98, 0, 3), (35, 73, 1, 2), 0): 38.0, ((31, 100, 0, 3), (0, 52, 6, 2), 0): 38.0, ((31, 100, 0, 3), (3, 72, 1, 2), 0): 38.0, ((31, 100, 0, 3), (3, 100, 1, 3), 0): 17398.0, ((31, 100, 0, 3), (6, 81, 1, 3), 0): 38.0, ((31, 100, 0, 3), (8, 44, 6, 2), 0): 38.0, ((31, 100, 0, 3), (9, 47, 6, 2), 0): 38.0, ((31, 100, 0, 3), (10, 49, 6, 2), 0): 38.0, ((31, 100, 0, 3), (11, 18, 6, 1), 0): 22.0, ((31, 100, 0, 3), (12, 98, 1, 3), 0): 38.0, ((31, 100, 0, 3), (15, 96, 1, 3), 0): 38.0, ((31, 100, 0, 3), (15, 100, 1, 3), 0): 59801.0, ((31, 100, 0, 3), (16, 41, 6, 2), 0): 38.0, ((31, 100, 0, 3), (17, 51, 6, 2), 0): 38.0, ((31, 100, 0, 3), (30, 90, 1, 3), 0): 76.0, ((31, 100, 0, 3), (35, 75, 1, 2), 0): 38.0, ((31, 100, 0, 3), (31, 100, 1, 3), 0): 76.0}
a: {20: 1.0, 36: 1.0}
n: {9: 14.0, 11: 22.0}
{0: (34.421443, -119.684178), 1: (38.164391, -112.278183), 2: (34.4349097, -119.9212861), 3: (34.689589, -118.130371), 4: (35.400164, -119.399727), 5: (38.7747705, -119.9029911), 6: (33.9541734, -117.5556971), 7: (36.009923, -114.784826), 8: (35.3002628, -119.0381956), 9: (34.118101, -116.45646), 10: (34.4425082, -119.7812613), 11: (36.075856, -119.043996), 12: (33.8722233, -118.2654222), 13: (35.263617, -112.194139), 14: (37.72495, -113.056978), 15: (33.7885884, -118.2150827), 16: (32.596725, -117.019495), 17: (34.886448, -117.079423), 18: (35.9874334, -119.961999), 19: (35.01643, -110.675005), 20: (33.30006, -111.96835), 21: (38.786621, -112.084147), 22: (32.794671, -115.539473), 23: (36.220567, -115.125553), 24: (33.3021433, -111.9552863), 25: (33.39639, -110.76888), 26: (37.8135094, -119.8800771), 27: (37.161682, -113.434692), 28: (36.72136, -119.761165), 29: (33.8310496, -116.5452277), 30: (34.12755, -118.443664), 31: (33.899899, -118.207088), 32: (33.0390751, -117.2841996), 33: (33.3874378, -110.7609849), 34: (32.178328, -110.960207), 35: (34.02094, -117.385415), 36: (33.603063, -114.598023)}
(((26, np.int64(100), np.int64(0), 3), (26, 100, 35, 3), 0),)
(((31, np.int64(72), np.int64(0), 2), (31, 72, 35, 2), 0),)
(((31, np.int64(100), np.int64(0), 3), (6, 81, 1, 3), 0), ((6, 81, 1, 3), (9, 52, 1, 2), 0), ((9, 52, 1, 2), (9, 100, 1, 3), 0), ((9, 100, 1, 3), (36, 41, 6, 2), 0), ((36, 41, 6, 2), (36, 59, 6, 2), 0), ((36, 59, 6, 2), (36, 80, 6, 3), 0), ((36, 80, 6, 3), (20, 0, 16, 0), 0), ((20, 0, 16, 0), (20, 0, 35, 0), 0))
New edge added:  ((31, np.int64(100), np.int64(0), 3), (6, np.int64(81), np.int64(3), 3), 0)  Edge removed:  ((31, np.int64(100), np.int64(0), 3), (6, 81, 1, 3), 0)
Solution cannot be extended to a feasible solution, updating network...
{'x_load': {((26, np.int64(100), np.int64(0), 3), (26, np.int64(100), 35, 3)): 2.0, ((31, np.int64(72), np.int64(0), 2), (31, np.int64(72), 35, 2)): 2.0, ((31, np.int64(100), np.int64(0), 3), (6, np.int64(81), np.int64(3), 3)): 14.0, ((6, np.int64(81), np.int64(3), 3), (9, np.int64(48), np.int64(7), 2)): 14.0, ((9, np.int64(48), np.int64(7), 2), (9, np.int64(96), np.int64(8), 3)): 14.0, ((9, np.int64(96), np.int64(8), 3), (36, np.int64(37), np.int64(15), 1)): 14.0, ((36, np.int64(37), np.int64(15), 1), (36, np.int64(55), np.int64(17), 2)): 14.0, ((36, np.int64(55), np.int64(17), 2), (36, np.int64(76), np.int64(20), 2)): 14.0, ((36, np.int64(76), np.int64(20), 2), (36, np.int64(76), 35, 2)): 14.0, ((31, np.int64(100), np.int64(0), 3), (11, np.int64(18), np.int64(10), 1)): 22.0, ((11, np.int64(18), np.int64(10), 1), (11, np.int64(69), np.int64(11), 2)): 22.0, ((11, np.int64(69), np.int64(11), 2), (26, np.int64(2), np.int64(19), 0)): 22.0, ((26, np.int64(2), np.int64(19), 0), (26, np.int64(2), 35, 0)): 22.0}, 'x_ener': {((9, np.int64(100), np.int64(0), 3), (9, np.int64(100), np.int64(1), 3)): 14.0, ((9, np.int64(100), np.int64(1), 3), (36, np.int64(41), np.int64(8), 2)): 14.0, ((36, np.int64(41), np.int64(8), 2), (36, np.int64(59), np.int64(10), 2)): 14.0, ((36, np.int64(59), np.int64(10), 2), (36, np.int64(80), np.int64(13), 3)): 14.0, ((36, np.int64(80), np.int64(13), 3), (20, np.int64(0), np.int64(23), 0)): 14.0, ((20, np.int64(0), np.int64(23), 0), (20, np.int64(7), np.int64(24), 0)): 14.0, ((20, np.int64(7), np.int64(24), 0), (20, np.int64(10), np.int64(25), 1)): 14.0, ((20, np.int64(10), np.int64(25), 1), (20, np.int64(27), np.int64(28), 1)): 14.0, ((20, np.int64(27), np.int64(28), 1), (20, np.int64(29), np.int64(29), 1)): 14.0, ((20, np.int64(29), np.int64(29), 1), (20, np.int64(40), np.int64(31), 2)): 14.0, ((20, np.int64(40), np.int64(31), 2), (20, np.int64(44), np.int64(32), 2)): 14.0, ((20, np.int64(44), np.int64(32), 2), (20, np.int64(49), np.int64(33), 2)): 14.0, ((20, np.int64(49), np.int64(33), 2), (24, np.int64(49), np.int64(34), 2)): 14.0, ((24, np.int64(49), np.int64(34), 2), (20, np.int64(49), np.int64(35), 2)): 14.0, ((11, np.int64(73), np.int64(0), 2), (11, np.int64(73), np.int64(1), 2)): 22.0, ((11, np.int64(73), np.int64(1), 2), (11, np.int64(73), np.int64(6), 2)): 22.0, ((11, np.int64(73), np.int64(6), 2), (26, np.int64(6), np.int64(14), 0)): 22.0, ((26, np.int64(6), np.int64(14), 0), (26, np.int64(6), 35, 0)): 22.0, ((26, np.int64(46), np.int64(0), 2), (5, np.int64(12), np.int64(5), 1)): 4.0, ((5, np.int64(12), np.int64(5), 1), (5, np.int64(12), 35, 1)): 4.0, ((26, np.int64(46), np.int64(0), 2), (26, np.int64(46), np.int64(1), 2)): 2.0, ((26, np.int64(46), np.int64(1), 2), (5, np.int64(12), np.int64(6), 1)): 2.0, ((5, np.int64(12), np.int64(6), 1), (5, np.int64(12), 35, 1)): 2.0, ((26, np.int64(66), np.int64(0), 2), (28, np.int64(27), np.int64(5), 1)): 2.0, ((28, np.int64(27), np.int64(5), 1), (26, np.int64(0), np.int64(10), 0)): 2.0, ((26, np.int64(0), np.int64(10), 0), (26, np.int64(0), 35, 0)): 2.0, ((26, np.int64(66), np.int64(0), 2), (26, np.int64(66), np.int64(1), 2)): 6.0, ((26, np.int64(66), np.int64(1), 2), (28, np.int64(27), np.int64(6), 1)): 2.0, ((28, np.int64(27), np.int64(6), 1), (26, np.int64(0), np.int64(11), 0)): 2.0, ((26, np.int64(0), np.int64(11), 0), (26, np.int64(0), 35, 0)): 2.0, ((26, np.int64(66), np.int64(1), 2), (26, np.int64(66), np.int64(6), 2)): 4.0, ((26, np.int64(66), np.int64(6), 2), (28, np.int64(27), np.int64(11), 1)): 2.0, ((28, np.int64(27), np.int64(11), 1), (26, np.int64(0), np.int64(16), 0)): 2.0, ((26, np.int64(0), np.int64(16), 0), (26, np.int64(0), 35, 0)): 2.0, ((26, np.int64(66), np.int64(6), 2), (26, np.int64(66), np.int64(11), 2)): 2.0, ((26, np.int64(66), np.int64(11), 2), (28, np.int64(27), np.int64(16), 1)): 2.0, ((28, np.int64(27), np.int64(16), 1), (26, np.int64(0), np.int64(21), 0)): 2.0, ((26, np.int64(0), np.int64(21), 0), (26, np.int64(0), 35, 0)): 2.0, ((26, np.int64(80), np.int64(0), 3), (26, np.int64(80), np.int64(1), 3)): 16.0, ((26, np.int64(80), np.int64(1), 3), (26, np.int64(80), np.int64(6), 3)): 16.0, ((26, np.int64(80), np.int64(6), 3), (5, np.int64(46), np.int64(11), 2)): 14.0, ((5, np.int64(46), np.int64(11), 2), (5, np.int64(46), np.int64(16), 2)): 14.0, ((5, np.int64(46), np.int64(16), 2), (26, np.int64(12), np.int64(21), 1)): 16.0, ((26, np.int64(12), np.int64(21), 1), (26, np.int64(12), 35, 1)): 16.0, ((26, np.int64(80), np.int64(6), 3), (26, np.int64(80), np.int64(11), 3)): 2.0, ((26, np.int64(80), np.int64(11), 3), (5, np.int64(46), np.int64(16), 2)): 2.0, ((26, np.int64(100), np.int64(0), 3), (26, np.int64(100), np.int64(1), 3)): 34.0, ((26, np.int64(100), np.int64(1), 3), (26, np.int64(100), np.int64(6), 3)): 34.0, ((26, np.int64(100), np.int64(6), 3), (5, np.int64(77), np.int64(11), 2)): 2.0, ((5, np.int64(77), np.int64(11), 2), (26, np.int64(43), np.int64(16), 2)): 2.0, ((26, np.int64(43), np.int64(16), 2), (5, np.int64(20), np.int64(21), 1)): 2.0, ((5, np.int64(20), np.int64(21), 1), (5, np.int64(20), 35, 1)): 2.0, ((26, np.int64(100), np.int64(6), 3), (26, np.int64(100), np.int64(11), 3)): 32.0, ((26, np.int64(100), np.int64(11), 3), (5, np.int64(77), np.int64(16), 2)): 32.0, ((5, np.int64(77), np.int64(16), 2), (26, np.int64(43), np.int64(21), 2)): 6.0, ((26, np.int64(43), np.int64(21), 2), (26, np.int64(43), 35, 2)): 6.0, ((5, np.int64(77), np.int64(16), 2), (5, np.int64(77), np.int64(21), 2)): 26.0, ((5, np.int64(77), np.int64(21), 2), (26, np.int64(43), np.int64(26), 2)): 14.0, ((26, np.int64(43), np.int64(26), 2), (26, np.int64(43), 35, 2)): 14.0, ((5, np.int64(77), np.int64(21), 2), (5, np.int64(77), np.int64(26), 2)): 12.0, ((5, np.int64(77), np.int64(26), 2), (26, np.int64(43), np.int64(31), 2)): 12.0, ((26, np.int64(43), np.int64(31), 2), (26, np.int64(43), 35, 2)): 12.0, ((26, np.int64(100), np.int64(0), 3), (8, np.int64(35), np.int64(12), 1)): 44.0, ((8, np.int64(35), np.int64(12), 1), (8, np.int64(35), 35, 1)): 44.0, ((31, np.int64(6), np.int64(0), 0), (12, np.int64(4), np.int64(1), 0)): 38.0, ((12, np.int64(4), np.int64(1), 0), (31, np.int64(3), np.int64(2), 0)): 38.0, ((31, np.int64(3), np.int64(2), 0), (31, np.int64(3), 35, 0)): 38.0, ((31, np.int64(6), np.int64(0), 0), (15, np.int64(2), np.int64(1), 0)): 38.0, ((15, np.int64(2), np.int64(1), 0), (31, np.int64(0), np.int64(2), 0)): 38.0, ((31, np.int64(0), np.int64(2), 0), (31, np.int64(0), 35, 0)): 38.0, ((31, np.int64(8), np.int64(0), 0), (12, np.int64(6), np.int64(1), 0)): 38.0, ((12, np.int64(6), np.int64(1), 0), (31, np.int64(5), np.int64(2), 0)): 38.0, ((31, np.int64(5), np.int64(2), 0), (31, np.int64(5), 35, 0)): 38.0, ((31, np.int64(8), np.int64(0), 0), (15, np.int64(4), np.int64(1), 0)): 38.0, ((15, np.int64(4), np.int64(1), 0), (31, np.int64(2), np.int64(2), 0)): 38.0, ((31, np.int64(2), np.int64(2), 0), (31, np.int64(2), 35, 0)): 38.0, ((31, np.int64(12), np.int64(0), 1), (12, np.int64(10), np.int64(1), 1)): 38.0, ((12, np.int64(10), np.int64(1), 1), (30, np.int64(3), np.int64(3), 0)): 38.0, ((30, np.int64(3), np.int64(3), 0), (30, np.int64(3), 35, 0)): 38.0, ((31, np.int64(15), np.int64(0), 1), (30, np.int64(5), np.int64(2), 0)): 38.0, ((30, np.int64(5), np.int64(2), 0), (30, np.int64(5), 35, 0)): 38.0, ((31, np.int64(15), np.int64(0), 1), (15, np.int64(11), np.int64(1), 1)): 38.0, ((15, np.int64(11), np.int64(1), 1), (30, np.int64(2), np.int64(3), 0)): 38.0, ((30, np.int64(2), np.int64(3), 0), (30, np.int64(2), 35, 0)): 38.0, ((31, np.int64(15), np.int64(0), 1), (12, np.int64(13), np.int64(1), 1)): 38.0, ((12, np.int64(13), np.int64(1), 1), (15, np.int64(11), np.int64(2), 1)): 38.0, ((15, np.int64(11), np.int64(2), 1), (30, np.int64(2), np.int64(4), 0)): 38.0, ((30, np.int64(2), np.int64(4), 0), (30, np.int64(2), 35, 0)): 38.0, ((31, np.int64(18), np.int64(0), 1), (30, np.int64(8), np.int64(2), 0)): 38.0, ((30, np.int64(8), np.int64(2), 0), (12, np.int64(1), np.int64(4), 0)): 38.0, ((12, np.int64(1), np.int64(4), 0), (31, np.int64(0), np.int64(5), 0)): 38.0, ((31, np.int64(0), np.int64(5), 0), (31, np.int64(0), 35, 0)): 38.0, ((31, np.int64(18), np.int64(0), 1), (15, np.int64(14), np.int64(1), 1)): 38.0, ((15, np.int64(14), np.int64(1), 1), (31, np.int64(12), np.int64(2), 1)): 38.0, ((31, np.int64(12), np.int64(2), 1), (31, np.int64(12), 35, 1)): 38.0, ((31, np.int64(18), np.int64(0), 1), (12, np.int64(16), np.int64(1), 1)): 38.0, ((12, np.int64(16), np.int64(1), 1), (31, np.int64(15), np.int64(2), 1)): 38.0, ((31, np.int64(15), np.int64(2), 1), (31, np.int64(15), 35, 1)): 76.0, ((31, np.int64(21), np.int64(0), 1), (15, np.int64(17), np.int64(1), 1)): 38.0, ((15, np.int64(17), np.int64(1), 1), (31, np.int64(15), np.int64(2), 1)): 38.0, ((31, np.int64(21), np.int64(0), 1), (12, np.int64(19), np.int64(1), 1)): 38.0, ((12, np.int64(19), np.int64(1), 1), (15, np.int64(17), np.int64(2), 1)): 38.0, ((15, np.int64(17), np.int64(2), 1), (31, np.int64(15), np.int64(3), 1)): 38.0, ((31, np.int64(15), np.int64(3), 1), (31, np.int64(15), 35, 1)): 38.0, ((31, np.int64(24), np.int64(0), 1), (30, np.int64(14), np.int64(2), 1)): 38.0, ((30, np.int64(14), np.int64(2), 1), (31, np.int64(7), np.int64(4), 0)): 38.0, ((31, np.int64(7), np.int64(4), 0), (31, np.int64(7), 35, 0)): 38.0, ((31, np.int64(24), np.int64(0), 1), (15, np.int64(20), np.int64(1), 1)): 38.0, ((15, np.int64(20), np.int64(1), 1), (31, np.int64(18), np.int64(2), 1)): 38.0, ((31, np.int64(18), np.int64(2), 1), (31, np.int64(18), 35, 1)): 38.0, ((31, np.int64(24), np.int64(0), 1), (12, np.int64(22), np.int64(1), 1)): 38.0, ((12, np.int64(22), np.int64(1), 1), (31, np.int64(21), np.int64(2), 1)): 38.0, ((31, np.int64(21), np.int64(2), 1), (31, np.int64(21), 35, 1)): 38.0, ((31, np.int64(25), np.int64(0), 1), (30, np.int64(15), np.int64(2), 1)): 38.0, ((30, np.int64(15), np.int64(2), 1), (31, np.int64(8), np.int64(4), 0)): 38.0, ((31, np.int64(8), np.int64(4), 0), (31, np.int64(8), 35, 0)): 38.0, ((31, np.int64(25), np.int64(0), 1), (12, np.int64(23), np.int64(1), 1)): 38.0, ((12, np.int64(23), np.int64(1), 1), (31, np.int64(22), np.int64(2), 1)): 38.0, ((31, np.int64(22), np.int64(2), 1), (31, np.int64(22), 35, 1)): 38.0, ((31, np.int64(25), np.int64(0), 1), (15, np.int64(21), np.int64(1), 1)): 38.0, ((15, np.int64(21), np.int64(1), 1), (12, np.int64(19), np.int64(2), 1)): 38.0, ((12, np.int64(19), np.int64(2), 1), (31, np.int64(18), np.int64(3), 1)): 38.0, ((31, np.int64(18), np.int64(3), 1), (31, np.int64(18), 35, 1)): 38.0, ((31, np.int64(27), np.int64(0), 1), (30, np.int64(17), np.int64(2), 1)): 38.0, ((30, np.int64(17), np.int64(2), 1), (31, np.int64(10), np.int64(4), 1)): 38.0, ((31, np.int64(10), np.int64(4), 1), (31, np.int64(10), 35, 1)): 38.0, ((31, np.int64(27), np.int64(0), 1), (15, np.int64(23), np.int64(1), 1)): 38.0, ((15, np.int64(23), np.int64(1), 1), (12, np.int64(21), np.int64(2), 1)): 38.0, ((12, np.int64(21), np.int64(2), 1), (31, np.int64(20), np.int64(3), 1)): 38.0, ((31, np.int64(20), np.int64(3), 1), (31, np.int64(20), 35, 1)): 38.0, ((31, np.int64(29), np.int64(0), 1), (30, np.int64(19), np.int64(2), 1)): 38.0, ((30, np.int64(19), np.int64(2), 1), (15, np.int64(10), np.int64(4), 1)): 38.0, ((15, np.int64(10), np.int64(4), 1), (31, np.int64(8), np.int64(5), 0)): 38.0, ((31, np.int64(8), np.int64(5), 0), (31, np.int64(8), 35, 0)): 38.0, ((31, np.int64(29), np.int64(0), 1), (15, np.int64(25), np.int64(1), 1)): 38.0, ((15, np.int64(25), np.int64(1), 1), (30, np.int64(16), np.int64(3), 1)): 38.0, ((30, np.int64(16), np.int64(3), 1), (31, np.int64(9), np.int64(5), 0)): 38.0, ((31, np.int64(9), np.int64(5), 0), (31, np.int64(9), 35, 0)): 38.0, ((31, np.int64(29), np.int64(0), 1), (12, np.int64(27), np.int64(1), 1)): 38.0, ((12, np.int64(27), np.int64(1), 1), (31, np.int64(26), np.int64(2), 1)): 38.0, ((31, np.int64(26), np.int64(2), 1), (31, np.int64(26), 35, 1)): 76.0, ((31, np.int64(30), np.int64(0), 1), (15, np.int64(26), np.int64(1), 1)): 38.0, ((15, np.int64(26), np.int64(1), 1), (30, np.int64(17), np.int64(3), 1)): 38.0, ((30, np.int64(17), np.int64(3), 1), (31, np.int64(10), np.int64(5), 1)): 38.0, ((31, np.int64(10), np.int64(5), 1), (31, np.int64(10), 35, 1)): 38.0, ((31, np.int64(30), np.int64(0), 1), (30, np.int64(20), np.int64(2), 1)): 38.0, ((30, np.int64(20), np.int64(2), 1), (12, np.int64(13), np.int64(4), 1)): 38.0, ((12, np.int64(13), np.int64(4), 1), (31, np.int64(12), np.int64(5), 1)): 38.0, ((31, np.int64(12), np.int64(5), 1), (31, np.int64(12), 35, 1)): 38.0, ((31, np.int64(30), np.int64(0), 1), (12, np.int64(28), np.int64(1), 1)): 38.0, ((12, np.int64(28), np.int64(1), 1), (31, np.int64(27), np.int64(2), 1)): 38.0, ((31, np.int64(27), np.int64(2), 1), (31, np.int64(27), 35, 1)): 38.0, ((31, np.int64(31), np.int64(0), 1), (30, np.int64(21), np.int64(2), 1)): 38.0, ((30, np.int64(21), np.int64(2), 1), (12, np.int64(14), np.int64(4), 1)): 38.0, ((12, np.int64(14), np.int64(4), 1), (31, np.int64(13), np.int64(5), 1)): 38.0, ((31, np.int64(13), np.int64(5), 1), (31, np.int64(13), 35, 1)): 38.0, ((31, np.int64(31), np.int64(0), 1), (15, np.int64(27), np.int64(1), 1)): 38.0, ((15, np.int64(27), np.int64(1), 1), (31, np.int64(25), np.int64(2), 1)): 38.0, ((31, np.int64(25), np.int64(2), 1), (31, np.int64(25), 35, 1)): 38.0, ((31, np.int64(31), np.int64(0), 1), (12, np.int64(29), np.int64(1), 1)): 38.0, ((12, np.int64(29), np.int64(1), 1), (31, np.int64(28), np.int64(2), 1)): 38.0, ((31, np.int64(28), np.int64(2), 1), (31, np.int64(28), 35, 1)): 38.0, ((31, np.int64(32), np.int64(0), 1), (30, np.int64(22), np.int64(2), 1)): 38.0, ((30, np.int64(22), np.int64(2), 1), (31, np.int64(15), np.int64(4), 1)): 38.0, ((31, np.int64(15), np.int64(4), 1), (31, np.int64(15), 35, 1)): 38.0, ((31, np.int64(32), np.int64(0), 1), (12, np.int64(30), np.int64(1), 1)): 38.0, ((12, np.int64(30), np.int64(1), 1), (30, np.int64(23), np.int64(3), 1)): 38.0, ((30, np.int64(23), np.int64(3), 1), (31, np.int64(16), np.int64(5), 1)): 38.0, ((31, np.int64(16), np.int64(5), 1), (31, np.int64(16), 35, 1)): 38.0, ((31, np.int64(32), np.int64(0), 1), (15, np.int64(28), np.int64(1), 1)): 38.0, ((15, np.int64(28), np.int64(1), 1), (31, np.int64(26), np.int64(2), 1)): 38.0, ((31, np.int64(32), np.int64(0), 1), (6, np.int64(13), np.int64(3), 1)): 38.0, ((6, np.int64(13), np.int64(3), 1), (31, np.int64(0), np.int64(6), 0)): 38.0, ((31, np.int64(0), np.int64(6), 0), (31, np.int64(0), 35, 0)): 38.0, ((31, np.int64(35), np.int64(0), 1), (6, np.int64(16), np.int64(3), 1)): 38.0, ((6, np.int64(16), np.int64(3), 1), (12, np.int64(2), np.int64(6), 0)): 38.0, ((12, np.int64(2), np.int64(6), 0), (31, np.int64(1), np.int64(7), 0)): 38.0, ((31, np.int64(1), np.int64(7), 0), (31, np.int64(1), 35, 0)): 38.0, ((31, np.int64(35), np.int64(0), 1), (15, np.int64(31), np.int64(1), 1)): 38.0, ((15, np.int64(31), np.int64(1), 1), (6, np.int64(17), np.int64(4), 1)): 38.0, ((6, np.int64(17), np.int64(4), 1), (12, np.int64(3), np.int64(7), 0)): 76.0, ((12, np.int64(3), np.int64(7), 0), (31, np.int64(2), np.int64(8), 0)): 76.0, ((31, np.int64(2), np.int64(8), 0), (31, np.int64(2), 35, 0)): 114.0, ((31, np.int64(35), np.int64(0), 1), (30, np.int64(25), np.int64(2), 1)): 38.0, ((30, np.int64(25), np.int64(2), 1), (31, np.int64(18), np.int64(4), 1)): 38.0, ((31, np.int64(18), np.int64(4), 1), (31, np.int64(18), 35, 1)): 38.0, ((31, np.int64(35), np.int64(0), 1), (12, np.int64(33), np.int64(1), 1)): 38.0, ((12, np.int64(33), np.int64(1), 1), (31, np.int64(32), np.int64(2), 1)): 38.0, ((31, np.int64(32), np.int64(2), 1), (31, np.int64(32), 35, 1)): 76.0, ((31, np.int64(36), np.int64(0), 1), (6, np.int64(17), np.int64(3), 1)): 38.0, ((6, np.int64(17), np.int64(3), 1), (12, np.int64(3), np.int64(6), 0)): 38.0, ((12, np.int64(3), np.int64(6), 0), (31, np.int64(2), np.int64(7), 0)): 38.0, ((31, np.int64(2), np.int64(7), 0), (31, np.int64(2), 35, 0)): 38.0, ((31, np.int64(36), np.int64(0), 1), (15, np.int64(32), np.int64(1), 1)): 38.0, ((15, np.int64(32), np.int64(1), 1), (6, np.int64(18), np.int64(4), 1)): 38.0, ((6, np.int64(18), np.int64(4), 1), (12, np.int64(4), np.int64(7), 0)): 38.0, ((12, np.int64(4), np.int64(7), 0), (31, np.int64(3), np.int64(8), 0)): 38.0, ((31, np.int64(3), np.int64(8), 0), (31, np.int64(3), 35, 0)): 76.0, ((31, np.int64(36), np.int64(0), 1), (30, np.int64(26), np.int64(2), 1)): 38.0, ((30, np.int64(26), np.int64(2), 1), (31, np.int64(19), np.int64(4), 1)): 38.0, ((31, np.int64(19), np.int64(4), 1), (31, np.int64(19), 35, 1)): 38.0, ((31, np.int64(36), np.int64(0), 1), (12, np.int64(34), np.int64(1), 1)): 38.0, ((12, np.int64(34), np.int64(1), 1), (15, np.int64(32), np.int64(2), 1)): 38.0, ((15, np.int64(32), np.int64(2), 1), (31, np.int64(30), np.int64(3), 1)): 38.0, ((31, np.int64(30), np.int64(3), 1), (31, np.int64(30), 35, 1)): 38.0, ((31, np.int64(38), np.int64(0), 1), (6, np.int64(19), np.int64(3), 1)): 38.0, ((6, np.int64(19), np.int64(3), 1), (12, np.int64(5), np.int64(6), 0)): 38.0, ((12, np.int64(5), np.int64(6), 0), (31, np.int64(4), np.int64(7), 0)): 38.0, ((31, np.int64(4), np.int64(7), 0), (31, np.int64(4), 35, 0)): 38.0, ((31, np.int64(38), np.int64(0), 1), (30, np.int64(28), np.int64(2), 1)): 38.0, ((30, np.int64(28), np.int64(2), 1), (31, np.int64(21), np.int64(4), 1)): 38.0, ((31, np.int64(21), np.int64(4), 1), (31, np.int64(21), 35, 1)): 38.0, ((31, np.int64(38), np.int64(0), 1), (12, np.int64(36), np.int64(1), 1)): 38.0, ((12, np.int64(36), np.int64(1), 1), (30, np.int64(29), np.int64(3), 1)): 38.0, ((30, np.int64(29), np.int64(3), 1), (12, np.int64(22), np.int64(5), 1)): 38.0, ((12, np.int64(22), np.int64(5), 1), (31, np.int64(21), np.int64(6), 1)): 38.0, ((31, np.int64(21), np.int64(6), 1), (31, np.int64(21), 35, 1)): 38.0, ((31, np.int64(38), np.int64(0), 1), (15, np.int64(34), np.int64(1), 1)): 38.0, ((15, np.int64(34), np.int64(1), 1), (31, np.int64(32), np.int64(2), 1)): 38.0, ((31, np.int64(39), np.int64(0), 1), (6, np.int64(20), np.int64(3), 1)): 38.0, ((6, np.int64(20), np.int64(3), 1), (35, np.int64(17), np.int64(4), 1)): 38.0, ((35, np.int64(17), np.int64(4), 1), (6, np.int64(14), np.int64(5), 1)): 38.0, ((6, np.int64(14), np.int64(5), 1), (12, np.int64(0), np.int64(8), 0)): 38.0, ((12, np.int64(0), np.int64(8), 0), (12, np.int64(0), 35, 0)): 38.0, ((31, np.int64(39), np.int64(0), 1), (30, np.int64(29), np.int64(2), 1)): 38.0, ((30, np.int64(29), np.int64(2), 1), (12, np.int64(22), np.int64(4), 1)): 38.0, ((12, np.int64(22), np.int64(4), 1), (31, np.int64(21), np.int64(5), 1)): 38.0, ((31, np.int64(21), np.int64(5), 1), (31, np.int64(21), 35, 1)): 76.0, ((31, np.int64(39), np.int64(0), 1), (12, np.int64(37), np.int64(1), 1)): 38.0, ((12, np.int64(37), np.int64(1), 1), (30, np.int64(30), np.int64(3), 1)): 38.0, ((30, np.int64(30), np.int64(3), 1), (12, np.int64(23), np.int64(5), 1)): 38.0, ((12, np.int64(23), np.int64(5), 1), (31, np.int64(22), np.int64(6), 1)): 38.0, ((31, np.int64(22), np.int64(6), 1), (31, np.int64(22), 35, 1)): 38.0, ((31, np.int64(39), np.int64(0), 1), (15, np.int64(35), np.int64(1), 1)): 38.0, ((15, np.int64(35), np.int64(1), 1), (31, np.int64(33), np.int64(2), 1)): 38.0, ((31, np.int64(33), np.int64(2), 1), (31, np.int64(33), 35, 1)): 38.0, ((31, np.int64(40), np.int64(0), 2), (6, np.int64(21), np.int64(3), 1)): 38.0, ((6, np.int64(21), np.int64(3), 1), (31, np.int64(8), np.int64(6), 0)): 38.0, ((31, np.int64(8), np.int64(6), 0), (31, np.int64(8), 35, 0)): 76.0, ((31, np.int64(40), np.int64(0), 2), (30, np.int64(30), np.int64(2), 1)): 38.0, ((30, np.int64(30), np.int64(2), 1), (12, np.int64(23), np.int64(4), 1)): 38.0, ((12, np.int64(23), np.int64(4), 1), (31, np.int64(22), np.int64(5), 1)): 38.0, ((31, np.int64(22), np.int64(5), 1), (31, np.int64(22), 35, 1)): 38.0, ((31, np.int64(40), np.int64(0), 2), (15, np.int64(36), np.int64(1), 1)): 38.0, ((15, np.int64(36), np.int64(1), 1), (31, np.int64(34), np.int64(2), 1)): 38.0, ((31, np.int64(34), np.int64(2), 1), (31, np.int64(34), 35, 1)): 38.0, ((31, np.int64(40), np.int64(0), 2), (12, np.int64(38), np.int64(1), 1)): 38.0, ((12, np.int64(38), np.int64(1), 1), (31, np.int64(37), np.int64(2), 1)): 38.0, ((31, np.int64(37), np.int64(2), 1), (31, np.int64(37), 35, 1)): 38.0, ((31, np.int64(41), np.int64(0), 2), (35, np.int64(16), np.int64(3), 1)): 38.0, ((35, np.int64(16), np.int64(3), 1), (6, np.int64(13), np.int64(4), 1)): 38.0, ((6, np.int64(13), np.int64(4), 1), (6, np.int64(13), 35, 1)): 38.0, ((31, np.int64(41), np.int64(0), 2), (6, np.int64(22), np.int64(3), 1)): 38.0, ((6, np.int64(22), np.int64(3), 1), (31, np.int64(9), np.int64(6), 0)): 38.0, ((31, np.int64(9), np.int64(6), 0), (31, np.int64(9), 35, 0)): 76.0, ((31, np.int64(41), np.int64(0), 2), (15, np.int64(37), np.int64(1), 1)): 38.0, ((15, np.int64(37), np.int64(1), 1), (30, np.int64(28), np.int64(3), 1)): 38.0, ((30, np.int64(28), np.int64(3), 1), (31, np.int64(21), np.int64(5), 1)): 38.0, ((31, np.int64(41), np.int64(0), 2), (30, np.int64(31), np.int64(2), 1)): 38.0, ((30, np.int64(31), np.int64(2), 1), (12, np.int64(24), np.int64(4), 1)): 38.0, ((12, np.int64(24), np.int64(4), 1), (31, np.int64(23), np.int64(5), 1)): 38.0, ((31, np.int64(23), np.int64(5), 1), (31, np.int64(23), 35, 1)): 38.0, ((31, np.int64(41), np.int64(0), 2), (12, np.int64(39), np.int64(1), 1)): 38.0, ((12, np.int64(39), np.int64(1), 1), (31, np.int64(38), np.int64(2), 1)): 38.0, ((31, np.int64(38), np.int64(2), 1), (31, np.int64(38), 35, 1)): 76.0, ((31, np.int64(44), np.int64(0), 2), (35, np.int64(19), np.int64(3), 1)): 38.0, ((35, np.int64(19), np.int64(3), 1), (6, np.int64(16), np.int64(4), 1)): 38.0, ((6, np.int64(16), np.int64(4), 1), (12, np.int64(2), np.int64(7), 0)): 38.0, ((12, np.int64(2), np.int64(7), 0), (31, np.int64(1), np.int64(8), 0)): 38.0, ((31, np.int64(1), np.int64(8), 0), (31, np.int64(1), 35, 0)): 38.0, ((31, np.int64(44), np.int64(0), 2), (6, np.int64(25), np.int64(3), 1)): 38.0, ((6, np.int64(25), np.int64(3), 1), (31, np.int64(12), np.int64(6), 1)): 38.0, ((31, np.int64(12), np.int64(6), 1), (31, np.int64(12), 35, 1)): 38.0, ((31, np.int64(44), np.int64(0), 2), (30, np.int64(34), np.int64(2), 1)): 38.0, ((30, np.int64(34), np.int64(2), 1), (12, np.int64(27), np.int64(4), 1)): 38.0, ((12, np.int64(27), np.int64(4), 1), (31, np.int64(26), np.int64(5), 1)): 38.0, ((31, np.int64(26), np.int64(5), 1), (31, np.int64(26), 35, 1)): 38.0, ((31, np.int64(44), np.int64(0), 2), (15, np.int64(40), np.int64(1), 2)): 38.0, ((15, np.int64(40), np.int64(1), 2), (31, np.int64(38), np.int64(2), 1)): 38.0, ((31, np.int64(44), np.int64(0), 2), (12, np.int64(42), np.int64(1), 2)): 38.0, ((12, np.int64(42), np.int64(1), 2), (15, np.int64(40), np.int64(2), 2)): 38.0, ((15, np.int64(40), np.int64(2), 2), (31, np.int64(38), np.int64(3), 1)): 38.0, ((31, np.int64(38), np.int64(3), 1), (31, np.int64(38), 35, 1)): 38.0, ((31, np.int64(45), np.int64(0), 2), (35, np.int64(20), np.int64(3), 1)): 38.0, ((35, np.int64(20), np.int64(3), 1), (6, np.int64(17), np.int64(4), 1)): 38.0, ((31, np.int64(45), np.int64(0), 2), (6, np.int64(26), np.int64(3), 1)): 38.0, ((6, np.int64(26), np.int64(3), 1), (31, np.int64(13), np.int64(6), 1)): 38.0, ((31, np.int64(13), np.int64(6), 1), (31, np.int64(13), 35, 1)): 76.0, ((31, np.int64(45), np.int64(0), 2), (30, np.int64(35), np.int64(2), 1)): 38.0, ((30, np.int64(35), np.int64(2), 1), (31, np.int64(28), np.int64(4), 1)): 38.0, ((31, np.int64(28), np.int64(4), 1), (31, np.int64(28), 35, 1)): 38.0, ((31, np.int64(45), np.int64(0), 2), (12, np.int64(43), np.int64(1), 2)): 38.0, ((12, np.int64(43), np.int64(1), 2), (15, np.int64(41), np.int64(2), 2)): 38.0, ((15, np.int64(41), np.int64(2), 2), (31, np.int64(39), np.int64(3), 1)): 38.0, ((31, np.int64(39), np.int64(3), 1), (31, np.int64(39), 35, 1)): 38.0, ((31, np.int64(47), np.int64(0), 2), (3, np.int64(19), np.int64(4), 1)): 38.0, ((3, np.int64(19), np.int64(4), 1), (31, np.int64(0), np.int64(8), 0)): 38.0, ((31, np.int64(0), np.int64(8), 0), (31, np.int64(0), 35, 0)): 38.0, ((31, np.int64(47), np.int64(0), 2), (35, np.int64(22), np.int64(3), 1)): 38.0, ((35, np.int64(22), np.int64(3), 1), (6, np.int64(19), np.int64(4), 1)): 38.0, ((6, np.int64(19), np.int64(4), 1), (12, np.int64(5), np.int64(7), 0)): 38.0, ((12, np.int64(5), np.int64(7), 0), (31, np.int64(4), np.int64(8), 0)): 38.0, ((31, np.int64(4), np.int64(8), 0), (31, np.int64(4), 35, 0)): 76.0, ((31, np.int64(47), np.int64(0), 2), (6, np.int64(28), np.int64(3), 1)): 38.0, ((6, np.int64(28), np.int64(3), 1), (15, np.int64(14), np.int64(6), 1)): 38.0, ((15, np.int64(14), np.int64(6), 1), (31, np.int64(12), np.int64(7), 1)): 38.0, ((31, np.int64(12), np.int64(7), 1), (31, np.int64(12), 35, 1)): 38.0, ((31, np.int64(47), np.int64(0), 2), (12, np.int64(45), np.int64(1), 2)): 38.0, ((12, np.int64(45), np.int64(1), 2), (6, np.int64(31), np.int64(4), 1)): 38.0, ((6, np.int64(31), np.int64(4), 1), (12, np.int64(17), np.int64(7), 1)): 38.0, ((12, np.int64(17), np.int64(7), 1), (31, np.int64(16), np.int64(8), 1)): 38.0, ((31, np.int64(16), np.int64(8), 1), (31, np.int64(16), 35, 1)): 38.0, ((31, np.int64(47), np.int64(0), 2), (30, np.int64(37), np.int64(2), 1)): 38.0, ((30, np.int64(37), np.int64(2), 1), (31, np.int64(30), np.int64(4), 1)): 38.0, ((31, np.int64(30), np.int64(4), 1), (31, np.int64(30), 35, 1)): 38.0, ((31, np.int64(47), np.int64(0), 2), (15, np.int64(43), np.int64(1), 2)): 38.0, ((15, np.int64(43), np.int64(1), 2), (31, np.int64(41), np.int64(2), 2)): 38.0, ((31, np.int64(41), np.int64(2), 2), (31, np.int64(41), 35, 2)): 38.0, ((31, np.int64(49), np.int64(0), 2), (3, np.int64(21), np.int64(4), 1)): 38.0, ((3, np.int64(21), np.int64(4), 1), (31, np.int64(2), np.int64(8), 0)): 38.0, ((31, np.int64(49), np.int64(0), 2), (35, np.int64(24), np.int64(3), 1)): 38.0, ((35, np.int64(24), np.int64(3), 1), (31, np.int64(7), np.int64(6), 0)): 38.0, ((31, np.int64(7), np.int64(6), 0), (31, np.int64(7), 35, 0)): 38.0, ((31, np.int64(49), np.int64(0), 2), (15, np.int64(45), np.int64(1), 2)): 38.0, ((15, np.int64(45), np.int64(1), 2), (35, np.int64(27), np.int64(5), 1)): 38.0, ((35, np.int64(27), np.int64(5), 1), (31, np.int64(10), np.int64(8), 1)): 38.0, ((31, np.int64(10), np.int64(8), 1), (31, np.int64(10), 35, 1)): 38.0, ((31, np.int64(49), np.int64(0), 2), (6, np.int64(30), np.int64(3), 1)): 38.0, ((6, np.int64(30), np.int64(3), 1), (12, np.int64(16), np.int64(6), 1)): 38.0, ((12, np.int64(16), np.int64(6), 1), (31, np.int64(15), np.int64(7), 1)): 38.0, ((31, np.int64(15), np.int64(7), 1), (31, np.int64(15), 35, 1)): 38.0, ((31, np.int64(49), np.int64(0), 2), (30, np.int64(39), np.int64(2), 1)): 38.0, ((30, np.int64(39), np.int64(2), 1), (31, np.int64(32), np.int64(4), 1)): 38.0, ((31, np.int64(32), np.int64(4), 1), (31, np.int64(32), 35, 1)): 38.0, ((31, np.int64(49), np.int64(0), 2), (12, np.int64(47), np.int64(1), 2)): 38.0, ((12, np.int64(47), np.int64(1), 2), (31, np.int64(46), np.int64(2), 2)): 38.0, ((31, np.int64(46), np.int64(2), 2), (31, np.int64(46), 35, 2)): 38.0, ((31, np.int64(50), np.int64(0), 2), (3, np.int64(22), np.int64(4), 1)): 38.0, ((3, np.int64(22), np.int64(4), 1), (31, np.int64(3), np.int64(8), 0)): 38.0, ((31, np.int64(50), np.int64(0), 2), (35, np.int64(25), np.int64(3), 1)): 38.0, ((35, np.int64(25), np.int64(3), 1), (31, np.int64(8), np.int64(6), 0)): 38.0, ((31, np.int64(50), np.int64(0), 2), (15, np.int64(46), np.int64(1), 2)): 38.0, ((15, np.int64(46), np.int64(1), 2), (35, np.int64(28), np.int64(5), 1)): 38.0, ((35, np.int64(28), np.int64(5), 1), (31, np.int64(11), np.int64(8), 1)): 38.0, ((31, np.int64(11), np.int64(8), 1), (31, np.int64(11), 35, 1)): 38.0, ((31, np.int64(50), np.int64(0), 2), (6, np.int64(31), np.int64(3), 1)): 38.0, ((6, np.int64(31), np.int64(3), 1), (12, np.int64(17), np.int64(6), 1)): 38.0, ((12, np.int64(17), np.int64(6), 1), (31, np.int64(16), np.int64(7), 1)): 38.0, ((31, np.int64(16), np.int64(7), 1), (31, np.int64(16), 35, 1)): 76.0, ((31, np.int64(50), np.int64(0), 2), (30, np.int64(40), np.int64(2), 2)): 38.0, ((30, np.int64(40), np.int64(2), 2), (12, np.int64(33), np.int64(4), 1)): 38.0, ((12, np.int64(33), np.int64(4), 1), (31, np.int64(32), np.int64(5), 1)): 38.0, ((31, np.int64(32), np.int64(5), 1), (31, np.int64(32), 35, 1)): 38.0, ((31, np.int64(50), np.int64(0), 2), (12, np.int64(48), np.int64(1), 2)): 38.0, ((12, np.int64(48), np.int64(1), 2), (31, np.int64(47), np.int64(2), 2)): 38.0, ((31, np.int64(47), np.int64(2), 2), (31, np.int64(47), 35, 2)): 38.0, ((31, np.int64(51), np.int64(0), 2), (3, np.int64(23), np.int64(4), 1)): 38.0, ((3, np.int64(23), np.int64(4), 1), (31, np.int64(4), np.int64(8), 0)): 38.0, ((31, np.int64(51), np.int64(0), 2), (30, np.int64(41), np.int64(2), 2)): 38.0, ((30, np.int64(41), np.int64(2), 2), (3, np.int64(26), np.int64(5), 1)): 38.0, ((3, np.int64(26), np.int64(5), 1), (31, np.int64(7), np.int64(9), 0)): 38.0, ((31, np.int64(7), np.int64(9), 0), (31, np.int64(7), 35, 0)): 38.0, ((31, np.int64(51), np.int64(0), 2), (35, np.int64(26), np.int64(3), 1)): 38.0, ((35, np.int64(26), np.int64(3), 1), (31, np.int64(9), np.int64(6), 0)): 38.0, ((31, np.int64(51), np.int64(0), 2), (6, np.int64(32), np.int64(3), 1)): 38.0, ((6, np.int64(32), np.int64(3), 1), (31, np.int64(19), np.int64(6), 1)): 38.0, ((31, np.int64(19), np.int64(6), 1), (31, np.int64(19), 35, 1)): 76.0, ((31, np.int64(51), np.int64(0), 2), (15, np.int64(47), np.int64(1), 2)): 38.0, ((15, np.int64(47), np.int64(1), 2), (12, np.int64(45), np.int64(2), 2)): 38.0, ((12, np.int64(45), np.int64(2), 2), (31, np.int64(44), np.int64(3), 2)): 38.0, ((31, np.int64(44), np.int64(3), 2), (31, np.int64(44), 35, 2)): 38.0, ((31, np.int64(51), np.int64(0), 2), (12, np.int64(49), np.int64(1), 2)): 38.0, ((12, np.int64(49), np.int64(1), 2), (31, np.int64(48), np.int64(2), 2)): 38.0, ((31, np.int64(48), np.int64(2), 2), (31, np.int64(48), 35, 2)): 38.0, ((31, np.int64(52), np.int64(0), 2), (3, np.int64(24), np.int64(4), 1)): 38.0, ((3, np.int64(24), np.int64(4), 1), (12, np.int64(4), np.int64(8), 0)): 38.0, ((12, np.int64(4), np.int64(8), 0), (31, np.int64(3), np.int64(9), 0)): 38.0, ((31, np.int64(3), np.int64(9), 0), (31, np.int64(3), 35, 0)): 38.0, ((31, np.int64(52), np.int64(0), 2), (35, np.int64(27), np.int64(3), 1)): 38.0, ((35, np.int64(27), np.int64(3), 1), (31, np.int64(10), np.int64(6), 1)): 38.0, ((31, np.int64(10), np.int64(6), 1), (31, np.int64(10), 35, 1)): 38.0, ((31, np.int64(52), np.int64(0), 2), (6, np.int64(33), np.int64(3), 1)): 38.0, ((6, np.int64(33), np.int64(3), 1), (31, np.int64(20), np.int64(6), 1)): 38.0, ((31, np.int64(20), np.int64(6), 1), (31, np.int64(20), 35, 1)): 38.0, ((31, np.int64(52), np.int64(0), 2), (30, np.int64(42), np.int64(2), 2)): 38.0, ((30, np.int64(42), np.int64(2), 2), (15, np.int64(33), np.int64(4), 1)): 38.0, ((15, np.int64(33), np.int64(4), 1), (31, np.int64(31), np.int64(5), 1)): 38.0, ((31, np.int64(31), np.int64(5), 1), (31, np.int64(31), 35, 1)): 38.0, ((31, np.int64(52), np.int64(0), 2), (12, np.int64(50), np.int64(1), 2)): 38.0, ((12, np.int64(50), np.int64(1), 2), (30, np.int64(43), np.int64(3), 2)): 38.0, ((30, np.int64(43), np.int64(3), 2), (31, np.int64(36), np.int64(5), 1)): 38.0, ((31, np.int64(36), np.int64(5), 1), (31, np.int64(36), 35, 1)): 38.0, ((31, np.int64(52), np.int64(0), 2), (15, np.int64(48), np.int64(1), 2)): 38.0, ((15, np.int64(48), np.int64(1), 2), (12, np.int64(46), np.int64(2), 2)): 38.0, ((12, np.int64(46), np.int64(2), 2), (31, np.int64(45), np.int64(3), 2)): 38.0, ((31, np.int64(45), np.int64(3), 2), (31, np.int64(45), 35, 2)): 38.0, ((31, np.int64(55), np.int64(0), 2), (3, np.int64(27), np.int64(4), 1)): 38.0, ((3, np.int64(27), np.int64(4), 1), (31, np.int64(8), np.int64(8), 0)): 38.0, ((31, np.int64(8), np.int64(8), 0), (31, np.int64(8), 35, 0)): 38.0, ((31, np.int64(55), np.int64(0), 2), (35, np.int64(30), np.int64(3), 1)): 38.0, ((35, np.int64(30), np.int64(3), 1), (31, np.int64(13), np.int64(6), 1)): 38.0, ((31, np.int64(55), np.int64(0), 2), (12, np.int64(53), np.int64(1), 2)): 38.0, ((12, np.int64(53), np.int64(1), 2), (3, np.int64(33), np.int64(5), 1)): 38.0, ((3, np.int64(33), np.int64(5), 1), (31, np.int64(14), np.int64(9), 1)): 38.0, ((31, np.int64(14), np.int64(9), 1), (31, np.int64(14), 35, 1)): 38.0, ((31, np.int64(55), np.int64(0), 2), (6, np.int64(36), np.int64(3), 1)): 38.0, ((6, np.int64(36), np.int64(3), 1), (35, np.int64(33), np.int64(4), 1)): 38.0, ((35, np.int64(33), np.int64(4), 1), (31, np.int64(16), np.int64(7), 1)): 38.0, ((31, np.int64(55), np.int64(0), 2), (30, np.int64(45), np.int64(2), 2)): 38.0, ((30, np.int64(45), np.int64(2), 2), (31, np.int64(38), np.int64(4), 1)): 38.0, ((31, np.int64(38), np.int64(4), 1), (31, np.int64(38), 35, 1)): 38.0, ((31, np.int64(59), np.int64(0), 2), (3, np.int64(31), np.int64(4), 1)): 38.0, ((3, np.int64(31), np.int64(4), 1), (31, np.int64(12), np.int64(8), 1)): 38.0, ((31, np.int64(12), np.int64(8), 1), (31, np.int64(12), 35, 1)): 38.0, ((31, np.int64(59), np.int64(0), 2), (35, np.int64(34), np.int64(3), 1)): 38.0, ((35, np.int64(34), np.int64(3), 1), (12, np.int64(16), np.int64(7), 1)): 38.0, ((12, np.int64(16), np.int64(7), 1), (31, np.int64(15), np.int64(8), 1)): 38.0, ((31, np.int64(15), np.int64(8), 1), (31, np.int64(15), 35, 1)): 38.0, ((31, np.int64(59), np.int64(0), 2), (30, np.int64(49), np.int64(2), 2)): 38.0, ((30, np.int64(49), np.int64(2), 2), (3, np.int64(34), np.int64(5), 1)): 38.0, ((3, np.int64(34), np.int64(5), 1), (31, np.int64(15), np.int64(9), 1)): 38.0, ((31, np.int64(15), np.int64(9), 1), (31, np.int64(15), 35, 1)): 38.0, ((31, np.int64(59), np.int64(0), 2), (6, np.int64(40), np.int64(3), 2)): 38.0, ((6, np.int64(40), np.int64(3), 2), (35, np.int64(37), np.int64(4), 1)): 38.0, ((35, np.int64(37), np.int64(4), 1), (31, np.int64(20), np.int64(7), 1)): 38.0, ((31, np.int64(20), np.int64(7), 1), (31, np.int64(20), 35, 1)): 38.0, ((31, np.int64(59), np.int64(0), 2), (12, np.int64(57), np.int64(1), 2)): 38.0, ((12, np.int64(57), np.int64(1), 2), (31, np.int64(56), np.int64(2), 2)): 38.0, ((31, np.int64(56), np.int64(2), 2), (31, np.int64(56), 35, 2)): 38.0, ((31, np.int64(59), np.int64(0), 2), (15, np.int64(55), np.int64(1), 2)): 38.0, ((15, np.int64(55), np.int64(1), 2), (12, np.int64(53), np.int64(2), 2)): 38.0, ((12, np.int64(53), np.int64(2), 2), (31, np.int64(52), np.int64(3), 2)): 38.0, ((31, np.int64(52), np.int64(3), 2), (31, np.int64(52), 35, 2)): 38.0, ((31, np.int64(61), np.int64(0), 2), (3, np.int64(33), np.int64(4), 1)): 38.0, ((3, np.int64(33), np.int64(4), 1), (31, np.int64(14), np.int64(8), 1)): 38.0, ((31, np.int64(14), np.int64(8), 1), (31, np.int64(14), 35, 1)): 38.0, ((31, np.int64(61), np.int64(0), 2), (30, np.int64(51), np.int64(2), 2)): 38.0, ((30, np.int64(51), np.int64(2), 2), (3, np.int64(36), np.int64(5), 1)): 38.0, ((3, np.int64(36), np.int64(5), 1), (31, np.int64(17), np.int64(9), 1)): 38.0, ((31, np.int64(17), np.int64(9), 1), (31, np.int64(17), 35, 1)): 38.0, ((31, np.int64(61), np.int64(0), 2), (35, np.int64(36), np.int64(3), 1)): 38.0, ((35, np.int64(36), np.int64(3), 1), (31, np.int64(19), np.int64(6), 1)): 38.0, ((31, np.int64(61), np.int64(0), 2), (6, np.int64(42), np.int64(3), 2)): 38.0, ((6, np.int64(42), np.int64(3), 2), (35, np.int64(39), np.int64(4), 1)): 38.0, ((35, np.int64(39), np.int64(4), 1), (31, np.int64(22), np.int64(7), 1)): 38.0, ((31, np.int64(22), np.int64(7), 1), (31, np.int64(22), 35, 1)): 38.0, ((31, np.int64(61), np.int64(0), 2), (15, np.int64(57), np.int64(1), 2)): 38.0, ((15, np.int64(57), np.int64(1), 2), (12, np.int64(55), np.int64(2), 2)): 38.0, ((12, np.int64(55), np.int64(2), 2), (31, np.int64(54), np.int64(3), 2)): 38.0, ((31, np.int64(54), np.int64(3), 2), (31, np.int64(54), 35, 2)): 38.0, ((31, np.int64(70), np.int64(0), 2), (3, np.int64(42), np.int64(4), 2)): 38.0, ((3, np.int64(42), np.int64(4), 2), (31, np.int64(23), np.int64(8), 1)): 38.0, ((31, np.int64(23), np.int64(8), 1), (31, np.int64(23), 35, 1)): 38.0, ((31, np.int64(70), np.int64(0), 2), (35, np.int64(45), np.int64(3), 2)): 38.0, ((35, np.int64(45), np.int64(3), 2), (31, np.int64(28), np.int64(6), 1)): 38.0, ((31, np.int64(28), np.int64(6), 1), (31, np.int64(28), 35, 1)): 38.0, ((31, np.int64(70), np.int64(0), 2), (30, np.int64(60), np.int64(2), 2)): 38.0, ((30, np.int64(60), np.int64(2), 2), (6, np.int64(42), np.int64(6), 2)): 38.0, ((6, np.int64(42), np.int64(6), 2), (35, np.int64(39), np.int64(7), 1)): 38.0, ((35, np.int64(39), np.int64(7), 1), (31, np.int64(22), np.int64(10), 1)): 38.0, ((31, np.int64(22), np.int64(10), 1), (31, np.int64(22), 35, 1)): 38.0, ((31, np.int64(70), np.int64(0), 2), (6, np.int64(51), np.int64(3), 2)): 38.0, ((6, np.int64(51), np.int64(3), 2), (12, np.int64(37), np.int64(6), 1)): 38.0, ((12, np.int64(37), np.int64(6), 1), (31, np.int64(36), np.int64(7), 1)): 38.0, ((31, np.int64(36), np.int64(7), 1), (31, np.int64(36), 35, 1)): 38.0, ((31, np.int64(70), np.int64(0), 2), (15, np.int64(66), np.int64(1), 2)): 38.0, ((15, np.int64(66), np.int64(1), 2), (6, np.int64(52), np.int64(4), 2)): 38.0, ((6, np.int64(52), np.int64(4), 2), (12, np.int64(38), np.int64(7), 1)): 38.0, ((12, np.int64(38), np.int64(7), 1), (31, np.int64(37), np.int64(8), 1)): 38.0, ((31, np.int64(37), np.int64(8), 1), (31, np.int64(37), 35, 1)): 38.0, ((31, np.int64(70), np.int64(0), 2), (12, np.int64(68), np.int64(1), 2)): 38.0, ((12, np.int64(68), np.int64(1), 2), (12, np.int64(68), np.int64(6), 2)): 38.0, ((12, np.int64(68), np.int64(6), 2), (15, np.int64(66), np.int64(7), 2)): 38.0, ((15, np.int64(66), np.int64(7), 2), (15, np.int64(66), np.int64(12), 2)): 38.0, ((15, np.int64(66), np.int64(12), 2), (12, np.int64(64), np.int64(13), 2)): 38.0, ((12, np.int64(64), np.int64(13), 2), (32, np.int64(22), np.int64(18), 1)): 38.0, ((32, np.int64(22), np.int64(18), 1), (32, np.int64(22), 35, 1)): 38.0, ((31, np.int64(70), np.int64(0), 2), (31, np.int64(70), np.int64(1), 2)): 61972.0, ((31, np.int64(70), np.int64(1), 2), (12, np.int64(69), np.int64(2), 2)): 61972.0, ((12, np.int64(69), np.int64(2), 2), (12, np.int64(69), np.int64(7), 2)): 61972.0, ((12, np.int64(69), np.int64(7), 2), (15, np.int64(67), np.int64(8), 2)): 61972.0, ((15, np.int64(67), np.int64(8), 2), (15, np.int64(67), np.int64(13), 2)): 61972.0, ((15, np.int64(67), np.int64(13), 2), (12, np.int64(65), np.int64(14), 2)): 61972.0, ((12, np.int64(65), np.int64(14), 2), (32, np.int64(23), np.int64(19), 1)): 54644.0, ((32, np.int64(23), np.int64(19), 1), (32, np.int64(23), 35, 1)): 54644.0, ((12, np.int64(65), np.int64(14), 2), (31, np.int64(64), np.int64(15), 2)): 7328.0, ((31, np.int64(64), np.int64(15), 2), (31, np.int64(64), np.int64(20), 2)): 7328.0, ((31, np.int64(64), np.int64(20), 2), (12, np.int64(63), np.int64(21), 2)): 5157.0, ((12, np.int64(63), np.int64(21), 2), (32, np.int64(21), np.int64(26), 1)): 5157.0, ((32, np.int64(21), np.int64(26), 1), (32, np.int64(21), 35, 1)): 5157.0, ((31, np.int64(64), np.int64(20), 2), (15, np.int64(62), np.int64(21), 2)): 2171.0, ((15, np.int64(62), np.int64(21), 2), (15, np.int64(62), np.int64(26), 2)): 2171.0, ((15, np.int64(62), np.int64(26), 2), (12, np.int64(60), np.int64(27), 2)): 2171.0, ((12, np.int64(60), np.int64(27), 2), (32, np.int64(18), np.int64(32), 1)): 2171.0, ((32, np.int64(18), np.int64(32), 1), (32, np.int64(18), 35, 1)): 2171.0, ((31, np.int64(72), np.int64(0), 2), (3, np.int64(44), np.int64(4), 2)): 38.0, ((3, np.int64(44), np.int64(4), 2), (35, np.int64(21), np.int64(8), 1)): 38.0, ((35, np.int64(21), np.int64(8), 1), (6, np.int64(18), np.int64(9), 1)): 38.0, ((6, np.int64(18), np.int64(9), 1), (12, np.int64(4), np.int64(12), 0)): 38.0, ((12, np.int64(4), np.int64(12), 0), (31, np.int64(3), np.int64(13), 0)): 38.0, ((31, np.int64(3), np.int64(13), 0), (31, np.int64(3), 35, 0)): 38.0, ((31, np.int64(72), np.int64(0), 2), (35, np.int64(47), np.int64(3), 2)): 38.0, ((35, np.int64(47), np.int64(3), 2), (30, np.int64(25), np.int64(7), 1)): 38.0, ((30, np.int64(25), np.int64(7), 1), (31, np.int64(18), np.int64(9), 1)): 38.0, ((31, np.int64(18), np.int64(9), 1), (31, np.int64(18), 35, 1)): 38.0, ((31, np.int64(72), np.int64(0), 2), (30, np.int64(62), np.int64(2), 2)): 38.0, ((30, np.int64(62), np.int64(2), 2), (6, np.int64(44), np.int64(6), 2)): 38.0, ((6, np.int64(44), np.int64(6), 2), (35, np.int64(41), np.int64(7), 2)): 38.0, ((35, np.int64(41), np.int64(7), 2), (31, np.int64(24), np.int64(10), 1)): 38.0, ((31, np.int64(24), np.int64(10), 1), (31, np.int64(24), 35, 1)): 38.0, ((31, np.int64(72), np.int64(0), 2), (6, np.int64(53), np.int64(3), 2)): 38.0, ((6, np.int64(53), np.int64(3), 2), (12, np.int64(39), np.int64(6), 1)): 38.0, ((12, np.int64(39), np.int64(6), 1), (31, np.int64(38), np.int64(7), 1)): 38.0, ((31, np.int64(38), np.int64(7), 1), (31, np.int64(38), 35, 1)): 38.0, ((31, np.int64(72), np.int64(0), 2), (0, np.int64(24), np.int64(6), 1)): 38.0, ((0, np.int64(24), np.int64(6), 1), (0, np.int64(24), 35, 1)): 38.0, ((31, np.int64(72), np.int64(0), 2), (12, np.int64(70), np.int64(1), 2)): 38.0, ((12, np.int64(70), np.int64(1), 2), (12, np.int64(70), np.int64(6), 2)): 38.0, ((12, np.int64(70), np.int64(6), 2), (15, np.int64(68), np.int64(7), 2)): 38.0, ((15, np.int64(68), np.int64(7), 2), (15, np.int64(68), np.int64(12), 2)): 38.0, ((15, np.int64(68), np.int64(12), 2), (12, np.int64(66), np.int64(13), 2)): 38.0, ((12, np.int64(66), np.int64(13), 2), (31, np.int64(65), np.int64(14), 2)): 38.0, ((31, np.int64(65), np.int64(14), 2), (31, np.int64(65), np.int64(19), 2)): 38.0, ((31, np.int64(65), np.int64(19), 2), (15, np.int64(63), np.int64(20), 2)): 38.0, ((15, np.int64(63), np.int64(20), 2), (15, np.int64(63), np.int64(25), 2)): 38.0, ((15, np.int64(63), np.int64(25), 2), (12, np.int64(61), np.int64(26), 2)): 38.0, ((12, np.int64(61), np.int64(26), 2), (32, np.int64(19), np.int64(31), 1)): 38.0, ((32, np.int64(19), np.int64(31), 1), (32, np.int64(19), 35, 1)): 38.0, ((31, np.int64(72), np.int64(0), 2), (15, np.int64(68), np.int64(1), 2)): 38.0, ((15, np.int64(68), np.int64(1), 2), (12, np.int64(66), np.int64(2), 2)): 38.0, ((12, np.int64(66), np.int64(2), 2), (12, np.int64(66), np.int64(7), 2)): 38.0, ((12, np.int64(66), np.int64(7), 2), (15, np.int64(64), np.int64(8), 2)): 38.0, ((15, np.int64(64), np.int64(8), 2), (15, np.int64(64), np.int64(13), 2)): 38.0, ((15, np.int64(64), np.int64(13), 2), (12, np.int64(62), np.int64(14), 2)): 38.0, ((12, np.int64(62), np.int64(14), 2), (31, np.int64(61), np.int64(15), 2)): 38.0, ((31, np.int64(61), np.int64(15), 2), (31, np.int64(61), np.int64(20), 2)): 38.0, ((31, np.int64(61), np.int64(20), 2), (15, np.int64(59), np.int64(21), 2)): 38.0, ((15, np.int64(59), np.int64(21), 2), (15, np.int64(59), np.int64(26), 2)): 38.0, ((15, np.int64(59), np.int64(26), 2), (12, np.int64(57), np.int64(27), 2)): 38.0, ((12, np.int64(57), np.int64(27), 2), (32, np.int64(15), np.int64(32), 1)): 38.0, ((32, np.int64(15), np.int64(32), 1), (32, np.int64(15), 35, 1)): 38.0, ((31, np.int64(75), np.int64(0), 2), (3, np.int64(47), np.int64(4), 2)): 38.0, ((3, np.int64(47), np.int64(4), 2), (15, np.int64(25), np.int64(8), 1)): 38.0, ((15, np.int64(25), np.int64(8), 1), (30, np.int64(16), np.int64(10), 1)): 38.0, ((30, np.int64(16), np.int64(10), 1), (31, np.int64(9), np.int64(12), 0)): 38.0, ((31, np.int64(9), np.int64(12), 0), (31, np.int64(9), 35, 0)): 38.0, ((31, np.int64(75), np.int64(0), 2), (35, np.int64(50), np.int64(3), 2)): 38.0, ((35, np.int64(50), np.int64(3), 2), (31, np.int64(33), np.int64(6), 1)): 38.0, ((31, np.int64(33), np.int64(6), 1), (31, np.int64(33), 35, 1)): 38.0, ((31, np.int64(75), np.int64(0), 2), (30, np.int64(65), np.int64(2), 2)): 38.0, ((30, np.int64(65), np.int64(2), 2), (6, np.int64(47), np.int64(6), 2)): 38.0, ((6, np.int64(47), np.int64(6), 2), (12, np.int64(33), np.int64(9), 1)): 38.0, ((12, np.int64(33), np.int64(9), 1), (15, np.int64(31), np.int64(10), 1)): 38.0, ((15, np.int64(31), np.int64(10), 1), (31, np.int64(29), np.int64(11), 1)): 38.0, ((31, np.int64(29), np.int64(11), 1), (31, np.int64(29), 35, 1)): 38.0, ((31, np.int64(75), np.int64(0), 2), (6, np.int64(56), np.int64(3), 2)): 38.0, ((6, np.int64(56), np.int64(3), 2), (31, np.int64(43), np.int64(6), 2)): 38.0, ((31, np.int64(43), np.int64(6), 2), (31, np.int64(43), 35, 2)): 38.0, ((31, np.int64(75), np.int64(0), 2), (15, np.int64(71), np.int64(1), 2)): 38.0, ((15, np.int64(71), np.int64(1), 2), (31, np.int64(69), np.int64(2), 2)): 38.0, ((31, np.int64(69), np.int64(2), 2), (31, np.int64(69), 35, 2)): 38.0, ((31, np.int64(75), np.int64(0), 2), (12, np.int64(73), np.int64(1), 2)): 38.0, ((12, np.int64(73), np.int64(1), 2), (15, np.int64(71), np.int64(2), 2)): 38.0, ((15, np.int64(71), np.int64(2), 2), (31, np.int64(69), np.int64(3), 2)): 38.0, ((31, np.int64(69), np.int64(3), 2), (31, np.int64(69), 35, 2)): 38.0, ((31, np.int64(75), np.int64(0), 2), (0, np.int64(27), np.int64(6), 1)): 38.0, ((0, np.int64(27), np.int64(6), 1), (30, np.int64(1), np.int64(11), 0)): 38.0, ((30, np.int64(1), np.int64(11), 0), (30, np.int64(1), 35, 0)): 38.0, ((31, np.int64(76), np.int64(0), 2), (3, np.int64(48), np.int64(4), 2)): 38.0, ((3, np.int64(48), np.int64(4), 2), (35, np.int64(25), np.int64(8), 1)): 38.0, ((35, np.int64(25), np.int64(8), 1), (31, np.int64(8), np.int64(11), 0)): 38.0, ((31, np.int64(8), np.int64(11), 0), (31, np.int64(8), 35, 0)): 38.0, ((31, np.int64(76), np.int64(0), 2), (35, np.int64(51), np.int64(3), 2)): 38.0, ((35, np.int64(51), np.int64(3), 2), (31, np.int64(34), np.int64(6), 1)): 38.0, ((31, np.int64(34), np.int64(6), 1), (31, np.int64(34), 35, 1)): 38.0, ((31, np.int64(76), np.int64(0), 2), (30, np.int64(66), np.int64(2), 2)): 38.0, ((30, np.int64(66), np.int64(2), 2), (6, np.int64(48), np.int64(6), 2)): 38.0, ((6, np.int64(48), np.int64(6), 2), (12, np.int64(34), np.int64(9), 1)): 38.0, ((12, np.int64(34), np.int64(9), 1), (15, np.int64(32), np.int64(10), 1)): 38.0, ((15, np.int64(32), np.int64(10), 1), (31, np.int64(30), np.int64(11), 1)): 38.0, ((31, np.int64(30), np.int64(11), 1), (31, np.int64(30), 35, 1)): 38.0, ((31, np.int64(76), np.int64(0), 2), (6, np.int64(57), np.int64(3), 2)): 38.0, ((6, np.int64(57), np.int64(3), 2), (31, np.int64(44), np.int64(6), 2)): 38.0, ((31, np.int64(44), np.int64(6), 2), (31, np.int64(44), 35, 2)): 38.0, ((31, np.int64(76), np.int64(0), 2), (15, np.int64(72), np.int64(1), 2)): 38.0, ((15, np.int64(72), np.int64(1), 2), (31, np.int64(70), np.int64(2), 2)): 38.0, ((31, np.int64(70), np.int64(2), 2), (31, np.int64(70), 35, 2)): 38.0, ((31, np.int64(76), np.int64(0), 2), (0, np.int64(28), np.int64(6), 1)): 38.0, ((0, np.int64(28), np.int64(6), 1), (30, np.int64(2), np.int64(11), 0)): 38.0, ((30, np.int64(2), np.int64(11), 0), (30, np.int64(2), 35, 0)): 38.0, ((31, np.int64(76), np.int64(0), 2), (12, np.int64(74), np.int64(1), 2)): 38.0, ((12, np.int64(74), np.int64(1), 2), (15, np.int64(72), np.int64(2), 2)): 38.0, ((15, np.int64(72), np.int64(2), 2), (31, np.int64(70), np.int64(3), 2)): 38.0, ((31, np.int64(70), np.int64(3), 2), (31, np.int64(70), 35, 2)): 38.0, ((31, np.int64(78), np.int64(0), 2), (3, np.int64(50), np.int64(4), 2)): 38.0, ((3, np.int64(50), np.int64(4), 2), (31, np.int64(31), np.int64(8), 1)): 38.0, ((31, np.int64(31), np.int64(8), 1), (31, np.int64(31), 35, 1)): 38.0, ((31, np.int64(78), np.int64(0), 2), (35, np.int64(53), np.int64(3), 2)): 38.0, ((35, np.int64(53), np.int64(3), 2), (15, np.int64(35), np.int64(7), 1)): 38.0, ((15, np.int64(35), np.int64(7), 1), (31, np.int64(33), np.int64(8), 1)): 38.0, ((31, np.int64(33), np.int64(8), 1), (31, np.int64(33), 35, 1)): 76.0, ((31, np.int64(78), np.int64(0), 2), (6, np.int64(59), np.int64(3), 2)): 38.0, ((6, np.int64(59), np.int64(3), 2), (31, np.int64(46), np.int64(6), 2)): 38.0, ((31, np.int64(46), np.int64(6), 2), (31, np.int64(46), 35, 2)): 38.0, ((31, np.int64(78), np.int64(0), 2), (15, np.int64(74), np.int64(1), 2)): 38.0, ((15, np.int64(74), np.int64(1), 2), (31, np.int64(72), np.int64(2), 2)): 38.0, ((31, np.int64(72), np.int64(2), 2), (31, np.int64(72), 35, 2)): 38.0, ((31, np.int64(78), np.int64(0), 2), (0, np.int64(30), np.int64(6), 1)): 38.0, ((0, np.int64(30), np.int64(6), 1), (30, np.int64(4), np.int64(11), 0)): 38.0, ((30, np.int64(4), np.int64(11), 0), (30, np.int64(4), 35, 0)): 38.0, ((31, np.int64(78), np.int64(0), 2), (30, np.int64(68), np.int64(2), 2)): 38.0, ((30, np.int64(68), np.int64(2), 2), (12, np.int64(61), np.int64(4), 2)): 38.0, ((12, np.int64(61), np.int64(4), 2), (12, np.int64(61), np.int64(9), 2)): 38.0, ((12, np.int64(61), np.int64(9), 2), (15, np.int64(59), np.int64(10), 2)): 38.0, ((15, np.int64(59), np.int64(10), 2), (15, np.int64(59), np.int64(15), 2)): 38.0, ((15, np.int64(59), np.int64(15), 2), (12, np.int64(57), np.int64(16), 2)): 38.0, ((12, np.int64(57), np.int64(16), 2), (31, np.int64(56), np.int64(17), 2)): 38.0, ((31, np.int64(56), np.int64(17), 2), (31, np.int64(56), np.int64(22), 2)): 38.0, ((31, np.int64(56), np.int64(22), 2), (15, np.int64(54), np.int64(23), 2)): 38.0, ((15, np.int64(54), np.int64(23), 2), (15, np.int64(54), np.int64(28), 2)): 38.0, ((15, np.int64(54), np.int64(28), 2), (12, np.int64(52), np.int64(29), 2)): 38.0, ((12, np.int64(52), np.int64(29), 2), (32, np.int64(10), np.int64(34), 1)): 38.0, ((32, np.int64(10), np.int64(34), 1), (32, np.int64(10), 35, 1)): 38.0, ((31, np.int64(78), np.int64(0), 2), (12, np.int64(76), np.int64(1), 2)): 38.0, ((12, np.int64(76), np.int64(1), 2), (15, np.int64(74), np.int64(2), 2)): 38.0, ((15, np.int64(74), np.int64(2), 2), (31, np.int64(72), np.int64(3), 2)): 38.0, ((31, np.int64(72), np.int64(3), 2), (31, np.int64(72), 35, 2)): 38.0, ((31, np.int64(80), np.int64(0), 3), (3, np.int64(52), np.int64(4), 2)): 38.0, ((3, np.int64(52), np.int64(4), 2), (31, np.int64(33), np.int64(8), 1)): 38.0, ((31, np.int64(80), np.int64(0), 3), (12, np.int64(78), np.int64(1), 2)): 38.0, ((12, np.int64(78), np.int64(1), 2), (3, np.int64(58), np.int64(5), 2)): 38.0, ((3, np.int64(58), np.int64(5), 2), (15, np.int64(36), np.int64(9), 1)): 38.0, ((15, np.int64(36), np.int64(9), 1), (31, np.int64(34), np.int64(10), 1)): 38.0, ((31, np.int64(34), np.int64(10), 1), (31, np.int64(34), 35, 1)): 38.0, ((31, np.int64(80), np.int64(0), 3), (35, np.int64(55), np.int64(3), 2)): 38.0, ((35, np.int64(55), np.int64(3), 2), (31, np.int64(38), np.int64(6), 1)): 38.0, ((31, np.int64(38), np.int64(6), 1), (31, np.int64(38), 35, 1)): 38.0, ((31, np.int64(80), np.int64(0), 3), (0, np.int64(32), np.int64(6), 1)): 38.0, ((0, np.int64(32), np.int64(6), 1), (30, np.int64(6), np.int64(11), 0)): 38.0, ((30, np.int64(6), np.int64(11), 0), (30, np.int64(6), 35, 0)): 38.0, ((31, np.int64(80), np.int64(0), 3), (15, np.int64(76), np.int64(1), 2)): 38.0, ((15, np.int64(76), np.int64(1), 2), (31, np.int64(74), np.int64(2), 2)): 38.0, ((31, np.int64(74), np.int64(2), 2), (31, np.int64(74), 35, 2)): 38.0, ((31, np.int64(81), np.int64(0), 3), (3, np.int64(53), np.int64(4), 2)): 38.0, ((3, np.int64(53), np.int64(4), 2), (31, np.int64(34), np.int64(8), 1)): 38.0, ((31, np.int64(34), np.int64(8), 1), (31, np.int64(34), 35, 1)): 38.0, ((31, np.int64(81), np.int64(0), 3), (30, np.int64(71), np.int64(2), 2)): 38.0, ((30, np.int64(71), np.int64(2), 2), (35, np.int64(49), np.int64(6), 2)): 38.0, ((35, np.int64(49), np.int64(6), 2), (31, np.int64(32), np.int64(9), 1)): 38.0, ((31, np.int64(32), np.int64(9), 1), (31, np.int64(32), 35, 1)): 38.0, ((31, np.int64(81), np.int64(0), 3), (12, np.int64(79), np.int64(1), 2)): 38.0, ((12, np.int64(79), np.int64(1), 2), (3, np.int64(59), np.int64(5), 2)): 38.0, ((3, np.int64(59), np.int64(5), 2), (15, np.int64(37), np.int64(9), 1)): 38.0, ((15, np.int64(37), np.int64(9), 1), (31, np.int64(35), np.int64(10), 1)): 38.0, ((31, np.int64(35), np.int64(10), 1), (31, np.int64(35), 35, 1)): 38.0, ((31, np.int64(81), np.int64(0), 3), (6, np.int64(62), np.int64(3), 2)): 38.0, ((6, np.int64(62), np.int64(3), 2), (31, np.int64(49), np.int64(6), 2)): 38.0, ((31, np.int64(49), np.int64(6), 2), (31, np.int64(49), 35, 2)): 38.0, ((31, np.int64(81), np.int64(0), 3), (15, np.int64(77), np.int64(1), 2)): 38.0, ((15, np.int64(77), np.int64(1), 2), (6, np.int64(63), np.int64(4), 2)): 38.0, ((6, np.int64(63), np.int64(4), 2), (31, np.int64(50), np.int64(7), 2)): 38.0, ((31, np.int64(50), np.int64(7), 2), (31, np.int64(50), 35, 2)): 38.0, ((31, np.int64(81), np.int64(0), 3), (35, np.int64(56), np.int64(3), 2)): 38.0, ((35, np.int64(56), np.int64(3), 2), (6, np.int64(53), np.int64(4), 2)): 38.0, ((6, np.int64(53), np.int64(4), 2), (31, np.int64(40), np.int64(7), 2)): 38.0, ((31, np.int64(40), np.int64(7), 2), (31, np.int64(40), 35, 2)): 38.0, ((31, np.int64(90), np.int64(0), 3), (29, np.int64(40), np.int64(6), 2)): 38.0, ((29, np.int64(40), np.int64(6), 2), (31, np.int64(5), np.int64(12), 0)): 38.0, ((31, np.int64(5), np.int64(12), 0), (31, np.int64(5), 35, 0)): 38.0, ((31, np.int64(90), np.int64(0), 3), (2, np.int64(35), np.int64(7), 1)): 38.0, ((2, np.int64(35), np.int64(7), 1), (10, np.int64(33), np.int64(8), 1)): 38.0, ((10, np.int64(33), np.int64(8), 1), (10, np.int64(33), 35, 1)): 38.0, ((31, np.int64(90), np.int64(0), 3), (10, np.int64(39), np.int64(6), 1)): 38.0, ((10, np.int64(39), np.int64(6), 1), (15, np.int64(3), np.int64(13), 0)): 38.0, ((15, np.int64(3), np.int64(13), 0), (31, np.int64(1), np.int64(14), 0)): 38.0, ((31, np.int64(1), np.int64(14), 0), (31, np.int64(1), 35, 0)): 76.0, ((31, np.int64(90), np.int64(0), 3), (17, np.int64(41), np.int64(6), 2)): 38.0, ((17, np.int64(41), np.int64(6), 2), (35, np.int64(19), np.int64(10), 1)): 38.0, ((35, np.int64(19), np.int64(10), 1), (31, np.int64(2), np.int64(13), 0)): 38.0, ((31, np.int64(2), np.int64(13), 0), (31, np.int64(2), 35, 0)): 38.0, ((31, np.int64(90), np.int64(0), 3), (0, np.int64(42), np.int64(6), 2)): 38.0, ((0, np.int64(42), np.int64(6), 2), (10, np.int64(40), np.int64(7), 2)): 38.0, ((10, np.int64(40), np.int64(7), 2), (15, np.int64(4), np.int64(14), 0)): 38.0, ((15, np.int64(4), np.int64(14), 0), (31, np.int64(2), np.int64(15), 0)): 38.0, ((31, np.int64(2), np.int64(15), 0), (31, np.int64(2), 35, 0)): 38.0, ((31, np.int64(90), np.int64(0), 3), (9, np.int64(37), np.int64(7), 1)): 38.0, ((9, np.int64(37), np.int64(7), 1), (6, np.int64(14), np.int64(11), 1)): 38.0, ((6, np.int64(14), np.int64(11), 1), (35, np.int64(11), np.int64(12), 1)): 38.0, ((35, np.int64(11), np.int64(12), 1), (35, np.int64(11), 35, 1)): 38.0, ((31, np.int64(90), np.int64(0), 3), (31, np.int64(90), np.int64(1), 3)): 2361.0, ((31, np.int64(90), np.int64(1), 3), (31, np.int64(90), np.int64(6), 3)): 2361.0, ((31, np.int64(90), np.int64(6), 3), (31, np.int64(90), np.int64(11), 3)): 2361.0, ((31, np.int64(90), np.int64(11), 3), (12, np.int64(89), np.int64(12), 3)): 2361.0, ((12, np.int64(89), np.int64(12), 3), (6, np.int64(75), np.int64(15), 2)): 2361.0, ((6, np.int64(75), np.int64(15), 2), (35, np.int64(70), np.int64(16), 2)): 38.0, ((35, np.int64(70), np.int64(16), 2), (3, np.int64(37), np.int64(20), 1)): 38.0, ((3, np.int64(37), np.int64(20), 1), (31, np.int64(18), np.int64(24), 1)): 38.0, ((31, np.int64(18), np.int64(24), 1), (31, np.int64(18), 35, 1)): 38.0, ((31, np.int64(90), np.int64(0), 3), (3, np.int64(62), np.int64(4), 2)): 38.0, ((3, np.int64(62), np.int64(4), 2), (15, np.int64(40), np.int64(8), 2)): 38.0, ((15, np.int64(40), np.int64(8), 2), (31, np.int64(38), np.int64(9), 1)): 38.0, ((31, np.int64(38), np.int64(9), 1), (31, np.int64(38), 35, 1)): 38.0, ((31, np.int64(90), np.int64(0), 3), (15, np.int64(86), np.int64(1), 3)): 38.0, ((15, np.int64(86), np.int64(1), 3), (3, np.int64(64), np.int64(5), 2)): 38.0, ((3, np.int64(64), np.int64(5), 2), (15, np.int64(42), np.int64(9), 2)): 38.0, ((15, np.int64(42), np.int64(9), 2), (31, np.int64(40), np.int64(10), 2)): 38.0, ((31, np.int64(40), np.int64(10), 2), (31, np.int64(40), 35, 2)): 38.0, ((6, np.int64(75), np.int64(15), 2), (35, np.int64(72), np.int64(16), 2)): 2323.0, ((35, np.int64(72), np.int64(16), 2), (35, np.int64(72), np.int64(21), 2)): 2323.0, ((35, np.int64(72), np.int64(21), 2), (35, np.int64(72), np.int64(26), 2)): 2323.0, ((35, np.int64(72), np.int64(26), 2), (29, np.int64(54), np.int64(30), 2)): 2323.0, ((29, np.int64(54), np.int64(30), 2), (32, np.int64(18), np.int64(35), 1)): 2323.0, ((31, np.int64(90), np.int64(0), 3), (12, np.int64(88), np.int64(1), 3)): 38.0, ((12, np.int64(88), np.int64(1), 3), (31, np.int64(87), np.int64(2), 3)): 38.0, ((31, np.int64(87), np.int64(2), 3), (31, np.int64(87), np.int64(7), 3)): 38.0, ((31, np.int64(87), np.int64(7), 3), (31, np.int64(87), np.int64(12), 3)): 38.0, ((31, np.int64(87), np.int64(12), 3), (12, np.int64(86), np.int64(13), 3)): 38.0, ((12, np.int64(86), np.int64(13), 3), (6, np.int64(72), np.int64(16), 2)): 38.0, ((6, np.int64(72), np.int64(16), 2), (35, np.int64(69), np.int64(17), 2)): 38.0, ((35, np.int64(69), np.int64(17), 2), (35, np.int64(69), np.int64(22), 2)): 38.0, ((35, np.int64(69), np.int64(22), 2), (35, np.int64(69), np.int64(27), 2)): 38.0, ((35, np.int64(69), np.int64(27), 2), (29, np.int64(51), np.int64(31), 2)): 38.0, ((29, np.int64(51), np.int64(31), 2), (29, np.int64(51), 35, 2)): 38.0, ((31, np.int64(90), np.int64(0), 3), (35, np.int64(65), np.int64(3), 2)): 38.0, ((35, np.int64(65), np.int64(3), 2), (6, np.int64(62), np.int64(4), 2)): 38.0, ((6, np.int64(62), np.int64(4), 2), (31, np.int64(49), np.int64(7), 2)): 38.0, ((31, np.int64(49), np.int64(7), 2), (31, np.int64(49), 35, 2)): 38.0, ((31, np.int64(96), np.int64(0), 3), (2, np.int64(41), np.int64(7), 2)): 38.0, ((2, np.int64(41), np.int64(7), 2), (31, np.int64(3), np.int64(14), 0)): 38.0, ((31, np.int64(3), np.int64(14), 0), (31, np.int64(3), 35, 0)): 76.0, ((31, np.int64(96), np.int64(0), 3), (8, np.int64(40), np.int64(7), 2)): 38.0, ((8, np.int64(40), np.int64(7), 2), (31, np.int64(1), np.int64(14), 0)): 38.0, ((31, np.int64(96), np.int64(0), 3), (17, np.int64(47), np.int64(6), 2)): 38.0, ((17, np.int64(47), np.int64(6), 2), (3, np.int64(25), np.int64(10), 1)): 38.0, ((3, np.int64(25), np.int64(10), 1), (12, np.int64(5), np.int64(14), 0)): 38.0, ((12, np.int64(5), np.int64(14), 0), (31, np.int64(4), np.int64(15), 0)): 76.0, ((31, np.int64(4), np.int64(15), 0), (31, np.int64(4), 35, 0)): 76.0, ((31, np.int64(96), np.int64(0), 3), (9, np.int64(43), np.int64(7), 2)): 38.0, ((9, np.int64(43), np.int64(7), 2), (35, np.int64(24), np.int64(11), 1)): 38.0, ((35, np.int64(24), np.int64(11), 1), (31, np.int64(7), np.int64(14), 0)): 38.0, ((31, np.int64(7), np.int64(14), 0), (31, np.int64(7), 35, 0)): 38.0, ((31, np.int64(96), np.int64(0), 3), (10, np.int64(45), np.int64(6), 2)): 38.0, ((10, np.int64(45), np.int64(6), 2), (31, np.int64(10), np.int64(12), 1)): 38.0, ((31, np.int64(10), np.int64(12), 1), (31, np.int64(10), 35, 1)): 38.0, ((31, np.int64(96), np.int64(0), 3), (0, np.int64(48), np.int64(6), 2)): 38.0, ((0, np.int64(48), np.int64(6), 2), (10, np.int64(46), np.int64(7), 2)): 38.0, ((10, np.int64(46), np.int64(7), 2), (12, np.int64(11), np.int64(13), 1)): 38.0, ((12, np.int64(11), np.int64(13), 1), (31, np.int64(10), np.int64(14), 1)): 38.0, ((31, np.int64(10), np.int64(14), 1), (31, np.int64(10), 35, 1)): 76.0, ((31, np.int64(96), np.int64(0), 3), (29, np.int64(46), np.int64(6), 2)): 38.0, ((29, np.int64(46), np.int64(6), 2), (35, np.int64(28), np.int64(10), 1)): 38.0, ((35, np.int64(28), np.int64(10), 1), (15, np.int64(10), np.int64(14), 1)): 38.0, ((15, np.int64(10), np.int64(14), 1), (31, np.int64(8), np.int64(15), 0)): 38.0, ((31, np.int64(8), np.int64(15), 0), (31, np.int64(8), 35, 0)): 38.0, ((31, np.int64(96), np.int64(0), 3), (3, np.int64(68), np.int64(4), 2)): 38.0, ((3, np.int64(68), np.int64(4), 2), (30, np.int64(46), np.int64(7), 2)): 38.0, ((30, np.int64(46), np.int64(7), 2), (31, np.int64(39), np.int64(9), 1)): 38.0, ((31, np.int64(39), np.int64(9), 1), (31, np.int64(39), 35, 1)): 38.0, ((31, np.int64(96), np.int64(0), 3), (12, np.int64(94), np.int64(1), 3)): 38.0, ((12, np.int64(94), np.int64(1), 3), (31, np.int64(93), np.int64(2), 3)): 38.0, ((31, np.int64(93), np.int64(2), 3), (3, np.int64(65), np.int64(6), 2)): 38.0, ((3, np.int64(65), np.int64(6), 2), (30, np.int64(43), np.int64(9), 2)): 38.0, ((30, np.int64(43), np.int64(9), 2), (31, np.int64(36), np.int64(11), 1)): 38.0, ((31, np.int64(36), np.int64(11), 1), (31, np.int64(36), 35, 1)): 38.0, ((31, np.int64(96), np.int64(0), 3), (35, np.int64(71), np.int64(3), 2)): 38.0, ((35, np.int64(71), np.int64(3), 2), (12, np.int64(53), np.int64(7), 2)): 38.0, ((12, np.int64(53), np.int64(7), 2), (31, np.int64(52), np.int64(8), 2)): 38.0, ((31, np.int64(52), np.int64(8), 2), (31, np.int64(52), 35, 2)): 38.0, ((31, np.int64(96), np.int64(0), 3), (6, np.int64(77), np.int64(3), 2)): 38.0, ((6, np.int64(77), np.int64(3), 2), (12, np.int64(63), np.int64(6), 2)): 38.0, ((12, np.int64(63), np.int64(6), 2), (12, np.int64(63), np.int64(11), 2)): 38.0, ((12, np.int64(63), np.int64(11), 2), (15, np.int64(61), np.int64(12), 2)): 38.0, ((15, np.int64(61), np.int64(12), 2), (15, np.int64(61), np.int64(17), 2)): 38.0, ((15, np.int64(61), np.int64(17), 2), (12, np.int64(59), np.int64(18), 2)): 38.0, ((12, np.int64(59), np.int64(18), 2), (31, np.int64(58), np.int64(19), 2)): 38.0, ((31, np.int64(58), np.int64(19), 2), (31, np.int64(58), np.int64(24), 2)): 38.0, ((31, np.int64(58), np.int64(24), 2), (15, np.int64(56), np.int64(25), 2)): 38.0, ((15, np.int64(56), np.int64(25), 2), (15, np.int64(56), np.int64(30), 2)): 38.0, ((15, np.int64(56), np.int64(30), 2), (12, np.int64(54), np.int64(31), 2)): 38.0, ((12, np.int64(54), np.int64(31), 2), (12, np.int64(54), 35, 2)): 38.0, ((31, np.int64(96), np.int64(0), 3), (30, np.int64(86), np.int64(2), 3)): 38.0, ((30, np.int64(86), np.int64(2), 3), (31, np.int64(79), np.int64(4), 2)): 38.0, ((31, np.int64(79), np.int64(4), 2), (31, np.int64(79), 35, 2)): 38.0, ((31, np.int64(96), np.int64(0), 3), (15, np.int64(92), np.int64(1), 3)): 38.0, ((15, np.int64(92), np.int64(1), 3), (12, np.int64(90), np.int64(2), 3)): 38.0, ((12, np.int64(90), np.int64(2), 3), (31, np.int64(89), np.int64(3), 3)): 38.0, ((31, np.int64(89), np.int64(3), 3), (31, np.int64(89), 35, 3)): 38.0, ((31, np.int64(98), np.int64(0), 3), (8, np.int64(42), np.int64(7), 2)): 38.0, ((8, np.int64(42), np.int64(7), 2), (31, np.int64(3), np.int64(14), 0)): 38.0, ((31, np.int64(98), np.int64(0), 3), (9, np.int64(45), np.int64(7), 2)): 38.0, ((9, np.int64(45), np.int64(7), 2), (31, np.int64(8), np.int64(14), 0)): 38.0, ((31, np.int64(8), np.int64(14), 0), (31, np.int64(8), 35, 0)): 38.0, ((31, np.int64(98), np.int64(0), 3), (10, np.int64(47), np.int64(6), 2)): 38.0, ((10, np.int64(47), np.int64(6), 2), (31, np.int64(12), np.int64(12), 1)): 38.0, ((31, np.int64(12), np.int64(12), 1), (31, np.int64(12), 35, 1)): 38.0, ((31, np.int64(98), np.int64(0), 3), (17, np.int64(49), np.int64(6), 2)): 38.0, ((17, np.int64(49), np.int64(6), 2), (12, np.int64(14), np.int64(12), 1)): 38.0, ((12, np.int64(14), np.int64(12), 1), (31, np.int64(13), np.int64(13), 1)): 76.0, ((31, np.int64(13), np.int64(13), 1), (31, np.int64(13), 35, 1)): 76.0, ((31, np.int64(98), np.int64(0), 3), (0, np.int64(50), np.int64(6), 2)): 38.0, ((0, np.int64(50), np.int64(6), 2), (10, np.int64(48), np.int64(7), 2)): 38.0, ((10, np.int64(48), np.int64(7), 2), (12, np.int64(13), np.int64(13), 1)): 38.0, ((12, np.int64(13), np.int64(13), 1), (31, np.int64(12), np.int64(14), 1)): 38.0, ((31, np.int64(12), np.int64(14), 1), (31, np.int64(12), 35, 1)): 38.0, ((31, np.int64(98), np.int64(0), 3), (29, np.int64(48), np.int64(6), 2)): 38.0, ((29, np.int64(48), np.int64(6), 2), (35, np.int64(30), np.int64(10), 1)): 38.0, ((35, np.int64(30), np.int64(10), 1), (15, np.int64(12), np.int64(14), 1)): 38.0, ((15, np.int64(12), np.int64(14), 1), (31, np.int64(10), np.int64(15), 1)): 38.0, ((31, np.int64(10), np.int64(15), 1), (31, np.int64(10), 35, 1)): 38.0, ((31, np.int64(98), np.int64(0), 3), (3, np.int64(70), np.int64(4), 2)): 38.0, ((3, np.int64(70), np.int64(4), 2), (31, np.int64(51), np.int64(8), 2)): 38.0, ((31, np.int64(51), np.int64(8), 2), (31, np.int64(51), 35, 2)): 38.0, ((31, np.int64(98), np.int64(0), 3), (35, np.int64(73), np.int64(3), 2)): 38.0, ((35, np.int64(73), np.int64(3), 2), (15, np.int64(55), np.int64(7), 2)): 38.0, ((15, np.int64(55), np.int64(7), 2), (12, np.int64(53), np.int64(8), 2)): 38.0, ((12, np.int64(53), np.int64(8), 2), (31, np.int64(52), np.int64(9), 2)): 38.0, ((31, np.int64(52), np.int64(9), 2), (31, np.int64(52), 35, 2)): 38.0, ((31, np.int64(98), np.int64(0), 3), (6, np.int64(79), np.int64(3), 2)): 38.0, ((6, np.int64(79), np.int64(3), 2), (12, np.int64(65), np.int64(6), 2)): 38.0, ((12, np.int64(65), np.int64(6), 2), (12, np.int64(65), np.int64(11), 2)): 38.0, ((12, np.int64(65), np.int64(11), 2), (15, np.int64(63), np.int64(12), 2)): 38.0, ((15, np.int64(63), np.int64(12), 2), (15, np.int64(63), np.int64(17), 2)): 38.0, ((15, np.int64(63), np.int64(17), 2), (12, np.int64(61), np.int64(18), 2)): 38.0, ((12, np.int64(61), np.int64(18), 2), (31, np.int64(60), np.int64(19), 2)): 38.0, ((31, np.int64(60), np.int64(19), 2), (31, np.int64(60), np.int64(24), 2)): 38.0, ((31, np.int64(60), np.int64(24), 2), (15, np.int64(58), np.int64(25), 2)): 38.0, ((15, np.int64(58), np.int64(25), 2), (15, np.int64(58), np.int64(30), 2)): 38.0, ((15, np.int64(58), np.int64(30), 2), (12, np.int64(56), np.int64(31), 2)): 38.0, ((12, np.int64(56), np.int64(31), 2), (12, np.int64(56), 35, 2)): 38.0, ((31, np.int64(98), np.int64(0), 3), (12, np.int64(96), np.int64(1), 3)): 38.0, ((12, np.int64(96), np.int64(1), 3), (31, np.int64(95), np.int64(2), 3)): 38.0, ((31, np.int64(95), np.int64(2), 3), (31, np.int64(95), 35, 3)): 38.0, ((31, np.int64(98), np.int64(0), 3), (15, np.int64(94), np.int64(1), 3)): 38.0, ((15, np.int64(94), np.int64(1), 3), (12, np.int64(92), np.int64(2), 3)): 38.0, ((12, np.int64(92), np.int64(2), 3), (31, np.int64(91), np.int64(3), 3)): 38.0, ((31, np.int64(91), np.int64(3), 3), (31, np.int64(91), 35, 3)): 38.0, ((31, np.int64(100), np.int64(0), 3), (8, np.int64(44), np.int64(7), 2)): 38.0, ((8, np.int64(44), np.int64(7), 2), (12, np.int64(5), np.int64(14), 0)): 38.0, ((31, np.int64(100), np.int64(0), 3), (3, np.int64(81), np.int64(4), 3)): 17398.0, ((3, np.int64(81), np.int64(4), 3), (10, np.int64(46), np.int64(10), 2)): 17376.0, ((10, np.int64(46), np.int64(10), 2), (2, np.int64(44), np.int64(11), 2)): 17376.0, ((2, np.int64(44), np.int64(11), 2), (2, np.int64(44), 35, 2)): 11135.0, ((31, np.int64(100), np.int64(0), 3), (17, np.int64(51), np.int64(6), 2)): 38.0, ((17, np.int64(51), np.int64(6), 2), (3, np.int64(29), np.int64(10), 1)): 38.0, ((3, np.int64(29), np.int64(10), 1), (31, np.int64(10), np.int64(14), 1)): 38.0, ((31, np.int64(100), np.int64(0), 3), (10, np.int64(49), np.int64(6), 2)): 38.0, ((10, np.int64(49), np.int64(6), 2), (12, np.int64(14), np.int64(12), 1)): 38.0, ((31, np.int64(100), np.int64(0), 3), (0, np.int64(52), np.int64(6), 2)): 38.0, ((0, np.int64(52), np.int64(6), 2), (15, np.int64(18), np.int64(12), 1)): 38.0, ((15, np.int64(18), np.int64(12), 1), (31, np.int64(16), np.int64(13), 1)): 38.0, ((31, np.int64(16), np.int64(13), 1), (31, np.int64(16), 35, 1)): 38.0, ((31, np.int64(100), np.int64(0), 3), (6, np.int64(81), np.int64(3), 3)): 38.0, ((6, np.int64(81), np.int64(3), 3), (9, np.int64(48), np.int64(7), 2)): 38.0, ((9, np.int64(48), np.int64(7), 2), (29, np.int64(41), np.int64(9), 2)): 38.0, ((29, np.int64(41), np.int64(9), 2), (6, np.int64(20), np.int64(13), 1)): 38.0, ((6, np.int64(20), np.int64(13), 1), (15, np.int64(6), np.int64(16), 0)): 38.0, ((15, np.int64(6), np.int64(16), 0), (31, np.int64(4), np.int64(17), 0)): 38.0, ((31, np.int64(4), np.int64(17), 0), (31, np.int64(4), 35, 0)): 38.0, ((31, np.int64(100), np.int64(0), 3), (31, np.int64(100), np.int64(1), 3)): 76.0, ((31, np.int64(100), np.int64(1), 3), (6, np.int64(81), np.int64(4), 3)): 76.0, ((6, np.int64(81), np.int64(4), 3), (9, np.int64(48), np.int64(8), 2)): 76.0, ((9, np.int64(48), np.int64(8), 2), (29, np.int64(41), np.int64(10), 2)): 76.0, ((29, np.int64(41), np.int64(10), 2), (6, np.int64(20), np.int64(14), 1)): 76.0, ((6, np.int64(20), np.int64(14), 1), (15, np.int64(6), np.int64(17), 0)): 76.0, ((15, np.int64(6), np.int64(17), 0), (31, np.int64(4), np.int64(18), 0)): 76.0, ((31, np.int64(4), np.int64(18), 0), (31, np.int64(4), 35, 0)): 2303.0, ((31, np.int64(100), np.int64(0), 3), (30, np.int64(90), np.int64(2), 3)): 76.0, ((30, np.int64(90), np.int64(2), 3), (3, np.int64(68), np.int64(5), 2)): 38.0, ((3, np.int64(68), np.int64(5), 2), (30, np.int64(46), np.int64(8), 2)): 38.0, ((30, np.int64(46), np.int64(8), 2), (31, np.int64(39), np.int64(10), 1)): 38.0, ((31, np.int64(39), np.int64(10), 1), (31, np.int64(39), 35, 1)): 38.0, ((31, np.int64(100), np.int64(0), 3), (35, np.int64(75), np.int64(3), 2)): 38.0, ((35, np.int64(75), np.int64(3), 2), (12, np.int64(48), np.int64(7), 2)): 38.0, ((12, np.int64(48), np.int64(7), 2), (31, np.int64(47), np.int64(8), 2)): 38.0, ((31, np.int64(47), np.int64(8), 2), (31, np.int64(47), 35, 2)): 38.0, ((31, np.int64(100), np.int64(0), 3), (3, np.int64(72), np.int64(4), 2)): 38.0, ((3, np.int64(72), np.int64(4), 2), (15, np.int64(50), np.int64(8), 2)): 38.0, ((15, np.int64(50), np.int64(8), 2), (12, np.int64(48), np.int64(9), 2)): 38.0, ((12, np.int64(48), np.int64(9), 2), (31, np.int64(47), np.int64(10), 2)): 38.0, ((31, np.int64(47), np.int64(10), 2), (31, np.int64(47), 35, 2)): 38.0, ((2, np.int64(44), np.int64(11), 2), (0, np.int64(37), np.int64(12), 1)): 2227.0, ((0, np.int64(37), np.int64(12), 1), (31, np.int64(4), np.int64(18), 0)): 2227.0, ((31, np.int64(100), np.int64(0), 3), (11, np.int64(18), np.int64(10), 1)): 22.0, ((11, np.int64(18), np.int64(10), 1), (11, np.int64(18), np.int64(15), 1)): 22.0, ((11, np.int64(18), np.int64(15), 1), (11, np.int64(18), 35, 1)): 22.0, ((3, np.int64(81), np.int64(4), 3), (8, np.int64(58), np.int64(9), 2)): 22.0, ((8, np.int64(58), np.int64(9), 2), (11, np.int64(39), np.int64(13), 1)): 22.0, ((11, np.int64(39), np.int64(13), 1), (11, np.int64(39), 35, 1)): 22.0, ((31, np.int64(100), np.int64(0), 3), (16, np.int64(41), np.int64(7), 2)): 38.0, ((16, np.int64(41), np.int64(7), 2), (31, np.int64(0), np.int64(14), 0)): 38.0, ((31, np.int64(0), np.int64(14), 0), (31, np.int64(0), 35, 0)): 38.0, ((31, np.int64(100), np.int64(0), 3), (9, np.int64(47), np.int64(7), 2)): 38.0, ((9, np.int64(47), np.int64(7), 2), (30, np.int64(6), np.int64(14), 0)): 38.0, ((30, np.int64(6), np.int64(14), 0), (30, np.int64(6), 35, 0)): 38.0, ((2, np.int64(44), np.int64(11), 2), (8, np.int64(3), np.int64(16), 0)): 2227.0, ((8, np.int64(3), np.int64(16), 0), (8, np.int64(3), 35, 0)): 2227.0, ((2, np.int64(44), np.int64(11), 2), (4, np.int64(6), np.int64(16), 0)): 1787.0, ((4, np.int64(6), np.int64(16), 0), (4, np.int64(6), 35, 0)): 1787.0, ((31, np.int64(100), np.int64(0), 3), (12, np.int64(98), np.int64(1), 3)): 38.0, ((12, np.int64(98), np.int64(1), 3), (12, np.int64(98), np.int64(6), 3)): 38.0, ((12, np.int64(98), np.int64(6), 3), (9, np.int64(60), np.int64(13), 2)): 38.0, ((9, np.int64(60), np.int64(13), 2), (29, np.int64(53), np.int64(15), 2)): 38.0, ((29, np.int64(53), np.int64(15), 2), (32, np.int64(17), np.int64(20), 1)): 38.0, ((32, np.int64(17), np.int64(20), 1), (32, np.int64(17), 35, 1)): 38.0, ((31, np.int64(100), np.int64(0), 3), (15, np.int64(98), np.int64(1), 3)): 59801.0, ((15, np.int64(98), np.int64(1), 3), (12, np.int64(96), np.int64(2), 3)): 59801.0, ((12, np.int64(96), np.int64(2), 3), (12, np.int64(96), np.int64(7), 3)): 59801.0, ((12, np.int64(96), np.int64(7), 3), (9, np.int64(58), np.int64(14), 2)): 59801.0, ((9, np.int64(58), np.int64(14), 2), (29, np.int64(51), np.int64(16), 2)): 59801.0, ((29, np.int64(51), np.int64(16), 2), (32, np.int64(15), np.int64(21), 1)): 54644.0, ((32, np.int64(15), np.int64(21), 1), (32, np.int64(15), 35, 1)): 54644.0, ((29, np.int64(51), np.int64(16), 2), (29, np.int64(51), np.int64(21), 2)): 5157.0, ((29, np.int64(51), np.int64(21), 2), (32, np.int64(15), np.int64(26), 1)): 5157.0, ((32, np.int64(15), np.int64(26), 1), (32, np.int64(15), 35, 1)): 5157.0, ((30, np.int64(90), np.int64(2), 3), (12, np.int64(80), np.int64(4), 3)): 38.0, ((12, np.int64(80), np.int64(4), 3), (31, np.int64(79), np.int64(5), 2)): 38.0, ((31, np.int64(79), np.int64(5), 2), (31, np.int64(79), 35, 2)): 38.0, ((31, np.int64(100), np.int64(0), 3), (15, np.int64(96), np.int64(1), 3)): 38.0, ((15, np.int64(96), np.int64(1), 3), (12, np.int64(94), np.int64(2), 3)): 38.0, ((12, np.int64(94), np.int64(2), 3), (31, np.int64(93), np.int64(3), 3)): 38.0, ((31, np.int64(93), np.int64(3), 3), (31, np.int64(93), 35, 3)): 38.0}}
a[ 20 ] =  1.0
a[ 36 ] =  1.0
n[ 9 ] =  14.0
n[ 11 ] =  22.0
'''''''''''''''''
Gurobi Optimizer version 13.0.1 build v13.0.1rc0 (linux64 - "Debian GNU/Linux 12 (bookworm)")

CPU model: AMD EPYC 7B12, instruction set [SSE2|AVX|AVX2]
Thread count: 1 physical cores, 2 logical processors, using up to 2 threads

Non-default parameters:
MIPGap  0.02

Academic license 937859 - for non-commercial use only - registered to hp___@cornell.edu
Optimize a model with 136822 rows, 301987 columns and 778463 nonzeros (Min)
Model fingerprint: 0x45425f51
Model has 194314 linear objective coefficients
Variable types: 5 continuous, 301982 integer (37 binary)
Coefficient statistics:
  Matrix range     [1e+00, 3e+04]
  Objective range  [6e-01, 2e+02]
  Bounds range     [1e+00, 1e+00]
  RHS range        [2e+00, 1e+100]
Warning: Model contains large rhs
         Consider reformulating model or setting NumericFocus parameter
         to avoid numerical issues.

MIP start from previous solve did not produce a new incumbent solution
MIP start from previous solve violates constraint flow_bal_load[(6,_np.int64(81),_np.int64(1),_3)] by 14.000000000

Presolve removed 103371 rows and 166658 columns (presolve time = 5s)...
Presolve removed 110661 rows and 193827 columns
Presolve time: 9.19s
Presolved: 26161 rows, 108160 columns, 258230 nonzeros
Variable types: 0 continuous, 108160 integer (33 binary)

Root simplex log...

Iteration    Objective       Primal Inf.    Dual Inf.      Time
       0      handle free variables                         11s
    8889    6.4200402e+03   2.199501e+02   0.000000e+00     15s
   12519    7.2887173e+03   0.000000e+00   0.000000e+00     19s
   12519    7.2887173e+03   0.000000e+00   0.000000e+00     19s

Root relaxation: objective 7.288717e+03, 12519 iterations, 9.10 seconds (5.99 work units)

    Nodes    |    Current Node    |     Objective Bounds      |     Work
 Expl Unexpl |  Obj  Depth IntInf | Incumbent    BestBd   Gap | It/Node Time

     0     0 7288.71729    0   81          - 7288.71729      -     -   19s
H    0     0                    7928.1009132 7288.71729  8.06%     -   20s
H    0     0                    7927.6662100 7288.71729  8.06%     -   21s
     0     0 7339.65375    0   78 7927.66621 7339.65375  7.42%     -   23s
     0     0 7339.65475    0   80 7927.66621 7339.65475  7.42%     -   25s
     0     0 7348.25835    0   95 7927.66621 7348.25835  7.31%     -   27s
     0     0 7348.32047    0   95 7927.66621 7348.32047  7.31%     -   29s
     0     0 7355.26544    0  101 7927.66621 7355.26544  7.22%     -   30s
H    0     0                    7825.8735160 7355.31512  6.01%     -   31s
     0     0 7361.96705    0  102 7825.87352 7361.96705  5.93%     -   32s
     0     0 7361.96705    0  104 7825.87352 7361.96705  5.93%     -   32s
     0     0 7362.74825    0  107 7825.87352 7362.74825  5.92%     -   33s
     0     0 7362.74825    0  105 7825.87352 7362.74825  5.92%     -   34s
     0     0 7362.74825    0  105 7825.87352 7362.74825  5.92%     -   35s
     0     0 7362.74825    0  107 7825.87352 7362.74825  5.92%     -   37s
     0     0 7362.74825    0  108 7825.87352 7362.74825  5.92%     -   38s
     0     0 7362.74825    0  104 7825.87352 7362.74825  5.92%     -   38s
H    0     0                    7825.4388128 7362.75637  5.91%     -   41s
     0     0 7362.75637    0  102 7825.43881 7362.75637  5.91%     -   41s
     0     0 7362.75637    0  104 7825.43881 7362.75637  5.91%     -   42s
     0     0 7362.75637    0  104 7825.43881 7362.75637  5.91%     -   42s
     0     0 7365.53646    0  105 7825.43881 7365.53646  5.88%     -   44s
     0     0 7365.53646    0  108 7825.43881 7365.53646  5.88%     -   45s
     0     0 7365.53646    0  108 7825.43881 7365.53646  5.88%     -   45s
     0     0 7365.53646    0  108 7825.43881 7365.53646  5.88%     -   45s
     0     0 7365.53646    0  110 7825.43881 7365.53646  5.88%     -   46s
     0     0 7365.53646    0  109 7825.43881 7365.53646  5.88%     -   47s
     0     0 7365.53646    0  107 7825.43881 7365.53646  5.88%     -   48s
     0     0 7365.59302    0   95 7825.43881 7365.59302  5.88%     -   49s
     0     0 7365.62395    0   97 7825.43881 7365.62395  5.88%     -   49s
     0     0 7365.62395    0   99 7825.43881 7365.62395  5.88%     -   50s
     0     0 7365.68919    0  101 7825.43881 7365.68919  5.88%     -   50s
     0     0 7365.68919    0  103 7825.43881 7365.68919  5.88%     -   51s
     0     0 7365.68919    0  103 7825.43881 7365.68919  5.88%     -   51s
     0     0 7365.68919    0  105 7825.43881 7365.68919  5.88%     -   51s
     0     0 7365.68919    0  103 7825.43881 7365.68919  5.88%     -   52s
     0     0 7365.68919    0  103 7825.43881 7365.68919  5.88%     -   52s
     0     0 7366.06031    0  103 7825.43881 7366.06031  5.87%     -   53s
     0     0 7366.06031    0  103 7825.43881 7366.06031  5.87%     -   53s
     0     0 7366.06031    0  103 7825.43881 7366.06031  5.87%     -   53s
     0     2 7366.06031    0  103 7825.43881 7366.06031  5.87%     -   59s
     1     1     cutoff    1      7825.43881 7377.31014  5.73%   184   60s

Cutting planes:
  MIR: 10

Explored 30 nodes (33120 simplex iterations) in 62.56 seconds (24.25 work units)
Thread count was 2 (of 2 available processors)

Solution count 4: 7825.44 7825.87 7927.67 7928.1 

Optimal solution found (tolerance 2.00e-02)
Best objective 7.825438812785e+03, best bound 7.695200347330e+03, gap 1.6643%
Iteration:  2
Size of network:  8965  nodes,  150953  edges
Obj Value:  7825.438812785387
x_load: {((11, 17, 6, 1), (11, 69, 6, 2), 0): 22.0, ((11, 69, 6, 2), (26, 6, 11, 0), 0): 22.0, ((35, 65, 1, 2), (9, 40, 1, 2), 0): 14.0, ((26, 6, 11, 0), (26, 6, 35, 0), 0): 22.0, ((9, 40, 1, 2), (9, 100, 1, 3), 0): 14.0, ((9, 100, 1, 3), (36, 41, 6, 2), 0): 14.0, ((36, 59, 6, 2), (36, 80, 6, 3), 0): 14.0, ((36, 41, 6, 2), (36, 59, 6, 2), 0): 14.0, ((20, 0, 16, 0), (20, 0, 35, 0), 0): 14.0, ((36, 80, 6, 3), (20, 0, 16, 0), 0): 14.0, ((26, 6, 0, 0), (26, 6, 35, 0), 0): 2.0, ((31, 21, 0, 1), (31, 21, 35, 1), 0): 2.0, ((31, 81, 0, 3), (35, 65, 1, 2), 0): 14.0, ((31, 98, 0, 3), (11, 17, 6, 1), 0): 22.0}
x_ener: {((0, 62, 1, 2), (10, 62, 1, 2), 0): 8568.0, ((30, 7, 1, 0), (31, 0, 1, 0), 0): 152.0, ((12, 7, 6, 0), (31, 6, 6, 0), 1): 52.0, ((30, 8, 1, 0), (12, 7, 1, 0), 0): 38.0, ((31, 6, 6, 0), (31, 6, 35, 0), 0): 128.0, ((30, 18, 1, 1), (31, 12, 1, 1), 0): 228.0, ((31, 8, 6, 0), (31, 8, 35, 0), 0): 38.0, ((31, 10, 6, 1), (31, 10, 35, 1), 0): 114.0, ((3, 23, 6, 1), (12, 7, 6, 0), 0): 38.0, ((30, 26, 1, 1), (31, 21, 1, 1), 0): 114.0, ((10, 59, 1, 2), (2, 59, 1, 2), 0): 8533.0, ((2, 59, 1, 2), (0, 62, 1, 2), 0): 4284.0, ((2, 59, 1, 2), (10, 59, 1, 2), 0): 8498.0, ((6, 19, 6, 1), (31, 6, 6, 0), 0): 76.0, ((10, 62, 1, 2), (0, 62, 1, 2), 0): 4249.0, ((10, 62, 1, 2), (2, 59, 1, 2), 0): 4249.0, ((10, 62, 1, 2), (2, 62, 1, 2), 0): 70.0, ((30, 39, 1, 1), (12, 33, 1, 1), 0): 76.0, ((2, 62, 1, 2), (0, 62, 1, 2), 0): 35.0, ((2, 62, 1, 2), (10, 59, 1, 2), 0): 35.0, ((3, 26, 6, 1), (31, 8, 6, 0), 0): 38.0, ((30, 35, 1, 1), (12, 29, 1, 1), 0): 38.0, ((35, 27, 6, 1), (31, 10, 6, 1), 0): 76.0, ((30, 51, 1, 2), (3, 40, 1, 2), 0): 76.0, ((11, 17, 6, 1), (11, 17, 11, 1), 0): 22.0, ((30, 42, 1, 2), (31, 35, 1, 1), 0): 38.0, ((31, 47, 6, 2), (31, 47, 35, 2), 0): 9.0, ((12, 70, 6, 2), (31, 70, 6, 2), 1): 62200.0, ((30, 68, 1, 2), (12, 70, 1, 2), 0): 38.0, ((17, 44, 6, 2), (3, 23, 6, 1), 0): 38.0, ((30, 73, 1, 2), (3, 58, 1, 2), 0): 38.0, ((31, 70, 6, 2), (31, 70, 11, 2), 0): 62200.0, ((11, 69, 6, 2), (26, 6, 11, 0), 0): 22.0, ((15, 51, 6, 2), (31, 47, 6, 2), 0): 9.0, ((17, 47, 6, 2), (3, 26, 6, 1), 0): 38.0, ((30, 62, 1, 2), (6, 44, 1, 2), 0): 76.0, ((8, 40, 6, 2), (31, 6, 11, 0), 0): 38.0, ((0, 30, 6, 1), (30, 7, 11, 0), 0): 152.0, ((0, 32, 6, 1), (30, 7, 11, 0), 0): 38.0, ((0, 34, 6, 1), (31, 6, 11, 0), 0): 38.0, ((0, 42, 6, 2), (10, 40, 6, 2), 0): 38.0, ((0, 51, 6, 2), (31, 18, 11, 1), 0): 114.0, ((0, 52, 6, 2), (15, 20, 11, 1), 0): 38.0, ((0, 73, 6, 2), (2, 73, 6, 2), 1): 2227.0, ((30, 7, 11, 0), (31, 0, 11, 0), 0): 190.0, ((12, 7, 11, 0), (31, 6, 11, 0), 1): 238.0, ((31, 0, 11, 0), (31, 0, 35, 0), 0): 190.0, ((10, 36, 6, 1), (0, 34, 6, 1), 0): 38.0, ((31, 6, 11, 0), (31, 6, 35, 0), 0): 2617.0, ((15, 5, 11, 0), (12, 7, 11, 0), 1): 124.0, ((10, 39, 6, 1), (31, 6, 11, 0), 0): 38.0, ((31, 8, 11, 0), (31, 8, 35, 0), 0): 613.0, ((2, 35, 6, 1), (10, 36, 6, 1), 0): 38.0, ((2, 39, 6, 1), (31, 6, 11, 0), 0): 38.0, ((10, 40, 6, 2), (2, 39, 6, 1), 0): 38.0, ((15, 10, 11, 1), (31, 8, 11, 0), 0): 613.0, ((3, 23, 11, 1), (31, 6, 11, 0), 0): 2227.0, ((10, 48, 6, 2), (31, 15, 11, 1), 0): 76.0, ((10, 49, 6, 2), (0, 51, 6, 2), 1): 38.0, ((15, 20, 11, 1), (31, 18, 11, 1), 1): 2265.0, ((31, 18, 11, 1), (31, 18, 35, 1), 0): 2379.0, ((31, 21, 11, 1), (31, 21, 35, 1), 0): 2227.0, ((4, 40, 11, 2), (30, 7, 16, 0), 0): 1787.0, ((6, 19, 11, 1), (15, 5, 11, 0), 0): 48.0, ((8, 39, 11, 1), (31, 0, 16, 0), 0): 2271.0, ((12, 15, 11, 1), (31, 15, 11, 1), 1): 76.0, ((31, 15, 11, 1), (31, 15, 35, 1), 0): 152.0, ((2, 73, 6, 2), (31, 35, 11, 1), 0): 2227.0, ((10, 76, 6, 2), (2, 76, 6, 2), 0): 17376.0, ((15, 24, 11, 1), (12, 24, 11, 1), 0): 2227.0, ((2, 76, 6, 2), (0, 73, 6, 2), 0): 2227.0, ((2, 76, 6, 2), (3, 23, 11, 1), 0): 2227.0, ((2, 76, 6, 2), (4, 40, 11, 2), 0): 1787.0, ((2, 76, 6, 2), (8, 39, 11, 1), 0): 2227.0, ((2, 76, 6, 2), (12, 24, 11, 1), 0): 2227.0, ((2, 76, 6, 2), (15, 20, 11, 1), 0): 2227.0, ((2, 76, 6, 2), (30, 31, 11, 1), 0): 2227.0, ((2, 76, 6, 2), (31, 21, 11, 1), 0): 2227.0, ((11, 17, 11, 1), (11, 17, 16, 1), 0): 22.0, ((12, 70, 11, 2), (32, 28, 16, 1), 0): 54682.0, ((31, 70, 11, 2), (12, 70, 11, 2), 1): 54682.0, ((31, 70, 11, 2), (31, 70, 16, 2), 0): 7518.0, ((30, 7, 16, 0), (31, 0, 16, 0), 0): 1787.0, ((31, 0, 16, 0), (31, 0, 35, 0), 0): 4058.0, ((31, 8, 16, 0), (31, 8, 35, 0), 0): 229.0, ((31, 10, 16, 1), (31, 10, 35, 1), 0): 18.0, ((15, 10, 16, 1), (31, 8, 16, 0), 0): 229.0, ((35, 27, 16, 1), (31, 10, 16, 1), 0): 18.0, ((3, 48, 16, 2), (35, 27, 16, 1), 0): 18.0, ((11, 17, 16, 1), (11, 17, 35, 1), 0): 22.0, ((12, 70, 16, 2), (32, 28, 21, 1), 0): 5157.0, ((12, 70, 16, 2), (12, 70, 21, 2), 0): 2361.0, ((31, 70, 16, 2), (12, 70, 16, 2), 1): 7518.0, ((3, 68, 16, 2), (30, 46, 16, 2), 0): 9.0, ((10, 17, 16, 1), (2, 14, 16, 1), 0): 34419056.0, ((2, 14, 16, 1), (10, 17, 16, 1), 0): 34419056.0, ((31, 0, 21, 0), (31, 0, 26, 0), 0): 109364.0, ((31, 6, 21, 0), (31, 6, 35, 0), 0): 6.0, ((31, 8, 21, 0), (31, 8, 35, 0), 0): 100.0, ((15, 10, 21, 1), (31, 8, 21, 0), 0): 100.0, ((15, 28, 21, 1), (31, 27, 21, 1), 0): 17.0, ((31, 15, 21, 1), (31, 15, 35, 1), 0): 17.0, ((3, 43, 21, 2), (31, 24, 21, 1), 0): 68.0, ((6, 47, 21, 2), (30, 21, 21, 1), 0): 17.0, ((12, 70, 21, 2), (32, 28, 26, 1), 0): 2361.0, ((3, 68, 21, 2), (6, 47, 21, 2), 0): 17.0, ((10, 17, 21, 1), (2, 14, 21, 1), 0): 7246088.0, ((2, 14, 21, 1), (10, 17, 21, 1), 0): 7246088.0, ((31, 0, 26, 0), (31, 0, 31, 0), 0): 119678.0, ((9, 0, 31, 0), (9, 0, 35, 0), 0): 14.0, ((10, 17, 26, 1), (2, 14, 26, 1), 0): 1287254.0, ((2, 14, 26, 1), (10, 17, 26, 1), 0): 1287254.0, ((31, 0, 31, 0), (31, 0, 35, 0), 0): 124400.0, ((10, 17, 31, 1), (2, 14, 31, 1), 0): 125559.0, ((2, 14, 31, 1), (10, 17, 31, 1), 0): 125559.0, ((2, 42, 6, 2), (12, 7, 11, 0), 0): 38.0, ((35, 22, 6, 1), (6, 19, 6, 1), 1): 38.0, ((31, 55, 6, 2), (15, 51, 6, 2), 0): 9.0, ((35, 22, 11, 1), (6, 19, 11, 1), 1): 48.0, ((12, 24, 11, 1), (31, 24, 11, 1), 1): 4454.0, ((30, 31, 11, 1), (15, 24, 11, 1), 0): 2227.0, ((31, 24, 11, 1), (31, 24, 35, 1), 0): 4454.0, ((31, 35, 11, 1), (31, 35, 35, 1), 0): 2227.0, ((32, 28, 16, 1), (31, 0, 21, 0), 0): 109364.0, ((30, 46, 16, 2), (31, 39, 16, 1), 0): 9.0, ((32, 28, 21, 1), (31, 0, 26, 0), 0): 10314.0, ((30, 70, 16, 2), (3, 48, 16, 2), 0): 18.0, ((31, 24, 21, 1), (31, 24, 35, 1), 0): 68.0, ((32, 28, 26, 1), (31, 0, 31, 0), 0): 4722.0, ((3, 23, 1, 1), (12, 7, 1, 0), 0): 152.0, ((3, 24, 1, 1), (15, 5, 1, 0), 0): 152.0, ((3, 29, 1, 1), (31, 10, 1, 1), 0): 38.0, ((3, 33, 1, 1), (31, 15, 1, 1), 0): 114.0, ((3, 40, 1, 2), (15, 20, 1, 1), 0): 76.0, ((3, 43, 1, 2), (15, 24, 1, 1), 0): 38.0, ((3, 44, 1, 2), (35, 22, 1, 1), 0): 38.0, ((3, 47, 1, 2), (15, 26, 1, 1), 0): 38.0, ((3, 48, 1, 2), (35, 27, 1, 1), 0): 38.0, ((3, 50, 1, 2), (31, 31, 1, 1), 0): 38.0, ((3, 52, 1, 2), (12, 33, 1, 1), 0): 38.0, ((3, 53, 1, 2), (12, 33, 1, 1), 0): 38.0, ((3, 55, 1, 2), (15, 36, 1, 1), 0): 38.0, ((3, 58, 1, 2), (15, 36, 1, 1), 0): 76.0, ((3, 66, 1, 2), (12, 47, 1, 2), 0): 76.0, ((3, 71, 1, 2), (31, 52, 1, 2), 0): 38.0, ((3, 72, 1, 2), (35, 52, 1, 2), 0): 38.0, ((3, 100, 1, 3), (11, 69, 6, 2), 0): 22.0, ((12, 7, 1, 0), (31, 6, 1, 0), 1): 494.0, ((31, 6, 1, 0), (31, 6, 35, 0), 0): 912.0, ((15, 5, 1, 0), (12, 7, 1, 0), 1): 228.0, ((31, 8, 1, 0), (31, 8, 35, 0), 0): 76.0, ((31, 10, 1, 1), (31, 10, 35, 1), 0): 228.0, ((12, 10, 1, 1), (30, 7, 1, 0), 0): 38.0, ((31, 12, 1, 1), (31, 12, 35, 1), 0): 342.0, ((12, 13, 1, 1), (15, 12, 1, 1), 0): 38.0, ((15, 12, 1, 1), (30, 7, 1, 0), 0): 76.0, ((31, 15, 1, 1), (31, 15, 35, 1), 0): 418.0, ((12, 15, 1, 1), (31, 15, 1, 1), 1): 114.0, ((15, 14, 1, 1), (31, 12, 1, 1), 0): 38.0, ((30, 21, 1, 1), (31, 15, 1, 1), 0): 76.0, ((31, 18, 1, 1), (31, 18, 35, 1), 0): 380.0, ((6, 19, 1, 1), (35, 22, 1, 1), 0): 152.0, ((12, 21, 1, 1), (31, 21, 1, 1), 1): 76.0, ((15, 20, 1, 1), (31, 18, 1, 1), 1): 304.0, ((31, 21, 1, 1), (31, 21, 35, 1), 0): 228.0, ((35, 22, 1, 1), (31, 6, 1, 0), 0): 418.0, ((6, 24, 1, 1), (31, 12, 1, 1), 0): 76.0, ((12, 24, 1, 1), (31, 24, 1, 1), 1): 380.0, ((15, 24, 1, 1), (12, 24, 1, 1), 0): 304.0, ((30, 28, 1, 1), (31, 21, 1, 1), 0): 38.0, ((31, 24, 1, 1), (31, 24, 35, 1), 0): 380.0, ((6, 13, 1, 1), (31, 0, 1, 0), 0): 38.0, ((30, 22, 1, 1), (12, 15, 1, 1), 0): 76.0, ((30, 30, 1, 1), (15, 24, 1, 1), 0): 152.0, ((6, 26, 1, 1), (31, 15, 1, 1), 0): 76.0, ((12, 17, 1, 1), (31, 18, 1, 1), 0): 76.0, ((12, 27, 1, 1), (31, 27, 1, 1), 0): 38.0, ((30, 31, 1, 1), (15, 24, 1, 1), 0): 38.0, ((31, 27, 1, 1), (31, 27, 35, 1), 0): 266.0, ((12, 19, 1, 1), (15, 20, 1, 1), 1): 38.0, ((15, 26, 1, 1), (30, 18, 1, 1), 0): 114.0, ((30, 34, 1, 1), (31, 27, 1, 1), 0): 38.0, ((31, 29, 1, 1), (31, 29, 35, 1), 0): 266.0, ((35, 27, 1, 1), (31, 10, 1, 1), 0): 190.0, ((12, 29, 1, 1), (31, 29, 1, 1), 0): 114.0, ((6, 29, 1, 1), (12, 15, 1, 1), 0): 38.0, ((15, 28, 1, 1), (31, 27, 1, 1), 0): 76.0, ((12, 30, 1, 1), (6, 19, 1, 1), 0): 38.0, ((31, 31, 1, 1), (31, 31, 35, 1), 0): 38.0, ((6, 20, 1, 1), (35, 22, 1, 1), 0): 38.0, ((6, 31, 1, 1), (15, 20, 1, 1), 0): 114.0, ((12, 33, 1, 1), (31, 32, 1, 1), 0): 190.0, ((31, 32, 1, 1), (31, 32, 35, 1), 0): 190.0, ((6, 21, 1, 1), (31, 8, 1, 0), 0): 38.0, ((31, 35, 1, 1), (31, 35, 35, 1), 0): 646.0, ((6, 34, 1, 1), (12, 21, 1, 1), 0): 76.0, ((15, 31, 1, 1), (30, 22, 1, 1), 0): 38.0, ((35, 30, 1, 1), (31, 15, 1, 1), 0): 38.0, ((12, 35, 1, 1), (31, 35, 1, 1), 1): 342.0, ((15, 36, 1, 1), (12, 35, 1, 1), 0): 228.0, ((30, 40, 1, 2), (31, 35, 1, 1), 0): 38.0, ((31, 36, 1, 1), (31, 36, 35, 1), 0): 38.0, ((6, 40, 1, 2), (31, 27, 1, 1), 0): 114.0, ((12, 38, 1, 1), (31, 38, 1, 1), 0): 38.0, ((30, 46, 1, 2), (31, 39, 1, 1), 0): 76.0, ((31, 39, 1, 1), (31, 39, 35, 1), 0): 114.0, ((35, 35, 1, 1), (12, 17, 1, 1), 0): 38.0, ((12, 37, 1, 1), (30, 30, 1, 1), 0): 76.0, ((12, 47, 1, 2), (31, 47, 1, 2), 0): 114.0, ((15, 44, 1, 2), (31, 44, 1, 2), 0): 114.0, ((31, 38, 1, 1), (31, 38, 35, 1), 0): 114.0, ((31, 47, 1, 2), (31, 47, 35, 2), 0): 304.0, ((35, 45, 1, 2), (31, 29, 1, 1), 0): 152.0, ((15, 46, 1, 2), (3, 24, 1, 1), 0): 76.0, ((31, 49, 1, 2), (31, 49, 35, 2), 0): 214.0, ((12, 40, 1, 2), (31, 39, 1, 1), 0): 38.0, ((12, 49, 1, 2), (31, 49, 1, 2), 0): 76.0, ((6, 49, 1, 2), (12, 35, 1, 1), 0): 76.0, ((15, 37, 1, 1), (6, 24, 1, 1), 0): 38.0, ((15, 48, 1, 2), (31, 47, 1, 2), 0): 76.0, ((35, 40, 1, 2), (6, 40, 1, 2), 0): 38.0, ((35, 47, 1, 2), (3, 24, 1, 1), 0): 38.0, ((12, 44, 1, 2), (15, 44, 1, 2), 0): 76.0, ((15, 40, 1, 2), (31, 38, 1, 1), 0): 38.0, ((31, 44, 1, 2), (31, 44, 35, 2), 0): 114.0, ((31, 52, 1, 2), (31, 52, 35, 2), 0): 38.0, ((6, 44, 1, 2), (35, 45, 1, 2), 0): 114.0, ((6, 53, 1, 2), (35, 52, 1, 2), 0): 114.0, ((9, 40, 6, 2), (35, 22, 6, 1), 0): 38.0, ((12, 53, 1, 2), (3, 33, 1, 1), 0): 38.0, ((31, 55, 1, 2), (31, 55, 6, 2), 0): 9.0, ((35, 52, 1, 2), (31, 35, 1, 1), 0): 228.0, ((6, 59, 1, 2), (31, 47, 1, 2), 0): 114.0, ((12, 58, 1, 2), (31, 59, 1, 2), 1): 152.0, ((15, 60, 1, 2), (12, 58, 1, 2), 1): 76.0, ((30, 66, 1, 2), (6, 49, 1, 2), 0): 76.0, ((31, 59, 1, 2), (31, 59, 35, 2), 0): 190.0, ((35, 55, 1, 2), (31, 38, 1, 1), 0): 38.0, ((9, 43, 6, 2), (35, 27, 6, 1), 0): 38.0, ((12, 70, 1, 2), (12, 70, 6, 2), 0): 62200.0, ((35, 65, 1, 2), (9, 40, 1, 2), 0): 14.0, ((35, 65, 1, 2), (31, 49, 1, 2), 0): 138.0, ((6, 79, 1, 2), (12, 70, 1, 2), 0): 8.0, ((6, 79, 1, 2), (35, 80, 1, 3), 0): 68.0, ((15, 68, 1, 2), (12, 70, 1, 2), 1): 38.0, ((30, 86, 1, 3), (31, 80, 1, 3), 0): 38.0, ((31, 72, 1, 2), (31, 72, 35, 2), 0): 152.0, ((35, 80, 1, 3), (35, 80, 6, 3), 0): 68.0, ((8, 44, 6, 2), (15, 5, 11, 0), 0): 38.0, ((3, 29, 6, 1), (31, 10, 6, 1), 0): 38.0, ((3, 100, 6, 3), (3, 100, 11, 3), 0): 48.0, ((17, 49, 6, 2), (35, 27, 6, 1), 0): 38.0, ((9, 40, 11, 2), (35, 22, 11, 1), 0): 48.0, ((17, 51, 6, 2), (3, 29, 6, 1), 0): 38.0, ((9, 67, 11, 2), (29, 64, 11, 2), 0): 54682.0, ((29, 64, 11, 2), (32, 28, 16, 1), 0): 54682.0, ((35, 80, 6, 3), (35, 80, 11, 3), 0): 68.0, ((3, 100, 11, 3), (17, 68, 11, 2), 0): 48.0, ((9, 40, 16, 2), (31, 6, 21, 0), 0): 6.0, ((6, 79, 11, 2), (6, 79, 16, 2), 0): 68.0, ((9, 67, 16, 2), (29, 64, 16, 2), 0): 5157.0, ((17, 68, 11, 2), (9, 40, 11, 2), 0): 48.0, ((29, 64, 16, 2), (32, 28, 21, 1), 0): 5157.0, ((35, 80, 11, 3), (6, 79, 11, 2), 0): 68.0, ((31, 39, 16, 1), (31, 39, 35, 1), 0): 9.0, ((6, 79, 16, 2), (35, 74, 16, 2), 0): 68.0, ((9, 67, 21, 2), (29, 64, 21, 2), 0): 2361.0, ((29, 64, 21, 2), (32, 28, 26, 1), 0): 2361.0, ((3, 49, 21, 2), (15, 28, 21, 1), 0): 17.0, ((30, 21, 21, 1), (31, 15, 21, 1), 0): 17.0, ((31, 27, 21, 1), (31, 27, 35, 1), 0): 17.0, ((6, 79, 21, 2), (9, 67, 21, 2), 0): 2361.0, ((28, 31, 6, 1), (26, 6, 11, 0), 0): 2.0, ((26, 6, 11, 0), (26, 6, 35, 0), 0): 26.0, ((8, 42, 6, 2), (12, 7, 11, 0), 0): 38.0, ((28, 31, 11, 1), (26, 6, 16, 0), 0): 2.0, ((26, 6, 16, 0), (26, 6, 35, 0), 0): 2.0, ((11, 54, 6, 2), (11, 54, 11, 2), 0): 44.0, ((28, 31, 16, 1), (26, 6, 21, 0), 0): 2.0, ((26, 6, 21, 0), (26, 6, 26, 0), 0): 2.0, ((26, 12, 21, 1), (26, 12, 26, 1), 0): 16.0, ((11, 54, 11, 2), (8, 39, 11, 1), 0): 44.0, ((26, 6, 26, 0), (26, 6, 31, 0), 0): 2.0, ((26, 12, 26, 1), (26, 12, 35, 1), 0): 16.0, ((26, 6, 31, 0), (26, 6, 35, 0), 0): 2.0, ((5, 80, 21, 3), (26, 46, 26, 2), 0): 14.0, ((5, 80, 21, 3), (5, 80, 26, 3), 0): 12.0, ((5, 80, 11, 3), (26, 46, 16, 2), 0): 2.0, ((26, 46, 1, 2), (5, 26, 6, 1), 0): 2.0, ((26, 66, 1, 2), (28, 31, 6, 1), 0): 2.0, ((26, 66, 1, 2), (26, 66, 6, 2), 0): 4.0, ((26, 80, 1, 3), (26, 80, 6, 3), 0): 16.0, ((5, 26, 1, 1), (26, 6, 6, 0), 0): 4.0, ((5, 46, 11, 2), (5, 46, 16, 2), 0): 14.0, ((26, 6, 6, 0), (26, 6, 35, 0), 0): 6.0, ((26, 33, 6, 1), (26, 33, 35, 1), 0): 22.0, ((26, 66, 6, 2), (28, 31, 11, 1), 0): 2.0, ((26, 66, 6, 2), (26, 66, 11, 2), 0): 2.0, ((26, 80, 6, 3), (5, 46, 11, 2), 0): 14.0, ((26, 80, 6, 3), (26, 80, 11, 3), 0): 2.0, ((5, 26, 6, 1), (26, 6, 11, 0), 0): 2.0, ((5, 46, 16, 2), (26, 12, 21, 1), 0): 16.0, ((5, 80, 26, 3), (26, 46, 31, 2), 0): 12.0, ((5, 80, 16, 3), (26, 46, 21, 2), 0): 6.0, ((5, 80, 16, 3), (5, 80, 21, 3), 0): 26.0, ((26, 66, 11, 2), (28, 31, 16, 1), 0): 2.0, ((26, 80, 11, 3), (5, 46, 16, 2), 0): 2.0, ((26, 46, 16, 2), (26, 46, 35, 2), 0): 2.0, ((26, 46, 21, 2), (26, 46, 35, 2), 0): 6.0, ((26, 46, 26, 2), (26, 46, 31, 2), 0): 14.0, ((26, 46, 31, 2), (26, 46, 35, 2), 0): 26.0, ((6, 64, 1, 2), (35, 65, 1, 2), 1): 38.0, ((6, 80, 21, 3), (3, 49, 21, 2), 0): 17.0, ((6, 80, 16, 3), (29, 50, 16, 2), 0): 6.0, ((6, 80, 6, 3), (35, 75, 6, 2), 0): 804.0, ((31, 0, 1, 0), (31, 0, 35, 0), 0): 190.0, ((15, 10, 1, 1), (31, 8, 1, 0), 0): 38.0, ((15, 32, 1, 1), (30, 26, 1, 1), 0): 38.0, ((30, 19, 1, 1), (15, 10, 1, 1), 0): 38.0, ((9, 40, 1, 2), (12, 7, 6, 0), 0): 14.0, ((12, 45, 1, 2), (6, 31, 1, 1), 0): 38.0, ((30, 41, 1, 2), (35, 22, 1, 1), 0): 38.0, ((12, 50, 1, 2), (30, 46, 1, 2), 0): 38.0, ((35, 72, 1, 2), (12, 58, 1, 2), 0): 38.0, ((31, 70, 1, 2), (12, 70, 1, 2), 1): 62040.0, ((15, 66, 1, 2), (6, 53, 1, 2), 0): 38.0, ((12, 77, 1, 2), (31, 76, 1, 2), 0): 114.0, ((12, 90, 1, 3), (31, 90, 1, 3), 1): 38.0, ((15, 76, 1, 2), (12, 77, 1, 2), 0): 38.0, ((15, 86, 1, 3), (3, 66, 1, 2), 0): 38.0, ((31, 76, 1, 2), (31, 76, 35, 2), 0): 114.0, ((31, 90, 1, 3), (31, 90, 6, 3), 0): 2361.0, ((12, 79, 1, 2), (35, 65, 1, 2), 0): 38.0, ((29, 40, 6, 2), (6, 19, 6, 1), 0): 38.0, ((29, 49, 6, 2), (12, 15, 11, 1), 0): 76.0, ((9, 45, 6, 2), (12, 7, 11, 0), 0): 38.0, ((9, 47, 6, 2), (15, 10, 11, 1), 0): 613.0, ((35, 75, 6, 2), (9, 47, 6, 2), 0): 575.0, ((35, 75, 6, 2), (35, 75, 11, 2), 0): 229.0, ((31, 90, 6, 3), (31, 90, 11, 3), 0): 2361.0, ((9, 47, 11, 2), (15, 10, 16, 1), 0): 229.0, ((35, 75, 11, 2), (9, 47, 11, 2), 0): 229.0, ((31, 90, 11, 3), (31, 90, 16, 3), 0): 2361.0, ((9, 47, 16, 2), (15, 10, 21, 1), 0): 100.0, ((35, 74, 16, 2), (35, 74, 21, 2), 0): 68.0, ((29, 50, 16, 2), (9, 40, 16, 2), 0): 6.0, ((35, 75, 16, 2), (9, 47, 16, 2), 0): 100.0, ((12, 90, 16, 3), (12, 90, 21, 3), 0): 2361.0, ((31, 90, 16, 3), (12, 90, 16, 3), 1): 2361.0, ((36, 39, 26, 1), (36, 40, 26, 2), 0): 14.0, ((35, 74, 21, 2), (3, 43, 21, 2), 0): 68.0, ((12, 90, 21, 3), (6, 79, 21, 2), 0): 2361.0, ((36, 40, 26, 2), (36, 41, 26, 2), 0): 14.0, ((9, 100, 1, 3), (36, 41, 6, 2), 0): 14.0, ((35, 53, 1, 2), (31, 36, 1, 1), 0): 38.0, ((16, 41, 6, 2), (15, 5, 11, 0), 0): 38.0, ((36, 59, 6, 2), (36, 80, 6, 3), 0): 14.0, ((9, 100, 0, 3), (29, 100, 1, 3), 0): 14.0, ((29, 100, 1, 3), (9, 100, 1, 3), 0): 14.0, ((36, 41, 6, 2), (36, 59, 6, 2), 0): 14.0, ((36, 41, 26, 2), (9, 0, 31, 0), 0): 14.0, ((11, 80, 0, 3), (28, 61, 1, 2), 0): 22.0, ((28, 31, 1, 1), (26, 6, 6, 0), 0): 2.0, ((28, 61, 1, 2), (26, 33, 6, 1), 0): 22.0, ((12, 97, 16, 3), (15, 96, 16, 3), 1): 17.0, ((12, 100, 21, 3), (15, 97, 21, 3), 0): 9.0, ((12, 100, 21, 3), (15, 100, 21, 3), 0): 17.0, ((12, 100, 21, 3), (12, 100, 26, 3), 0): 9.0, ((12, 98, 6, 3), (9, 67, 11, 2), 0): 54682.0, ((12, 98, 6, 3), (12, 98, 11, 3), 0): 5157.0, ((12, 97, 1, 3), (31, 96, 1, 3), 1): 228.0, ((12, 98, 1, 3), (30, 100, 1, 3), 0): 38.0, ((15, 74, 1, 2), (31, 72, 1, 2), 0): 152.0, ((15, 77, 1, 2), (3, 55, 1, 2), 0): 38.0, ((31, 80, 1, 3), (31, 80, 6, 3), 0): 18.0, ((31, 80, 1, 3), (31, 80, 35, 3), 0): 20.0, ((15, 96, 1, 3), (12, 97, 1, 3), 1): 152.0, ((31, 96, 1, 3), (31, 96, 6, 3), 0): 17.0, ((31, 96, 1, 3), (31, 96, 35, 3), 0): 211.0, ((30, 100, 1, 3), (15, 96, 1, 3), 0): 38.0, ((15, 100, 1, 3), (15, 100, 6, 3), 0): 60643.0, ((31, 100, 1, 3), (10, 76, 6, 2), 0): 17376.0, ((31, 100, 1, 3), (31, 100, 6, 3), 0): 198.0, ((35, 73, 1, 2), (31, 59, 1, 2), 0): 38.0, ((12, 73, 1, 2), (15, 74, 1, 2), 1): 38.0, ((12, 78, 1, 2), (3, 58, 1, 2), 0): 38.0, ((12, 97, 21, 3), (3, 68, 21, 2), 0): 17.0, ((12, 98, 11, 3), (9, 67, 16, 2), 0): 5157.0, ((12, 100, 26, 3), (31, 100, 26, 3), 0): 9.0, ((12, 100, 16, 3), (15, 100, 16, 3), 0): 6.0, ((12, 100, 16, 3), (30, 90, 16, 3), 0): 9.0, ((12, 100, 16, 3), (12, 100, 21, 3), 0): 35.0, ((31, 80, 6, 3), (31, 80, 11, 3), 0): 18.0, ((31, 96, 6, 3), (31, 96, 11, 3), 0): 17.0, ((15, 100, 6, 3), (6, 80, 6, 3), 0): 804.0, ((15, 100, 6, 3), (12, 98, 6, 3), 0): 59839.0, ((31, 100, 6, 3), (3, 100, 6, 3), 0): 48.0, ((31, 100, 6, 3), (31, 100, 11, 3), 0): 150.0, ((31, 80, 11, 3), (31, 80, 16, 3), 0): 18.0, ((31, 96, 11, 3), (31, 96, 16, 3), 0): 17.0, ((31, 100, 11, 3), (31, 100, 16, 3), 0): 150.0, ((31, 80, 16, 3), (30, 70, 16, 2), 0): 18.0, ((15, 96, 16, 3), (15, 96, 21, 3), 0): 17.0, ((30, 90, 16, 3), (3, 68, 16, 2), 0): 9.0, ((31, 96, 16, 3), (12, 97, 16, 3), 1): 17.0, ((15, 100, 16, 3), (6, 80, 16, 3), 0): 6.0, ((31, 100, 16, 3), (12, 100, 16, 3), 0): 50.0, ((31, 100, 16, 3), (35, 75, 16, 2), 0): 100.0, ((12, 100, 31, 3), (15, 97, 31, 3), 0): 9.0, ((15, 96, 21, 3), (12, 97, 21, 3), 1): 17.0, ((15, 97, 21, 3), (15, 97, 26, 3), 0): 9.0, ((15, 100, 21, 3), (6, 80, 21, 3), 0): 17.0, ((31, 96, 26, 3), (31, 96, 35, 3), 0): 9.0, ((15, 97, 26, 3), (31, 96, 26, 3), 0): 9.0, ((31, 100, 26, 3), (31, 100, 31, 3), 0): 9.0, ((31, 96, 31, 3), (31, 96, 35, 3), 0): 9.0, ((15, 97, 31, 3), (31, 96, 31, 3), 0): 9.0, ((31, 100, 31, 3), (12, 100, 31, 3), 0): 9.0, ((20, 9, 16, 0), (20, 10, 16, 1), 0): 14.0, ((20, 40, 16, 2), (20, 44, 16, 2), 0): 14.0, ((20, 29, 16, 1), (20, 40, 16, 2), 0): 14.0, ((20, 64, 16, 2), (20, 80, 16, 3), 0): 14.0, ((20, 4, 16, 0), (20, 9, 16, 0), 0): 14.0, ((20, 49, 16, 2), (24, 50, 16, 2), 0): 14.0, ((24, 50, 16, 2), (20, 64, 16, 2), 0): 14.0, ((20, 80, 16, 3), (36, 39, 26, 1), 0): 14.0, ((20, 0, 16, 0), (20, 4, 16, 0), 0): 14.0, ((20, 10, 16, 1), (20, 29, 16, 1), 0): 14.0, ((20, 44, 16, 2), (20, 49, 16, 2), 0): 14.0, ((36, 80, 6, 3), (20, 0, 16, 0), 0): 14.0, ((26, 46, 0, 2), (5, 26, 1, 1), 0): 4.0, ((26, 46, 0, 2), (26, 46, 1, 2), 0): 2.0, ((26, 66, 0, 2), (28, 31, 1, 1), 0): 2.0, ((26, 66, 0, 2), (26, 66, 1, 2), 0): 6.0, ((26, 80, 0, 3), (26, 80, 1, 3), 0): 16.0, ((26, 100, 6, 3), (5, 80, 11, 3), 0): 2.0, ((26, 100, 6, 3), (26, 100, 11, 3), 0): 32.0, ((26, 100, 1, 3), (26, 100, 6, 3), 0): 34.0, ((26, 100, 0, 3), (11, 54, 6, 2), 0): 44.0, ((26, 100, 0, 3), (26, 100, 1, 3), 0): 34.0, ((26, 100, 11, 3), (5, 80, 16, 3), 0): 32.0, ((31, 6, 0, 0), (12, 7, 1, 0), 0): 38.0, ((31, 6, 0, 0), (15, 5, 1, 0), 0): 38.0, ((31, 8, 0, 0), (12, 7, 1, 0), 0): 38.0, ((31, 8, 0, 0), (15, 5, 1, 0), 0): 38.0, ((31, 12, 0, 1), (12, 10, 1, 1), 0): 38.0, ((31, 15, 0, 1), (12, 13, 1, 1), 0): 38.0, ((31, 15, 0, 1), (15, 12, 1, 1), 0): 38.0, ((31, 15, 0, 1), (30, 7, 1, 0), 0): 38.0, ((31, 18, 0, 1), (12, 17, 1, 1), 0): 38.0, ((31, 18, 0, 1), (15, 14, 1, 1), 0): 38.0, ((31, 18, 0, 1), (30, 8, 1, 0), 0): 38.0, ((31, 21, 0, 1), (12, 19, 1, 1), 0): 38.0, ((31, 21, 0, 1), (15, 20, 1, 1), 0): 38.0, ((31, 24, 0, 1), (12, 24, 1, 1), 0): 38.0, ((31, 24, 0, 1), (15, 20, 1, 1), 0): 38.0, ((31, 24, 0, 1), (30, 18, 1, 1), 0): 38.0, ((31, 25, 0, 1), (12, 24, 1, 1), 0): 38.0, ((31, 25, 0, 1), (15, 24, 1, 1), 0): 38.0, ((31, 25, 0, 1), (30, 18, 1, 1), 0): 38.0, ((31, 27, 0, 1), (15, 24, 1, 1), 0): 38.0, ((31, 27, 0, 1), (30, 18, 1, 1), 0): 38.0, ((31, 29, 0, 1), (12, 27, 1, 1), 0): 38.0, ((31, 29, 0, 1), (15, 26, 1, 1), 0): 38.0, ((31, 29, 0, 1), (30, 19, 1, 1), 0): 38.0, ((31, 30, 0, 1), (12, 29, 1, 1), 0): 38.0, ((31, 30, 0, 1), (15, 26, 1, 1), 0): 38.0, ((31, 30, 0, 1), (30, 21, 1, 1), 0): 38.0, ((31, 31, 0, 1), (12, 29, 1, 1), 0): 38.0, ((31, 31, 0, 1), (15, 28, 1, 1), 0): 38.0, ((31, 31, 0, 1), (30, 21, 1, 1), 0): 38.0, ((31, 32, 0, 1), (6, 13, 1, 1), 0): 38.0, ((31, 32, 0, 1), (12, 30, 1, 1), 0): 38.0, ((31, 32, 0, 1), (15, 28, 1, 1), 0): 38.0, ((31, 32, 0, 1), (30, 22, 1, 1), 0): 38.0, ((31, 35, 0, 1), (6, 19, 1, 1), 0): 38.0, ((31, 35, 0, 1), (12, 33, 1, 1), 0): 38.0, ((31, 35, 0, 1), (15, 31, 1, 1), 0): 38.0, ((31, 35, 0, 1), (30, 26, 1, 1), 0): 38.0, ((31, 36, 0, 1), (6, 19, 1, 1), 0): 38.0, ((31, 36, 0, 1), (12, 35, 1, 1), 0): 38.0, ((31, 36, 0, 1), (15, 32, 1, 1), 0): 38.0, ((31, 36, 0, 1), (30, 26, 1, 1), 0): 38.0, ((31, 38, 0, 1), (6, 19, 1, 1), 0): 38.0, ((31, 38, 0, 1), (12, 37, 1, 1), 0): 38.0, ((31, 38, 0, 1), (15, 36, 1, 1), 0): 38.0, ((31, 38, 0, 1), (30, 28, 1, 1), 0): 38.0, ((31, 39, 0, 1), (6, 20, 1, 1), 0): 38.0, ((31, 39, 0, 1), (12, 37, 1, 1), 0): 38.0, ((31, 39, 0, 1), (15, 36, 1, 1), 0): 38.0, ((31, 39, 0, 1), (30, 30, 1, 1), 0): 38.0, ((31, 40, 0, 2), (6, 21, 1, 1), 0): 38.0, ((31, 40, 0, 2), (12, 38, 1, 1), 0): 38.0, ((31, 40, 0, 2), (15, 36, 1, 1), 0): 38.0, ((31, 40, 0, 2), (30, 30, 1, 1), 0): 38.0, ((31, 41, 0, 2), (6, 24, 1, 1), 0): 38.0, ((31, 41, 0, 2), (12, 40, 1, 2), 0): 38.0, ((31, 41, 0, 2), (15, 37, 1, 1), 0): 38.0, ((31, 41, 0, 2), (30, 31, 1, 1), 0): 38.0, ((31, 41, 0, 2), (35, 22, 1, 1), 0): 38.0, ((31, 44, 0, 2), (6, 26, 1, 1), 0): 38.0, ((31, 44, 0, 2), (12, 44, 1, 2), 0): 38.0, ((31, 44, 0, 2), (15, 40, 1, 2), 0): 38.0, ((31, 44, 0, 2), (30, 34, 1, 1), 0): 38.0, ((31, 44, 0, 2), (35, 22, 1, 1), 0): 38.0, ((31, 45, 0, 2), (6, 26, 1, 1), 0): 38.0, ((31, 45, 0, 2), (12, 44, 1, 2), 0): 38.0, ((31, 45, 0, 2), (30, 35, 1, 1), 0): 38.0, ((31, 45, 0, 2), (35, 22, 1, 1), 0): 38.0, ((31, 47, 0, 2), (3, 23, 1, 1), 0): 38.0, ((31, 47, 0, 2), (6, 29, 1, 1), 0): 38.0, ((31, 47, 0, 2), (12, 45, 1, 2), 0): 38.0, ((31, 47, 0, 2), (15, 44, 1, 2), 0): 38.0, ((31, 47, 0, 2), (30, 39, 1, 1), 0): 38.0, ((31, 47, 0, 2), (35, 22, 1, 1), 0): 38.0, ((31, 49, 0, 2), (3, 23, 1, 1), 0): 38.0, ((31, 49, 0, 2), (6, 31, 1, 1), 0): 38.0, ((31, 49, 0, 2), (12, 47, 1, 2), 0): 38.0, ((31, 49, 0, 2), (15, 46, 1, 2), 0): 38.0, ((31, 49, 0, 2), (30, 39, 1, 1), 0): 38.0, ((31, 49, 0, 2), (35, 27, 1, 1), 0): 38.0, ((31, 50, 0, 2), (3, 23, 1, 1), 0): 38.0, ((31, 50, 0, 2), (6, 31, 1, 1), 0): 38.0, ((31, 50, 0, 2), (12, 49, 1, 2), 0): 38.0, ((31, 50, 0, 2), (15, 46, 1, 2), 0): 38.0, ((31, 50, 0, 2), (30, 40, 1, 2), 0): 38.0, ((31, 50, 0, 2), (35, 27, 1, 1), 0): 38.0, ((31, 51, 0, 2), (3, 23, 1, 1), 0): 38.0, ((31, 51, 0, 2), (6, 34, 1, 1), 0): 38.0, ((31, 51, 0, 2), (12, 49, 1, 2), 0): 38.0, ((31, 51, 0, 2), (15, 48, 1, 2), 0): 38.0, ((31, 51, 0, 2), (30, 41, 1, 2), 0): 38.0, ((31, 51, 0, 2), (35, 27, 1, 1), 0): 38.0, ((31, 52, 0, 2), (3, 24, 1, 1), 0): 38.0, ((31, 52, 0, 2), (6, 34, 1, 1), 0): 38.0, ((31, 52, 0, 2), (12, 50, 1, 2), 0): 38.0, ((31, 52, 0, 2), (15, 48, 1, 2), 0): 38.0, ((31, 52, 0, 2), (30, 42, 1, 2), 0): 38.0, ((31, 52, 0, 2), (35, 27, 1, 1), 0): 38.0, ((31, 55, 0, 2), (3, 29, 1, 1), 0): 38.0, ((31, 55, 0, 2), (6, 40, 1, 2), 0): 38.0, ((31, 55, 0, 2), (12, 53, 1, 2), 0): 38.0, ((31, 55, 0, 2), (30, 46, 1, 2), 0): 38.0, ((31, 55, 0, 2), (35, 30, 1, 1), 0): 38.0, ((31, 55, 0, 2), (31, 55, 1, 2), 0): 9.0, ((31, 59, 0, 2), (3, 33, 1, 1), 0): 38.0, ((31, 59, 0, 2), (6, 40, 1, 2), 0): 38.0, ((31, 59, 0, 2), (12, 58, 1, 2), 0): 38.0, ((31, 59, 0, 2), (15, 60, 1, 2), 0): 38.0, ((31, 59, 0, 2), (30, 51, 1, 2), 0): 38.0, ((31, 59, 0, 2), (35, 35, 1, 1), 0): 38.0, ((31, 61, 0, 2), (3, 33, 1, 1), 0): 38.0, ((31, 61, 0, 2), (6, 44, 1, 2), 0): 38.0, ((31, 61, 0, 2), (15, 60, 1, 2), 0): 38.0, ((31, 61, 0, 2), (30, 51, 1, 2), 0): 38.0, ((31, 61, 0, 2), (35, 40, 1, 2), 0): 38.0, ((31, 70, 0, 2), (3, 43, 1, 2), 0): 38.0, ((31, 70, 0, 2), (6, 53, 1, 2), 0): 38.0, ((31, 70, 0, 2), (12, 70, 1, 2), 0): 38.0, ((31, 70, 0, 2), (15, 66, 1, 2), 0): 38.0, ((31, 70, 0, 2), (30, 62, 1, 2), 0): 38.0, ((31, 70, 0, 2), (35, 45, 1, 2), 0): 38.0, ((31, 70, 0, 2), (31, 70, 1, 2), 0): 62040.0, ((31, 72, 0, 2), (0, 30, 6, 1), 0): 38.0, ((31, 72, 0, 2), (3, 44, 1, 2), 0): 38.0, ((31, 72, 0, 2), (6, 53, 1, 2), 0): 38.0, ((31, 72, 0, 2), (12, 70, 1, 2), 0): 38.0, ((31, 72, 0, 2), (15, 68, 1, 2), 0): 38.0, ((31, 72, 0, 2), (30, 62, 1, 2), 0): 38.0, ((31, 72, 0, 2), (35, 47, 1, 2), 0): 38.0, ((31, 75, 0, 2), (0, 30, 6, 1), 0): 38.0, ((31, 75, 0, 2), (3, 47, 1, 2), 0): 38.0, ((31, 75, 0, 2), (6, 59, 1, 2), 0): 38.0, ((31, 75, 0, 2), (12, 73, 1, 2), 0): 38.0, ((31, 75, 0, 2), (15, 74, 1, 2), 0): 38.0, ((31, 75, 0, 2), (30, 66, 1, 2), 0): 38.0, ((31, 75, 0, 2), (35, 52, 1, 2), 0): 38.0, ((31, 76, 0, 2), (0, 30, 6, 1), 0): 38.0, ((31, 76, 0, 2), (3, 48, 1, 2), 0): 38.0, ((31, 76, 0, 2), (6, 59, 1, 2), 0): 38.0, ((31, 76, 0, 2), (12, 77, 1, 2), 0): 38.0, ((31, 76, 0, 2), (15, 74, 1, 2), 0): 38.0, ((31, 76, 0, 2), (30, 66, 1, 2), 0): 38.0, ((31, 76, 0, 2), (35, 52, 1, 2), 0): 38.0, ((31, 78, 0, 2), (0, 30, 6, 1), 0): 38.0, ((31, 78, 0, 2), (3, 50, 1, 2), 0): 38.0, ((31, 78, 0, 2), (6, 59, 1, 2), 0): 38.0, ((31, 78, 0, 2), (12, 77, 1, 2), 0): 38.0, ((31, 78, 0, 2), (15, 74, 1, 2), 0): 38.0, ((31, 78, 0, 2), (30, 68, 1, 2), 0): 38.0, ((31, 78, 0, 2), (35, 53, 1, 2), 0): 38.0, ((31, 80, 0, 3), (0, 32, 6, 1), 0): 38.0, ((31, 80, 0, 3), (3, 52, 1, 2), 0): 38.0, ((31, 80, 0, 3), (12, 78, 1, 2), 0): 38.0, ((31, 80, 0, 3), (15, 76, 1, 2), 0): 38.0, ((31, 80, 0, 3), (35, 55, 1, 2), 0): 38.0, ((31, 81, 0, 3), (3, 53, 1, 2), 0): 38.0, ((31, 81, 0, 3), (6, 64, 1, 2), 0): 38.0, ((31, 81, 0, 3), (12, 79, 1, 2), 0): 38.0, ((31, 81, 0, 3), (15, 77, 1, 2), 0): 38.0, ((31, 81, 0, 3), (30, 73, 1, 2), 0): 38.0, ((31, 81, 0, 3), (35, 65, 1, 2), 0): 38.0, ((31, 90, 0, 3), (0, 42, 6, 2), 0): 38.0, ((31, 90, 0, 3), (2, 35, 6, 1), 0): 38.0, ((31, 90, 0, 3), (3, 66, 1, 2), 0): 38.0, ((31, 90, 0, 3), (9, 40, 6, 2), 0): 38.0, ((31, 90, 0, 3), (10, 39, 6, 1), 0): 38.0, ((31, 90, 0, 3), (12, 90, 1, 3), 0): 38.0, ((31, 90, 0, 3), (15, 86, 1, 3), 0): 38.0, ((31, 90, 0, 3), (17, 44, 6, 2), 0): 38.0, ((31, 90, 0, 3), (29, 40, 6, 2), 0): 38.0, ((31, 90, 0, 3), (35, 65, 1, 2), 0): 38.0, ((31, 90, 0, 3), (31, 90, 1, 3), 0): 2323.0, ((31, 96, 0, 3), (0, 51, 6, 2), 0): 38.0, ((31, 96, 0, 3), (2, 42, 6, 2), 0): 38.0, ((31, 96, 0, 3), (6, 79, 1, 2), 0): 38.0, ((31, 96, 0, 3), (8, 40, 6, 2), 0): 38.0, ((31, 96, 0, 3), (9, 43, 6, 2), 0): 38.0, ((31, 96, 0, 3), (10, 48, 6, 2), 0): 38.0, ((31, 96, 0, 3), (12, 97, 1, 3), 0): 38.0, ((31, 96, 0, 3), (15, 96, 1, 3), 0): 38.0, ((31, 96, 0, 3), (17, 47, 6, 2), 0): 38.0, ((31, 96, 0, 3), (29, 49, 6, 2), 0): 38.0, ((31, 96, 0, 3), (30, 86, 1, 3), 0): 38.0, ((31, 96, 0, 3), (35, 72, 1, 2), 0): 38.0, ((31, 98, 0, 3), (0, 51, 6, 2), 0): 38.0, ((31, 98, 0, 3), (3, 71, 1, 2), 0): 38.0, ((31, 98, 0, 3), (6, 79, 1, 2), 0): 38.0, ((31, 98, 0, 3), (8, 42, 6, 2), 0): 38.0, ((31, 98, 0, 3), (9, 45, 6, 2), 0): 38.0, ((31, 98, 0, 3), (10, 48, 6, 2), 0): 38.0, ((31, 98, 0, 3), (11, 17, 6, 1), 0): 22.0, ((31, 98, 0, 3), (12, 97, 1, 3), 0): 38.0, ((31, 98, 0, 3), (15, 96, 1, 3), 0): 38.0, ((31, 98, 0, 3), (17, 49, 6, 2), 0): 38.0, ((31, 98, 0, 3), (29, 49, 6, 2), 0): 38.0, ((31, 98, 0, 3), (35, 73, 1, 2), 0): 38.0, ((31, 100, 0, 3), (0, 52, 6, 2), 0): 38.0, ((31, 100, 0, 3), (3, 72, 1, 2), 0): 38.0, ((31, 100, 0, 3), (3, 100, 1, 3), 0): 22.0, ((31, 100, 0, 3), (8, 44, 6, 2), 0): 38.0, ((31, 100, 0, 3), (9, 47, 6, 2), 0): 38.0, ((31, 100, 0, 3), (10, 49, 6, 2), 0): 38.0, ((31, 100, 0, 3), (12, 98, 1, 3), 0): 38.0, ((31, 100, 0, 3), (15, 96, 1, 3), 0): 38.0, ((31, 100, 0, 3), (15, 100, 1, 3), 0): 60643.0, ((31, 100, 0, 3), (16, 41, 6, 2), 0): 38.0, ((31, 100, 0, 3), (17, 51, 6, 2), 0): 38.0, ((31, 100, 0, 3), (31, 100, 1, 3), 0): 17574.0}
a: {20: 1.0, 36: 1.0}
n: {9: 14.0, 11: 22.0}
{0: (34.421443, -119.684178), 1: (38.164391, -112.278183), 2: (34.4349097, -119.9212861), 3: (34.689589, -118.130371), 4: (35.400164, -119.399727), 5: (38.7747705, -119.9029911), 6: (33.9541734, -117.5556971), 7: (36.009923, -114.784826), 8: (35.3002628, -119.0381956), 9: (34.118101, -116.45646), 10: (34.4425082, -119.7812613), 11: (36.075856, -119.043996), 12: (33.8722233, -118.2654222), 13: (35.263617, -112.194139), 14: (37.72495, -113.056978), 15: (33.7885884, -118.2150827), 16: (32.596725, -117.019495), 17: (34.886448, -117.079423), 18: (35.9874334, -119.961999), 19: (35.01643, -110.675005), 20: (33.30006, -111.96835), 21: (38.786621, -112.084147), 22: (32.794671, -115.539473), 23: (36.220567, -115.125553), 24: (33.3021433, -111.9552863), 25: (33.39639, -110.76888), 26: (37.8135094, -119.8800771), 27: (37.161682, -113.434692), 28: (36.72136, -119.761165), 29: (33.8310496, -116.5452277), 30: (34.12755, -118.443664), 31: (33.899899, -118.207088), 32: (33.0390751, -117.2841996), 33: (33.3874378, -110.7609849), 34: (32.178328, -110.960207), 35: (34.02094, -117.385415), 36: (33.603063, -114.598023)}
(((26, np.int64(6), np.int64(0), 0), (26, 6, 35, 0), 0),)
(((31, np.int64(21), np.int64(0), 1), (31, 21, 35, 1), 0),)
(((31, np.int64(81), np.int64(0), 3), (35, 65, 1, 2), 0), ((35, 65, 1, 2), (9, 40, 1, 2), 0), ((9, 40, 1, 2), (9, 100, 1, 3), 0), ((9, 100, 1, 3), (36, 41, 6, 2), 0), ((36, 41, 6, 2), (36, 59, 6, 2), 0), ((36, 59, 6, 2), (36, 80, 6, 3), 0), ((36, 80, 6, 3), (20, 0, 16, 0), 0), ((20, 0, 16, 0), (20, 0, 35, 0), 0))
New edge added:  ((31, np.int64(81), np.int64(0), 3), (35, np.int64(56), np.int64(3), 2), 0)  Edge removed:  ((31, np.int64(81), np.int64(0), 3), (35, 65, 1, 2), 0)
Solution cannot be extended to a feasible solution, updating network...
{'x_load': {((26, np.int64(6), np.int64(0), 0), (26, np.int64(6), 35, 0)): 2.0, ((31, np.int64(21), np.int64(0), 1), (31, np.int64(21), 35, 1)): 2.0, ((31, np.int64(81), np.int64(0), 3), (35, np.int64(56), np.int64(3), 2)): 14.0, ((35, np.int64(56), np.int64(3), 2), (9, np.int64(28), np.int64(7), 1)): 14.0, ((9, np.int64(28), np.int64(7), 1), (9, np.int64(88), np.int64(8), 3)): 14.0, ((9, np.int64(88), np.int64(8), 3), (36, np.int64(29), np.int64(15), 1)): 14.0, ((36, np.int64(29), np.int64(15), 1), (36, np.int64(47), np.int64(17), 2)): 14.0, ((36, np.int64(47), np.int64(17), 2), (36, np.int64(68), np.int64(20), 2)): 14.0, ((36, np.int64(68), np.int64(20), 2), (36, np.int64(68), 35, 2)): 14.0, ((31, np.int64(98), np.int64(0), 3), (11, np.int64(16), np.int64(10), 1)): 22.0, ((11, np.int64(16), np.int64(10), 1), (11, np.int64(68), np.int64(11), 2)): 22.0, ((11, np.int64(68), np.int64(11), 2), (26, np.int64(1), np.int64(19), 0)): 22.0, ((26, np.int64(1), np.int64(19), 0), (26, np.int64(1), 35, 0)): 22.0}, 'x_ener': {((9, np.int64(100), np.int64(0), 3), (29, np.int64(93), np.int64(2), 3)): 14.0, ((29, np.int64(93), np.int64(2), 3), (9, np.int64(86), np.int64(4), 3)): 14.0, ((9, np.int64(86), np.int64(4), 3), (36, np.int64(27), np.int64(11), 1)): 14.0, ((36, np.int64(27), np.int64(11), 1), (36, np.int64(45), np.int64(13), 2)): 14.0, ((36, np.int64(45), np.int64(13), 2), (36, np.int64(66), np.int64(16), 2)): 14.0, ((36, np.int64(66), np.int64(16), 2), (36, np.int64(66), 35, 2)): 14.0, ((11, np.int64(80), np.int64(0), 3), (28, np.int64(59), np.int64(4), 2)): 22.0, ((28, np.int64(59), np.int64(4), 2), (26, np.int64(20), np.int64(9), 1)): 22.0, ((26, np.int64(20), np.int64(9), 1), (26, np.int64(20), 35, 1)): 22.0, ((26, np.int64(46), np.int64(0), 2), (5, np.int64(12), np.int64(5), 1)): 4.0, ((5, np.int64(12), np.int64(5), 1), (5, np.int64(12), 35, 1)): 4.0, ((26, np.int64(46), np.int64(0), 2), (26, np.int64(46), np.int64(1), 2)): 2.0, ((26, np.int64(46), np.int64(1), 2), (5, np.int64(12), np.int64(6), 1)): 2.0, ((5, np.int64(12), np.int64(6), 1), (5, np.int64(12), 35, 1)): 2.0, ((26, np.int64(66), np.int64(0), 2), (28, np.int64(27), np.int64(5), 1)): 2.0, ((28, np.int64(27), np.int64(5), 1), (26, np.int64(0), np.int64(10), 0)): 2.0, ((26, np.int64(0), np.int64(10), 0), (26, np.int64(0), 35, 0)): 2.0, ((26, np.int64(66), np.int64(0), 2), (26, np.int64(66), np.int64(1), 2)): 6.0, ((26, np.int64(66), np.int64(1), 2), (28, np.int64(27), np.int64(6), 1)): 2.0, ((28, np.int64(27), np.int64(6), 1), (26, np.int64(0), np.int64(11), 0)): 2.0, ((26, np.int64(0), np.int64(11), 0), (26, np.int64(0), 35, 0)): 2.0, ((26, np.int64(66), np.int64(1), 2), (26, np.int64(66), np.int64(6), 2)): 4.0, ((26, np.int64(66), np.int64(6), 2), (28, np.int64(27), np.int64(11), 1)): 2.0, ((28, np.int64(27), np.int64(11), 1), (26, np.int64(0), np.int64(16), 0)): 2.0, ((26, np.int64(0), np.int64(16), 0), (26, np.int64(0), 35, 0)): 2.0, ((26, np.int64(66), np.int64(6), 2), (26, np.int64(66), np.int64(11), 2)): 2.0, ((26, np.int64(66), np.int64(11), 2), (28, np.int64(27), np.int64(16), 1)): 2.0, ((28, np.int64(27), np.int64(16), 1), (26, np.int64(0), np.int64(21), 0)): 2.0, ((26, np.int64(0), np.int64(21), 0), (26, np.int64(0), np.int64(26), 0)): 2.0, ((26, np.int64(0), np.int64(26), 0), (26, np.int64(0), np.int64(31), 0)): 2.0, ((26, np.int64(0), np.int64(31), 0), (26, np.int64(0), 35, 0)): 2.0, ((26, np.int64(80), np.int64(0), 3), (26, np.int64(80), np.int64(1), 3)): 16.0, ((26, np.int64(80), np.int64(1), 3), (26, np.int64(80), np.int64(6), 3)): 16.0, ((26, np.int64(80), np.int64(6), 3), (5, np.int64(46), np.int64(11), 2)): 14.0, ((5, np.int64(46), np.int64(11), 2), (5, np.int64(46), np.int64(16), 2)): 14.0, ((5, np.int64(46), np.int64(16), 2), (26, np.int64(12), np.int64(21), 1)): 16.0, ((26, np.int64(12), np.int64(21), 1), (26, np.int64(12), np.int64(26), 1)): 16.0, ((26, np.int64(12), np.int64(26), 1), (26, np.int64(12), 35, 1)): 16.0, ((26, np.int64(80), np.int64(6), 3), (26, np.int64(80), np.int64(11), 3)): 2.0, ((26, np.int64(80), np.int64(11), 3), (5, np.int64(46), np.int64(16), 2)): 2.0, ((26, np.int64(100), np.int64(0), 3), (26, np.int64(100), np.int64(1), 3)): 34.0, ((26, np.int64(100), np.int64(1), 3), (26, np.int64(100), np.int64(6), 3)): 34.0, ((26, np.int64(100), np.int64(6), 3), (5, np.int64(77), np.int64(11), 2)): 2.0, ((5, np.int64(77), np.int64(11), 2), (26, np.int64(43), np.int64(16), 2)): 2.0, ((26, np.int64(43), np.int64(16), 2), (26, np.int64(43), 35, 2)): 2.0, ((26, np.int64(100), np.int64(6), 3), (26, np.int64(100), np.int64(11), 3)): 32.0, ((26, np.int64(100), np.int64(11), 3), (5, np.int64(77), np.int64(16), 2)): 32.0, ((5, np.int64(77), np.int64(16), 2), (26, np.int64(43), np.int64(21), 2)): 6.0, ((26, np.int64(43), np.int64(21), 2), (26, np.int64(43), 35, 2)): 6.0, ((5, np.int64(77), np.int64(16), 2), (5, np.int64(77), np.int64(21), 2)): 26.0, ((5, np.int64(77), np.int64(21), 2), (26, np.int64(43), np.int64(26), 2)): 14.0, ((26, np.int64(43), np.int64(26), 2), (26, np.int64(43), np.int64(31), 2)): 14.0, ((26, np.int64(43), np.int64(31), 2), (26, np.int64(43), 35, 2)): 26.0, ((5, np.int64(77), np.int64(21), 2), (5, np.int64(77), np.int64(26), 2)): 12.0, ((5, np.int64(77), np.int64(26), 2), (26, np.int64(43), np.int64(31), 2)): 12.0, ((26, np.int64(100), np.int64(0), 3), (11, np.int64(54), np.int64(8), 2)): 44.0, ((11, np.int64(54), np.int64(8), 2), (11, np.int64(54), np.int64(13), 2)): 44.0, ((11, np.int64(54), np.int64(13), 2), (8, np.int64(35), np.int64(17), 1)): 44.0, ((8, np.int64(35), np.int64(17), 1), (8, np.int64(35), 35, 1)): 44.0, ((31, np.int64(6), np.int64(0), 0), (12, np.int64(4), np.int64(1), 0)): 38.0, ((12, np.int64(4), np.int64(1), 0), (31, np.int64(3), np.int64(2), 0)): 38.0, ((31, np.int64(3), np.int64(2), 0), (31, np.int64(3), 35, 0)): 38.0, ((31, np.int64(6), np.int64(0), 0), (15, np.int64(2), np.int64(1), 0)): 38.0, ((15, np.int64(2), np.int64(1), 0), (12, np.int64(0), np.int64(2), 0)): 38.0, ((12, np.int64(0), np.int64(2), 0), (12, np.int64(0), 35, 0)): 38.0, ((31, np.int64(8), np.int64(0), 0), (12, np.int64(6), np.int64(1), 0)): 38.0, ((12, np.int64(6), np.int64(1), 0), (31, np.int64(5), np.int64(2), 0)): 38.0, ((31, np.int64(5), np.int64(2), 0), (31, np.int64(5), 35, 0)): 38.0, ((31, np.int64(8), np.int64(0), 0), (15, np.int64(4), np.int64(1), 0)): 38.0, ((15, np.int64(4), np.int64(1), 0), (12, np.int64(2), np.int64(2), 0)): 38.0, ((12, np.int64(2), np.int64(2), 0), (31, np.int64(1), np.int64(3), 0)): 38.0, ((31, np.int64(1), np.int64(3), 0), (31, np.int64(1), 35, 0)): 38.0, ((31, np.int64(12), np.int64(0), 1), (12, np.int64(10), np.int64(1), 1)): 38.0, ((12, np.int64(10), np.int64(1), 1), (30, np.int64(3), np.int64(3), 0)): 38.0, ((30, np.int64(3), np.int64(3), 0), (30, np.int64(3), 35, 0)): 38.0, ((31, np.int64(15), np.int64(0), 1), (30, np.int64(5), np.int64(2), 0)): 38.0, ((30, np.int64(5), np.int64(2), 0), (30, np.int64(5), 35, 0)): 38.0, ((31, np.int64(15), np.int64(0), 1), (15, np.int64(11), np.int64(1), 1)): 38.0, ((15, np.int64(11), np.int64(1), 1), (30, np.int64(2), np.int64(3), 0)): 38.0, ((30, np.int64(2), np.int64(3), 0), (30, np.int64(2), 35, 0)): 38.0, ((31, np.int64(15), np.int64(0), 1), (12, np.int64(13), np.int64(1), 1)): 38.0, ((12, np.int64(13), np.int64(1), 1), (15, np.int64(11), np.int64(2), 1)): 38.0, ((15, np.int64(11), np.int64(2), 1), (30, np.int64(2), np.int64(4), 0)): 38.0, ((30, np.int64(2), np.int64(4), 0), (30, np.int64(2), 35, 0)): 38.0, ((31, np.int64(18), np.int64(0), 1), (30, np.int64(8), np.int64(2), 0)): 38.0, ((30, np.int64(8), np.int64(2), 0), (12, np.int64(1), np.int64(4), 0)): 38.0, ((12, np.int64(1), np.int64(4), 0), (31, np.int64(0), np.int64(5), 0)): 38.0, ((31, np.int64(0), np.int64(5), 0), (31, np.int64(0), 35, 0)): 38.0, ((31, np.int64(18), np.int64(0), 1), (15, np.int64(14), np.int64(1), 1)): 38.0, ((15, np.int64(14), np.int64(1), 1), (31, np.int64(12), np.int64(2), 1)): 38.0, ((31, np.int64(12), np.int64(2), 1), (31, np.int64(12), 35, 1)): 38.0, ((31, np.int64(18), np.int64(0), 1), (12, np.int64(16), np.int64(1), 1)): 38.0, ((12, np.int64(16), np.int64(1), 1), (31, np.int64(15), np.int64(2), 1)): 38.0, ((31, np.int64(15), np.int64(2), 1), (31, np.int64(15), 35, 1)): 76.0, ((31, np.int64(21), np.int64(0), 1), (15, np.int64(17), np.int64(1), 1)): 38.0, ((15, np.int64(17), np.int64(1), 1), (31, np.int64(15), np.int64(2), 1)): 38.0, ((31, np.int64(21), np.int64(0), 1), (12, np.int64(19), np.int64(1), 1)): 38.0, ((12, np.int64(19), np.int64(1), 1), (15, np.int64(17), np.int64(2), 1)): 38.0, ((15, np.int64(17), np.int64(2), 1), (31, np.int64(15), np.int64(3), 1)): 38.0, ((31, np.int64(15), np.int64(3), 1), (31, np.int64(15), 35, 1)): 38.0, ((31, np.int64(24), np.int64(0), 1), (30, np.int64(14), np.int64(2), 1)): 38.0, ((30, np.int64(14), np.int64(2), 1), (31, np.int64(7), np.int64(4), 0)): 38.0, ((31, np.int64(7), np.int64(4), 0), (31, np.int64(7), 35, 0)): 38.0, ((31, np.int64(24), np.int64(0), 1), (15, np.int64(20), np.int64(1), 1)): 38.0, ((15, np.int64(20), np.int64(1), 1), (31, np.int64(18), np.int64(2), 1)): 38.0, ((31, np.int64(18), np.int64(2), 1), (31, np.int64(18), 35, 1)): 38.0, ((31, np.int64(24), np.int64(0), 1), (12, np.int64(22), np.int64(1), 1)): 38.0, ((12, np.int64(22), np.int64(1), 1), (31, np.int64(21), np.int64(2), 1)): 38.0, ((31, np.int64(21), np.int64(2), 1), (31, np.int64(21), 35, 1)): 38.0, ((31, np.int64(25), np.int64(0), 1), (30, np.int64(15), np.int64(2), 1)): 38.0, ((30, np.int64(15), np.int64(2), 1), (31, np.int64(8), np.int64(4), 0)): 38.0, ((31, np.int64(8), np.int64(4), 0), (31, np.int64(8), 35, 0)): 38.0, ((31, np.int64(25), np.int64(0), 1), (12, np.int64(23), np.int64(1), 1)): 38.0, ((12, np.int64(23), np.int64(1), 1), (31, np.int64(22), np.int64(2), 1)): 38.0, ((31, np.int64(22), np.int64(2), 1), (31, np.int64(22), 35, 1)): 38.0, ((31, np.int64(25), np.int64(0), 1), (15, np.int64(21), np.int64(1), 1)): 38.0, ((15, np.int64(21), np.int64(1), 1), (12, np.int64(19), np.int64(2), 1)): 38.0, ((12, np.int64(19), np.int64(2), 1), (31, np.int64(18), np.int64(3), 1)): 38.0, ((31, np.int64(18), np.int64(3), 1), (31, np.int64(18), 35, 1)): 38.0, ((31, np.int64(27), np.int64(0), 1), (30, np.int64(17), np.int64(2), 1)): 38.0, ((30, np.int64(17), np.int64(2), 1), (31, np.int64(10), np.int64(4), 1)): 38.0, ((31, np.int64(10), np.int64(4), 1), (31, np.int64(10), 35, 1)): 38.0, ((31, np.int64(27), np.int64(0), 1), (15, np.int64(23), np.int64(1), 1)): 38.0, ((15, np.int64(23), np.int64(1), 1), (12, np.int64(21), np.int64(2), 1)): 38.0, ((12, np.int64(21), np.int64(2), 1), (31, np.int64(20), np.int64(3), 1)): 38.0, ((31, np.int64(20), np.int64(3), 1), (31, np.int64(20), 35, 1)): 38.0, ((31, np.int64(29), np.int64(0), 1), (30, np.int64(19), np.int64(2), 1)): 38.0, ((30, np.int64(19), np.int64(2), 1), (15, np.int64(10), np.int64(4), 1)): 38.0, ((15, np.int64(10), np.int64(4), 1), (31, np.int64(8), np.int64(5), 0)): 38.0, ((31, np.int64(8), np.int64(5), 0), (31, np.int64(8), 35, 0)): 38.0, ((31, np.int64(29), np.int64(0), 1), (15, np.int64(25), np.int64(1), 1)): 38.0, ((15, np.int64(25), np.int64(1), 1), (30, np.int64(16), np.int64(3), 1)): 38.0, ((30, np.int64(16), np.int64(3), 1), (31, np.int64(9), np.int64(5), 0)): 38.0, ((31, np.int64(9), np.int64(5), 0), (31, np.int64(9), 35, 0)): 38.0, ((31, np.int64(29), np.int64(0), 1), (12, np.int64(27), np.int64(1), 1)): 38.0, ((12, np.int64(27), np.int64(1), 1), (31, np.int64(26), np.int64(2), 1)): 38.0, ((31, np.int64(26), np.int64(2), 1), (31, np.int64(26), 35, 1)): 76.0, ((31, np.int64(30), np.int64(0), 1), (15, np.int64(26), np.int64(1), 1)): 38.0, ((15, np.int64(26), np.int64(1), 1), (30, np.int64(17), np.int64(3), 1)): 38.0, ((30, np.int64(17), np.int64(3), 1), (31, np.int64(10), np.int64(5), 1)): 38.0, ((31, np.int64(10), np.int64(5), 1), (31, np.int64(10), 35, 1)): 38.0, ((31, np.int64(30), np.int64(0), 1), (30, np.int64(20), np.int64(2), 1)): 38.0, ((30, np.int64(20), np.int64(2), 1), (31, np.int64(13), np.int64(4), 1)): 38.0, ((31, np.int64(13), np.int64(4), 1), (31, np.int64(13), 35, 1)): 38.0, ((31, np.int64(30), np.int64(0), 1), (12, np.int64(28), np.int64(1), 1)): 38.0, ((12, np.int64(28), np.int64(1), 1), (31, np.int64(27), np.int64(2), 1)): 38.0, ((31, np.int64(27), np.int64(2), 1), (31, np.int64(27), 35, 1)): 38.0, ((31, np.int64(31), np.int64(0), 1), (30, np.int64(21), np.int64(2), 1)): 38.0, ((30, np.int64(21), np.int64(2), 1), (31, np.int64(14), np.int64(4), 1)): 38.0, ((31, np.int64(14), np.int64(4), 1), (31, np.int64(14), 35, 1)): 38.0, ((31, np.int64(31), np.int64(0), 1), (15, np.int64(27), np.int64(1), 1)): 38.0, ((15, np.int64(27), np.int64(1), 1), (31, np.int64(25), np.int64(2), 1)): 38.0, ((31, np.int64(25), np.int64(2), 1), (31, np.int64(25), 35, 1)): 38.0, ((31, np.int64(31), np.int64(0), 1), (12, np.int64(29), np.int64(1), 1)): 38.0, ((12, np.int64(29), np.int64(1), 1), (31, np.int64(28), np.int64(2), 1)): 38.0, ((31, np.int64(28), np.int64(2), 1), (31, np.int64(28), 35, 1)): 38.0, ((31, np.int64(32), np.int64(0), 1), (12, np.int64(30), np.int64(1), 1)): 38.0, ((12, np.int64(30), np.int64(1), 1), (6, np.int64(16), np.int64(4), 1)): 38.0, ((6, np.int64(16), np.int64(4), 1), (35, np.int64(13), np.int64(5), 1)): 38.0, ((35, np.int64(13), np.int64(5), 1), (35, np.int64(13), 35, 1)): 38.0, ((31, np.int64(32), np.int64(0), 1), (30, np.int64(22), np.int64(2), 1)): 38.0, ((30, np.int64(22), np.int64(2), 1), (12, np.int64(15), np.int64(4), 1)): 38.0, ((12, np.int64(15), np.int64(4), 1), (31, np.int64(14), np.int64(5), 1)): 38.0, ((31, np.int64(14), np.int64(5), 1), (31, np.int64(14), 35, 1)): 38.0, ((31, np.int64(32), np.int64(0), 1), (15, np.int64(28), np.int64(1), 1)): 38.0, ((15, np.int64(28), np.int64(1), 1), (31, np.int64(26), np.int64(2), 1)): 38.0, ((31, np.int64(32), np.int64(0), 1), (6, np.int64(13), np.int64(3), 1)): 38.0, ((6, np.int64(13), np.int64(3), 1), (31, np.int64(0), np.int64(6), 0)): 38.0, ((31, np.int64(0), np.int64(6), 0), (31, np.int64(0), 35, 0)): 38.0, ((31, np.int64(35), np.int64(0), 1), (6, np.int64(16), np.int64(3), 1)): 38.0, ((6, np.int64(16), np.int64(3), 1), (35, np.int64(13), np.int64(4), 1)): 38.0, ((35, np.int64(13), np.int64(4), 1), (35, np.int64(13), 35, 1)): 38.0, ((31, np.int64(35), np.int64(0), 1), (15, np.int64(31), np.int64(1), 1)): 38.0, ((15, np.int64(31), np.int64(1), 1), (30, np.int64(22), np.int64(3), 1)): 38.0, ((30, np.int64(22), np.int64(3), 1), (12, np.int64(15), np.int64(5), 1)): 38.0, ((12, np.int64(15), np.int64(5), 1), (31, np.int64(14), np.int64(6), 1)): 38.0, ((31, np.int64(14), np.int64(6), 1), (31, np.int64(14), 35, 1)): 38.0, ((31, np.int64(35), np.int64(0), 1), (30, np.int64(25), np.int64(2), 1)): 38.0, ((30, np.int64(25), np.int64(2), 1), (31, np.int64(18), np.int64(4), 1)): 38.0, ((31, np.int64(18), np.int64(4), 1), (31, np.int64(18), 35, 1)): 38.0, ((31, np.int64(35), np.int64(0), 1), (12, np.int64(33), np.int64(1), 1)): 38.0, ((12, np.int64(33), np.int64(1), 1), (31, np.int64(32), np.int64(2), 1)): 38.0, ((31, np.int64(32), np.int64(2), 1), (31, np.int64(32), 35, 1)): 38.0, ((31, np.int64(36), np.int64(0), 1), (6, np.int64(17), np.int64(3), 1)): 38.0, ((6, np.int64(17), np.int64(3), 1), (35, np.int64(14), np.int64(4), 1)): 38.0, ((35, np.int64(14), np.int64(4), 1), (35, np.int64(14), 35, 1)): 38.0, ((31, np.int64(36), np.int64(0), 1), (30, np.int64(26), np.int64(2), 1)): 38.0, ((30, np.int64(26), np.int64(2), 1), (31, np.int64(19), np.int64(4), 1)): 38.0, ((31, np.int64(19), np.int64(4), 1), (31, np.int64(19), 35, 1)): 38.0, ((31, np.int64(36), np.int64(0), 1), (15, np.int64(32), np.int64(1), 1)): 38.0, ((15, np.int64(32), np.int64(1), 1), (30, np.int64(23), np.int64(3), 1)): 38.0, ((30, np.int64(23), np.int64(3), 1), (31, np.int64(16), np.int64(5), 1)): 38.0, ((31, np.int64(16), np.int64(5), 1), (31, np.int64(16), 35, 1)): 38.0, ((31, np.int64(36), np.int64(0), 1), (12, np.int64(34), np.int64(1), 1)): 38.0, ((12, np.int64(34), np.int64(1), 1), (31, np.int64(33), np.int64(2), 1)): 38.0, ((31, np.int64(33), np.int64(2), 1), (31, np.int64(33), 35, 1)): 38.0, ((31, np.int64(38), np.int64(0), 1), (6, np.int64(19), np.int64(3), 1)): 38.0, ((6, np.int64(19), np.int64(3), 1), (35, np.int64(16), np.int64(4), 1)): 38.0, ((35, np.int64(16), np.int64(4), 1), (35, np.int64(16), 35, 1)): 38.0, ((31, np.int64(38), np.int64(0), 1), (30, np.int64(28), np.int64(2), 1)): 38.0, ((30, np.int64(28), np.int64(2), 1), (31, np.int64(21), np.int64(4), 1)): 38.0, ((31, np.int64(21), np.int64(4), 1), (31, np.int64(21), 35, 1)): 38.0, ((31, np.int64(38), np.int64(0), 1), (12, np.int64(36), np.int64(1), 1)): 38.0, ((12, np.int64(36), np.int64(1), 1), (30, np.int64(29), np.int64(3), 1)): 38.0, ((30, np.int64(29), np.int64(3), 1), (15, np.int64(20), np.int64(5), 1)): 38.0, ((15, np.int64(20), np.int64(5), 1), (12, np.int64(18), np.int64(6), 1)): 38.0, ((12, np.int64(18), np.int64(6), 1), (31, np.int64(17), np.int64(7), 1)): 76.0, ((31, np.int64(17), np.int64(7), 1), (31, np.int64(17), 35, 1)): 76.0, ((31, np.int64(38), np.int64(0), 1), (15, np.int64(34), np.int64(1), 1)): 38.0, ((15, np.int64(34), np.int64(1), 1), (12, np.int64(32), np.int64(2), 1)): 38.0, ((12, np.int64(32), np.int64(2), 1), (31, np.int64(31), np.int64(3), 1)): 38.0, ((31, np.int64(31), np.int64(3), 1), (31, np.int64(31), 35, 1)): 38.0, ((31, np.int64(39), np.int64(0), 1), (6, np.int64(20), np.int64(3), 1)): 38.0, ((6, np.int64(20), np.int64(3), 1), (35, np.int64(17), np.int64(4), 1)): 38.0, ((35, np.int64(17), np.int64(4), 1), (31, np.int64(0), np.int64(7), 0)): 38.0, ((31, np.int64(0), np.int64(7), 0), (31, np.int64(0), 35, 0)): 38.0, ((31, np.int64(39), np.int64(0), 1), (30, np.int64(29), np.int64(2), 1)): 38.0, ((30, np.int64(29), np.int64(2), 1), (15, np.int64(20), np.int64(4), 1)): 38.0, ((15, np.int64(20), np.int64(4), 1), (12, np.int64(18), np.int64(5), 1)): 38.0, ((12, np.int64(18), np.int64(5), 1), (31, np.int64(17), np.int64(6), 1)): 38.0, ((31, np.int64(17), np.int64(6), 1), (31, np.int64(17), 35, 1)): 38.0, ((31, np.int64(39), np.int64(0), 1), (12, np.int64(37), np.int64(1), 1)): 38.0, ((12, np.int64(37), np.int64(1), 1), (30, np.int64(30), np.int64(3), 1)): 38.0, ((30, np.int64(30), np.int64(3), 1), (15, np.int64(21), np.int64(5), 1)): 38.0, ((15, np.int64(21), np.int64(5), 1), (12, np.int64(19), np.int64(6), 1)): 38.0, ((12, np.int64(19), np.int64(6), 1), (31, np.int64(18), np.int64(7), 1)): 76.0, ((31, np.int64(18), np.int64(7), 1), (31, np.int64(18), 35, 1)): 76.0, ((31, np.int64(39), np.int64(0), 1), (15, np.int64(35), np.int64(1), 1)): 38.0, ((15, np.int64(35), np.int64(1), 1), (12, np.int64(33), np.int64(2), 1)): 38.0, ((12, np.int64(33), np.int64(2), 1), (31, np.int64(32), np.int64(3), 1)): 38.0, ((31, np.int64(32), np.int64(3), 1), (31, np.int64(32), 35, 1)): 38.0, ((31, np.int64(40), np.int64(0), 2), (6, np.int64(21), np.int64(3), 1)): 38.0, ((6, np.int64(21), np.int64(3), 1), (31, np.int64(8), np.int64(6), 0)): 38.0, ((31, np.int64(8), np.int64(6), 0), (31, np.int64(8), 35, 0)): 76.0, ((31, np.int64(40), np.int64(0), 2), (30, np.int64(30), np.int64(2), 1)): 38.0, ((30, np.int64(30), np.int64(2), 1), (15, np.int64(21), np.int64(4), 1)): 38.0, ((15, np.int64(21), np.int64(4), 1), (12, np.int64(19), np.int64(5), 1)): 38.0, ((12, np.int64(19), np.int64(5), 1), (31, np.int64(18), np.int64(6), 1)): 38.0, ((31, np.int64(18), np.int64(6), 1), (31, np.int64(18), 35, 1)): 38.0, ((31, np.int64(40), np.int64(0), 2), (15, np.int64(36), np.int64(1), 1)): 38.0, ((15, np.int64(36), np.int64(1), 1), (12, np.int64(34), np.int64(2), 1)): 38.0, ((12, np.int64(34), np.int64(2), 1), (31, np.int64(33), np.int64(3), 1)): 38.0, ((31, np.int64(33), np.int64(3), 1), (31, np.int64(33), 35, 1)): 38.0, ((31, np.int64(40), np.int64(0), 2), (12, np.int64(38), np.int64(1), 1)): 38.0, ((12, np.int64(38), np.int64(1), 1), (31, np.int64(37), np.int64(2), 1)): 38.0, ((31, np.int64(37), np.int64(2), 1), (31, np.int64(37), 35, 1)): 38.0, ((31, np.int64(41), np.int64(0), 2), (35, np.int64(16), np.int64(3), 1)): 38.0, ((35, np.int64(16), np.int64(3), 1), (35, np.int64(16), 35, 1)): 38.0, ((31, np.int64(41), np.int64(0), 2), (6, np.int64(22), np.int64(3), 1)): 38.0, ((6, np.int64(22), np.int64(3), 1), (31, np.int64(9), np.int64(6), 0)): 38.0, ((31, np.int64(9), np.int64(6), 0), (31, np.int64(9), 35, 0)): 76.0, ((31, np.int64(41), np.int64(0), 2), (15, np.int64(37), np.int64(1), 1)): 38.0, ((15, np.int64(37), np.int64(1), 1), (6, np.int64(23), np.int64(4), 1)): 38.0, ((6, np.int64(23), np.int64(4), 1), (31, np.int64(10), np.int64(7), 1)): 38.0, ((31, np.int64(10), np.int64(7), 1), (31, np.int64(10), 35, 1)): 38.0, ((31, np.int64(41), np.int64(0), 2), (30, np.int64(31), np.int64(2), 1)): 38.0, ((30, np.int64(31), np.int64(2), 1), (15, np.int64(22), np.int64(4), 1)): 38.0, ((15, np.int64(22), np.int64(4), 1), (12, np.int64(20), np.int64(5), 1)): 38.0, ((12, np.int64(20), np.int64(5), 1), (31, np.int64(19), np.int64(6), 1)): 38.0, ((31, np.int64(19), np.int64(6), 1), (31, np.int64(19), 35, 1)): 38.0, ((31, np.int64(41), np.int64(0), 2), (12, np.int64(39), np.int64(1), 1)): 38.0, ((12, np.int64(39), np.int64(1), 1), (31, np.int64(38), np.int64(2), 1)): 38.0, ((31, np.int64(38), np.int64(2), 1), (31, np.int64(38), 35, 1)): 76.0, ((31, np.int64(44), np.int64(0), 2), (35, np.int64(19), np.int64(3), 1)): 38.0, ((35, np.int64(19), np.int64(3), 1), (31, np.int64(2), np.int64(6), 0)): 38.0, ((31, np.int64(2), np.int64(6), 0), (31, np.int64(2), 35, 0)): 38.0, ((31, np.int64(44), np.int64(0), 2), (6, np.int64(25), np.int64(3), 1)): 38.0, ((6, np.int64(25), np.int64(3), 1), (31, np.int64(12), np.int64(6), 1)): 38.0, ((31, np.int64(12), np.int64(6), 1), (31, np.int64(12), 35, 1)): 38.0, ((31, np.int64(44), np.int64(0), 2), (30, np.int64(34), np.int64(2), 1)): 38.0, ((30, np.int64(34), np.int64(2), 1), (31, np.int64(27), np.int64(4), 1)): 38.0, ((31, np.int64(27), np.int64(4), 1), (31, np.int64(27), 35, 1)): 38.0, ((31, np.int64(44), np.int64(0), 2), (15, np.int64(40), np.int64(1), 2)): 38.0, ((15, np.int64(40), np.int64(1), 2), (31, np.int64(38), np.int64(2), 1)): 38.0, ((31, np.int64(44), np.int64(0), 2), (12, np.int64(42), np.int64(1), 2)): 38.0, ((12, np.int64(42), np.int64(1), 2), (15, np.int64(40), np.int64(2), 2)): 38.0, ((15, np.int64(40), np.int64(2), 2), (31, np.int64(38), np.int64(3), 1)): 38.0, ((31, np.int64(38), np.int64(3), 1), (31, np.int64(38), 35, 1)): 38.0, ((31, np.int64(45), np.int64(0), 2), (35, np.int64(20), np.int64(3), 1)): 38.0, ((35, np.int64(20), np.int64(3), 1), (31, np.int64(3), np.int64(6), 0)): 38.0, ((31, np.int64(3), np.int64(6), 0), (31, np.int64(3), 35, 0)): 38.0, ((31, np.int64(45), np.int64(0), 2), (6, np.int64(26), np.int64(3), 1)): 38.0, ((6, np.int64(26), np.int64(3), 1), (31, np.int64(13), np.int64(6), 1)): 38.0, ((31, np.int64(13), np.int64(6), 1), (31, np.int64(13), 35, 1)): 76.0, ((31, np.int64(45), np.int64(0), 2), (30, np.int64(35), np.int64(2), 1)): 38.0, ((30, np.int64(35), np.int64(2), 1), (12, np.int64(28), np.int64(4), 1)): 38.0, ((12, np.int64(28), np.int64(4), 1), (31, np.int64(27), np.int64(5), 1)): 38.0, ((31, np.int64(27), np.int64(5), 1), (31, np.int64(27), 35, 1)): 38.0, ((31, np.int64(45), np.int64(0), 2), (12, np.int64(43), np.int64(1), 2)): 38.0, ((12, np.int64(43), np.int64(1), 2), (15, np.int64(41), np.int64(2), 2)): 38.0, ((15, np.int64(41), np.int64(2), 2), (31, np.int64(39), np.int64(3), 1)): 38.0, ((31, np.int64(39), np.int64(3), 1), (31, np.int64(39), 35, 1)): 38.0, ((31, np.int64(47), np.int64(0), 2), (35, np.int64(22), np.int64(3), 1)): 38.0, ((35, np.int64(22), np.int64(3), 1), (31, np.int64(5), np.int64(6), 0)): 38.0, ((31, np.int64(5), np.int64(6), 0), (31, np.int64(5), 35, 0)): 38.0, ((31, np.int64(47), np.int64(0), 2), (3, np.int64(19), np.int64(4), 1)): 38.0, ((3, np.int64(19), np.int64(4), 1), (3, np.int64(19), 35, 1)): 38.0, ((31, np.int64(47), np.int64(0), 2), (6, np.int64(28), np.int64(3), 1)): 38.0, ((6, np.int64(28), np.int64(3), 1), (12, np.int64(14), np.int64(6), 1)): 38.0, ((12, np.int64(14), np.int64(6), 1), (31, np.int64(13), np.int64(7), 1)): 38.0, ((31, np.int64(13), np.int64(7), 1), (31, np.int64(13), 35, 1)): 38.0, ((31, np.int64(47), np.int64(0), 2), (12, np.int64(45), np.int64(1), 2)): 38.0, ((12, np.int64(45), np.int64(1), 2), (6, np.int64(31), np.int64(4), 1)): 38.0, ((6, np.int64(31), np.int64(4), 1), (15, np.int64(17), np.int64(7), 1)): 38.0, ((15, np.int64(17), np.int64(7), 1), (31, np.int64(15), np.int64(8), 1)): 38.0, ((31, np.int64(15), np.int64(8), 1), (31, np.int64(15), 35, 1)): 76.0, ((31, np.int64(47), np.int64(0), 2), (30, np.int64(37), np.int64(2), 1)): 38.0, ((30, np.int64(37), np.int64(2), 1), (12, np.int64(30), np.int64(4), 1)): 38.0, ((12, np.int64(30), np.int64(4), 1), (31, np.int64(29), np.int64(5), 1)): 38.0, ((31, np.int64(29), np.int64(5), 1), (31, np.int64(29), 35, 1)): 38.0, ((31, np.int64(47), np.int64(0), 2), (15, np.int64(43), np.int64(1), 2)): 38.0, ((15, np.int64(43), np.int64(1), 2), (31, np.int64(41), np.int64(2), 2)): 38.0, ((31, np.int64(41), np.int64(2), 2), (31, np.int64(41), 35, 2)): 38.0, ((31, np.int64(49), np.int64(0), 2), (3, np.int64(21), np.int64(4), 1)): 38.0, ((3, np.int64(21), np.int64(4), 1), (12, np.int64(1), np.int64(8), 0)): 38.0, ((12, np.int64(1), np.int64(8), 0), (31, np.int64(0), np.int64(9), 0)): 38.0, ((31, np.int64(0), np.int64(9), 0), (31, np.int64(0), 35, 0)): 38.0, ((31, np.int64(49), np.int64(0), 2), (15, np.int64(45), np.int64(1), 2)): 38.0, ((15, np.int64(45), np.int64(1), 2), (3, np.int64(23), np.int64(5), 1)): 38.0, ((3, np.int64(23), np.int64(5), 1), (15, np.int64(1), np.int64(9), 0)): 38.0, ((15, np.int64(1), np.int64(9), 0), (15, np.int64(1), 35, 0)): 38.0, ((31, np.int64(49), np.int64(0), 2), (35, np.int64(24), np.int64(3), 1)): 38.0, ((35, np.int64(24), np.int64(3), 1), (31, np.int64(7), np.int64(6), 0)): 38.0, ((31, np.int64(7), np.int64(6), 0), (31, np.int64(7), 35, 0)): 38.0, ((31, np.int64(49), np.int64(0), 2), (6, np.int64(30), np.int64(3), 1)): 38.0, ((6, np.int64(30), np.int64(3), 1), (15, np.int64(16), np.int64(6), 1)): 38.0, ((15, np.int64(16), np.int64(6), 1), (31, np.int64(14), np.int64(7), 1)): 38.0, ((31, np.int64(14), np.int64(7), 1), (31, np.int64(14), 35, 1)): 38.0, ((31, np.int64(49), np.int64(0), 2), (30, np.int64(39), np.int64(2), 1)): 38.0, ((30, np.int64(39), np.int64(2), 1), (12, np.int64(32), np.int64(4), 1)): 38.0, ((12, np.int64(32), np.int64(4), 1), (31, np.int64(31), np.int64(5), 1)): 38.0, ((31, np.int64(31), np.int64(5), 1), (31, np.int64(31), 35, 1)): 38.0, ((31, np.int64(49), np.int64(0), 2), (12, np.int64(47), np.int64(1), 2)): 38.0, ((12, np.int64(47), np.int64(1), 2), (31, np.int64(46), np.int64(2), 2)): 38.0, ((31, np.int64(46), np.int64(2), 2), (31, np.int64(46), 35, 2)): 76.0, ((31, np.int64(50), np.int64(0), 2), (3, np.int64(22), np.int64(4), 1)): 38.0, ((3, np.int64(22), np.int64(4), 1), (12, np.int64(2), np.int64(8), 0)): 38.0, ((12, np.int64(2), np.int64(8), 0), (31, np.int64(1), np.int64(9), 0)): 38.0, ((31, np.int64(1), np.int64(9), 0), (31, np.int64(1), 35, 0)): 38.0, ((31, np.int64(50), np.int64(0), 2), (15, np.int64(46), np.int64(1), 2)): 38.0, ((15, np.int64(46), np.int64(1), 2), (3, np.int64(24), np.int64(5), 1)): 38.0, ((3, np.int64(24), np.int64(5), 1), (15, np.int64(2), np.int64(9), 0)): 38.0, ((15, np.int64(2), np.int64(9), 0), (12, np.int64(0), np.int64(10), 0)): 38.0, ((12, np.int64(0), np.int64(10), 0), (12, np.int64(0), 35, 0)): 38.0, ((31, np.int64(50), np.int64(0), 2), (35, np.int64(25), np.int64(3), 1)): 38.0, ((35, np.int64(25), np.int64(3), 1), (31, np.int64(8), np.int64(6), 0)): 38.0, ((31, np.int64(50), np.int64(0), 2), (6, np.int64(31), np.int64(3), 1)): 38.0, ((6, np.int64(31), np.int64(3), 1), (15, np.int64(17), np.int64(6), 1)): 38.0, ((15, np.int64(17), np.int64(6), 1), (31, np.int64(15), np.int64(7), 1)): 38.0, ((31, np.int64(15), np.int64(7), 1), (31, np.int64(15), 35, 1)): 38.0, ((31, np.int64(50), np.int64(0), 2), (30, np.int64(40), np.int64(2), 2)): 38.0, ((30, np.int64(40), np.int64(2), 2), (31, np.int64(33), np.int64(4), 1)): 38.0, ((31, np.int64(33), np.int64(4), 1), (31, np.int64(33), 35, 1)): 38.0, ((31, np.int64(50), np.int64(0), 2), (12, np.int64(48), np.int64(1), 2)): 38.0, ((12, np.int64(48), np.int64(1), 2), (31, np.int64(47), np.int64(2), 2)): 38.0, ((31, np.int64(47), np.int64(2), 2), (31, np.int64(47), 35, 2)): 38.0, ((31, np.int64(51), np.int64(0), 2), (3, np.int64(23), np.int64(4), 1)): 38.0, ((3, np.int64(23), np.int64(4), 1), (12, np.int64(3), np.int64(8), 0)): 38.0, ((12, np.int64(3), np.int64(8), 0), (31, np.int64(2), np.int64(9), 0)): 38.0, ((31, np.int64(2), np.int64(9), 0), (31, np.int64(2), 35, 0)): 76.0, ((31, np.int64(51), np.int64(0), 2), (30, np.int64(41), np.int64(2), 2)): 38.0, ((30, np.int64(41), np.int64(2), 2), (35, np.int64(19), np.int64(6), 1)): 38.0, ((35, np.int64(19), np.int64(6), 1), (31, np.int64(2), np.int64(9), 0)): 38.0, ((31, np.int64(51), np.int64(0), 2), (35, np.int64(26), np.int64(3), 1)): 38.0, ((35, np.int64(26), np.int64(3), 1), (31, np.int64(9), np.int64(6), 0)): 38.0, ((31, np.int64(51), np.int64(0), 2), (6, np.int64(32), np.int64(3), 1)): 38.0, ((6, np.int64(32), np.int64(3), 1), (12, np.int64(18), np.int64(6), 1)): 38.0, ((31, np.int64(51), np.int64(0), 2), (15, np.int64(47), np.int64(1), 2)): 38.0, ((15, np.int64(47), np.int64(1), 2), (31, np.int64(45), np.int64(2), 2)): 38.0, ((31, np.int64(45), np.int64(2), 2), (31, np.int64(45), 35, 2)): 38.0, ((31, np.int64(51), np.int64(0), 2), (12, np.int64(49), np.int64(1), 2)): 38.0, ((12, np.int64(49), np.int64(1), 2), (31, np.int64(48), np.int64(2), 2)): 38.0, ((31, np.int64(48), np.int64(2), 2), (31, np.int64(48), 35, 2)): 38.0, ((31, np.int64(52), np.int64(0), 2), (3, np.int64(24), np.int64(4), 1)): 38.0, ((3, np.int64(24), np.int64(4), 1), (15, np.int64(2), np.int64(8), 0)): 38.0, ((15, np.int64(2), np.int64(8), 0), (12, np.int64(0), np.int64(9), 0)): 38.0, ((12, np.int64(0), np.int64(9), 0), (12, np.int64(0), 35, 0)): 38.0, ((31, np.int64(52), np.int64(0), 2), (35, np.int64(27), np.int64(3), 1)): 38.0, ((35, np.int64(27), np.int64(3), 1), (31, np.int64(10), np.int64(6), 1)): 38.0, ((31, np.int64(10), np.int64(6), 1), (31, np.int64(10), 35, 1)): 38.0, ((31, np.int64(52), np.int64(0), 2), (6, np.int64(33), np.int64(3), 1)): 38.0, ((6, np.int64(33), np.int64(3), 1), (12, np.int64(19), np.int64(6), 1)): 38.0, ((31, np.int64(52), np.int64(0), 2), (30, np.int64(42), np.int64(2), 2)): 38.0, ((30, np.int64(42), np.int64(2), 2), (31, np.int64(35), np.int64(4), 1)): 38.0, ((31, np.int64(35), np.int64(4), 1), (31, np.int64(35), 35, 1)): 38.0, ((31, np.int64(52), np.int64(0), 2), (12, np.int64(50), np.int64(1), 2)): 38.0, ((12, np.int64(50), np.int64(1), 2), (30, np.int64(43), np.int64(3), 2)): 38.0, ((30, np.int64(43), np.int64(3), 2), (31, np.int64(36), np.int64(5), 1)): 38.0, ((31, np.int64(36), np.int64(5), 1), (31, np.int64(36), 35, 1)): 38.0, ((31, np.int64(52), np.int64(0), 2), (15, np.int64(48), np.int64(1), 2)): 38.0, ((15, np.int64(48), np.int64(1), 2), (31, np.int64(46), np.int64(2), 2)): 38.0, ((31, np.int64(55), np.int64(0), 2), (3, np.int64(27), np.int64(4), 1)): 38.0, ((3, np.int64(27), np.int64(4), 1), (31, np.int64(8), np.int64(8), 0)): 38.0, ((31, np.int64(8), np.int64(8), 0), (31, np.int64(8), 35, 0)): 38.0, ((31, np.int64(55), np.int64(0), 2), (35, np.int64(30), np.int64(3), 1)): 38.0, ((35, np.int64(30), np.int64(3), 1), (31, np.int64(13), np.int64(6), 1)): 38.0, ((31, np.int64(55), np.int64(0), 2), (12, np.int64(53), np.int64(1), 2)): 38.0, ((12, np.int64(53), np.int64(1), 2), (3, np.int64(33), np.int64(5), 1)): 38.0, ((3, np.int64(33), np.int64(5), 1), (31, np.int64(14), np.int64(9), 1)): 38.0, ((31, np.int64(14), np.int64(9), 1), (31, np.int64(14), 35, 1)): 38.0, ((31, np.int64(55), np.int64(0), 2), (6, np.int64(36), np.int64(3), 1)): 38.0, ((6, np.int64(36), np.int64(3), 1), (31, np.int64(23), np.int64(6), 1)): 38.0, ((31, np.int64(23), np.int64(6), 1), (31, np.int64(23), 35, 1)): 38.0, ((31, np.int64(55), np.int64(0), 2), (30, np.int64(45), np.int64(2), 2)): 38.0, ((30, np.int64(45), np.int64(2), 2), (31, np.int64(38), np.int64(4), 1)): 38.0, ((31, np.int64(38), np.int64(4), 1), (31, np.int64(38), 35, 1)): 38.0, ((31, np.int64(55), np.int64(0), 2), (31, np.int64(55), np.int64(1), 2)): 9.0, ((31, np.int64(55), np.int64(1), 2), (31, np.int64(55), np.int64(6), 2)): 9.0, ((31, np.int64(55), np.int64(6), 2), (15, np.int64(51), np.int64(7), 2)): 9.0, ((15, np.int64(51), np.int64(7), 2), (31, np.int64(47), np.int64(8), 2)): 9.0, ((31, np.int64(47), np.int64(8), 2), (31, np.int64(47), 35, 2)): 9.0, ((31, np.int64(59), np.int64(0), 2), (3, np.int64(31), np.int64(4), 1)): 38.0, ((3, np.int64(31), np.int64(4), 1), (31, np.int64(12), np.int64(8), 1)): 38.0, ((31, np.int64(12), np.int64(8), 1), (31, np.int64(12), 35, 1)): 38.0, ((31, np.int64(59), np.int64(0), 2), (35, np.int64(34), np.int64(3), 1)): 38.0, ((35, np.int64(34), np.int64(3), 1), (12, np.int64(16), np.int64(7), 1)): 38.0, ((12, np.int64(16), np.int64(7), 1), (31, np.int64(15), np.int64(8), 1)): 38.0, ((31, np.int64(59), np.int64(0), 2), (30, np.int64(49), np.int64(2), 2)): 38.0, ((30, np.int64(49), np.int64(2), 2), (3, np.int64(34), np.int64(5), 1)): 38.0, ((3, np.int64(34), np.int64(5), 1), (15, np.int64(12), np.int64(9), 1)): 38.0, ((15, np.int64(12), np.int64(9), 1), (31, np.int64(10), np.int64(10), 1)): 38.0, ((31, np.int64(10), np.int64(10), 1), (31, np.int64(10), 35, 1)): 38.0, ((31, np.int64(59), np.int64(0), 2), (6, np.int64(40), np.int64(3), 2)): 38.0, ((6, np.int64(40), np.int64(3), 2), (31, np.int64(27), np.int64(6), 1)): 38.0, ((31, np.int64(27), np.int64(6), 1), (31, np.int64(27), 35, 1)): 38.0, ((31, np.int64(59), np.int64(0), 2), (12, np.int64(57), np.int64(1), 2)): 38.0, ((12, np.int64(57), np.int64(1), 2), (31, np.int64(56), np.int64(2), 2)): 38.0, ((31, np.int64(56), np.int64(2), 2), (31, np.int64(56), 35, 2)): 38.0, ((31, np.int64(59), np.int64(0), 2), (15, np.int64(55), np.int64(1), 2)): 38.0, ((15, np.int64(55), np.int64(1), 2), (12, np.int64(53), np.int64(2), 2)): 38.0, ((12, np.int64(53), np.int64(2), 2), (31, np.int64(52), np.int64(3), 2)): 38.0, ((31, np.int64(52), np.int64(3), 2), (31, np.int64(52), 35, 2)): 38.0, ((31, np.int64(61), np.int64(0), 2), (3, np.int64(33), np.int64(4), 1)): 38.0, ((3, np.int64(33), np.int64(4), 1), (31, np.int64(14), np.int64(8), 1)): 38.0, ((31, np.int64(14), np.int64(8), 1), (31, np.int64(14), 35, 1)): 38.0, ((31, np.int64(61), np.int64(0), 2), (30, np.int64(51), np.int64(2), 2)): 38.0, ((30, np.int64(51), np.int64(2), 2), (3, np.int64(36), np.int64(5), 1)): 38.0, ((3, np.int64(36), np.int64(5), 1), (15, np.int64(14), np.int64(9), 1)): 38.0, ((15, np.int64(14), np.int64(9), 1), (31, np.int64(12), np.int64(10), 1)): 38.0, ((31, np.int64(12), np.int64(10), 1), (31, np.int64(12), 35, 1)): 38.0, ((31, np.int64(61), np.int64(0), 2), (35, np.int64(36), np.int64(3), 1)): 38.0, ((35, np.int64(36), np.int64(3), 1), (6, np.int64(33), np.int64(4), 1)): 38.0, ((6, np.int64(33), np.int64(4), 1), (31, np.int64(20), np.int64(7), 1)): 38.0, ((31, np.int64(20), np.int64(7), 1), (31, np.int64(20), 35, 1)): 38.0, ((31, np.int64(61), np.int64(0), 2), (6, np.int64(42), np.int64(3), 2)): 38.0, ((6, np.int64(42), np.int64(3), 2), (35, np.int64(39), np.int64(4), 1)): 38.0, ((35, np.int64(39), np.int64(4), 1), (31, np.int64(22), np.int64(7), 1)): 38.0, ((31, np.int64(22), np.int64(7), 1), (31, np.int64(22), 35, 1)): 38.0, ((31, np.int64(61), np.int64(0), 2), (15, np.int64(57), np.int64(1), 2)): 38.0, ((15, np.int64(57), np.int64(1), 2), (12, np.int64(55), np.int64(2), 2)): 38.0, ((12, np.int64(55), np.int64(2), 2), (31, np.int64(54), np.int64(3), 2)): 38.0, ((31, np.int64(54), np.int64(3), 2), (31, np.int64(54), 35, 2)): 38.0, ((31, np.int64(70), np.int64(0), 2), (3, np.int64(42), np.int64(4), 2)): 38.0, ((3, np.int64(42), np.int64(4), 2), (15, np.int64(20), np.int64(8), 1)): 38.0, ((15, np.int64(20), np.int64(8), 1), (12, np.int64(18), np.int64(9), 1)): 38.0, ((12, np.int64(18), np.int64(9), 1), (31, np.int64(17), np.int64(10), 1)): 38.0, ((31, np.int64(17), np.int64(10), 1), (31, np.int64(17), 35, 1)): 38.0, ((31, np.int64(70), np.int64(0), 2), (35, np.int64(45), np.int64(3), 2)): 38.0, ((35, np.int64(45), np.int64(3), 2), (31, np.int64(28), np.int64(6), 1)): 38.0, ((31, np.int64(28), np.int64(6), 1), (31, np.int64(28), 35, 1)): 38.0, ((31, np.int64(70), np.int64(0), 2), (30, np.int64(60), np.int64(2), 2)): 38.0, ((30, np.int64(60), np.int64(2), 2), (6, np.int64(42), np.int64(6), 2)): 38.0, ((6, np.int64(42), np.int64(6), 2), (35, np.int64(39), np.int64(7), 1)): 38.0, ((35, np.int64(39), np.int64(7), 1), (31, np.int64(22), np.int64(10), 1)): 38.0, ((31, np.int64(22), np.int64(10), 1), (31, np.int64(22), 35, 1)): 38.0, ((31, np.int64(70), np.int64(0), 2), (6, np.int64(51), np.int64(3), 2)): 38.0, ((6, np.int64(51), np.int64(3), 2), (35, np.int64(48), np.int64(4), 2)): 38.0, ((35, np.int64(48), np.int64(4), 2), (31, np.int64(31), np.int64(7), 1)): 38.0, ((31, np.int64(31), np.int64(7), 1), (31, np.int64(31), 35, 1)): 38.0, ((31, np.int64(70), np.int64(0), 2), (15, np.int64(66), np.int64(1), 2)): 38.0, ((15, np.int64(66), np.int64(1), 2), (6, np.int64(52), np.int64(4), 2)): 38.0, ((6, np.int64(52), np.int64(4), 2), (35, np.int64(49), np.int64(5), 2)): 38.0, ((35, np.int64(49), np.int64(5), 2), (31, np.int64(32), np.int64(8), 1)): 38.0, ((31, np.int64(32), np.int64(8), 1), (31, np.int64(32), 35, 1)): 38.0, ((31, np.int64(70), np.int64(0), 2), (12, np.int64(68), np.int64(1), 2)): 38.0, ((12, np.int64(68), np.int64(1), 2), (12, np.int64(68), np.int64(6), 2)): 38.0, ((12, np.int64(68), np.int64(6), 2), (31, np.int64(67), np.int64(7), 2)): 38.0, ((31, np.int64(67), np.int64(7), 2), (31, np.int64(67), np.int64(12), 2)): 38.0, ((31, np.int64(67), np.int64(12), 2), (12, np.int64(66), np.int64(13), 2)): 38.0, ((12, np.int64(66), np.int64(13), 2), (32, np.int64(24), np.int64(18), 1)): 38.0, ((32, np.int64(24), np.int64(18), 1), (32, np.int64(24), 35, 1)): 38.0, ((31, np.int64(70), np.int64(0), 2), (31, np.int64(70), np.int64(1), 2)): 62040.0, ((31, np.int64(70), np.int64(1), 2), (12, np.int64(69), np.int64(2), 2)): 62040.0, ((12, np.int64(69), np.int64(2), 2), (12, np.int64(69), np.int64(7), 2)): 62040.0, ((12, np.int64(69), np.int64(7), 2), (31, np.int64(68), np.int64(8), 2)): 62040.0, ((31, np.int64(68), np.int64(8), 2), (31, np.int64(68), np.int64(13), 2)): 62040.0, ((31, np.int64(68), np.int64(13), 2), (12, np.int64(67), np.int64(14), 2)): 54644.0, ((12, np.int64(67), np.int64(14), 2), (32, np.int64(25), np.int64(19), 1)): 54644.0, ((32, np.int64(25), np.int64(19), 1), (32, np.int64(25), 35, 1)): 54644.0, ((31, np.int64(68), np.int64(13), 2), (31, np.int64(68), np.int64(18), 2)): 7396.0, ((31, np.int64(68), np.int64(18), 2), (12, np.int64(67), np.int64(19), 2)): 7396.0, ((12, np.int64(67), np.int64(19), 2), (32, np.int64(25), np.int64(24), 1)): 5157.0, ((32, np.int64(25), np.int64(24), 1), (32, np.int64(25), 35, 1)): 5157.0, ((12, np.int64(67), np.int64(19), 2), (12, np.int64(67), np.int64(24), 2)): 2239.0, ((12, np.int64(67), np.int64(24), 2), (32, np.int64(25), np.int64(29), 1)): 2239.0, ((32, np.int64(25), np.int64(29), 1), (32, np.int64(25), 35, 1)): 2239.0, ((31, np.int64(72), np.int64(0), 2), (3, np.int64(44), np.int64(4), 2)): 38.0, ((3, np.int64(44), np.int64(4), 2), (35, np.int64(21), np.int64(8), 1)): 38.0, ((35, np.int64(21), np.int64(8), 1), (31, np.int64(4), np.int64(11), 0)): 38.0, ((31, np.int64(4), np.int64(11), 0), (31, np.int64(4), 35, 0)): 38.0, ((31, np.int64(72), np.int64(0), 2), (35, np.int64(47), np.int64(3), 2)): 38.0, ((35, np.int64(47), np.int64(3), 2), (3, np.int64(24), np.int64(7), 1)): 38.0, ((3, np.int64(24), np.int64(7), 1), (15, np.int64(2), np.int64(11), 0)): 38.0, ((15, np.int64(2), np.int64(11), 0), (12, np.int64(0), np.int64(12), 0)): 38.0, ((12, np.int64(0), np.int64(12), 0), (12, np.int64(0), 35, 0)): 38.0, ((31, np.int64(72), np.int64(0), 2), (30, np.int64(62), np.int64(2), 2)): 38.0, ((30, np.int64(62), np.int64(2), 2), (6, np.int64(44), np.int64(6), 2)): 38.0, ((6, np.int64(44), np.int64(6), 2), (35, np.int64(41), np.int64(7), 2)): 38.0, ((35, np.int64(41), np.int64(7), 2), (31, np.int64(24), np.int64(10), 1)): 38.0, ((31, np.int64(24), np.int64(10), 1), (31, np.int64(24), 35, 1)): 38.0, ((31, np.int64(72), np.int64(0), 2), (6, np.int64(53), np.int64(3), 2)): 38.0, ((6, np.int64(53), np.int64(3), 2), (35, np.int64(50), np.int64(4), 2)): 38.0, ((35, np.int64(50), np.int64(4), 2), (31, np.int64(33), np.int64(7), 1)): 38.0, ((31, np.int64(33), np.int64(7), 1), (31, np.int64(33), 35, 1)): 38.0, ((31, np.int64(72), np.int64(0), 2), (0, np.int64(24), np.int64(6), 1)): 38.0, ((0, np.int64(24), np.int64(6), 1), (0, np.int64(24), 35, 1)): 38.0, ((31, np.int64(72), np.int64(0), 2), (12, np.int64(70), np.int64(1), 2)): 38.0, ((12, np.int64(70), np.int64(1), 2), (12, np.int64(70), np.int64(6), 2)): 38.0, ((12, np.int64(70), np.int64(6), 2), (31, np.int64(69), np.int64(7), 2)): 38.0, ((31, np.int64(69), np.int64(7), 2), (31, np.int64(69), np.int64(12), 2)): 38.0, ((31, np.int64(69), np.int64(12), 2), (31, np.int64(69), np.int64(17), 2)): 38.0, ((31, np.int64(69), np.int64(17), 2), (12, np.int64(68), np.int64(18), 2)): 38.0, ((12, np.int64(68), np.int64(18), 2), (12, np.int64(68), np.int64(23), 2)): 38.0, ((12, np.int64(68), np.int64(23), 2), (32, np.int64(26), np.int64(28), 1)): 38.0, ((32, np.int64(26), np.int64(28), 1), (32, np.int64(26), 35, 1)): 38.0, ((31, np.int64(72), np.int64(0), 2), (15, np.int64(68), np.int64(1), 2)): 38.0, ((15, np.int64(68), np.int64(1), 2), (12, np.int64(66), np.int64(2), 2)): 38.0, ((12, np.int64(66), np.int64(2), 2), (12, np.int64(66), np.int64(7), 2)): 38.0, ((12, np.int64(66), np.int64(7), 2), (31, np.int64(65), np.int64(8), 2)): 38.0, ((31, np.int64(65), np.int64(8), 2), (31, np.int64(65), np.int64(13), 2)): 38.0, ((31, np.int64(65), np.int64(13), 2), (31, np.int64(65), np.int64(18), 2)): 38.0, ((31, np.int64(65), np.int64(18), 2), (12, np.int64(64), np.int64(19), 2)): 38.0, ((12, np.int64(64), np.int64(19), 2), (12, np.int64(64), np.int64(24), 2)): 38.0, ((12, np.int64(64), np.int64(24), 2), (32, np.int64(22), np.int64(29), 1)): 38.0, ((32, np.int64(22), np.int64(29), 1), (32, np.int64(22), 35, 1)): 38.0, ((31, np.int64(75), np.int64(0), 2), (3, np.int64(47), np.int64(4), 2)): 38.0, ((3, np.int64(47), np.int64(4), 2), (15, np.int64(25), np.int64(8), 1)): 38.0, ((15, np.int64(25), np.int64(8), 1), (30, np.int64(16), np.int64(10), 1)): 38.0, ((30, np.int64(16), np.int64(10), 1), (31, np.int64(9), np.int64(12), 0)): 38.0, ((31, np.int64(9), np.int64(12), 0), (31, np.int64(9), 35, 0)): 38.0, ((31, np.int64(75), np.int64(0), 2), (35, np.int64(50), np.int64(3), 2)): 38.0, ((35, np.int64(50), np.int64(3), 2), (31, np.int64(33), np.int64(6), 1)): 38.0, ((31, np.int64(33), np.int64(6), 1), (31, np.int64(33), 35, 1)): 38.0, ((31, np.int64(75), np.int64(0), 2), (30, np.int64(65), np.int64(2), 2)): 38.0, ((30, np.int64(65), np.int64(2), 2), (6, np.int64(47), np.int64(6), 2)): 38.0, ((6, np.int64(47), np.int64(6), 2), (12, np.int64(33), np.int64(9), 1)): 38.0, ((12, np.int64(33), np.int64(9), 1), (31, np.int64(32), np.int64(10), 1)): 38.0, ((31, np.int64(32), np.int64(10), 1), (31, np.int64(32), 35, 1)): 38.0, ((31, np.int64(75), np.int64(0), 2), (6, np.int64(56), np.int64(3), 2)): 38.0, ((6, np.int64(56), np.int64(3), 2), (31, np.int64(43), np.int64(6), 2)): 38.0, ((31, np.int64(43), np.int64(6), 2), (31, np.int64(43), 35, 2)): 38.0, ((31, np.int64(75), np.int64(0), 2), (15, np.int64(71), np.int64(1), 2)): 38.0, ((15, np.int64(71), np.int64(1), 2), (31, np.int64(69), np.int64(2), 2)): 38.0, ((31, np.int64(69), np.int64(2), 2), (31, np.int64(69), 35, 2)): 38.0, ((31, np.int64(75), np.int64(0), 2), (12, np.int64(73), np.int64(1), 2)): 38.0, ((12, np.int64(73), np.int64(1), 2), (15, np.int64(71), np.int64(2), 2)): 38.0, ((15, np.int64(71), np.int64(2), 2), (31, np.int64(69), np.int64(3), 2)): 38.0, ((31, np.int64(69), np.int64(3), 2), (31, np.int64(69), 35, 2)): 38.0, ((31, np.int64(75), np.int64(0), 2), (0, np.int64(27), np.int64(6), 1)): 38.0, ((0, np.int64(27), np.int64(6), 1), (30, np.int64(1), np.int64(11), 0)): 38.0, ((30, np.int64(1), np.int64(11), 0), (30, np.int64(1), 35, 0)): 38.0, ((31, np.int64(76), np.int64(0), 2), (3, np.int64(48), np.int64(4), 2)): 38.0, ((3, np.int64(48), np.int64(4), 2), (35, np.int64(25), np.int64(8), 1)): 38.0, ((35, np.int64(25), np.int64(8), 1), (31, np.int64(8), np.int64(11), 0)): 38.0, ((31, np.int64(8), np.int64(11), 0), (31, np.int64(8), 35, 0)): 38.0, ((31, np.int64(76), np.int64(0), 2), (35, np.int64(51), np.int64(3), 2)): 38.0, ((35, np.int64(51), np.int64(3), 2), (31, np.int64(34), np.int64(6), 1)): 38.0, ((31, np.int64(34), np.int64(6), 1), (31, np.int64(34), 35, 1)): 38.0, ((31, np.int64(76), np.int64(0), 2), (30, np.int64(66), np.int64(2), 2)): 38.0, ((30, np.int64(66), np.int64(2), 2), (6, np.int64(48), np.int64(6), 2)): 38.0, ((6, np.int64(48), np.int64(6), 2), (12, np.int64(34), np.int64(9), 1)): 38.0, ((12, np.int64(34), np.int64(9), 1), (31, np.int64(33), np.int64(10), 1)): 38.0, ((31, np.int64(33), np.int64(10), 1), (31, np.int64(33), 35, 1)): 38.0, ((31, np.int64(76), np.int64(0), 2), (6, np.int64(57), np.int64(3), 2)): 38.0, ((6, np.int64(57), np.int64(3), 2), (31, np.int64(44), np.int64(6), 2)): 38.0, ((31, np.int64(44), np.int64(6), 2), (31, np.int64(44), 35, 2)): 38.0, ((31, np.int64(76), np.int64(0), 2), (15, np.int64(72), np.int64(1), 2)): 38.0, ((15, np.int64(72), np.int64(1), 2), (31, np.int64(70), np.int64(2), 2)): 38.0, ((31, np.int64(70), np.int64(2), 2), (31, np.int64(70), 35, 2)): 38.0, ((31, np.int64(76), np.int64(0), 2), (0, np.int64(28), np.int64(6), 1)): 38.0, ((0, np.int64(28), np.int64(6), 1), (30, np.int64(2), np.int64(11), 0)): 38.0, ((30, np.int64(2), np.int64(11), 0), (30, np.int64(2), 35, 0)): 38.0, ((31, np.int64(76), np.int64(0), 2), (12, np.int64(74), np.int64(1), 2)): 38.0, ((12, np.int64(74), np.int64(1), 2), (31, np.int64(73), np.int64(2), 2)): 38.0, ((31, np.int64(73), np.int64(2), 2), (31, np.int64(73), 35, 2)): 38.0, ((31, np.int64(78), np.int64(0), 2), (3, np.int64(50), np.int64(4), 2)): 38.0, ((3, np.int64(50), np.int64(4), 2), (31, np.int64(31), np.int64(8), 1)): 38.0, ((31, np.int64(31), np.int64(8), 1), (31, np.int64(31), 35, 1)): 38.0, ((31, np.int64(78), np.int64(0), 2), (35, np.int64(53), np.int64(3), 2)): 38.0, ((35, np.int64(53), np.int64(3), 2), (31, np.int64(36), np.int64(6), 1)): 38.0, ((31, np.int64(36), np.int64(6), 1), (31, np.int64(36), 35, 1)): 38.0, ((31, np.int64(78), np.int64(0), 2), (6, np.int64(59), np.int64(3), 2)): 38.0, ((6, np.int64(59), np.int64(3), 2), (31, np.int64(46), np.int64(6), 2)): 38.0, ((31, np.int64(46), np.int64(6), 2), (31, np.int64(46), 35, 2)): 38.0, ((31, np.int64(78), np.int64(0), 2), (15, np.int64(74), np.int64(1), 2)): 38.0, ((15, np.int64(74), np.int64(1), 2), (31, np.int64(72), np.int64(2), 2)): 38.0, ((31, np.int64(72), np.int64(2), 2), (31, np.int64(72), 35, 2)): 38.0, ((31, np.int64(78), np.int64(0), 2), (0, np.int64(30), np.int64(6), 1)): 38.0, ((0, np.int64(30), np.int64(6), 1), (30, np.int64(4), np.int64(11), 0)): 38.0, ((30, np.int64(4), np.int64(11), 0), (30, np.int64(4), 35, 0)): 38.0, ((31, np.int64(78), np.int64(0), 2), (30, np.int64(68), np.int64(2), 2)): 38.0, ((30, np.int64(68), np.int64(2), 2), (12, np.int64(61), np.int64(4), 2)): 38.0, ((12, np.int64(61), np.int64(4), 2), (12, np.int64(61), np.int64(9), 2)): 38.0, ((12, np.int64(61), np.int64(9), 2), (31, np.int64(60), np.int64(10), 2)): 38.0, ((31, np.int64(60), np.int64(10), 2), (31, np.int64(60), np.int64(15), 2)): 38.0, ((31, np.int64(60), np.int64(15), 2), (31, np.int64(60), np.int64(20), 2)): 38.0, ((31, np.int64(60), np.int64(20), 2), (12, np.int64(59), np.int64(21), 2)): 38.0, ((12, np.int64(59), np.int64(21), 2), (12, np.int64(59), np.int64(26), 2)): 38.0, ((12, np.int64(59), np.int64(26), 2), (32, np.int64(17), np.int64(31), 1)): 38.0, ((32, np.int64(17), np.int64(31), 1), (32, np.int64(17), 35, 1)): 38.0, ((31, np.int64(78), np.int64(0), 2), (12, np.int64(76), np.int64(1), 2)): 38.0, ((12, np.int64(76), np.int64(1), 2), (31, np.int64(75), np.int64(2), 2)): 38.0, ((31, np.int64(75), np.int64(2), 2), (31, np.int64(75), 35, 2)): 38.0, ((31, np.int64(80), np.int64(0), 3), (3, np.int64(52), np.int64(4), 2)): 38.0, ((3, np.int64(52), np.int64(4), 2), (12, np.int64(32), np.int64(8), 1)): 38.0, ((12, np.int64(32), np.int64(8), 1), (31, np.int64(31), np.int64(9), 1)): 38.0, ((31, np.int64(31), np.int64(9), 1), (31, np.int64(31), 35, 1)): 38.0, ((31, np.int64(80), np.int64(0), 3), (12, np.int64(78), np.int64(1), 2)): 38.0, ((12, np.int64(78), np.int64(1), 2), (3, np.int64(58), np.int64(5), 2)): 38.0, ((3, np.int64(58), np.int64(5), 2), (15, np.int64(36), np.int64(9), 1)): 38.0, ((15, np.int64(36), np.int64(9), 1), (12, np.int64(34), np.int64(10), 1)): 38.0, ((12, np.int64(34), np.int64(10), 1), (31, np.int64(33), np.int64(11), 1)): 38.0, ((31, np.int64(33), np.int64(11), 1), (31, np.int64(33), 35, 1)): 38.0, ((31, np.int64(80), np.int64(0), 3), (35, np.int64(55), np.int64(3), 2)): 38.0, ((35, np.int64(55), np.int64(3), 2), (31, np.int64(38), np.int64(6), 1)): 38.0, ((31, np.int64(38), np.int64(6), 1), (31, np.int64(38), 35, 1)): 38.0, ((31, np.int64(80), np.int64(0), 3), (0, np.int64(32), np.int64(6), 1)): 38.0, ((0, np.int64(32), np.int64(6), 1), (30, np.int64(6), np.int64(11), 0)): 38.0, ((30, np.int64(6), np.int64(11), 0), (30, np.int64(6), 35, 0)): 38.0, ((31, np.int64(80), np.int64(0), 3), (15, np.int64(76), np.int64(1), 2)): 38.0, ((15, np.int64(76), np.int64(1), 2), (12, np.int64(74), np.int64(2), 2)): 38.0, ((12, np.int64(74), np.int64(2), 2), (31, np.int64(73), np.int64(3), 2)): 38.0, ((31, np.int64(73), np.int64(3), 2), (31, np.int64(73), 35, 2)): 38.0, ((31, np.int64(81), np.int64(0), 3), (35, np.int64(56), np.int64(3), 2)): 38.0, ((35, np.int64(56), np.int64(3), 2), (9, np.int64(28), np.int64(7), 1)): 14.0, ((9, np.int64(28), np.int64(7), 1), (9, np.int64(28), 35, 1)): 14.0, ((31, np.int64(81), np.int64(0), 3), (3, np.int64(53), np.int64(4), 2)): 38.0, ((3, np.int64(53), np.int64(4), 2), (12, np.int64(33), np.int64(8), 1)): 38.0, ((12, np.int64(33), np.int64(8), 1), (31, np.int64(32), np.int64(9), 1)): 38.0, ((31, np.int64(32), np.int64(9), 1), (31, np.int64(32), 35, 1)): 38.0, ((31, np.int64(81), np.int64(0), 3), (15, np.int64(77), np.int64(1), 2)): 38.0, ((15, np.int64(77), np.int64(1), 2), (3, np.int64(55), np.int64(5), 2)): 38.0, ((3, np.int64(55), np.int64(5), 2), (15, np.int64(33), np.int64(9), 1)): 38.0, ((15, np.int64(33), np.int64(9), 1), (12, np.int64(31), np.int64(10), 1)): 38.0, ((12, np.int64(31), np.int64(10), 1), (31, np.int64(30), np.int64(11), 1)): 38.0, ((31, np.int64(30), np.int64(11), 1), (31, np.int64(30), 35, 1)): 38.0, ((31, np.int64(81), np.int64(0), 3), (30, np.int64(71), np.int64(2), 2)): 38.0, ((30, np.int64(71), np.int64(2), 2), (3, np.int64(56), np.int64(5), 2)): 38.0, ((3, np.int64(56), np.int64(5), 2), (15, np.int64(34), np.int64(9), 1)): 38.0, ((15, np.int64(34), np.int64(9), 1), (12, np.int64(32), np.int64(10), 1)): 38.0, ((12, np.int64(32), np.int64(10), 1), (31, np.int64(31), np.int64(11), 1)): 38.0, ((31, np.int64(31), np.int64(11), 1), (31, np.int64(31), 35, 1)): 38.0, ((35, np.int64(56), np.int64(3), 2), (31, np.int64(39), np.int64(6), 1)): 24.0, ((31, np.int64(39), np.int64(6), 1), (31, np.int64(39), 35, 1)): 24.0, ((31, np.int64(81), np.int64(0), 3), (6, np.int64(62), np.int64(3), 2)): 38.0, ((6, np.int64(62), np.int64(3), 2), (35, np.int64(59), np.int64(4), 2)): 38.0, ((35, np.int64(59), np.int64(4), 2), (31, np.int64(42), np.int64(7), 2)): 38.0, ((31, np.int64(42), np.int64(7), 2), (31, np.int64(42), 35, 2)): 38.0, ((31, np.int64(81), np.int64(0), 3), (12, np.int64(79), np.int64(1), 2)): 38.0, ((12, np.int64(79), np.int64(1), 2), (35, np.int64(61), np.int64(5), 2)): 38.0, ((35, np.int64(61), np.int64(5), 2), (31, np.int64(44), np.int64(8), 2)): 38.0, ((31, np.int64(44), np.int64(8), 2), (31, np.int64(44), 35, 2)): 38.0, ((31, np.int64(90), np.int64(0), 3), (10, np.int64(39), np.int64(6), 1)): 38.0, ((10, np.int64(39), np.int64(6), 1), (31, np.int64(4), np.int64(12), 0)): 38.0, ((31, np.int64(4), np.int64(12), 0), (31, np.int64(4), 35, 0)): 38.0, ((31, np.int64(90), np.int64(0), 3), (29, np.int64(40), np.int64(6), 2)): 38.0, ((29, np.int64(40), np.int64(6), 2), (6, np.int64(19), np.int64(10), 1)): 38.0, ((6, np.int64(19), np.int64(10), 1), (31, np.int64(6), np.int64(13), 0)): 38.0, ((31, np.int64(6), np.int64(13), 0), (31, np.int64(6), 35, 0)): 38.0, ((31, np.int64(90), np.int64(0), 3), (0, np.int64(42), np.int64(6), 2)): 38.0, ((0, np.int64(42), np.int64(6), 2), (10, np.int64(40), np.int64(7), 2)): 38.0, ((10, np.int64(40), np.int64(7), 2), (2, np.int64(38), np.int64(8), 1)): 38.0, ((2, np.int64(38), np.int64(8), 1), (31, np.int64(0), np.int64(15), 0)): 38.0, ((31, np.int64(0), np.int64(15), 0), (31, np.int64(0), 35, 0)): 38.0, ((31, np.int64(90), np.int64(0), 3), (2, np.int64(35), np.int64(7), 1)): 38.0, ((2, np.int64(35), np.int64(7), 1), (10, np.int64(33), np.int64(8), 1)): 38.0, ((10, np.int64(33), np.int64(8), 1), (0, np.int64(31), np.int64(9), 1)): 38.0, ((0, np.int64(31), np.int64(9), 1), (0, np.int64(31), 35, 1)): 38.0, ((31, np.int64(90), np.int64(0), 3), (9, np.int64(37), np.int64(7), 1)): 38.0, ((9, np.int64(37), np.int64(7), 1), (35, np.int64(18), np.int64(11), 1)): 38.0, ((35, np.int64(18), np.int64(11), 1), (6, np.int64(15), np.int64(12), 1)): 38.0, ((6, np.int64(15), np.int64(12), 1), (31, np.int64(2), np.int64(15), 0)): 38.0, ((31, np.int64(2), np.int64(15), 0), (31, np.int64(2), 35, 0)): 76.0, ((31, np.int64(90), np.int64(0), 3), (17, np.int64(41), np.int64(6), 2)): 38.0, ((17, np.int64(41), np.int64(6), 2), (3, np.int64(19), np.int64(10), 1)): 38.0, ((3, np.int64(19), np.int64(10), 1), (3, np.int64(19), 35, 1)): 38.0, ((31, np.int64(90), np.int64(0), 3), (3, np.int64(62), np.int64(4), 2)): 38.0, ((3, np.int64(62), np.int64(4), 2), (12, np.int64(42), np.int64(8), 2)): 38.0, ((12, np.int64(42), np.int64(8), 2), (31, np.int64(41), np.int64(9), 2)): 38.0, ((31, np.int64(41), np.int64(9), 2), (31, np.int64(41), 35, 2)): 38.0, ((31, np.int64(90), np.int64(0), 3), (15, np.int64(86), np.int64(1), 3)): 38.0, ((15, np.int64(86), np.int64(1), 3), (3, np.int64(64), np.int64(5), 2)): 38.0, ((3, np.int64(64), np.int64(5), 2), (12, np.int64(44), np.int64(9), 2)): 38.0, ((12, np.int64(44), np.int64(9), 2), (31, np.int64(43), np.int64(10), 2)): 38.0, ((31, np.int64(43), np.int64(10), 2), (31, np.int64(43), 35, 2)): 38.0, ((31, np.int64(90), np.int64(0), 3), (35, np.int64(65), np.int64(3), 2)): 38.0, ((35, np.int64(65), np.int64(3), 2), (31, np.int64(48), np.int64(6), 2)): 38.0, ((31, np.int64(48), np.int64(6), 2), (31, np.int64(48), 35, 2)): 38.0, ((31, np.int64(90), np.int64(0), 3), (31, np.int64(90), np.int64(1), 3)): 2323.0, ((31, np.int64(90), np.int64(1), 3), (31, np.int64(90), np.int64(6), 3)): 2323.0, ((31, np.int64(90), np.int64(6), 3), (31, np.int64(90), np.int64(11), 3)): 2323.0, ((31, np.int64(90), np.int64(11), 3), (31, np.int64(90), np.int64(16), 3)): 2323.0, ((31, np.int64(90), np.int64(16), 3), (12, np.int64(89), np.int64(17), 3)): 2323.0, ((12, np.int64(89), np.int64(17), 3), (12, np.int64(89), np.int64(22), 3)): 2323.0, ((12, np.int64(89), np.int64(22), 3), (6, np.int64(75), np.int64(25), 2)): 2323.0, ((6, np.int64(75), np.int64(25), 2), (9, np.int64(52), np.int64(29), 2)): 2323.0, ((9, np.int64(52), np.int64(29), 2), (29, np.int64(45), np.int64(31), 2)): 2323.0, ((29, np.int64(45), np.int64(31), 2), (29, np.int64(45), 35, 2)): 2323.0, ((31, np.int64(90), np.int64(0), 3), (12, np.int64(88), np.int64(1), 3)): 38.0, ((12, np.int64(88), np.int64(1), 3), (31, np.int64(87), np.int64(2), 3)): 38.0, ((31, np.int64(87), np.int64(2), 3), (31, np.int64(87), np.int64(7), 3)): 38.0, ((31, np.int64(87), np.int64(7), 3), (31, np.int64(87), np.int64(12), 3)): 38.0, ((31, np.int64(87), np.int64(12), 3), (31, np.int64(87), np.int64(17), 3)): 38.0, ((31, np.int64(87), np.int64(17), 3), (12, np.int64(86), np.int64(18), 3)): 38.0, ((12, np.int64(86), np.int64(18), 3), (12, np.int64(86), np.int64(23), 3)): 38.0, ((12, np.int64(86), np.int64(23), 3), (6, np.int64(72), np.int64(26), 2)): 38.0, ((6, np.int64(72), np.int64(26), 2), (9, np.int64(49), np.int64(30), 2)): 38.0, ((9, np.int64(49), np.int64(30), 2), (29, np.int64(42), np.int64(32), 2)): 38.0, ((29, np.int64(42), np.int64(32), 2), (29, np.int64(42), 35, 2)): 38.0, ((31, np.int64(96), np.int64(0), 3), (8, np.int64(40), np.int64(7), 2)): 38.0, ((8, np.int64(40), np.int64(7), 2), (31, np.int64(1), np.int64(14), 0)): 38.0, ((31, np.int64(1), np.int64(14), 0), (31, np.int64(1), 35, 0)): 38.0, ((31, np.int64(96), np.int64(0), 3), (2, np.int64(41), np.int64(7), 2)): 38.0, ((2, np.int64(41), np.int64(7), 2), (12, np.int64(4), np.int64(14), 0)): 38.0, ((12, np.int64(4), np.int64(14), 0), (31, np.int64(3), np.int64(15), 0)): 38.0, ((31, np.int64(3), np.int64(15), 0), (31, np.int64(3), 35, 0)): 38.0, ((31, np.int64(96), np.int64(0), 3), (17, np.int64(47), np.int64(6), 2)): 38.0, ((17, np.int64(47), np.int64(6), 2), (3, np.int64(25), np.int64(10), 1)): 38.0, ((3, np.int64(25), np.int64(10), 1), (31, np.int64(6), np.int64(14), 0)): 38.0, ((31, np.int64(6), np.int64(14), 0), (31, np.int64(6), 35, 0)): 38.0, ((31, np.int64(96), np.int64(0), 3), (9, np.int64(43), np.int64(7), 2)): 38.0, ((9, np.int64(43), np.int64(7), 2), (35, np.int64(24), np.int64(11), 1)): 38.0, ((35, np.int64(24), np.int64(11), 1), (31, np.int64(7), np.int64(14), 0)): 38.0, ((31, np.int64(7), np.int64(14), 0), (31, np.int64(7), 35, 0)): 38.0, ((31, np.int64(96), np.int64(0), 3), (30, np.int64(86), np.int64(2), 3)): 38.0, ((30, np.int64(86), np.int64(2), 3), (31, np.int64(79), np.int64(4), 2)): 38.0, ((31, np.int64(79), np.int64(4), 2), (31, np.int64(79), np.int64(9), 2)): 18.0, ((31, np.int64(79), np.int64(9), 2), (31, np.int64(79), np.int64(14), 2)): 18.0, ((31, np.int64(79), np.int64(14), 2), (31, np.int64(79), np.int64(19), 2)): 18.0, ((31, np.int64(79), np.int64(19), 2), (30, np.int64(69), np.int64(21), 2)): 18.0, ((30, np.int64(69), np.int64(21), 2), (3, np.int64(47), np.int64(24), 2)): 18.0, ((3, np.int64(47), np.int64(24), 2), (35, np.int64(24), np.int64(28), 1)): 18.0, ((35, np.int64(24), np.int64(28), 1), (31, np.int64(7), np.int64(31), 0)): 18.0, ((31, np.int64(7), np.int64(31), 0), (31, np.int64(7), 35, 0)): 18.0, ((31, np.int64(96), np.int64(0), 3), (10, np.int64(45), np.int64(6), 2)): 38.0, ((10, np.int64(45), np.int64(6), 2), (31, np.int64(10), np.int64(12), 1)): 38.0, ((31, np.int64(10), np.int64(12), 1), (31, np.int64(10), 35, 1)): 38.0, ((31, np.int64(96), np.int64(0), 3), (29, np.int64(46), np.int64(6), 2)): 38.0, ((29, np.int64(46), np.int64(6), 2), (12, np.int64(11), np.int64(13), 1)): 38.0, ((12, np.int64(11), np.int64(13), 1), (31, np.int64(10), np.int64(14), 1)): 38.0, ((31, np.int64(10), np.int64(14), 1), (31, np.int64(10), 35, 1)): 76.0, ((31, np.int64(96), np.int64(0), 3), (12, np.int64(94), np.int64(1), 3)): 38.0, ((12, np.int64(94), np.int64(1), 3), (31, np.int64(93), np.int64(2), 3)): 38.0, ((31, np.int64(93), np.int64(2), 3), (31, np.int64(93), np.int64(7), 3)): 17.0, ((31, np.int64(93), np.int64(7), 3), (31, np.int64(93), np.int64(12), 3)): 17.0, ((31, np.int64(93), np.int64(12), 3), (31, np.int64(93), np.int64(17), 3)): 17.0, ((31, np.int64(93), np.int64(17), 3), (12, np.int64(92), np.int64(18), 3)): 17.0, ((12, np.int64(92), np.int64(18), 3), (15, np.int64(90), np.int64(19), 3)): 17.0, ((15, np.int64(90), np.int64(19), 3), (15, np.int64(90), np.int64(24), 3)): 17.0, ((15, np.int64(90), np.int64(24), 3), (12, np.int64(88), np.int64(25), 3)): 17.0, ((12, np.int64(88), np.int64(25), 3), (3, np.int64(59), np.int64(29), 2)): 17.0, ((3, np.int64(59), np.int64(29), 2), (6, np.int64(38), np.int64(33), 1)): 17.0, ((6, np.int64(38), np.int64(33), 1), (6, np.int64(38), 35, 1)): 17.0, ((31, np.int64(96), np.int64(0), 3), (0, np.int64(48), np.int64(6), 2)): 38.0, ((0, np.int64(48), np.int64(6), 2), (31, np.int64(15), np.int64(12), 1)): 38.0, ((31, np.int64(15), np.int64(12), 1), (31, np.int64(15), 35, 1)): 38.0, ((31, np.int64(96), np.int64(0), 3), (6, np.int64(77), np.int64(3), 2)): 38.0, ((6, np.int64(77), np.int64(3), 2), (35, np.int64(74), np.int64(4), 2)): 38.0, ((35, np.int64(74), np.int64(4), 2), (35, np.int64(74), np.int64(9), 2)): 38.0, ((35, np.int64(74), np.int64(9), 2), (35, np.int64(74), np.int64(14), 2)): 38.0, ((35, np.int64(74), np.int64(14), 2), (6, np.int64(71), np.int64(15), 2)): 38.0, ((6, np.int64(71), np.int64(15), 2), (6, np.int64(71), np.int64(20), 2)): 38.0, ((6, np.int64(71), np.int64(20), 2), (35, np.int64(66), np.int64(21), 2)): 38.0, ((35, np.int64(66), np.int64(21), 2), (35, np.int64(66), np.int64(26), 2)): 38.0, ((35, np.int64(66), np.int64(26), 2), (3, np.int64(33), np.int64(30), 1)): 38.0, ((3, np.int64(33), np.int64(30), 1), (31, np.int64(14), np.int64(34), 1)): 38.0, ((31, np.int64(14), np.int64(34), 1), (31, np.int64(14), 35, 1)): 38.0, ((31, np.int64(96), np.int64(0), 3), (35, np.int64(71), np.int64(3), 2)): 38.0, ((35, np.int64(71), np.int64(3), 2), (12, np.int64(53), np.int64(7), 2)): 38.0, ((12, np.int64(53), np.int64(7), 2), (31, np.int64(52), np.int64(8), 2)): 38.0, ((31, np.int64(52), np.int64(8), 2), (31, np.int64(52), 35, 2)): 38.0, ((31, np.int64(79), np.int64(4), 2), (31, np.int64(79), 35, 2)): 20.0, ((31, np.int64(93), np.int64(2), 3), (31, np.int64(93), 35, 3)): 21.0, ((31, np.int64(96), np.int64(0), 3), (15, np.int64(92), np.int64(1), 3)): 38.0, ((15, np.int64(92), np.int64(1), 3), (12, np.int64(90), np.int64(2), 3)): 38.0, ((12, np.int64(90), np.int64(2), 3), (31, np.int64(89), np.int64(3), 3)): 38.0, ((31, np.int64(89), np.int64(3), 3), (31, np.int64(89), 35, 3)): 38.0, ((31, np.int64(98), np.int64(0), 3), (8, np.int64(42), np.int64(7), 2)): 38.0, ((8, np.int64(42), np.int64(7), 2), (12, np.int64(3), np.int64(14), 0)): 38.0, ((12, np.int64(3), np.int64(14), 0), (31, np.int64(2), np.int64(15), 0)): 38.0, ((31, np.int64(98), np.int64(0), 3), (9, np.int64(45), np.int64(7), 2)): 38.0, ((9, np.int64(45), np.int64(7), 2), (12, np.int64(7), np.int64(14), 0)): 38.0, ((12, np.int64(7), np.int64(14), 0), (31, np.int64(6), np.int64(15), 0)): 38.0, ((31, np.int64(6), np.int64(15), 0), (31, np.int64(6), 35, 0)): 38.0, ((31, np.int64(98), np.int64(0), 3), (17, np.int64(49), np.int64(6), 2)): 38.0, ((17, np.int64(49), np.int64(6), 2), (35, np.int64(27), np.int64(10), 1)): 38.0, ((35, np.int64(27), np.int64(10), 1), (31, np.int64(10), np.int64(13), 1)): 38.0, ((31, np.int64(10), np.int64(13), 1), (31, np.int64(10), 35, 1)): 38.0, ((31, np.int64(98), np.int64(0), 3), (10, np.int64(47), np.int64(6), 2)): 38.0, ((10, np.int64(47), np.int64(6), 2), (31, np.int64(12), np.int64(12), 1)): 38.0, ((31, np.int64(12), np.int64(12), 1), (31, np.int64(12), 35, 1)): 38.0, ((31, np.int64(98), np.int64(0), 3), (29, np.int64(48), np.int64(6), 2)): 38.0, ((29, np.int64(48), np.int64(6), 2), (12, np.int64(13), np.int64(13), 1)): 38.0, ((12, np.int64(13), np.int64(13), 1), (31, np.int64(12), np.int64(14), 1)): 38.0, ((31, np.int64(12), np.int64(14), 1), (31, np.int64(12), 35, 1)): 38.0, ((31, np.int64(98), np.int64(0), 3), (0, np.int64(50), np.int64(6), 2)): 38.0, ((0, np.int64(50), np.int64(6), 2), (31, np.int64(17), np.int64(12), 1)): 38.0, ((31, np.int64(17), np.int64(12), 1), (31, np.int64(17), 35, 1)): 38.0, ((31, np.int64(98), np.int64(0), 3), (6, np.int64(79), np.int64(3), 2)): 38.0, ((6, np.int64(79), np.int64(3), 2), (35, np.int64(76), np.int64(4), 2)): 30.0, ((35, np.int64(76), np.int64(4), 2), (35, np.int64(76), np.int64(9), 2)): 30.0, ((35, np.int64(76), np.int64(9), 2), (35, np.int64(76), np.int64(14), 2)): 30.0, ((35, np.int64(76), np.int64(14), 2), (6, np.int64(73), np.int64(15), 2)): 30.0, ((6, np.int64(73), np.int64(15), 2), (6, np.int64(73), np.int64(20), 2)): 30.0, ((6, np.int64(73), np.int64(20), 2), (35, np.int64(68), np.int64(21), 2)): 30.0, ((35, np.int64(68), np.int64(21), 2), (35, np.int64(68), np.int64(26), 2)): 30.0, ((35, np.int64(68), np.int64(26), 2), (3, np.int64(35), np.int64(30), 1)): 30.0, ((3, np.int64(35), np.int64(30), 1), (31, np.int64(16), np.int64(34), 1)): 30.0, ((31, np.int64(16), np.int64(34), 1), (31, np.int64(16), 35, 1)): 30.0, ((31, np.int64(98), np.int64(0), 3), (3, np.int64(70), np.int64(4), 2)): 38.0, ((3, np.int64(70), np.int64(4), 2), (31, np.int64(51), np.int64(8), 2)): 38.0, ((31, np.int64(51), np.int64(8), 2), (31, np.int64(51), 35, 2)): 38.0, ((31, np.int64(98), np.int64(0), 3), (35, np.int64(73), np.int64(3), 2)): 38.0, ((35, np.int64(73), np.int64(3), 2), (31, np.int64(56), np.int64(6), 2)): 38.0, ((31, np.int64(56), np.int64(6), 2), (31, np.int64(56), 35, 2)): 38.0, ((31, np.int64(98), np.int64(0), 3), (11, np.int64(16), np.int64(10), 1)): 22.0, ((11, np.int64(16), np.int64(10), 1), (11, np.int64(16), np.int64(15), 1)): 22.0, ((11, np.int64(16), np.int64(15), 1), (11, np.int64(16), np.int64(20), 1)): 22.0, ((11, np.int64(16), np.int64(20), 1), (11, np.int64(16), 35, 1)): 22.0, ((6, np.int64(79), np.int64(3), 2), (12, np.int64(65), np.int64(6), 2)): 8.0, ((12, np.int64(65), np.int64(6), 2), (12, np.int64(65), np.int64(11), 2)): 8.0, ((12, np.int64(65), np.int64(11), 2), (31, np.int64(64), np.int64(12), 2)): 8.0, ((31, np.int64(64), np.int64(12), 2), (31, np.int64(64), np.int64(17), 2)): 8.0, ((31, np.int64(64), np.int64(17), 2), (31, np.int64(64), np.int64(22), 2)): 8.0, ((31, np.int64(64), np.int64(22), 2), (12, np.int64(63), np.int64(23), 2)): 8.0, ((12, np.int64(63), np.int64(23), 2), (12, np.int64(63), np.int64(28), 2)): 8.0, ((12, np.int64(63), np.int64(28), 2), (32, np.int64(21), np.int64(33), 1)): 8.0, ((32, np.int64(21), np.int64(33), 1), (32, np.int64(21), 35, 1)): 8.0, ((31, np.int64(98), np.int64(0), 3), (12, np.int64(96), np.int64(1), 3)): 38.0, ((12, np.int64(96), np.int64(1), 3), (31, np.int64(95), np.int64(2), 3)): 38.0, ((31, np.int64(95), np.int64(2), 3), (31, np.int64(95), 35, 3)): 38.0, ((31, np.int64(98), np.int64(0), 3), (15, np.int64(94), np.int64(1), 3)): 38.0, ((15, np.int64(94), np.int64(1), 3), (12, np.int64(92), np.int64(2), 3)): 38.0, ((12, np.int64(92), np.int64(2), 3), (31, np.int64(91), np.int64(3), 3)): 38.0, ((31, np.int64(91), np.int64(3), 3), (31, np.int64(91), 35, 3)): 38.0, ((31, np.int64(100), np.int64(0), 3), (8, np.int64(44), np.int64(7), 2)): 38.0, ((8, np.int64(44), np.int64(7), 2), (15, np.int64(2), np.int64(15), 0)): 38.0, ((15, np.int64(2), np.int64(15), 0), (12, np.int64(0), np.int64(16), 0)): 38.0, ((12, np.int64(0), np.int64(16), 0), (12, np.int64(0), 35, 0)): 38.0, ((31, np.int64(100), np.int64(0), 3), (16, np.int64(41), np.int64(7), 2)): 38.0, ((16, np.int64(41), np.int64(7), 2), (15, np.int64(2), np.int64(14), 0)): 38.0, ((15, np.int64(2), np.int64(14), 0), (12, np.int64(0), np.int64(15), 0)): 38.0, ((12, np.int64(0), np.int64(15), 0), (12, np.int64(0), 35, 0)): 38.0, ((31, np.int64(100), np.int64(0), 3), (31, np.int64(100), np.int64(1), 3)): 17574.0, ((31, np.int64(100), np.int64(1), 3), (10, np.int64(65), np.int64(7), 2)): 17376.0, ((10, np.int64(65), np.int64(7), 2), (2, np.int64(63), np.int64(8), 2)): 17376.0, ((2, np.int64(63), np.int64(8), 2), (3, np.int64(9), np.int64(15), 0)): 2227.0, ((3, np.int64(9), np.int64(15), 0), (3, np.int64(9), 35, 0)): 2227.0, ((31, np.int64(100), np.int64(1), 3), (31, np.int64(100), np.int64(6), 3)): 198.0, ((31, np.int64(100), np.int64(6), 3), (31, np.int64(100), np.int64(11), 3)): 150.0, ((31, np.int64(100), np.int64(11), 3), (31, np.int64(100), np.int64(16), 3)): 150.0, ((31, np.int64(100), np.int64(16), 3), (12, np.int64(99), np.int64(17), 3)): 50.0, ((12, np.int64(99), np.int64(17), 3), (15, np.int64(97), np.int64(18), 3)): 6.0, ((15, np.int64(97), np.int64(18), 3), (6, np.int64(77), np.int64(21), 2)): 6.0, ((6, np.int64(77), np.int64(21), 2), (29, np.int64(47), np.int64(25), 2)): 6.0, ((29, np.int64(47), np.int64(25), 2), (9, np.int64(37), np.int64(27), 1)): 6.0, ((9, np.int64(37), np.int64(27), 1), (31, np.int64(0), np.int64(34), 0)): 6.0, ((31, np.int64(0), np.int64(34), 0), (31, np.int64(0), 35, 0)): 6.0, ((31, np.int64(100), np.int64(6), 3), (3, np.int64(81), np.int64(10), 3)): 48.0, ((3, np.int64(81), np.int64(10), 3), (3, np.int64(81), np.int64(15), 3)): 48.0, ((3, np.int64(81), np.int64(15), 3), (17, np.int64(49), np.int64(19), 2)): 48.0, ((17, np.int64(49), np.int64(19), 2), (9, np.int64(16), np.int64(23), 1)): 48.0, ((9, np.int64(16), np.int64(23), 1), (9, np.int64(16), 35, 1)): 48.0, ((31, np.int64(100), np.int64(0), 3), (9, np.int64(47), np.int64(7), 2)): 38.0, ((9, np.int64(47), np.int64(7), 2), (15, np.int64(10), np.int64(14), 1)): 38.0, ((15, np.int64(10), np.int64(14), 1), (31, np.int64(8), np.int64(15), 0)): 38.0, ((31, np.int64(8), np.int64(15), 0), (31, np.int64(8), 35, 0)): 2265.0, ((31, np.int64(100), np.int64(0), 3), (15, np.int64(98), np.int64(1), 3)): 60643.0, ((15, np.int64(98), np.int64(1), 3), (15, np.int64(98), np.int64(6), 3)): 60643.0, ((15, np.int64(98), np.int64(6), 3), (6, np.int64(78), np.int64(9), 2)): 804.0, ((6, np.int64(78), np.int64(9), 2), (35, np.int64(73), np.int64(10), 2)): 804.0, ((35, np.int64(73), np.int64(10), 2), (9, np.int64(45), np.int64(14), 2)): 575.0, ((9, np.int64(45), np.int64(14), 2), (15, np.int64(8), np.int64(21), 0)): 575.0, ((15, np.int64(8), np.int64(21), 0), (31, np.int64(6), np.int64(22), 0)): 575.0, ((31, np.int64(6), np.int64(22), 0), (31, np.int64(6), 35, 0)): 575.0, ((35, np.int64(73), np.int64(10), 2), (35, np.int64(73), np.int64(15), 2)): 229.0, ((35, np.int64(73), np.int64(15), 2), (9, np.int64(45), np.int64(19), 2)): 229.0, ((9, np.int64(45), np.int64(19), 2), (15, np.int64(8), np.int64(26), 0)): 229.0, ((15, np.int64(8), np.int64(26), 0), (31, np.int64(6), np.int64(27), 0)): 229.0, ((31, np.int64(6), np.int64(27), 0), (31, np.int64(6), 35, 0)): 229.0, ((31, np.int64(100), np.int64(16), 3), (35, np.int64(75), np.int64(19), 2)): 100.0, ((35, np.int64(75), np.int64(19), 2), (9, np.int64(47), np.int64(23), 2)): 100.0, ((9, np.int64(47), np.int64(23), 2), (15, np.int64(10), np.int64(30), 1)): 100.0, ((15, np.int64(10), np.int64(30), 1), (31, np.int64(8), np.int64(31), 0)): 100.0, ((31, np.int64(8), np.int64(31), 0), (31, np.int64(8), 35, 0)): 100.0, ((31, np.int64(100), np.int64(0), 3), (17, np.int64(51), np.int64(6), 2)): 38.0, ((17, np.int64(51), np.int64(6), 2), (3, np.int64(29), np.int64(10), 1)): 38.0, ((3, np.int64(29), np.int64(10), 1), (31, np.int64(10), np.int64(14), 1)): 38.0, ((31, np.int64(100), np.int64(0), 3), (0, np.int64(52), np.int64(6), 2)): 38.0, ((0, np.int64(52), np.int64(6), 2), (15, np.int64(18), np.int64(12), 1)): 38.0, ((15, np.int64(18), np.int64(12), 1), (31, np.int64(16), np.int64(13), 1)): 38.0, ((31, np.int64(16), np.int64(13), 1), (31, np.int64(16), 35, 1)): 38.0, ((31, np.int64(100), np.int64(0), 3), (10, np.int64(49), np.int64(6), 2)): 38.0, ((10, np.int64(49), np.int64(6), 2), (0, np.int64(47), np.int64(7), 2)): 38.0, ((0, np.int64(47), np.int64(7), 2), (31, np.int64(14), np.int64(13), 1)): 38.0, ((31, np.int64(14), np.int64(13), 1), (31, np.int64(14), 35, 1)): 38.0, ((2, np.int64(63), np.int64(8), 2), (15, np.int64(7), np.int64(15), 0)): 2227.0, ((15, np.int64(7), np.int64(15), 0), (31, np.int64(5), np.int64(16), 0)): 2227.0, ((31, np.int64(5), np.int64(16), 0), (31, np.int64(5), 35, 0)): 2227.0, ((2, np.int64(63), np.int64(8), 2), (31, np.int64(8), np.int64(15), 0)): 2227.0, ((2, np.int64(63), np.int64(8), 2), (12, np.int64(10), np.int64(15), 1)): 2227.0, ((12, np.int64(10), np.int64(15), 1), (31, np.int64(9), np.int64(16), 0)): 2227.0, ((31, np.int64(9), np.int64(16), 0), (31, np.int64(9), 35, 0)): 2227.0, ((2, np.int64(63), np.int64(8), 2), (30, np.int64(18), np.int64(14), 1)): 2227.0, ((30, np.int64(18), np.int64(14), 1), (15, np.int64(9), np.int64(16), 0)): 2227.0, ((15, np.int64(9), np.int64(16), 0), (12, np.int64(7), np.int64(17), 0)): 2227.0, ((12, np.int64(7), np.int64(17), 0), (31, np.int64(6), np.int64(18), 0)): 2227.0, ((31, np.int64(6), np.int64(18), 0), (31, np.int64(6), 35, 0)): 2227.0, ((12, np.int64(99), np.int64(17), 3), (12, np.int64(99), np.int64(22), 3)): 35.0, ((12, np.int64(99), np.int64(22), 3), (15, np.int64(97), np.int64(23), 3)): 17.0, ((15, np.int64(97), np.int64(23), 3), (6, np.int64(77), np.int64(26), 2)): 17.0, ((6, np.int64(77), np.int64(26), 2), (3, np.int64(46), np.int64(30), 2)): 17.0, ((3, np.int64(46), np.int64(30), 2), (15, np.int64(24), np.int64(34), 1)): 17.0, ((15, np.int64(24), np.int64(34), 1), (31, np.int64(22), np.int64(35), 1)): 17.0, ((31, np.int64(22), np.int64(35), 1), (31, np.int64(22), 35, 1)): 17.0, ((31, np.int64(100), np.int64(0), 3), (3, np.int64(72), np.int64(4), 2)): 38.0, ((3, np.int64(72), np.int64(4), 2), (35, np.int64(49), np.int64(8), 2)): 38.0, ((35, np.int64(49), np.int64(8), 2), (31, np.int64(32), np.int64(11), 1)): 38.0, ((31, np.int64(32), np.int64(11), 1), (31, np.int64(32), 35, 1)): 38.0, ((2, np.int64(63), np.int64(8), 2), (0, np.int64(56), np.int64(9), 2)): 2227.0, ((0, np.int64(56), np.int64(9), 2), (2, np.int64(52), np.int64(10), 2)): 2227.0, ((2, np.int64(52), np.int64(10), 2), (31, np.int64(14), np.int64(17), 1)): 2227.0, ((31, np.int64(14), np.int64(17), 1), (31, np.int64(14), 35, 1)): 2227.0, ((12, np.int64(99), np.int64(17), 3), (30, np.int64(89), np.int64(19), 3)): 9.0, ((30, np.int64(89), np.int64(19), 3), (3, np.int64(67), np.int64(22), 2)): 9.0, ((3, np.int64(67), np.int64(22), 2), (30, np.int64(45), np.int64(25), 2)): 9.0, ((30, np.int64(45), np.int64(25), 2), (31, np.int64(38), np.int64(27), 1)): 9.0, ((31, np.int64(38), np.int64(27), 1), (31, np.int64(38), 35, 1)): 9.0, ((31, np.int64(100), np.int64(0), 3), (3, np.int64(81), np.int64(4), 3)): 22.0, ((3, np.int64(81), np.int64(4), 3), (11, np.int64(42), np.int64(11), 2)): 22.0, ((11, np.int64(42), np.int64(11), 2), (11, np.int64(42), 35, 2)): 22.0, ((2, np.int64(63), np.int64(8), 2), (8, np.int64(22), np.int64(13), 1)): 2227.0, ((8, np.int64(22), np.int64(13), 1), (8, np.int64(22), 35, 1)): 2227.0, ((2, np.int64(63), np.int64(8), 2), (4, np.int64(25), np.int64(13), 1)): 1787.0, ((4, np.int64(25), np.int64(13), 1), (4, np.int64(25), 35, 1)): 1787.0, ((15, np.int64(98), np.int64(6), 3), (12, np.int64(96), np.int64(7), 3)): 59839.0, ((12, np.int64(96), np.int64(7), 3), (9, np.int64(58), np.int64(14), 2)): 54682.0, ((9, np.int64(58), np.int64(14), 2), (29, np.int64(51), np.int64(16), 2)): 54682.0, ((29, np.int64(51), np.int64(16), 2), (32, np.int64(15), np.int64(21), 1)): 54682.0, ((32, np.int64(15), np.int64(21), 1), (32, np.int64(15), 35, 1)): 54682.0, ((12, np.int64(96), np.int64(7), 3), (12, np.int64(96), np.int64(12), 3)): 5157.0, ((12, np.int64(96), np.int64(12), 3), (9, np.int64(58), np.int64(19), 2)): 5157.0, ((9, np.int64(58), np.int64(19), 2), (29, np.int64(51), np.int64(21), 2)): 5157.0, ((29, np.int64(51), np.int64(21), 2), (32, np.int64(15), np.int64(26), 1)): 5157.0, ((32, np.int64(15), np.int64(26), 1), (32, np.int64(15), 35, 1)): 5157.0, ((31, np.int64(100), np.int64(0), 3), (15, np.int64(96), np.int64(1), 3)): 38.0, ((15, np.int64(96), np.int64(1), 3), (12, np.int64(94), np.int64(2), 3)): 38.0, ((12, np.int64(94), np.int64(2), 3), (31, np.int64(93), np.int64(3), 3)): 38.0, ((31, np.int64(93), np.int64(3), 3), (31, np.int64(93), 35, 3)): 38.0, ((31, np.int64(100), np.int64(0), 3), (12, np.int64(98), np.int64(1), 3)): 38.0, ((12, np.int64(98), np.int64(1), 3), (30, np.int64(91), np.int64(3), 3)): 38.0, ((30, np.int64(91), np.int64(3), 3), (15, np.int64(82), np.int64(5), 3)): 38.0, ((15, np.int64(82), np.int64(5), 3), (12, np.int64(80), np.int64(6), 3)): 38.0, ((12, np.int64(80), np.int64(6), 3), (31, np.int64(79), np.int64(7), 2)): 38.0, ((31, np.int64(79), np.int64(7), 2), (31, np.int64(79), 35, 2)): 38.0, ((12, np.int64(99), np.int64(22), 3), (15, np.int64(96), np.int64(23), 3)): 9.0, ((15, np.int64(96), np.int64(23), 3), (15, np.int64(96), np.int64(28), 3)): 9.0, ((15, np.int64(96), np.int64(28), 3), (31, np.int64(92), np.int64(29), 3)): 9.0, ((31, np.int64(92), np.int64(29), 3), (31, np.int64(92), 35, 3)): 9.0, ((12, np.int64(99), np.int64(22), 3), (12, np.int64(99), np.int64(27), 3)): 9.0, ((12, np.int64(99), np.int64(27), 3), (31, np.int64(98), np.int64(28), 3)): 9.0, ((31, np.int64(98), np.int64(28), 3), (31, np.int64(98), np.int64(33), 3)): 9.0, ((31, np.int64(98), np.int64(33), 3), (12, np.int64(97), np.int64(34), 3)): 9.0, ((12, np.int64(97), np.int64(34), 3), (15, np.int64(94), np.int64(35), 3)): 9.0}}
a[ 20 ] =  1.0
a[ 36 ] =  1.0
n[ 9 ] =  14.0
n[ 11 ] =  22.0
'''''''''''''''''
Gurobi Optimizer version 13.0.1 build v13.0.1rc0 (linux64 - "Debian GNU/Linux 12 (bookworm)")

CPU model: AMD EPYC 7B12, instruction set [SSE2|AVX|AVX2]
Thread count: 1 physical cores, 2 logical processors, using up to 2 threads

Non-default parameters:
MIPGap  0.02

Academic license 937859 - for non-commercial use only - registered to hp___@cornell.edu
Optimize a model with 138408 rows, 304991 columns and 789009 nonzeros (Min)
Model fingerprint: 0xd2098663
Model has 196585 linear objective coefficients
Variable types: 5 continuous, 304986 integer (37 binary)
Coefficient statistics:
  Matrix range     [1e+00, 3e+04]
  Objective range  [6e-01, 2e+02]
  Bounds range     [1e+00, 1e+00]
  RHS range        [2e+00, 1e+100]
Warning: Model contains large rhs
         Consider reformulating model or setting NumericFocus parameter
         to avoid numerical issues.

MIP start from previous solve did not produce a new incumbent solution
MIP start from previous solve violates constraint flow_bal_load[(35,_np.int64(65),_np.int64(1),_2)] by 14.000000000

Presolve removed 104483 rows and 164118 columns (presolve time = 5s)...
Presolve removed 112220 rows and 196756 columns
Presolve time: 9.57s
Presolved: 26188 rows, 108235 columns, 258428 nonzeros
Variable types: 0 continuous, 108235 integer (33 binary)

Root simplex log...

Iteration    Objective       Primal Inf.    Dual Inf.      Time
       0      handle free variables                         11s
    8103    6.1773207e+03   2.137467e+02   0.000000e+00     15s
   11963    6.9443335e+03   3.645822e+02   0.000000e+00     20s
   12497    7.2887173e+03   0.000000e+00   0.000000e+00     21s
   12497    7.2887173e+03   0.000000e+00   0.000000e+00     21s

Root relaxation: objective 7.288717e+03, 12497 iterations, 10.20 seconds (6.00 work units)

    Nodes    |    Current Node    |     Objective Bounds      |     Work
 Expl Unexpl |  Obj  Depth IntInf | Incumbent    BestBd   Gap | It/Node Time

     0     0 7288.71729    0   79          - 7288.71729      -     -   21s
H    0     0                    7928.1009132 7288.71729  8.06%     -   22s
H    0     0                    7825.4388128 7288.71729  6.86%     -   22s
     0     0 7339.65375    0   74 7825.43881 7339.65375  6.21%     -   25s
     0     0 7339.66035    0   76 7825.43881 7339.66035  6.21%     -   26s
     0     0 7341.14521    0   92 7825.43881 7341.14521  6.19%     -   28s
     0     0 7341.31976    0   91 7825.43881 7341.31976  6.19%     -   29s
     0     0 7371.01059    0  103 7825.43881 7371.01059  5.81%     -   31s
     0     0 7371.02220    0  103 7825.43881 7371.02220  5.81%     -   33s
     0     0 7371.02220    0  102 7825.43881 7371.02220  5.81%     -   33s
     0     0 7371.26884    0  105 7825.43881 7371.26884  5.80%     -   34s
     0     0 7372.47093    0  107 7825.43881 7372.47093  5.79%     -   37s
     0     0 7373.04789    0  110 7825.43881 7373.04789  5.78%     -   39s
     0     0 7373.04789    0  112 7825.43881 7373.04789  5.78%     -   41s
     0     0 7373.11987    0  107 7825.43881 7373.11987  5.78%     -   42s
     0     0 7374.42603    0  109 7825.43881 7374.42603  5.76%     -   43s
     0     0 7374.42603    0  116 7825.43881 7374.42603  5.76%     -   43s
     0     0 7374.42603    0  114 7825.43881 7374.42603  5.76%     -   44s
     0     0 7375.31220    0  106 7825.43881 7375.31220  5.75%     -   44s
     0     0 7375.50346    0  109 7825.43881 7375.50346  5.75%     -   45s
     0     0 7375.50346    0  109 7825.43881 7375.50346  5.75%     -   45s
     0     0 7376.01088    0  110 7825.43881 7376.01088  5.74%     -   45s
     0     0 7376.22726    0  110 7825.43881 7376.22726  5.74%     -   47s
     0     0 7376.24150    0  109 7825.43881 7376.24150  5.74%     -   48s
     0     0 7376.24150    0  111 7825.43881 7376.24150  5.74%     -   49s
     0     0 7376.25071    0  112 7825.43881 7376.25071  5.74%     -   50s
     0     0 7376.25071    0  114 7825.43881 7376.25071  5.74%     -   50s
     0     0 7376.25071    0  112 7825.43881 7376.25071  5.74%     -   51s
     0     0 7376.25071    0  112 7825.43881 7376.25071  5.74%     -   51s
     0     0 7376.25071    0  112 7825.43881 7376.25071  5.74%     -   51s
     0     0 7376.25071    0  112 7825.43881 7376.25071  5.74%     -   52s
     0     2 7382.81650    0   99 7825.43881 7382.81650  5.66%     -   57s

Cutting planes:
  Implied bound: 1
  MIR: 10

Explored 11 nodes (22105 simplex iterations) in 59.74 seconds (21.54 work units)
Thread count was 2 (of 2 available processors)

Solution count 2: 7825.44 7928.1 

Optimal solution found (tolerance 2.00e-02)
Best objective 7.825438812785e+03, best bound 7.769881461187e+03, gap 0.7100%
Iteration:  3
Size of network:  9014  nodes,  152453  edges
Obj Value:  7825.438812785387
x_load: {((11, 8, 6, 0), (11, 69, 6, 2), 0): 22.0, ((11, 69, 6, 2), (26, 6, 11, 0), 0): 22.0, ((6, 79, 1, 2), (9, 46, 1, 2), 0): 14.0, ((26, 6, 11, 0), (26, 6, 35, 0), 0): 22.0, ((9, 46, 1, 2), (9, 100, 1, 3), 0): 14.0, ((9, 100, 1, 3), (36, 41, 6, 2), 0): 14.0, ((36, 59, 6, 2), (36, 80, 6, 3), 0): 14.0, ((36, 41, 6, 2), (36, 59, 6, 2), 0): 14.0, ((20, 0, 16, 0), (20, 0, 35, 0), 0): 14.0, ((36, 80, 6, 3), (20, 0, 16, 0), 0): 14.0, ((26, 80, 0, 3), (26, 80, 35, 3), 0): 2.0, ((31, 75, 0, 2), (31, 75, 35, 2), 0): 2.0, ((31, 90, 0, 3), (11, 8, 6, 0), 0): 22.0, ((31, 96, 0, 3), (6, 79, 1, 2), 0): 14.0}
x_ener: {((0, 62, 1, 2), (10, 62, 1, 2), 0): 8568.0, ((30, 7, 1, 0), (31, 0, 1, 0), 0): 152.0, ((12, 7, 6, 0), (31, 6, 6, 0), 1): 76.0, ((30, 8, 1, 0), (12, 7, 1, 0), 0): 38.0, ((31, 6, 6, 0), (31, 6, 35, 0), 0): 76.0, ((30, 18, 1, 1), (31, 12, 1, 1), 0): 228.0, ((31, 10, 6, 1), (31, 10, 35, 1), 0): 152.0, ((31, 12, 6, 1), (31, 12, 35, 1), 0): 38.0, ((15, 20, 6, 1), (31, 18, 6, 1), 1): 76.0, ((30, 26, 1, 1), (31, 21, 1, 1), 0): 152.0, ((31, 18, 6, 1), (31, 18, 35, 1), 0): 76.0, ((11, 8, 6, 0), (11, 8, 11, 0), 0): 22.0, ((10, 59, 1, 2), (2, 59, 1, 2), 0): 8533.0, ((2, 59, 1, 2), (0, 62, 1, 2), 0): 4284.0, ((2, 59, 1, 2), (10, 59, 1, 2), 0): 8498.0, ((6, 19, 6, 1), (12, 7, 6, 0), 0): 76.0, ((10, 62, 1, 2), (0, 62, 1, 2), 0): 4249.0, ((10, 62, 1, 2), (2, 59, 1, 2), 0): 4249.0, ((10, 62, 1, 2), (2, 62, 1, 2), 0): 70.0, ((30, 39, 1, 1), (12, 33, 1, 1), 0): 76.0, ((2, 62, 1, 2), (0, 62, 1, 2), 0): 35.0, ((2, 62, 1, 2), (10, 59, 1, 2), 0): 35.0, ((30, 35, 1, 1), (12, 29, 1, 1), 0): 38.0, ((35, 27, 6, 1), (31, 10, 6, 1), 0): 114.0, ((30, 51, 1, 2), (35, 29, 1, 1), 0): 76.0, ((30, 42, 1, 2), (15, 36, 1, 1), 0): 38.0, ((35, 33, 6, 1), (15, 20, 6, 1), 0): 76.0, ((18, 63, 6, 2), (18, 63, 11, 2), 0): 44.0, ((30, 68, 1, 2), (31, 61, 1, 2), 0): 38.0, ((17, 44, 6, 2), (35, 22, 6, 1), 0): 38.0, ((30, 73, 1, 2), (6, 59, 1, 2), 0): 38.0, ((31, 70, 6, 2), (31, 70, 11, 2), 0): 62200.0, ((11, 69, 6, 2), (26, 6, 11, 0), 0): 22.0, ((17, 47, 6, 2), (35, 27, 6, 1), 0): 38.0, ((30, 62, 1, 2), (35, 40, 1, 2), 0): 76.0, ((30, 78, 1, 2), (12, 71, 1, 2), 0): 38.0, ((8, 40, 6, 2), (12, 7, 11, 0), 0): 38.0, ((0, 30, 6, 1), (30, 7, 11, 0), 0): 152.0, ((0, 32, 6, 1), (30, 7, 11, 0), 0): 38.0, ((0, 42, 6, 2), (12, 10, 11, 1), 0): 38.0, ((0, 51, 6, 2), (10, 49, 6, 2), 0): 76.0, ((0, 52, 6, 2), (12, 21, 11, 1), 0): 38.0, ((0, 73, 6, 2), (2, 73, 6, 2), 1): 2227.0, ((30, 7, 11, 0), (31, 0, 11, 0), 0): 228.0, ((12, 7, 11, 0), (31, 6, 11, 0), 1): 2493.0, ((31, 0, 11, 0), (31, 0, 35, 0), 0): 228.0, ((10, 36, 6, 1), (31, 6, 11, 0), 0): 38.0, ((31, 6, 11, 0), (31, 6, 35, 0), 0): 2531.0, ((15, 5, 11, 0), (12, 7, 11, 0), 1): 76.0, ((10, 39, 6, 1), (12, 7, 11, 0), 0): 38.0, ((31, 8, 11, 0), (31, 8, 35, 0), 0): 38.0, ((2, 35, 6, 1), (10, 36, 6, 1), 0): 38.0, ((12, 10, 11, 1), (30, 7, 11, 0), 0): 38.0, ((15, 10, 11, 1), (31, 8, 11, 0), 0): 38.0, ((3, 23, 11, 1), (12, 7, 11, 0), 0): 2227.0, ((10, 48, 6, 2), (31, 15, 11, 1), 0): 76.0, ((10, 49, 6, 2), (31, 15, 11, 1), 0): 114.0, ((15, 20, 11, 1), (31, 18, 11, 1), 1): 2227.0, ((31, 18, 11, 1), (31, 18, 35, 1), 0): 2227.0, ((11, 8, 11, 0), (11, 8, 16, 0), 0): 22.0, ((12, 21, 11, 1), (31, 21, 11, 1), 1): 38.0, ((31, 21, 11, 1), (31, 21, 35, 1), 0): 2265.0, ((4, 40, 11, 2), (30, 7, 16, 0), 0): 1787.0, ((8, 39, 11, 1), (31, 0, 16, 0), 0): 2227.0, ((31, 15, 11, 1), (31, 15, 35, 1), 0): 190.0, ((2, 73, 6, 2), (31, 35, 11, 1), 0): 2227.0, ((10, 76, 6, 2), (2, 76, 6, 2), 0): 17376.0, ((15, 24, 11, 1), (12, 24, 11, 1), 0): 2227.0, ((2, 76, 6, 2), (0, 73, 6, 2), 0): 2227.0, ((2, 76, 6, 2), (3, 23, 11, 1), 0): 2227.0, ((2, 76, 6, 2), (4, 40, 11, 2), 0): 1787.0, ((2, 76, 6, 2), (8, 39, 11, 1), 0): 2227.0, ((2, 76, 6, 2), (12, 24, 11, 1), 0): 2227.0, ((2, 76, 6, 2), (15, 20, 11, 1), 0): 2227.0, ((2, 76, 6, 2), (30, 31, 11, 1), 0): 2227.0, ((2, 76, 6, 2), (31, 21, 11, 1), 0): 2227.0, ((12, 70, 11, 2), (32, 28, 16, 1), 0): 54682.0, ((12, 70, 11, 2), (12, 70, 16, 2), 0): 7518.0, ((18, 63, 11, 2), (8, 39, 16, 1), 0): 44.0, ((31, 70, 11, 2), (12, 70, 11, 2), 1): 62200.0, ((30, 7, 16, 0), (31, 0, 16, 0), 0): 1787.0, ((31, 0, 16, 0), (31, 0, 21, 0), 0): 4014.0, ((11, 8, 16, 0), (11, 8, 35, 0), 0): 22.0, ((8, 39, 16, 1), (31, 0, 21, 0), 0): 44.0, ((12, 70, 16, 2), (31, 70, 16, 2), 1): 2361.0, ((12, 70, 16, 2), (32, 28, 21, 1), 0): 5157.0, ((31, 49, 16, 2), (31, 49, 35, 2), 0): 36.0, ((31, 70, 16, 2), (31, 70, 21, 2), 0): 2361.0, ((10, 17, 16, 1), (2, 14, 16, 1), 0): 34419056.0, ((2, 14, 16, 1), (10, 17, 16, 1), 0): 34419056.0, ((31, 0, 21, 0), (31, 0, 35, 0), 0): 113422.0, ((12, 70, 21, 2), (32, 28, 26, 1), 0): 2361.0, ((31, 70, 21, 2), (12, 70, 21, 2), 1): 2361.0, ((10, 17, 21, 1), (2, 14, 21, 1), 0): 7246088.0, ((2, 14, 21, 1), (10, 17, 21, 1), 0): 7246088.0, ((31, 0, 26, 0), (31, 0, 31, 0), 0): 10314.0, ((9, 0, 31, 0), (9, 0, 35, 0), 0): 14.0, ((10, 17, 26, 1), (2, 14, 26, 1), 0): 1287254.0, ((2, 14, 26, 1), (10, 17, 26, 1), 0): 1287254.0, ((31, 0, 31, 0), (31, 0, 35, 0), 0): 15036.0, ((10, 17, 31, 1), (2, 14, 31, 1), 0): 125559.0, ((2, 14, 31, 1), (10, 17, 31, 1), 0): 125559.0, ((2, 42, 6, 2), (15, 5, 11, 0), 0): 38.0, ((6, 24, 6, 1), (31, 12, 6, 1), 0): 38.0, ((35, 22, 6, 1), (6, 19, 6, 1), 1): 38.0, ((12, 24, 11, 1), (31, 24, 11, 1), 1): 4454.0, ((30, 31, 11, 1), (15, 24, 11, 1), 0): 2227.0, ((31, 24, 11, 1), (31, 24, 35, 1), 0): 4454.0, ((31, 35, 11, 1), (31, 35, 35, 1), 0): 2227.0, ((32, 28, 16, 1), (31, 0, 21, 0), 0): 109364.0, ((32, 28, 21, 1), (31, 0, 26, 0), 0): 10314.0, ((32, 28, 26, 1), (31, 0, 31, 0), 0): 4722.0, ((3, 23, 1, 1), (31, 6, 1, 0), 0): 152.0, ((3, 24, 1, 1), (31, 6, 1, 0), 0): 76.0, ((3, 29, 1, 1), (31, 10, 1, 1), 0): 38.0, ((3, 33, 1, 1), (31, 15, 1, 1), 0): 190.0, ((3, 43, 1, 2), (12, 24, 1, 1), 0): 38.0, ((3, 44, 1, 2), (30, 30, 1, 1), 0): 76.0, ((3, 47, 1, 2), (15, 26, 1, 1), 0): 38.0, ((3, 48, 1, 2), (30, 34, 1, 1), 0): 38.0, ((3, 50, 1, 2), (31, 31, 1, 1), 0): 38.0, ((3, 51, 1, 2), (31, 32, 1, 1), 0): 76.0, ((3, 52, 1, 2), (12, 33, 1, 1), 0): 38.0, ((3, 53, 1, 2), (31, 35, 1, 1), 0): 38.0, ((3, 55, 1, 2), (12, 35, 1, 1), 0): 38.0, ((3, 58, 1, 2), (31, 39, 1, 1), 0): 38.0, ((3, 66, 1, 2), (31, 47, 1, 2), 0): 38.0, ((3, 68, 1, 2), (12, 40, 1, 2), 0): 72.0, ((3, 71, 1, 2), (31, 52, 1, 2), 0): 38.0, ((3, 72, 1, 2), (15, 50, 1, 2), 0): 38.0, ((3, 100, 1, 3), (10, 76, 6, 2), 0): 17376.0, ((3, 100, 1, 3), (11, 69, 6, 2), 0): 22.0, ((3, 100, 1, 3), (3, 100, 6, 3), 0): 54682.0, ((12, 7, 1, 0), (31, 6, 1, 0), 1): 494.0, ((31, 6, 1, 0), (31, 6, 35, 0), 0): 722.0, ((15, 5, 1, 0), (12, 7, 1, 0), 1): 380.0, ((31, 8, 1, 0), (31, 8, 35, 0), 0): 76.0, ((31, 10, 1, 1), (31, 10, 35, 1), 0): 190.0, ((12, 10, 1, 1), (30, 7, 1, 0), 0): 38.0, ((31, 12, 1, 1), (31, 12, 35, 1), 0): 508.0, ((12, 13, 1, 1), (15, 12, 1, 1), 0): 38.0, ((15, 12, 1, 1), (30, 7, 1, 0), 0): 76.0, ((31, 15, 1, 1), (31, 15, 35, 1), 0): 456.0, ((12, 15, 1, 1), (31, 15, 1, 1), 1): 76.0, ((15, 14, 1, 1), (31, 12, 1, 1), 0): 38.0, ((30, 21, 1, 1), (31, 15, 1, 1), 0): 76.0, ((31, 18, 1, 1), (31, 18, 35, 1), 0): 342.0, ((6, 19, 1, 1), (35, 22, 1, 1), 0): 114.0, ((15, 20, 1, 1), (31, 18, 1, 1), 1): 152.0, ((31, 21, 1, 1), (31, 21, 35, 1), 0): 380.0, ((35, 22, 1, 1), (15, 5, 1, 0), 0): 304.0, ((6, 24, 1, 1), (31, 12, 1, 1), 0): 166.0, ((12, 24, 1, 1), (31, 24, 1, 1), 1): 608.0, ((15, 24, 1, 1), (12, 24, 1, 1), 0): 228.0, ((30, 28, 1, 1), (31, 21, 1, 1), 0): 76.0, ((31, 24, 1, 1), (31, 24, 35, 1), 0): 608.0, ((6, 13, 1, 1), (31, 0, 1, 0), 0): 38.0, ((30, 22, 1, 1), (12, 15, 1, 1), 0): 76.0, ((30, 30, 1, 1), (15, 24, 1, 1), 0): 152.0, ((6, 26, 1, 1), (31, 15, 1, 1), 0): 76.0, ((12, 17, 1, 1), (31, 18, 1, 1), 0): 190.0, ((12, 27, 1, 1), (31, 27, 1, 1), 0): 302.0, ((30, 31, 1, 1), (12, 24, 1, 1), 0): 38.0, ((31, 27, 1, 1), (31, 27, 35, 1), 0): 302.0, ((12, 19, 1, 1), (15, 20, 1, 1), 1): 38.0, ((15, 26, 1, 1), (30, 18, 1, 1), 0): 114.0, ((30, 34, 1, 1), (12, 27, 1, 1), 0): 76.0, ((31, 29, 1, 1), (31, 29, 35, 1), 0): 114.0, ((35, 27, 1, 1), (31, 10, 1, 1), 0): 152.0, ((12, 29, 1, 1), (31, 29, 1, 1), 0): 114.0, ((6, 29, 1, 1), (15, 20, 1, 1), 0): 38.0, ((15, 28, 1, 1), (12, 27, 1, 1), 0): 76.0, ((12, 30, 1, 1), (30, 26, 1, 1), 0): 38.0, ((31, 31, 1, 1), (31, 31, 35, 1), 0): 38.0, ((6, 20, 1, 1), (35, 22, 1, 1), 0): 38.0, ((6, 31, 1, 1), (12, 17, 1, 1), 0): 114.0, ((12, 33, 1, 1), (31, 32, 1, 1), 0): 190.0, ((31, 32, 1, 1), (31, 32, 35, 1), 0): 266.0, ((6, 21, 1, 1), (31, 8, 1, 0), 0): 38.0, ((31, 35, 1, 1), (31, 35, 35, 1), 0): 306.0, ((35, 29, 1, 1), (31, 12, 1, 1), 0): 76.0, ((6, 34, 1, 1), (31, 21, 1, 1), 0): 152.0, ((15, 31, 1, 1), (30, 22, 1, 1), 0): 38.0, ((35, 30, 1, 1), (31, 15, 1, 1), 0): 38.0, ((12, 35, 1, 1), (31, 35, 1, 1), 1): 76.0, ((15, 36, 1, 1), (31, 35, 1, 1), 0): 152.0, ((30, 40, 1, 2), (12, 33, 1, 1), 0): 38.0, ((31, 36, 1, 1), (31, 36, 35, 1), 0): 38.0, ((6, 40, 1, 2), (35, 40, 1, 2), 0): 114.0, ((12, 38, 1, 1), (31, 38, 1, 1), 0): 38.0, ((30, 46, 1, 2), (31, 39, 1, 1), 0): 38.0, ((31, 39, 1, 1), (31, 39, 35, 1), 0): 186.0, ((35, 35, 1, 1), (12, 17, 1, 1), 0): 38.0, ((12, 37, 1, 1), (6, 24, 1, 1), 0): 76.0, ((12, 47, 1, 2), (31, 47, 1, 2), 0): 38.0, ((15, 44, 1, 2), (12, 44, 1, 2), 0): 38.0, ((31, 38, 1, 1), (31, 38, 35, 1), 0): 114.0, ((31, 47, 1, 2), (31, 47, 35, 2), 0): 304.0, ((35, 45, 1, 2), (12, 27, 1, 1), 0): 76.0, ((15, 46, 1, 2), (6, 34, 1, 1), 0): 76.0, ((31, 49, 1, 2), (31, 49, 35, 2), 0): 190.0, ((6, 47, 1, 2), (12, 27, 1, 1), 0): 36.0, ((12, 40, 1, 2), (31, 39, 1, 1), 0): 110.0, ((12, 49, 1, 2), (31, 49, 1, 2), 0): 114.0, ((15, 37, 1, 1), (30, 28, 1, 1), 0): 38.0, ((15, 48, 1, 2), (31, 47, 1, 2), 0): 76.0, ((35, 40, 1, 2), (12, 24, 1, 1), 0): 228.0, ((35, 47, 1, 2), (3, 24, 1, 1), 0): 38.0, ((12, 44, 1, 2), (31, 44, 1, 2), 1): 114.0, ((15, 40, 1, 2), (31, 38, 1, 1), 0): 38.0, ((15, 50, 1, 2), (12, 49, 1, 2), 0): 38.0, ((31, 44, 1, 2), (31, 44, 35, 2), 0): 114.0, ((31, 52, 1, 2), (31, 52, 35, 2), 0): 38.0, ((6, 44, 1, 2), (35, 45, 1, 2), 0): 38.0, ((6, 53, 1, 2), (3, 33, 1, 1), 0): 76.0, ((9, 40, 6, 2), (12, 7, 11, 0), 0): 38.0, ((12, 53, 1, 2), (3, 33, 1, 1), 0): 38.0, ((31, 55, 1, 2), (31, 55, 35, 2), 0): 76.0, ((35, 52, 1, 2), (6, 47, 1, 2), 0): 36.0, ((35, 52, 1, 2), (31, 35, 1, 1), 0): 40.0, ((6, 59, 1, 2), (31, 47, 1, 2), 0): 152.0, ((12, 58, 1, 2), (15, 60, 1, 2), 1): 76.0, ((15, 60, 1, 2), (31, 59, 1, 2), 1): 152.0, ((30, 66, 1, 2), (3, 51, 1, 2), 0): 76.0, ((31, 59, 1, 2), (31, 59, 35, 2), 0): 152.0, ((35, 55, 1, 2), (31, 38, 1, 1), 0): 38.0, ((9, 43, 6, 2), (35, 27, 6, 1), 0): 38.0, ((12, 70, 1, 2), (31, 70, 1, 2), 1): 114.0, ((31, 61, 1, 2), (31, 61, 35, 2), 0): 38.0, ((35, 65, 1, 2), (31, 49, 1, 2), 0): 76.0, ((6, 79, 1, 2), (9, 46, 1, 2), 0): 14.0, ((6, 79, 1, 2), (35, 80, 1, 3), 0): 62.0, ((12, 71, 1, 2), (15, 74, 1, 2), 0): 38.0, ((15, 68, 1, 2), (12, 70, 1, 2), 1): 38.0, ((30, 86, 1, 3), (31, 80, 1, 3), 0): 38.0, ((31, 72, 1, 2), (31, 72, 35, 2), 0): 190.0, ((35, 80, 1, 3), (31, 70, 1, 2), 0): 62.0, ((8, 44, 6, 2), (12, 7, 11, 0), 0): 38.0, ((3, 29, 6, 1), (31, 10, 6, 1), 0): 38.0, ((3, 100, 6, 3), (9, 67, 11, 2), 0): 54682.0, ((17, 49, 6, 2), (35, 27, 6, 1), 0): 38.0, ((17, 51, 6, 2), (3, 29, 6, 1), 0): 38.0, ((9, 67, 11, 2), (29, 64, 11, 2), 0): 54682.0, ((29, 64, 11, 2), (32, 28, 16, 1), 0): 54682.0, ((29, 64, 16, 2), (32, 28, 21, 1), 0): 5157.0, ((9, 67, 21, 2), (29, 64, 21, 2), 0): 2361.0, ((29, 64, 21, 2), (32, 28, 26, 1), 0): 2361.0, ((4, 89, 1, 3), (8, 89, 1, 3), 0): 22.0, ((28, 31, 6, 1), (26, 6, 11, 0), 0): 2.0, ((26, 6, 11, 0), (26, 6, 35, 0), 0): 26.0, ((8, 89, 1, 3), (8, 89, 6, 3), 0): 22.0, ((11, 100, 1, 3), (18, 100, 1, 3), 0): 22.0, ((18, 100, 1, 3), (4, 89, 1, 3), 0): 22.0, ((4, 89, 6, 3), (4, 89, 11, 3), 0): 22.0, ((8, 42, 6, 2), (12, 7, 11, 0), 0): 38.0, ((28, 31, 11, 1), (26, 6, 16, 0), 0): 2.0, ((26, 6, 16, 0), (26, 6, 35, 0), 0): 2.0, ((8, 89, 6, 3), (4, 89, 6, 3), 0): 22.0, ((4, 89, 11, 3), (4, 89, 16, 3), 0): 22.0, ((28, 31, 16, 1), (26, 6, 21, 0), 0): 2.0, ((26, 6, 21, 0), (26, 6, 26, 0), 0): 2.0, ((26, 12, 21, 1), (26, 12, 26, 1), 0): 16.0, ((4, 89, 16, 3), (8, 89, 16, 3), 0): 22.0, ((26, 6, 26, 0), (26, 6, 35, 0), 0): 4.0, ((26, 12, 26, 1), (26, 12, 35, 1), 0): 16.0, ((8, 89, 16, 3), (18, 73, 21, 2), 0): 22.0, ((26, 6, 31, 0), (26, 6, 35, 0), 0): 6.0, ((26, 10, 31, 1), (26, 10, 35, 1), 0): 22.0, ((28, 49, 26, 2), (26, 10, 31, 1), 0): 22.0, ((18, 73, 21, 2), (18, 73, 26, 2), 0): 22.0, ((18, 73, 26, 2), (28, 49, 26, 2), 0): 22.0, ((5, 80, 21, 3), (26, 46, 26, 2), 0): 14.0, ((5, 80, 11, 3), (26, 46, 16, 2), 0): 2.0, ((26, 46, 1, 2), (5, 26, 6, 1), 0): 2.0, ((26, 66, 1, 2), (28, 31, 6, 1), 0): 2.0, ((26, 66, 1, 2), (26, 66, 6, 2), 0): 4.0, ((26, 80, 1, 3), (26, 80, 6, 3), 0): 16.0, ((5, 26, 1, 1), (26, 6, 6, 0), 0): 4.0, ((5, 46, 11, 2), (5, 46, 16, 2), 0): 14.0, ((26, 6, 6, 0), (26, 6, 35, 0), 0): 6.0, ((26, 66, 6, 2), (28, 31, 11, 1), 0): 2.0, ((26, 66, 6, 2), (26, 66, 11, 2), 0): 2.0, ((26, 80, 6, 3), (5, 46, 11, 2), 0): 14.0, ((26, 80, 6, 3), (26, 80, 11, 3), 0): 2.0, ((5, 26, 6, 1), (26, 6, 11, 0), 0): 2.0, ((5, 46, 16, 2), (26, 12, 21, 1), 0): 16.0, ((5, 80, 26, 3), (26, 46, 31, 2), 0): 12.0, ((5, 80, 16, 3), (26, 46, 21, 2), 0): 6.0, ((26, 66, 11, 2), (28, 31, 16, 1), 0): 2.0, ((26, 80, 11, 3), (5, 46, 16, 2), 0): 2.0, ((26, 46, 16, 2), (5, 26, 21, 1), 0): 2.0, ((26, 46, 21, 2), (5, 26, 26, 1), 1): 6.0, ((5, 26, 21, 1), (26, 6, 26, 0), 0): 2.0, ((26, 46, 26, 2), (26, 46, 35, 2), 0): 14.0, ((5, 26, 26, 1), (26, 6, 31, 0), 0): 6.0, ((26, 46, 31, 2), (26, 46, 35, 2), 0): 12.0, ((6, 64, 1, 2), (35, 65, 1, 2), 1): 38.0, ((6, 66, 1, 2), (31, 55, 1, 2), 0): 38.0, ((6, 95, 1, 3), (12, 90, 1, 3), 0): 38.0, ((31, 0, 1, 0), (31, 0, 35, 0), 0): 190.0, ((15, 10, 1, 1), (31, 8, 1, 0), 0): 38.0, ((15, 32, 1, 1), (30, 26, 1, 1), 0): 38.0, ((30, 19, 1, 1), (15, 10, 1, 1), 0): 38.0, ((12, 45, 1, 2), (6, 31, 1, 1), 0): 38.0, ((30, 41, 1, 2), (6, 24, 1, 1), 0): 38.0, ((12, 50, 1, 2), (6, 40, 1, 2), 0): 38.0, ((9, 46, 1, 2), (6, 24, 1, 1), 0): 14.0, ((35, 72, 1, 2), (31, 55, 1, 2), 0): 38.0, ((31, 70, 1, 2), (31, 70, 6, 2), 0): 62200.0, ((15, 66, 1, 2), (3, 44, 1, 2), 0): 38.0, ((12, 77, 1, 2), (31, 76, 1, 2), 0): 114.0, ((12, 90, 1, 3), (31, 90, 1, 3), 1): 76.0, ((15, 76, 1, 2), (12, 77, 1, 2), 0): 38.0, ((15, 86, 1, 3), (30, 78, 1, 2), 0): 38.0, ((31, 76, 1, 2), (31, 76, 35, 2), 0): 114.0, ((31, 90, 1, 3), (31, 90, 35, 3), 0): 76.0, ((12, 79, 1, 2), (6, 66, 1, 2), 0): 38.0, ((29, 40, 6, 2), (6, 19, 6, 1), 0): 38.0, ((29, 49, 6, 2), (35, 33, 6, 1), 0): 76.0, ((9, 45, 6, 2), (6, 24, 6, 1), 0): 38.0, ((9, 47, 6, 2), (15, 10, 11, 1), 0): 38.0, ((35, 74, 16, 2), (31, 49, 16, 2), 0): 36.0, ((36, 39, 26, 1), (36, 40, 26, 2), 0): 14.0, ((36, 40, 26, 2), (36, 41, 26, 2), 0): 14.0, ((9, 100, 1, 3), (36, 41, 6, 2), 0): 14.0, ((35, 53, 1, 2), (31, 36, 1, 1), 0): 38.0, ((16, 41, 6, 2), (15, 5, 11, 0), 0): 38.0, ((36, 59, 6, 2), (36, 80, 6, 3), 0): 14.0, ((9, 100, 0, 3), (9, 100, 1, 3), 0): 14.0, ((36, 41, 6, 2), (36, 59, 6, 2), 0): 14.0, ((36, 41, 26, 2), (9, 0, 31, 0), 0): 14.0, ((28, 31, 1, 1), (26, 6, 6, 0), 0): 2.0, ((11, 100, 0, 3), (11, 100, 1, 3), 0): 22.0, ((12, 97, 1, 3), (3, 68, 1, 2), 0): 36.0, ((12, 97, 1, 3), (31, 96, 1, 3), 1): 154.0, ((12, 98, 1, 3), (6, 95, 1, 3), 0): 38.0, ((12, 100, 1, 3), (15, 100, 1, 3), 0): 5193.0, ((15, 74, 1, 2), (31, 72, 1, 2), 0): 190.0, ((15, 77, 1, 2), (3, 55, 1, 2), 0): 38.0, ((31, 80, 1, 3), (31, 80, 35, 3), 0): 38.0, ((15, 96, 1, 3), (12, 97, 1, 3), 1): 114.0, ((31, 96, 1, 3), (31, 96, 35, 3), 0): 154.0, ((31, 98, 1, 3), (31, 98, 6, 3), 0): 2361.0, ((15, 100, 1, 3), (15, 100, 6, 3), 0): 5193.0, ((31, 100, 1, 3), (12, 100, 1, 3), 0): 5193.0, ((35, 73, 1, 2), (12, 58, 1, 2), 0): 38.0, ((12, 73, 1, 2), (15, 74, 1, 2), 1): 38.0, ((12, 78, 1, 2), (3, 58, 1, 2), 0): 38.0, ((12, 98, 11, 3), (29, 64, 16, 2), 0): 5157.0, ((30, 100, 6, 3), (30, 100, 11, 3), 0): 2361.0, ((31, 98, 6, 3), (30, 100, 6, 3), 0): 2361.0, ((15, 100, 6, 3), (15, 100, 11, 3), 0): 5193.0, ((30, 100, 11, 3), (30, 100, 16, 3), 0): 2361.0, ((15, 100, 11, 3), (12, 98, 11, 3), 0): 5157.0, ((15, 100, 11, 3), (15, 100, 16, 3), 0): 36.0, ((30, 100, 16, 3), (9, 67, 21, 2), 0): 2361.0, ((15, 100, 16, 3), (35, 74, 16, 2), 0): 36.0, ((20, 7, 16, 0), (20, 10, 16, 1), 0): 14.0, ((20, 40, 16, 2), (20, 49, 16, 2), 0): 14.0, ((20, 29, 16, 1), (20, 40, 16, 2), 0): 14.0, ((20, 64, 16, 2), (20, 80, 16, 3), 0): 14.0, ((20, 4, 16, 0), (20, 7, 16, 0), 0): 14.0, ((20, 49, 16, 2), (24, 50, 16, 2), 0): 14.0, ((24, 50, 16, 2), (20, 64, 16, 2), 0): 14.0, ((20, 80, 16, 3), (24, 80, 16, 3), 1): 14.0, ((20, 0, 16, 0), (20, 4, 16, 0), 0): 14.0, ((20, 10, 16, 1), (20, 29, 16, 1), 0): 14.0, ((24, 80, 16, 3), (36, 39, 26, 1), 0): 14.0, ((36, 80, 6, 3), (20, 0, 16, 0), 0): 14.0, ((26, 46, 0, 2), (5, 26, 1, 1), 0): 4.0, ((26, 46, 0, 2), (26, 46, 1, 2), 0): 2.0, ((26, 66, 0, 2), (28, 31, 1, 1), 0): 2.0, ((26, 66, 0, 2), (26, 66, 1, 2), 0): 6.0, ((26, 80, 0, 3), (26, 80, 1, 3), 0): 16.0, ((26, 100, 6, 3), (5, 80, 11, 3), 0): 2.0, ((26, 100, 6, 3), (26, 100, 11, 3), 0): 32.0, ((26, 100, 1, 3), (26, 100, 6, 3), 0): 34.0, ((26, 100, 0, 3), (18, 63, 6, 2), 0): 44.0, ((26, 100, 0, 3), (26, 100, 1, 3), 0): 34.0, ((26, 100, 11, 3), (5, 80, 16, 3), 0): 6.0, ((26, 100, 11, 3), (26, 100, 16, 3), 0): 26.0, ((26, 100, 16, 3), (5, 80, 21, 3), 0): 14.0, ((26, 100, 16, 3), (26, 100, 21, 3), 0): 12.0, ((26, 100, 21, 3), (5, 80, 26, 3), 0): 12.0, ((31, 6, 0, 0), (12, 7, 1, 0), 0): 38.0, ((31, 6, 0, 0), (15, 5, 1, 0), 0): 38.0, ((31, 8, 0, 0), (12, 7, 1, 0), 0): 38.0, ((31, 8, 0, 0), (15, 5, 1, 0), 0): 38.0, ((31, 12, 0, 1), (12, 10, 1, 1), 0): 38.0, ((31, 15, 0, 1), (12, 13, 1, 1), 0): 38.0, ((31, 15, 0, 1), (15, 12, 1, 1), 0): 38.0, ((31, 15, 0, 1), (30, 7, 1, 0), 0): 38.0, ((31, 18, 0, 1), (12, 17, 1, 1), 0): 38.0, ((31, 18, 0, 1), (15, 14, 1, 1), 0): 38.0, ((31, 18, 0, 1), (30, 8, 1, 0), 0): 38.0, ((31, 21, 0, 1), (12, 19, 1, 1), 0): 38.0, ((31, 21, 0, 1), (15, 20, 1, 1), 0): 38.0, ((31, 24, 0, 1), (12, 24, 1, 1), 0): 38.0, ((31, 24, 0, 1), (15, 20, 1, 1), 0): 38.0, ((31, 24, 0, 1), (30, 18, 1, 1), 0): 38.0, ((31, 25, 0, 1), (12, 24, 1, 1), 0): 38.0, ((31, 25, 0, 1), (15, 24, 1, 1), 0): 38.0, ((31, 25, 0, 1), (30, 18, 1, 1), 0): 38.0, ((31, 27, 0, 1), (15, 24, 1, 1), 0): 38.0, ((31, 27, 0, 1), (30, 18, 1, 1), 0): 38.0, ((31, 29, 0, 1), (12, 27, 1, 1), 0): 38.0, ((31, 29, 0, 1), (15, 26, 1, 1), 0): 38.0, ((31, 29, 0, 1), (30, 19, 1, 1), 0): 38.0, ((31, 30, 0, 1), (12, 29, 1, 1), 0): 38.0, ((31, 30, 0, 1), (15, 26, 1, 1), 0): 38.0, ((31, 30, 0, 1), (30, 21, 1, 1), 0): 38.0, ((31, 31, 0, 1), (12, 29, 1, 1), 0): 38.0, ((31, 31, 0, 1), (15, 28, 1, 1), 0): 38.0, ((31, 31, 0, 1), (30, 21, 1, 1), 0): 38.0, ((31, 32, 0, 1), (6, 13, 1, 1), 0): 38.0, ((31, 32, 0, 1), (12, 30, 1, 1), 0): 38.0, ((31, 32, 0, 1), (15, 28, 1, 1), 0): 38.0, ((31, 32, 0, 1), (30, 22, 1, 1), 0): 38.0, ((31, 35, 0, 1), (6, 19, 1, 1), 0): 38.0, ((31, 35, 0, 1), (12, 33, 1, 1), 0): 38.0, ((31, 35, 0, 1), (15, 31, 1, 1), 0): 38.0, ((31, 35, 0, 1), (30, 26, 1, 1), 0): 38.0, ((31, 36, 0, 1), (6, 19, 1, 1), 0): 38.0, ((31, 36, 0, 1), (12, 35, 1, 1), 0): 38.0, ((31, 36, 0, 1), (15, 32, 1, 1), 0): 38.0, ((31, 36, 0, 1), (30, 26, 1, 1), 0): 38.0, ((31, 38, 0, 1), (6, 19, 1, 1), 0): 38.0, ((31, 38, 0, 1), (12, 37, 1, 1), 0): 38.0, ((31, 38, 0, 1), (15, 36, 1, 1), 0): 38.0, ((31, 38, 0, 1), (30, 28, 1, 1), 0): 38.0, ((31, 39, 0, 1), (6, 20, 1, 1), 0): 38.0, ((31, 39, 0, 1), (12, 37, 1, 1), 0): 38.0, ((31, 39, 0, 1), (15, 36, 1, 1), 0): 38.0, ((31, 39, 0, 1), (30, 30, 1, 1), 0): 38.0, ((31, 40, 0, 2), (6, 21, 1, 1), 0): 38.0, ((31, 40, 0, 2), (12, 38, 1, 1), 0): 38.0, ((31, 40, 0, 2), (15, 36, 1, 1), 0): 38.0, ((31, 40, 0, 2), (30, 30, 1, 1), 0): 38.0, ((31, 41, 0, 2), (6, 24, 1, 1), 0): 38.0, ((31, 41, 0, 2), (12, 40, 1, 2), 0): 38.0, ((31, 41, 0, 2), (15, 37, 1, 1), 0): 38.0, ((31, 41, 0, 2), (30, 31, 1, 1), 0): 38.0, ((31, 41, 0, 2), (35, 22, 1, 1), 0): 38.0, ((31, 44, 0, 2), (6, 26, 1, 1), 0): 38.0, ((31, 44, 0, 2), (12, 44, 1, 2), 0): 38.0, ((31, 44, 0, 2), (15, 40, 1, 2), 0): 38.0, ((31, 44, 0, 2), (30, 34, 1, 1), 0): 38.0, ((31, 44, 0, 2), (35, 22, 1, 1), 0): 38.0, ((31, 45, 0, 2), (6, 26, 1, 1), 0): 38.0, ((31, 45, 0, 2), (12, 44, 1, 2), 0): 38.0, ((31, 45, 0, 2), (30, 35, 1, 1), 0): 38.0, ((31, 45, 0, 2), (35, 22, 1, 1), 0): 38.0, ((31, 47, 0, 2), (3, 23, 1, 1), 0): 38.0, ((31, 47, 0, 2), (6, 29, 1, 1), 0): 38.0, ((31, 47, 0, 2), (12, 45, 1, 2), 0): 38.0, ((31, 47, 0, 2), (15, 44, 1, 2), 0): 38.0, ((31, 47, 0, 2), (30, 39, 1, 1), 0): 38.0, ((31, 47, 0, 2), (35, 22, 1, 1), 0): 38.0, ((31, 49, 0, 2), (3, 23, 1, 1), 0): 38.0, ((31, 49, 0, 2), (6, 31, 1, 1), 0): 38.0, ((31, 49, 0, 2), (12, 47, 1, 2), 0): 38.0, ((31, 49, 0, 2), (15, 46, 1, 2), 0): 38.0, ((31, 49, 0, 2), (30, 39, 1, 1), 0): 38.0, ((31, 49, 0, 2), (35, 27, 1, 1), 0): 38.0, ((31, 50, 0, 2), (3, 23, 1, 1), 0): 38.0, ((31, 50, 0, 2), (6, 31, 1, 1), 0): 38.0, ((31, 50, 0, 2), (12, 49, 1, 2), 0): 38.0, ((31, 50, 0, 2), (15, 46, 1, 2), 0): 38.0, ((31, 50, 0, 2), (30, 40, 1, 2), 0): 38.0, ((31, 50, 0, 2), (35, 27, 1, 1), 0): 38.0, ((31, 51, 0, 2), (3, 23, 1, 1), 0): 38.0, ((31, 51, 0, 2), (6, 34, 1, 1), 0): 38.0, ((31, 51, 0, 2), (12, 49, 1, 2), 0): 38.0, ((31, 51, 0, 2), (15, 48, 1, 2), 0): 38.0, ((31, 51, 0, 2), (30, 41, 1, 2), 0): 38.0, ((31, 51, 0, 2), (35, 27, 1, 1), 0): 38.0, ((31, 52, 0, 2), (3, 24, 1, 1), 0): 38.0, ((31, 52, 0, 2), (6, 34, 1, 1), 0): 38.0, ((31, 52, 0, 2), (12, 50, 1, 2), 0): 38.0, ((31, 52, 0, 2), (15, 48, 1, 2), 0): 38.0, ((31, 52, 0, 2), (30, 42, 1, 2), 0): 38.0, ((31, 52, 0, 2), (35, 27, 1, 1), 0): 38.0, ((31, 55, 0, 2), (3, 29, 1, 1), 0): 38.0, ((31, 55, 0, 2), (6, 40, 1, 2), 0): 38.0, ((31, 55, 0, 2), (12, 53, 1, 2), 0): 38.0, ((31, 55, 0, 2), (30, 46, 1, 2), 0): 38.0, ((31, 55, 0, 2), (35, 30, 1, 1), 0): 38.0, ((31, 59, 0, 2), (3, 33, 1, 1), 0): 38.0, ((31, 59, 0, 2), (6, 40, 1, 2), 0): 38.0, ((31, 59, 0, 2), (12, 58, 1, 2), 0): 38.0, ((31, 59, 0, 2), (15, 60, 1, 2), 0): 38.0, ((31, 59, 0, 2), (30, 51, 1, 2), 0): 38.0, ((31, 59, 0, 2), (35, 35, 1, 1), 0): 38.0, ((31, 61, 0, 2), (3, 33, 1, 1), 0): 38.0, ((31, 61, 0, 2), (6, 44, 1, 2), 0): 38.0, ((31, 61, 0, 2), (15, 60, 1, 2), 0): 38.0, ((31, 61, 0, 2), (30, 51, 1, 2), 0): 38.0, ((31, 61, 0, 2), (35, 40, 1, 2), 0): 38.0, ((31, 70, 0, 2), (3, 43, 1, 2), 0): 38.0, ((31, 70, 0, 2), (6, 53, 1, 2), 0): 38.0, ((31, 70, 0, 2), (12, 70, 1, 2), 0): 38.0, ((31, 70, 0, 2), (15, 66, 1, 2), 0): 38.0, ((31, 70, 0, 2), (30, 62, 1, 2), 0): 38.0, ((31, 70, 0, 2), (35, 45, 1, 2), 0): 38.0, ((31, 70, 0, 2), (31, 70, 1, 2), 0): 62024.0, ((31, 72, 0, 2), (0, 30, 6, 1), 0): 38.0, ((31, 72, 0, 2), (3, 44, 1, 2), 0): 38.0, ((31, 72, 0, 2), (6, 53, 1, 2), 0): 38.0, ((31, 72, 0, 2), (12, 70, 1, 2), 0): 38.0, ((31, 72, 0, 2), (15, 68, 1, 2), 0): 38.0, ((31, 72, 0, 2), (30, 62, 1, 2), 0): 38.0, ((31, 72, 0, 2), (35, 47, 1, 2), 0): 38.0, ((31, 75, 0, 2), (0, 30, 6, 1), 0): 38.0, ((31, 75, 0, 2), (3, 47, 1, 2), 0): 38.0, ((31, 75, 0, 2), (6, 59, 1, 2), 0): 38.0, ((31, 75, 0, 2), (12, 73, 1, 2), 0): 38.0, ((31, 75, 0, 2), (15, 74, 1, 2), 0): 38.0, ((31, 75, 0, 2), (30, 66, 1, 2), 0): 38.0, ((31, 75, 0, 2), (35, 52, 1, 2), 0): 38.0, ((31, 76, 0, 2), (0, 30, 6, 1), 0): 38.0, ((31, 76, 0, 2), (3, 48, 1, 2), 0): 38.0, ((31, 76, 0, 2), (6, 59, 1, 2), 0): 38.0, ((31, 76, 0, 2), (12, 77, 1, 2), 0): 38.0, ((31, 76, 0, 2), (15, 74, 1, 2), 0): 38.0, ((31, 76, 0, 2), (30, 66, 1, 2), 0): 38.0, ((31, 76, 0, 2), (35, 52, 1, 2), 0): 38.0, ((31, 78, 0, 2), (0, 30, 6, 1), 0): 38.0, ((31, 78, 0, 2), (3, 50, 1, 2), 0): 38.0, ((31, 78, 0, 2), (6, 59, 1, 2), 0): 38.0, ((31, 78, 0, 2), (12, 77, 1, 2), 0): 38.0, ((31, 78, 0, 2), (15, 74, 1, 2), 0): 38.0, ((31, 78, 0, 2), (30, 68, 1, 2), 0): 38.0, ((31, 78, 0, 2), (35, 53, 1, 2), 0): 38.0, ((31, 80, 0, 3), (0, 32, 6, 1), 0): 38.0, ((31, 80, 0, 3), (3, 52, 1, 2), 0): 38.0, ((31, 80, 0, 3), (12, 78, 1, 2), 0): 38.0, ((31, 80, 0, 3), (15, 76, 1, 2), 0): 38.0, ((31, 80, 0, 3), (35, 55, 1, 2), 0): 38.0, ((31, 81, 0, 3), (3, 53, 1, 2), 0): 38.0, ((31, 81, 0, 3), (6, 64, 1, 2), 0): 38.0, ((31, 81, 0, 3), (12, 79, 1, 2), 0): 38.0, ((31, 81, 0, 3), (15, 77, 1, 2), 0): 38.0, ((31, 81, 0, 3), (30, 73, 1, 2), 0): 38.0, ((31, 90, 0, 3), (0, 42, 6, 2), 0): 38.0, ((31, 90, 0, 3), (2, 35, 6, 1), 0): 38.0, ((31, 90, 0, 3), (3, 66, 1, 2), 0): 38.0, ((31, 90, 0, 3), (9, 40, 6, 2), 0): 38.0, ((31, 90, 0, 3), (10, 39, 6, 1), 0): 38.0, ((31, 90, 0, 3), (11, 8, 6, 0), 0): 22.0, ((31, 90, 0, 3), (12, 90, 1, 3), 0): 38.0, ((31, 90, 0, 3), (15, 86, 1, 3), 0): 38.0, ((31, 90, 0, 3), (17, 44, 6, 2), 0): 38.0, ((31, 90, 0, 3), (29, 40, 6, 2), 0): 38.0, ((31, 90, 0, 3), (35, 65, 1, 2), 0): 38.0, ((31, 96, 0, 3), (0, 51, 6, 2), 0): 38.0, ((31, 96, 0, 3), (2, 42, 6, 2), 0): 38.0, ((31, 96, 0, 3), (3, 68, 1, 2), 0): 36.0, ((31, 96, 0, 3), (6, 79, 1, 2), 0): 38.0, ((31, 96, 0, 3), (8, 40, 6, 2), 0): 38.0, ((31, 96, 0, 3), (9, 43, 6, 2), 0): 38.0, ((31, 96, 0, 3), (10, 48, 6, 2), 0): 38.0, ((31, 96, 0, 3), (12, 97, 1, 3), 0): 38.0, ((31, 96, 0, 3), (15, 96, 1, 3), 0): 38.0, ((31, 96, 0, 3), (17, 47, 6, 2), 0): 38.0, ((31, 96, 0, 3), (29, 49, 6, 2), 0): 38.0, ((31, 96, 0, 3), (30, 86, 1, 3), 0): 38.0, ((31, 96, 0, 3), (35, 72, 1, 2), 0): 38.0, ((31, 98, 0, 3), (0, 51, 6, 2), 0): 38.0, ((31, 98, 0, 3), (3, 71, 1, 2), 0): 38.0, ((31, 98, 0, 3), (6, 79, 1, 2), 0): 38.0, ((31, 98, 0, 3), (8, 42, 6, 2), 0): 38.0, ((31, 98, 0, 3), (9, 45, 6, 2), 0): 38.0, ((31, 98, 0, 3), (10, 48, 6, 2), 0): 38.0, ((31, 98, 0, 3), (12, 97, 1, 3), 0): 38.0, ((31, 98, 0, 3), (15, 96, 1, 3), 0): 38.0, ((31, 98, 0, 3), (17, 49, 6, 2), 0): 38.0, ((31, 98, 0, 3), (29, 49, 6, 2), 0): 38.0, ((31, 98, 0, 3), (35, 73, 1, 2), 0): 38.0, ((31, 98, 0, 3), (31, 98, 1, 3), 0): 2361.0, ((31, 100, 0, 3), (0, 52, 6, 2), 0): 38.0, ((31, 100, 0, 3), (3, 72, 1, 2), 0): 38.0, ((31, 100, 0, 3), (3, 100, 1, 3), 0): 72080.0, ((31, 100, 0, 3), (8, 44, 6, 2), 0): 38.0, ((31, 100, 0, 3), (9, 47, 6, 2), 0): 38.0, ((31, 100, 0, 3), (10, 49, 6, 2), 0): 38.0, ((31, 100, 0, 3), (12, 98, 1, 3), 0): 38.0, ((31, 100, 0, 3), (15, 96, 1, 3), 0): 38.0, ((31, 100, 0, 3), (16, 41, 6, 2), 0): 38.0, ((31, 100, 0, 3), (17, 51, 6, 2), 0): 38.0, ((31, 100, 0, 3), (31, 100, 1, 3), 0): 5193.0}
a: {20: 1.0, 36: 1.0}
n: {9: 14.0, 11: 22.0}
{0: (34.421443, -119.684178), 1: (38.164391, -112.278183), 2: (34.4349097, -119.9212861), 3: (34.689589, -118.130371), 4: (35.400164, -119.399727), 5: (38.7747705, -119.9029911), 6: (33.9541734, -117.5556971), 7: (36.009923, -114.784826), 8: (35.3002628, -119.0381956), 9: (34.118101, -116.45646), 10: (34.4425082, -119.7812613), 11: (36.075856, -119.043996), 12: (33.8722233, -118.2654222), 13: (35.263617, -112.194139), 14: (37.72495, -113.056978), 15: (33.7885884, -118.2150827), 16: (32.596725, -117.019495), 17: (34.886448, -117.079423), 18: (35.9874334, -119.961999), 19: (35.01643, -110.675005), 20: (33.30006, -111.96835), 21: (38.786621, -112.084147), 22: (32.794671, -115.539473), 23: (36.220567, -115.125553), 24: (33.3021433, -111.9552863), 25: (33.39639, -110.76888), 26: (37.8135094, -119.8800771), 27: (37.161682, -113.434692), 28: (36.72136, -119.761165), 29: (33.8310496, -116.5452277), 30: (34.12755, -118.443664), 31: (33.899899, -118.207088), 32: (33.0390751, -117.2841996), 33: (33.3874378, -110.7609849), 34: (32.178328, -110.960207), 35: (34.02094, -117.385415), 36: (33.603063, -114.598023)}
(((26, np.int64(80), np.int64(0), 3), (26, 80, 35, 3), 0),)
(((31, np.int64(75), np.int64(0), 2), (31, 75, 35, 2), 0),)
(((31, np.int64(90), np.int64(0), 3), (11, 8, 6, 0), 0), ((11, 8, 6, 0), (11, 69, 6, 2), 0), ((11, 69, 6, 2), (26, 6, 11, 0), 0), ((26, 6, 11, 0), (26, 6, 35, 0), 0))
New edge added:  ((31, np.int64(90), np.int64(0), 3), (11, np.int64(8), np.int64(10), 0), 0)  Edge removed:  ((31, np.int64(90), np.int64(0), 3), (11, 8, 6, 0), 0)
Solution cannot be extended to a feasible solution, updating network...
{'x_load': {((26, np.int64(80), np.int64(0), 3), (26, np.int64(80), 35, 3)): 2.0, ((31, np.int64(75), np.int64(0), 2), (31, np.int64(75), 35, 2)): 2.0, ((31, np.int64(90), np.int64(0), 3), (11, np.int64(8), np.int64(10), 0)): 22.0, ((11, np.int64(8), np.int64(10), 0), (11, np.int64(69), np.int64(11), 2)): 22.0, ((11, np.int64(69), np.int64(11), 2), (26, np.int64(2), np.int64(19), 0)): 22.0, ((26, np.int64(2), np.int64(19), 0), (26, np.int64(2), 35, 0)): 22.0, ((31, np.int64(96), np.int64(0), 3), (6, np.int64(77), np.int64(3), 2)): 14.0, ((6, np.int64(77), np.int64(3), 2), (9, np.int64(44), np.int64(7), 2)): 14.0, ((9, np.int64(44), np.int64(7), 2), (9, np.int64(98), np.int64(8), 3)): 14.0, ((9, np.int64(98), np.int64(8), 3), (36, np.int64(39), np.int64(15), 1)): 14.0, ((36, np.int64(39), np.int64(15), 1), (36, np.int64(57), np.int64(17), 2)): 14.0, ((36, np.int64(57), np.int64(17), 2), (36, np.int64(78), np.int64(20), 2)): 14.0, ((36, np.int64(78), np.int64(20), 2), (36, np.int64(78), 35, 2)): 14.0}, 'x_ener': {((9, np.int64(100), np.int64(0), 3), (9, np.int64(100), np.int64(1), 3)): 14.0, ((9, np.int64(100), np.int64(1), 3), (36, np.int64(41), np.int64(8), 2)): 14.0, ((36, np.int64(41), np.int64(8), 2), (36, np.int64(59), np.int64(10), 2)): 14.0, ((36, np.int64(59), np.int64(10), 2), (36, np.int64(80), np.int64(13), 3)): 14.0, ((36, np.int64(80), np.int64(13), 3), (20, np.int64(0), np.int64(23), 0)): 14.0, ((20, np.int64(0), np.int64(23), 0), (20, np.int64(4), np.int64(24), 0)): 14.0, ((20, np.int64(4), np.int64(24), 0), (20, np.int64(7), np.int64(25), 0)): 14.0, ((20, np.int64(7), np.int64(25), 0), (20, np.int64(10), np.int64(26), 1)): 14.0, ((20, np.int64(10), np.int64(26), 1), (20, np.int64(29), np.int64(30), 1)): 14.0, ((20, np.int64(29), np.int64(30), 1), (20, np.int64(40), np.int64(32), 2)): 14.0, ((20, np.int64(40), np.int64(32), 2), (20, np.int64(49), np.int64(33), 2)): 14.0, ((20, np.int64(49), np.int64(33), 2), (24, np.int64(49), np.int64(34), 2)): 14.0, ((24, np.int64(49), np.int64(34), 2), (20, np.int64(49), np.int64(35), 2)): 14.0, ((11, np.int64(100), np.int64(0), 3), (11, np.int64(100), np.int64(1), 3)): 22.0, ((11, np.int64(100), np.int64(1), 3), (18, np.int64(82), np.int64(5), 3)): 22.0, ((18, np.int64(82), np.int64(5), 3), (4, np.int64(64), np.int64(9), 2)): 22.0, ((4, np.int64(64), np.int64(9), 2), (8, np.int64(57), np.int64(11), 2)): 22.0, ((8, np.int64(57), np.int64(11), 2), (8, np.int64(57), np.int64(16), 2)): 22.0, ((8, np.int64(57), np.int64(16), 2), (4, np.int64(50), np.int64(18), 2)): 22.0, ((4, np.int64(50), np.int64(18), 2), (4, np.int64(50), np.int64(23), 2)): 22.0, ((4, np.int64(50), np.int64(23), 2), (4, np.int64(50), np.int64(28), 2)): 22.0, ((4, np.int64(50), np.int64(28), 2), (8, np.int64(43), np.int64(30), 2)): 22.0, ((8, np.int64(43), np.int64(30), 2), (18, np.int64(18), np.int64(35), 1)): 22.0, ((26, np.int64(46), np.int64(0), 2), (5, np.int64(12), np.int64(5), 1)): 4.0, ((5, np.int64(12), np.int64(5), 1), (5, np.int64(12), 35, 1)): 4.0, ((26, np.int64(46), np.int64(0), 2), (26, np.int64(46), np.int64(1), 2)): 2.0, ((26, np.int64(46), np.int64(1), 2), (5, np.int64(12), np.int64(6), 1)): 2.0, ((5, np.int64(12), np.int64(6), 1), (5, np.int64(12), 35, 1)): 2.0, ((26, np.int64(66), np.int64(0), 2), (28, np.int64(27), np.int64(5), 1)): 2.0, ((28, np.int64(27), np.int64(5), 1), (26, np.int64(0), np.int64(10), 0)): 2.0, ((26, np.int64(0), np.int64(10), 0), (26, np.int64(0), 35, 0)): 2.0, ((26, np.int64(66), np.int64(0), 2), (26, np.int64(66), np.int64(1), 2)): 6.0, ((26, np.int64(66), np.int64(1), 2), (28, np.int64(27), np.int64(6), 1)): 2.0, ((28, np.int64(27), np.int64(6), 1), (26, np.int64(0), np.int64(11), 0)): 2.0, ((26, np.int64(0), np.int64(11), 0), (26, np.int64(0), 35, 0)): 2.0, ((26, np.int64(66), np.int64(1), 2), (26, np.int64(66), np.int64(6), 2)): 4.0, ((26, np.int64(66), np.int64(6), 2), (28, np.int64(27), np.int64(11), 1)): 2.0, ((28, np.int64(27), np.int64(11), 1), (26, np.int64(0), np.int64(16), 0)): 2.0, ((26, np.int64(0), np.int64(16), 0), (26, np.int64(0), 35, 0)): 2.0, ((26, np.int64(66), np.int64(6), 2), (26, np.int64(66), np.int64(11), 2)): 2.0, ((26, np.int64(66), np.int64(11), 2), (28, np.int64(27), np.int64(16), 1)): 2.0, ((28, np.int64(27), np.int64(16), 1), (26, np.int64(0), np.int64(21), 0)): 2.0, ((26, np.int64(0), np.int64(21), 0), (26, np.int64(0), np.int64(26), 0)): 2.0, ((26, np.int64(0), np.int64(26), 0), (26, np.int64(0), 35, 0)): 2.0, ((26, np.int64(80), np.int64(0), 3), (26, np.int64(80), np.int64(1), 3)): 16.0, ((26, np.int64(80), np.int64(1), 3), (26, np.int64(80), np.int64(6), 3)): 16.0, ((26, np.int64(80), np.int64(6), 3), (5, np.int64(46), np.int64(11), 2)): 14.0, ((5, np.int64(46), np.int64(11), 2), (5, np.int64(46), np.int64(16), 2)): 14.0, ((5, np.int64(46), np.int64(16), 2), (26, np.int64(12), np.int64(21), 1)): 16.0, ((26, np.int64(12), np.int64(21), 1), (26, np.int64(12), np.int64(26), 1)): 16.0, ((26, np.int64(12), np.int64(26), 1), (26, np.int64(12), 35, 1)): 16.0, ((26, np.int64(80), np.int64(6), 3), (26, np.int64(80), np.int64(11), 3)): 2.0, ((26, np.int64(80), np.int64(11), 3), (5, np.int64(46), np.int64(16), 2)): 2.0, ((26, np.int64(100), np.int64(0), 3), (26, np.int64(100), np.int64(1), 3)): 34.0, ((26, np.int64(100), np.int64(1), 3), (26, np.int64(100), np.int64(6), 3)): 34.0, ((26, np.int64(100), np.int64(6), 3), (5, np.int64(77), np.int64(11), 2)): 2.0, ((5, np.int64(77), np.int64(11), 2), (26, np.int64(43), np.int64(16), 2)): 2.0, ((26, np.int64(43), np.int64(16), 2), (5, np.int64(9), np.int64(21), 0)): 2.0, ((5, np.int64(9), np.int64(21), 0), (5, np.int64(9), 35, 0)): 2.0, ((26, np.int64(100), np.int64(6), 3), (26, np.int64(100), np.int64(11), 3)): 32.0, ((26, np.int64(100), np.int64(11), 3), (5, np.int64(77), np.int64(16), 2)): 6.0, ((5, np.int64(77), np.int64(16), 2), (26, np.int64(43), np.int64(21), 2)): 6.0, ((26, np.int64(43), np.int64(21), 2), (5, np.int64(20), np.int64(26), 1)): 6.0, ((5, np.int64(20), np.int64(26), 1), (5, np.int64(20), 35, 1)): 6.0, ((26, np.int64(100), np.int64(11), 3), (26, np.int64(100), np.int64(16), 3)): 26.0, ((26, np.int64(100), np.int64(16), 3), (5, np.int64(77), np.int64(21), 2)): 14.0, ((5, np.int64(77), np.int64(21), 2), (26, np.int64(43), np.int64(26), 2)): 14.0, ((26, np.int64(43), np.int64(26), 2), (26, np.int64(43), 35, 2)): 14.0, ((26, np.int64(100), np.int64(16), 3), (26, np.int64(100), np.int64(21), 3)): 12.0, ((26, np.int64(100), np.int64(21), 3), (5, np.int64(77), np.int64(26), 2)): 12.0, ((5, np.int64(77), np.int64(26), 2), (26, np.int64(43), np.int64(31), 2)): 12.0, ((26, np.int64(43), np.int64(31), 2), (26, np.int64(43), 35, 2)): 12.0, ((26, np.int64(100), np.int64(0), 3), (18, np.int64(54), np.int64(8), 2)): 44.0, ((18, np.int64(54), np.int64(8), 2), (18, np.int64(54), np.int64(13), 2)): 44.0, ((18, np.int64(54), np.int64(13), 2), (8, np.int64(29), np.int64(18), 1)): 44.0, ((8, np.int64(29), np.int64(18), 1), (8, np.int64(29), 35, 1)): 44.0, ((31, np.int64(6), np.int64(0), 0), (12, np.int64(4), np.int64(1), 0)): 38.0, ((12, np.int64(4), np.int64(1), 0), (31, np.int64(3), np.int64(2), 0)): 38.0, ((31, np.int64(3), np.int64(2), 0), (31, np.int64(3), 35, 0)): 38.0, ((31, np.int64(6), np.int64(0), 0), (15, np.int64(2), np.int64(1), 0)): 38.0, ((15, np.int64(2), np.int64(1), 0), (12, np.int64(0), np.int64(2), 0)): 38.0, ((12, np.int64(0), np.int64(2), 0), (12, np.int64(0), 35, 0)): 38.0, ((31, np.int64(8), np.int64(0), 0), (12, np.int64(6), np.int64(1), 0)): 38.0, ((12, np.int64(6), np.int64(1), 0), (31, np.int64(5), np.int64(2), 0)): 38.0, ((31, np.int64(5), np.int64(2), 0), (31, np.int64(5), 35, 0)): 38.0, ((31, np.int64(8), np.int64(0), 0), (15, np.int64(4), np.int64(1), 0)): 38.0, ((15, np.int64(4), np.int64(1), 0), (12, np.int64(2), np.int64(2), 0)): 38.0, ((12, np.int64(2), np.int64(2), 0), (31, np.int64(1), np.int64(3), 0)): 38.0, ((31, np.int64(1), np.int64(3), 0), (31, np.int64(1), 35, 0)): 38.0, ((31, np.int64(12), np.int64(0), 1), (12, np.int64(10), np.int64(1), 1)): 38.0, ((12, np.int64(10), np.int64(1), 1), (30, np.int64(3), np.int64(3), 0)): 38.0, ((30, np.int64(3), np.int64(3), 0), (30, np.int64(3), 35, 0)): 38.0, ((31, np.int64(15), np.int64(0), 1), (30, np.int64(5), np.int64(2), 0)): 38.0, ((30, np.int64(5), np.int64(2), 0), (30, np.int64(5), 35, 0)): 38.0, ((31, np.int64(15), np.int64(0), 1), (15, np.int64(11), np.int64(1), 1)): 38.0, ((15, np.int64(11), np.int64(1), 1), (30, np.int64(2), np.int64(3), 0)): 38.0, ((30, np.int64(2), np.int64(3), 0), (30, np.int64(2), 35, 0)): 38.0, ((31, np.int64(15), np.int64(0), 1), (12, np.int64(13), np.int64(1), 1)): 38.0, ((12, np.int64(13), np.int64(1), 1), (15, np.int64(11), np.int64(2), 1)): 38.0, ((15, np.int64(11), np.int64(2), 1), (30, np.int64(2), np.int64(4), 0)): 38.0, ((30, np.int64(2), np.int64(4), 0), (30, np.int64(2), 35, 0)): 38.0, ((31, np.int64(18), np.int64(0), 1), (30, np.int64(8), np.int64(2), 0)): 38.0, ((30, np.int64(8), np.int64(2), 0), (12, np.int64(1), np.int64(4), 0)): 38.0, ((12, np.int64(1), np.int64(4), 0), (31, np.int64(0), np.int64(5), 0)): 38.0, ((31, np.int64(0), np.int64(5), 0), (31, np.int64(0), 35, 0)): 38.0, ((31, np.int64(18), np.int64(0), 1), (15, np.int64(14), np.int64(1), 1)): 38.0, ((15, np.int64(14), np.int64(1), 1), (31, np.int64(12), np.int64(2), 1)): 38.0, ((31, np.int64(12), np.int64(2), 1), (31, np.int64(12), 35, 1)): 38.0, ((31, np.int64(18), np.int64(0), 1), (12, np.int64(16), np.int64(1), 1)): 38.0, ((12, np.int64(16), np.int64(1), 1), (31, np.int64(15), np.int64(2), 1)): 38.0, ((31, np.int64(15), np.int64(2), 1), (31, np.int64(15), 35, 1)): 76.0, ((31, np.int64(21), np.int64(0), 1), (15, np.int64(17), np.int64(1), 1)): 38.0, ((15, np.int64(17), np.int64(1), 1), (31, np.int64(15), np.int64(2), 1)): 38.0, ((31, np.int64(21), np.int64(0), 1), (12, np.int64(19), np.int64(1), 1)): 38.0, ((12, np.int64(19), np.int64(1), 1), (15, np.int64(17), np.int64(2), 1)): 38.0, ((15, np.int64(17), np.int64(2), 1), (31, np.int64(15), np.int64(3), 1)): 38.0, ((31, np.int64(15), np.int64(3), 1), (31, np.int64(15), 35, 1)): 38.0, ((31, np.int64(24), np.int64(0), 1), (30, np.int64(14), np.int64(2), 1)): 38.0, ((30, np.int64(14), np.int64(2), 1), (31, np.int64(7), np.int64(4), 0)): 38.0, ((31, np.int64(7), np.int64(4), 0), (31, np.int64(7), 35, 0)): 38.0, ((31, np.int64(24), np.int64(0), 1), (15, np.int64(20), np.int64(1), 1)): 38.0, ((15, np.int64(20), np.int64(1), 1), (31, np.int64(18), np.int64(2), 1)): 38.0, ((31, np.int64(18), np.int64(2), 1), (31, np.int64(18), 35, 1)): 38.0, ((31, np.int64(24), np.int64(0), 1), (12, np.int64(22), np.int64(1), 1)): 38.0, ((12, np.int64(22), np.int64(1), 1), (31, np.int64(21), np.int64(2), 1)): 38.0, ((31, np.int64(21), np.int64(2), 1), (31, np.int64(21), 35, 1)): 38.0, ((31, np.int64(25), np.int64(0), 1), (30, np.int64(15), np.int64(2), 1)): 38.0, ((30, np.int64(15), np.int64(2), 1), (31, np.int64(8), np.int64(4), 0)): 38.0, ((31, np.int64(8), np.int64(4), 0), (31, np.int64(8), 35, 0)): 38.0, ((31, np.int64(25), np.int64(0), 1), (12, np.int64(23), np.int64(1), 1)): 38.0, ((12, np.int64(23), np.int64(1), 1), (31, np.int64(22), np.int64(2), 1)): 38.0, ((31, np.int64(22), np.int64(2), 1), (31, np.int64(22), 35, 1)): 38.0, ((31, np.int64(25), np.int64(0), 1), (15, np.int64(21), np.int64(1), 1)): 38.0, ((15, np.int64(21), np.int64(1), 1), (12, np.int64(19), np.int64(2), 1)): 38.0, ((12, np.int64(19), np.int64(2), 1), (31, np.int64(18), np.int64(3), 1)): 38.0, ((31, np.int64(18), np.int64(3), 1), (31, np.int64(18), 35, 1)): 38.0, ((31, np.int64(27), np.int64(0), 1), (30, np.int64(17), np.int64(2), 1)): 38.0, ((30, np.int64(17), np.int64(2), 1), (31, np.int64(10), np.int64(4), 1)): 38.0, ((31, np.int64(10), np.int64(4), 1), (31, np.int64(10), 35, 1)): 38.0, ((31, np.int64(27), np.int64(0), 1), (15, np.int64(23), np.int64(1), 1)): 38.0, ((15, np.int64(23), np.int64(1), 1), (12, np.int64(21), np.int64(2), 1)): 38.0, ((12, np.int64(21), np.int64(2), 1), (31, np.int64(20), np.int64(3), 1)): 38.0, ((31, np.int64(20), np.int64(3), 1), (31, np.int64(20), 35, 1)): 38.0, ((31, np.int64(29), np.int64(0), 1), (30, np.int64(19), np.int64(2), 1)): 38.0, ((30, np.int64(19), np.int64(2), 1), (15, np.int64(10), np.int64(4), 1)): 38.0, ((15, np.int64(10), np.int64(4), 1), (31, np.int64(8), np.int64(5), 0)): 38.0, ((31, np.int64(8), np.int64(5), 0), (31, np.int64(8), 35, 0)): 38.0, ((31, np.int64(29), np.int64(0), 1), (15, np.int64(25), np.int64(1), 1)): 38.0, ((15, np.int64(25), np.int64(1), 1), (30, np.int64(16), np.int64(3), 1)): 38.0, ((30, np.int64(16), np.int64(3), 1), (31, np.int64(9), np.int64(5), 0)): 38.0, ((31, np.int64(9), np.int64(5), 0), (31, np.int64(9), 35, 0)): 38.0, ((31, np.int64(29), np.int64(0), 1), (12, np.int64(27), np.int64(1), 1)): 38.0, ((12, np.int64(27), np.int64(1), 1), (31, np.int64(26), np.int64(2), 1)): 38.0, ((31, np.int64(26), np.int64(2), 1), (31, np.int64(26), 35, 1)): 38.0, ((31, np.int64(30), np.int64(0), 1), (15, np.int64(26), np.int64(1), 1)): 38.0, ((15, np.int64(26), np.int64(1), 1), (30, np.int64(17), np.int64(3), 1)): 38.0, ((30, np.int64(17), np.int64(3), 1), (31, np.int64(10), np.int64(5), 1)): 38.0, ((31, np.int64(10), np.int64(5), 1), (31, np.int64(10), 35, 1)): 38.0, ((31, np.int64(30), np.int64(0), 1), (30, np.int64(20), np.int64(2), 1)): 38.0, ((30, np.int64(20), np.int64(2), 1), (31, np.int64(13), np.int64(4), 1)): 38.0, ((31, np.int64(13), np.int64(4), 1), (31, np.int64(13), 35, 1)): 38.0, ((31, np.int64(30), np.int64(0), 1), (12, np.int64(28), np.int64(1), 1)): 38.0, ((12, np.int64(28), np.int64(1), 1), (31, np.int64(27), np.int64(2), 1)): 38.0, ((31, np.int64(27), np.int64(2), 1), (31, np.int64(27), 35, 1)): 38.0, ((31, np.int64(31), np.int64(0), 1), (30, np.int64(21), np.int64(2), 1)): 38.0, ((30, np.int64(21), np.int64(2), 1), (31, np.int64(14), np.int64(4), 1)): 38.0, ((31, np.int64(14), np.int64(4), 1), (31, np.int64(14), 35, 1)): 38.0, ((31, np.int64(31), np.int64(0), 1), (15, np.int64(27), np.int64(1), 1)): 38.0, ((15, np.int64(27), np.int64(1), 1), (12, np.int64(25), np.int64(2), 1)): 38.0, ((12, np.int64(25), np.int64(2), 1), (31, np.int64(24), np.int64(3), 1)): 38.0, ((31, np.int64(24), np.int64(3), 1), (31, np.int64(24), 35, 1)): 38.0, ((31, np.int64(31), np.int64(0), 1), (12, np.int64(29), np.int64(1), 1)): 38.0, ((12, np.int64(29), np.int64(1), 1), (31, np.int64(28), np.int64(2), 1)): 38.0, ((31, np.int64(28), np.int64(2), 1), (31, np.int64(28), 35, 1)): 38.0, ((31, np.int64(32), np.int64(0), 1), (30, np.int64(22), np.int64(2), 1)): 38.0, ((30, np.int64(22), np.int64(2), 1), (12, np.int64(15), np.int64(4), 1)): 38.0, ((12, np.int64(15), np.int64(4), 1), (31, np.int64(14), np.int64(5), 1)): 38.0, ((31, np.int64(14), np.int64(5), 1), (31, np.int64(14), 35, 1)): 38.0, ((31, np.int64(32), np.int64(0), 1), (12, np.int64(30), np.int64(1), 1)): 38.0, ((12, np.int64(30), np.int64(1), 1), (30, np.int64(23), np.int64(3), 1)): 38.0, ((30, np.int64(23), np.int64(3), 1), (31, np.int64(16), np.int64(5), 1)): 76.0, ((31, np.int64(16), np.int64(5), 1), (31, np.int64(16), 35, 1)): 76.0, ((31, np.int64(32), np.int64(0), 1), (15, np.int64(28), np.int64(1), 1)): 38.0, ((15, np.int64(28), np.int64(1), 1), (12, np.int64(26), np.int64(2), 1)): 38.0, ((12, np.int64(26), np.int64(2), 1), (31, np.int64(25), np.int64(3), 1)): 38.0, ((31, np.int64(25), np.int64(3), 1), (31, np.int64(25), 35, 1)): 38.0, ((31, np.int64(32), np.int64(0), 1), (6, np.int64(13), np.int64(3), 1)): 38.0, ((6, np.int64(13), np.int64(3), 1), (31, np.int64(0), np.int64(6), 0)): 38.0, ((31, np.int64(0), np.int64(6), 0), (31, np.int64(0), 35, 0)): 38.0, ((31, np.int64(35), np.int64(0), 1), (6, np.int64(16), np.int64(3), 1)): 38.0, ((6, np.int64(16), np.int64(3), 1), (35, np.int64(13), np.int64(4), 1)): 38.0, ((35, np.int64(13), np.int64(4), 1), (35, np.int64(13), 35, 1)): 38.0, ((31, np.int64(35), np.int64(0), 1), (15, np.int64(31), np.int64(1), 1)): 38.0, ((15, np.int64(31), np.int64(1), 1), (30, np.int64(22), np.int64(3), 1)): 38.0, ((30, np.int64(22), np.int64(3), 1), (12, np.int64(15), np.int64(5), 1)): 38.0, ((12, np.int64(15), np.int64(5), 1), (31, np.int64(14), np.int64(6), 1)): 38.0, ((31, np.int64(14), np.int64(6), 1), (31, np.int64(14), 35, 1)): 38.0, ((31, np.int64(35), np.int64(0), 1), (30, np.int64(25), np.int64(2), 1)): 38.0, ((30, np.int64(25), np.int64(2), 1), (31, np.int64(18), np.int64(4), 1)): 38.0, ((31, np.int64(18), np.int64(4), 1), (31, np.int64(18), 35, 1)): 38.0, ((31, np.int64(35), np.int64(0), 1), (12, np.int64(33), np.int64(1), 1)): 38.0, ((12, np.int64(33), np.int64(1), 1), (31, np.int64(32), np.int64(2), 1)): 38.0, ((31, np.int64(32), np.int64(2), 1), (31, np.int64(32), 35, 1)): 76.0, ((31, np.int64(36), np.int64(0), 1), (6, np.int64(17), np.int64(3), 1)): 38.0, ((6, np.int64(17), np.int64(3), 1), (35, np.int64(14), np.int64(4), 1)): 38.0, ((35, np.int64(14), np.int64(4), 1), (35, np.int64(14), 35, 1)): 38.0, ((31, np.int64(36), np.int64(0), 1), (30, np.int64(26), np.int64(2), 1)): 38.0, ((30, np.int64(26), np.int64(2), 1), (31, np.int64(19), np.int64(4), 1)): 38.0, ((31, np.int64(19), np.int64(4), 1), (31, np.int64(19), 35, 1)): 38.0, ((31, np.int64(36), np.int64(0), 1), (15, np.int64(32), np.int64(1), 1)): 38.0, ((15, np.int64(32), np.int64(1), 1), (30, np.int64(23), np.int64(3), 1)): 38.0, ((31, np.int64(36), np.int64(0), 1), (12, np.int64(34), np.int64(1), 1)): 38.0, ((12, np.int64(34), np.int64(1), 1), (31, np.int64(33), np.int64(2), 1)): 38.0, ((31, np.int64(33), np.int64(2), 1), (31, np.int64(33), 35, 1)): 76.0, ((31, np.int64(38), np.int64(0), 1), (6, np.int64(19), np.int64(3), 1)): 38.0, ((6, np.int64(19), np.int64(3), 1), (35, np.int64(16), np.int64(4), 1)): 38.0, ((35, np.int64(16), np.int64(4), 1), (35, np.int64(16), 35, 1)): 38.0, ((31, np.int64(38), np.int64(0), 1), (12, np.int64(36), np.int64(1), 1)): 38.0, ((12, np.int64(36), np.int64(1), 1), (6, np.int64(22), np.int64(4), 1)): 38.0, ((6, np.int64(22), np.int64(4), 1), (31, np.int64(9), np.int64(7), 0)): 38.0, ((31, np.int64(9), np.int64(7), 0), (31, np.int64(9), 35, 0)): 38.0, ((31, np.int64(38), np.int64(0), 1), (30, np.int64(28), np.int64(2), 1)): 38.0, ((30, np.int64(28), np.int64(2), 1), (31, np.int64(21), np.int64(4), 1)): 38.0, ((31, np.int64(21), np.int64(4), 1), (31, np.int64(21), 35, 1)): 38.0, ((31, np.int64(38), np.int64(0), 1), (15, np.int64(34), np.int64(1), 1)): 38.0, ((15, np.int64(34), np.int64(1), 1), (31, np.int64(32), np.int64(2), 1)): 38.0, ((31, np.int64(39), np.int64(0), 1), (6, np.int64(20), np.int64(3), 1)): 38.0, ((6, np.int64(20), np.int64(3), 1), (35, np.int64(17), np.int64(4), 1)): 38.0, ((35, np.int64(17), np.int64(4), 1), (35, np.int64(17), 35, 1)): 38.0, ((31, np.int64(39), np.int64(0), 1), (12, np.int64(37), np.int64(1), 1)): 38.0, ((12, np.int64(37), np.int64(1), 1), (6, np.int64(23), np.int64(4), 1)): 38.0, ((6, np.int64(23), np.int64(4), 1), (31, np.int64(10), np.int64(7), 1)): 38.0, ((31, np.int64(10), np.int64(7), 1), (31, np.int64(10), 35, 1)): 38.0, ((31, np.int64(39), np.int64(0), 1), (30, np.int64(29), np.int64(2), 1)): 38.0, ((30, np.int64(29), np.int64(2), 1), (15, np.int64(20), np.int64(4), 1)): 38.0, ((15, np.int64(20), np.int64(4), 1), (12, np.int64(18), np.int64(5), 1)): 38.0, ((12, np.int64(18), np.int64(5), 1), (31, np.int64(17), np.int64(6), 1)): 38.0, ((31, np.int64(17), np.int64(6), 1), (31, np.int64(17), 35, 1)): 38.0, ((31, np.int64(39), np.int64(0), 1), (15, np.int64(35), np.int64(1), 1)): 38.0, ((15, np.int64(35), np.int64(1), 1), (31, np.int64(33), np.int64(2), 1)): 38.0, ((31, np.int64(40), np.int64(0), 2), (6, np.int64(21), np.int64(3), 1)): 38.0, ((6, np.int64(21), np.int64(3), 1), (31, np.int64(8), np.int64(6), 0)): 38.0, ((31, np.int64(8), np.int64(6), 0), (31, np.int64(8), 35, 0)): 76.0, ((31, np.int64(40), np.int64(0), 2), (30, np.int64(30), np.int64(2), 1)): 38.0, ((30, np.int64(30), np.int64(2), 1), (15, np.int64(21), np.int64(4), 1)): 38.0, ((15, np.int64(21), np.int64(4), 1), (12, np.int64(19), np.int64(5), 1)): 38.0, ((12, np.int64(19), np.int64(5), 1), (31, np.int64(18), np.int64(6), 1)): 38.0, ((31, np.int64(18), np.int64(6), 1), (31, np.int64(18), 35, 1)): 38.0, ((31, np.int64(40), np.int64(0), 2), (15, np.int64(36), np.int64(1), 1)): 38.0, ((15, np.int64(36), np.int64(1), 1), (31, np.int64(34), np.int64(2), 1)): 38.0, ((31, np.int64(34), np.int64(2), 1), (31, np.int64(34), 35, 1)): 38.0, ((31, np.int64(40), np.int64(0), 2), (12, np.int64(38), np.int64(1), 1)): 38.0, ((12, np.int64(38), np.int64(1), 1), (31, np.int64(37), np.int64(2), 1)): 38.0, ((31, np.int64(37), np.int64(2), 1), (31, np.int64(37), 35, 1)): 38.0, ((31, np.int64(41), np.int64(0), 2), (35, np.int64(16), np.int64(3), 1)): 38.0, ((35, np.int64(16), np.int64(3), 1), (35, np.int64(16), 35, 1)): 38.0, ((31, np.int64(41), np.int64(0), 2), (6, np.int64(22), np.int64(3), 1)): 38.0, ((6, np.int64(22), np.int64(3), 1), (31, np.int64(9), np.int64(6), 0)): 38.0, ((31, np.int64(9), np.int64(6), 0), (31, np.int64(9), 35, 0)): 76.0, ((31, np.int64(41), np.int64(0), 2), (15, np.int64(37), np.int64(1), 1)): 38.0, ((15, np.int64(37), np.int64(1), 1), (30, np.int64(28), np.int64(3), 1)): 38.0, ((30, np.int64(28), np.int64(3), 1), (31, np.int64(21), np.int64(5), 1)): 38.0, ((31, np.int64(21), np.int64(5), 1), (31, np.int64(21), 35, 1)): 38.0, ((31, np.int64(41), np.int64(0), 2), (30, np.int64(31), np.int64(2), 1)): 38.0, ((30, np.int64(31), np.int64(2), 1), (12, np.int64(24), np.int64(4), 1)): 38.0, ((12, np.int64(24), np.int64(4), 1), (31, np.int64(23), np.int64(5), 1)): 38.0, ((31, np.int64(23), np.int64(5), 1), (31, np.int64(23), 35, 1)): 38.0, ((31, np.int64(41), np.int64(0), 2), (12, np.int64(39), np.int64(1), 1)): 38.0, ((12, np.int64(39), np.int64(1), 1), (31, np.int64(38), np.int64(2), 1)): 38.0, ((31, np.int64(38), np.int64(2), 1), (31, np.int64(38), 35, 1)): 76.0, ((31, np.int64(44), np.int64(0), 2), (35, np.int64(19), np.int64(3), 1)): 38.0, ((35, np.int64(19), np.int64(3), 1), (15, np.int64(1), np.int64(7), 0)): 38.0, ((15, np.int64(1), np.int64(7), 0), (15, np.int64(1), 35, 0)): 38.0, ((31, np.int64(44), np.int64(0), 2), (6, np.int64(25), np.int64(3), 1)): 38.0, ((6, np.int64(25), np.int64(3), 1), (31, np.int64(12), np.int64(6), 1)): 38.0, ((31, np.int64(12), np.int64(6), 1), (31, np.int64(12), 35, 1)): 38.0, ((31, np.int64(44), np.int64(0), 2), (30, np.int64(34), np.int64(2), 1)): 38.0, ((30, np.int64(34), np.int64(2), 1), (12, np.int64(27), np.int64(4), 1)): 38.0, ((12, np.int64(27), np.int64(4), 1), (31, np.int64(26), np.int64(5), 1)): 38.0, ((31, np.int64(26), np.int64(5), 1), (31, np.int64(26), 35, 1)): 38.0, ((31, np.int64(44), np.int64(0), 2), (15, np.int64(40), np.int64(1), 2)): 38.0, ((15, np.int64(40), np.int64(1), 2), (31, np.int64(38), np.int64(2), 1)): 38.0, ((31, np.int64(44), np.int64(0), 2), (12, np.int64(42), np.int64(1), 2)): 38.0, ((12, np.int64(42), np.int64(1), 2), (31, np.int64(41), np.int64(2), 2)): 38.0, ((31, np.int64(41), np.int64(2), 2), (31, np.int64(41), 35, 2)): 38.0, ((31, np.int64(45), np.int64(0), 2), (35, np.int64(20), np.int64(3), 1)): 38.0, ((35, np.int64(20), np.int64(3), 1), (15, np.int64(2), np.int64(7), 0)): 38.0, ((15, np.int64(2), np.int64(7), 0), (12, np.int64(0), np.int64(8), 0)): 38.0, ((12, np.int64(0), np.int64(8), 0), (12, np.int64(0), 35, 0)): 38.0, ((31, np.int64(45), np.int64(0), 2), (6, np.int64(26), np.int64(3), 1)): 38.0, ((6, np.int64(26), np.int64(3), 1), (31, np.int64(13), np.int64(6), 1)): 38.0, ((31, np.int64(13), np.int64(6), 1), (31, np.int64(13), 35, 1)): 76.0, ((31, np.int64(45), np.int64(0), 2), (30, np.int64(35), np.int64(2), 1)): 38.0, ((30, np.int64(35), np.int64(2), 1), (12, np.int64(28), np.int64(4), 1)): 38.0, ((12, np.int64(28), np.int64(4), 1), (31, np.int64(27), np.int64(5), 1)): 38.0, ((31, np.int64(27), np.int64(5), 1), (31, np.int64(27), 35, 1)): 38.0, ((31, np.int64(45), np.int64(0), 2), (12, np.int64(43), np.int64(1), 2)): 38.0, ((12, np.int64(43), np.int64(1), 2), (31, np.int64(42), np.int64(2), 2)): 38.0, ((31, np.int64(42), np.int64(2), 2), (31, np.int64(42), 35, 2)): 38.0, ((31, np.int64(47), np.int64(0), 2), (3, np.int64(19), np.int64(4), 1)): 38.0, ((3, np.int64(19), np.int64(4), 1), (31, np.int64(0), np.int64(8), 0)): 38.0, ((31, np.int64(0), np.int64(8), 0), (31, np.int64(0), 35, 0)): 38.0, ((31, np.int64(47), np.int64(0), 2), (35, np.int64(22), np.int64(3), 1)): 38.0, ((35, np.int64(22), np.int64(3), 1), (15, np.int64(4), np.int64(7), 0)): 38.0, ((15, np.int64(4), np.int64(7), 0), (12, np.int64(2), np.int64(8), 0)): 38.0, ((12, np.int64(2), np.int64(8), 0), (31, np.int64(1), np.int64(9), 0)): 38.0, ((31, np.int64(1), np.int64(9), 0), (31, np.int64(1), 35, 0)): 38.0, ((31, np.int64(47), np.int64(0), 2), (6, np.int64(28), np.int64(3), 1)): 38.0, ((6, np.int64(28), np.int64(3), 1), (15, np.int64(14), np.int64(6), 1)): 38.0, ((15, np.int64(14), np.int64(6), 1), (31, np.int64(12), np.int64(7), 1)): 38.0, ((31, np.int64(12), np.int64(7), 1), (31, np.int64(12), 35, 1)): 38.0, ((31, np.int64(47), np.int64(0), 2), (12, np.int64(45), np.int64(1), 2)): 38.0, ((12, np.int64(45), np.int64(1), 2), (6, np.int64(31), np.int64(4), 1)): 38.0, ((6, np.int64(31), np.int64(4), 1), (12, np.int64(17), np.int64(7), 1)): 38.0, ((12, np.int64(17), np.int64(7), 1), (31, np.int64(16), np.int64(8), 1)): 38.0, ((31, np.int64(16), np.int64(8), 1), (31, np.int64(16), 35, 1)): 38.0, ((31, np.int64(47), np.int64(0), 2), (30, np.int64(37), np.int64(2), 1)): 38.0, ((30, np.int64(37), np.int64(2), 1), (12, np.int64(30), np.int64(4), 1)): 38.0, ((12, np.int64(30), np.int64(4), 1), (31, np.int64(29), np.int64(5), 1)): 38.0, ((31, np.int64(29), np.int64(5), 1), (31, np.int64(29), 35, 1)): 38.0, ((31, np.int64(47), np.int64(0), 2), (15, np.int64(43), np.int64(1), 2)): 38.0, ((15, np.int64(43), np.int64(1), 2), (12, np.int64(41), np.int64(2), 2)): 38.0, ((12, np.int64(41), np.int64(2), 2), (31, np.int64(40), np.int64(3), 2)): 38.0, ((31, np.int64(40), np.int64(3), 2), (31, np.int64(40), 35, 2)): 38.0, ((31, np.int64(49), np.int64(0), 2), (3, np.int64(21), np.int64(4), 1)): 38.0, ((3, np.int64(21), np.int64(4), 1), (31, np.int64(2), np.int64(8), 0)): 38.0, ((31, np.int64(2), np.int64(8), 0), (31, np.int64(2), 35, 0)): 38.0, ((31, np.int64(49), np.int64(0), 2), (35, np.int64(24), np.int64(3), 1)): 38.0, ((35, np.int64(24), np.int64(3), 1), (31, np.int64(7), np.int64(6), 0)): 38.0, ((31, np.int64(7), np.int64(6), 0), (31, np.int64(7), 35, 0)): 38.0, ((31, np.int64(49), np.int64(0), 2), (6, np.int64(30), np.int64(3), 1)): 38.0, ((6, np.int64(30), np.int64(3), 1), (12, np.int64(16), np.int64(6), 1)): 38.0, ((12, np.int64(16), np.int64(6), 1), (31, np.int64(15), np.int64(7), 1)): 38.0, ((31, np.int64(15), np.int64(7), 1), (31, np.int64(15), 35, 1)): 38.0, ((31, np.int64(49), np.int64(0), 2), (15, np.int64(45), np.int64(1), 2)): 38.0, ((15, np.int64(45), np.int64(1), 2), (6, np.int64(31), np.int64(4), 1)): 38.0, ((6, np.int64(31), np.int64(4), 1), (31, np.int64(18), np.int64(7), 1)): 38.0, ((31, np.int64(18), np.int64(7), 1), (31, np.int64(18), 35, 1)): 38.0, ((31, np.int64(49), np.int64(0), 2), (30, np.int64(39), np.int64(2), 1)): 38.0, ((30, np.int64(39), np.int64(2), 1), (12, np.int64(32), np.int64(4), 1)): 38.0, ((12, np.int64(32), np.int64(4), 1), (31, np.int64(31), np.int64(5), 1)): 38.0, ((31, np.int64(31), np.int64(5), 1), (31, np.int64(31), 35, 1)): 76.0, ((31, np.int64(49), np.int64(0), 2), (12, np.int64(47), np.int64(1), 2)): 38.0, ((12, np.int64(47), np.int64(1), 2), (31, np.int64(46), np.int64(2), 2)): 38.0, ((31, np.int64(46), np.int64(2), 2), (31, np.int64(46), 35, 2)): 76.0, ((31, np.int64(50), np.int64(0), 2), (3, np.int64(22), np.int64(4), 1)): 38.0, ((3, np.int64(22), np.int64(4), 1), (31, np.int64(3), np.int64(8), 0)): 38.0, ((31, np.int64(3), np.int64(8), 0), (31, np.int64(3), 35, 0)): 38.0, ((31, np.int64(50), np.int64(0), 2), (35, np.int64(25), np.int64(3), 1)): 38.0, ((35, np.int64(25), np.int64(3), 1), (31, np.int64(8), np.int64(6), 0)): 38.0, ((31, np.int64(50), np.int64(0), 2), (6, np.int64(31), np.int64(3), 1)): 38.0, ((6, np.int64(31), np.int64(3), 1), (12, np.int64(17), np.int64(6), 1)): 38.0, ((12, np.int64(17), np.int64(6), 1), (31, np.int64(16), np.int64(7), 1)): 38.0, ((31, np.int64(16), np.int64(7), 1), (31, np.int64(16), 35, 1)): 38.0, ((31, np.int64(50), np.int64(0), 2), (15, np.int64(46), np.int64(1), 2)): 38.0, ((15, np.int64(46), np.int64(1), 2), (6, np.int64(32), np.int64(4), 1)): 38.0, ((6, np.int64(32), np.int64(4), 1), (31, np.int64(19), np.int64(7), 1)): 38.0, ((31, np.int64(19), np.int64(7), 1), (31, np.int64(19), 35, 1)): 38.0, ((31, np.int64(50), np.int64(0), 2), (30, np.int64(40), np.int64(2), 2)): 38.0, ((30, np.int64(40), np.int64(2), 2), (12, np.int64(33), np.int64(4), 1)): 38.0, ((12, np.int64(33), np.int64(4), 1), (31, np.int64(32), np.int64(5), 1)): 38.0, ((31, np.int64(32), np.int64(5), 1), (31, np.int64(32), 35, 1)): 38.0, ((31, np.int64(50), np.int64(0), 2), (12, np.int64(48), np.int64(1), 2)): 38.0, ((12, np.int64(48), np.int64(1), 2), (31, np.int64(47), np.int64(2), 2)): 38.0, ((31, np.int64(47), np.int64(2), 2), (31, np.int64(47), 35, 2)): 38.0, ((31, np.int64(51), np.int64(0), 2), (3, np.int64(23), np.int64(4), 1)): 38.0, ((3, np.int64(23), np.int64(4), 1), (31, np.int64(4), np.int64(8), 0)): 38.0, ((31, np.int64(4), np.int64(8), 0), (31, np.int64(4), 35, 0)): 38.0, ((31, np.int64(51), np.int64(0), 2), (35, np.int64(26), np.int64(3), 1)): 38.0, ((35, np.int64(26), np.int64(3), 1), (31, np.int64(9), np.int64(6), 0)): 38.0, ((31, np.int64(51), np.int64(0), 2), (30, np.int64(41), np.int64(2), 2)): 38.0, ((30, np.int64(41), np.int64(2), 2), (6, np.int64(23), np.int64(6), 1)): 38.0, ((6, np.int64(23), np.int64(6), 1), (31, np.int64(10), np.int64(9), 1)): 38.0, ((31, np.int64(10), np.int64(9), 1), (31, np.int64(10), 35, 1)): 76.0, ((31, np.int64(51), np.int64(0), 2), (6, np.int64(32), np.int64(3), 1)): 38.0, ((6, np.int64(32), np.int64(3), 1), (31, np.int64(19), np.int64(6), 1)): 38.0, ((31, np.int64(19), np.int64(6), 1), (31, np.int64(19), 35, 1)): 38.0, ((31, np.int64(51), np.int64(0), 2), (15, np.int64(47), np.int64(1), 2)): 38.0, ((15, np.int64(47), np.int64(1), 2), (31, np.int64(45), np.int64(2), 2)): 38.0, ((31, np.int64(45), np.int64(2), 2), (31, np.int64(45), 35, 2)): 38.0, ((31, np.int64(51), np.int64(0), 2), (12, np.int64(49), np.int64(1), 2)): 38.0, ((12, np.int64(49), np.int64(1), 2), (31, np.int64(48), np.int64(2), 2)): 38.0, ((31, np.int64(48), np.int64(2), 2), (31, np.int64(48), 35, 2)): 38.0, ((31, np.int64(52), np.int64(0), 2), (3, np.int64(24), np.int64(4), 1)): 38.0, ((3, np.int64(24), np.int64(4), 1), (31, np.int64(5), np.int64(8), 0)): 38.0, ((31, np.int64(5), np.int64(8), 0), (31, np.int64(5), 35, 0)): 38.0, ((31, np.int64(52), np.int64(0), 2), (35, np.int64(27), np.int64(3), 1)): 38.0, ((35, np.int64(27), np.int64(3), 1), (31, np.int64(10), np.int64(6), 1)): 38.0, ((31, np.int64(10), np.int64(6), 1), (31, np.int64(10), 35, 1)): 38.0, ((31, np.int64(52), np.int64(0), 2), (6, np.int64(33), np.int64(3), 1)): 38.0, ((6, np.int64(33), np.int64(3), 1), (31, np.int64(20), np.int64(6), 1)): 38.0, ((31, np.int64(20), np.int64(6), 1), (31, np.int64(20), 35, 1)): 38.0, ((31, np.int64(52), np.int64(0), 2), (12, np.int64(50), np.int64(1), 2)): 38.0, ((12, np.int64(50), np.int64(1), 2), (6, np.int64(36), np.int64(4), 1)): 38.0, ((6, np.int64(36), np.int64(4), 1), (35, np.int64(33), np.int64(5), 1)): 38.0, ((35, np.int64(33), np.int64(5), 1), (12, np.int64(15), np.int64(9), 1)): 38.0, ((12, np.int64(15), np.int64(9), 1), (31, np.int64(14), np.int64(10), 1)): 38.0, ((31, np.int64(14), np.int64(10), 1), (31, np.int64(14), 35, 1)): 38.0, ((31, np.int64(52), np.int64(0), 2), (30, np.int64(42), np.int64(2), 2)): 38.0, ((30, np.int64(42), np.int64(2), 2), (15, np.int64(33), np.int64(4), 1)): 38.0, ((15, np.int64(33), np.int64(4), 1), (31, np.int64(31), np.int64(5), 1)): 38.0, ((31, np.int64(52), np.int64(0), 2), (15, np.int64(48), np.int64(1), 2)): 38.0, ((15, np.int64(48), np.int64(1), 2), (31, np.int64(46), np.int64(2), 2)): 38.0, ((31, np.int64(55), np.int64(0), 2), (3, np.int64(27), np.int64(4), 1)): 38.0, ((3, np.int64(27), np.int64(4), 1), (31, np.int64(8), np.int64(8), 0)): 38.0, ((31, np.int64(8), np.int64(8), 0), (31, np.int64(8), 35, 0)): 38.0, ((31, np.int64(55), np.int64(0), 2), (35, np.int64(30), np.int64(3), 1)): 38.0, ((35, np.int64(30), np.int64(3), 1), (31, np.int64(13), np.int64(6), 1)): 38.0, ((31, np.int64(55), np.int64(0), 2), (12, np.int64(53), np.int64(1), 2)): 38.0, ((12, np.int64(53), np.int64(1), 2), (3, np.int64(33), np.int64(5), 1)): 38.0, ((3, np.int64(33), np.int64(5), 1), (31, np.int64(14), np.int64(9), 1)): 38.0, ((31, np.int64(14), np.int64(9), 1), (31, np.int64(14), 35, 1)): 76.0, ((31, np.int64(55), np.int64(0), 2), (6, np.int64(36), np.int64(3), 1)): 38.0, ((6, np.int64(36), np.int64(3), 1), (35, np.int64(33), np.int64(4), 1)): 38.0, ((35, np.int64(33), np.int64(4), 1), (12, np.int64(15), np.int64(8), 1)): 38.0, ((12, np.int64(15), np.int64(8), 1), (31, np.int64(14), np.int64(9), 1)): 38.0, ((31, np.int64(55), np.int64(0), 2), (30, np.int64(45), np.int64(2), 2)): 38.0, ((30, np.int64(45), np.int64(2), 2), (31, np.int64(38), np.int64(4), 1)): 38.0, ((31, np.int64(38), np.int64(4), 1), (31, np.int64(38), 35, 1)): 38.0, ((31, np.int64(59), np.int64(0), 2), (30, np.int64(49), np.int64(2), 2)): 38.0, ((30, np.int64(49), np.int64(2), 2), (35, np.int64(27), np.int64(6), 1)): 38.0, ((35, np.int64(27), np.int64(6), 1), (31, np.int64(10), np.int64(9), 1)): 38.0, ((31, np.int64(59), np.int64(0), 2), (3, np.int64(31), np.int64(4), 1)): 38.0, ((3, np.int64(31), np.int64(4), 1), (31, np.int64(12), np.int64(8), 1)): 38.0, ((31, np.int64(12), np.int64(8), 1), (31, np.int64(12), 35, 1)): 38.0, ((31, np.int64(59), np.int64(0), 2), (35, np.int64(34), np.int64(3), 1)): 38.0, ((35, np.int64(34), np.int64(3), 1), (12, np.int64(16), np.int64(7), 1)): 38.0, ((12, np.int64(16), np.int64(7), 1), (31, np.int64(15), np.int64(8), 1)): 38.0, ((31, np.int64(15), np.int64(8), 1), (31, np.int64(15), 35, 1)): 38.0, ((31, np.int64(59), np.int64(0), 2), (6, np.int64(40), np.int64(3), 2)): 38.0, ((6, np.int64(40), np.int64(3), 2), (35, np.int64(37), np.int64(4), 1)): 38.0, ((35, np.int64(37), np.int64(4), 1), (12, np.int64(19), np.int64(8), 1)): 38.0, ((12, np.int64(19), np.int64(8), 1), (31, np.int64(18), np.int64(9), 1)): 38.0, ((31, np.int64(18), np.int64(9), 1), (31, np.int64(18), 35, 1)): 38.0, ((31, np.int64(59), np.int64(0), 2), (15, np.int64(55), np.int64(1), 2)): 38.0, ((15, np.int64(55), np.int64(1), 2), (31, np.int64(53), np.int64(2), 2)): 38.0, ((31, np.int64(53), np.int64(2), 2), (31, np.int64(53), 35, 2)): 38.0, ((31, np.int64(59), np.int64(0), 2), (12, np.int64(57), np.int64(1), 2)): 38.0, ((12, np.int64(57), np.int64(1), 2), (15, np.int64(55), np.int64(2), 2)): 38.0, ((15, np.int64(55), np.int64(2), 2), (31, np.int64(53), np.int64(3), 2)): 38.0, ((31, np.int64(53), np.int64(3), 2), (31, np.int64(53), 35, 2)): 38.0, ((31, np.int64(61), np.int64(0), 2), (30, np.int64(51), np.int64(2), 2)): 38.0, ((30, np.int64(51), np.int64(2), 2), (35, np.int64(29), np.int64(6), 1)): 38.0, ((35, np.int64(29), np.int64(6), 1), (31, np.int64(12), np.int64(9), 1)): 38.0, ((31, np.int64(12), np.int64(9), 1), (31, np.int64(12), 35, 1)): 38.0, ((31, np.int64(61), np.int64(0), 2), (3, np.int64(33), np.int64(4), 1)): 38.0, ((3, np.int64(33), np.int64(4), 1), (31, np.int64(14), np.int64(8), 1)): 38.0, ((31, np.int64(14), np.int64(8), 1), (31, np.int64(14), 35, 1)): 38.0, ((31, np.int64(61), np.int64(0), 2), (35, np.int64(36), np.int64(3), 1)): 38.0, ((35, np.int64(36), np.int64(3), 1), (12, np.int64(18), np.int64(7), 1)): 38.0, ((12, np.int64(18), np.int64(7), 1), (31, np.int64(17), np.int64(8), 1)): 38.0, ((31, np.int64(17), np.int64(8), 1), (31, np.int64(17), 35, 1)): 38.0, ((31, np.int64(61), np.int64(0), 2), (6, np.int64(42), np.int64(3), 2)): 38.0, ((6, np.int64(42), np.int64(3), 2), (35, np.int64(39), np.int64(4), 1)): 38.0, ((35, np.int64(39), np.int64(4), 1), (12, np.int64(21), np.int64(8), 1)): 38.0, ((12, np.int64(21), np.int64(8), 1), (31, np.int64(20), np.int64(9), 1)): 38.0, ((31, np.int64(20), np.int64(9), 1), (31, np.int64(20), 35, 1)): 38.0, ((31, np.int64(61), np.int64(0), 2), (15, np.int64(57), np.int64(1), 2)): 38.0, ((15, np.int64(57), np.int64(1), 2), (31, np.int64(55), np.int64(2), 2)): 38.0, ((31, np.int64(55), np.int64(2), 2), (31, np.int64(55), 35, 2)): 38.0, ((31, np.int64(70), np.int64(0), 2), (6, np.int64(51), np.int64(3), 2)): 38.0, ((6, np.int64(51), np.int64(3), 2), (3, np.int64(30), np.int64(7), 1)): 38.0, ((3, np.int64(30), np.int64(7), 1), (31, np.int64(11), np.int64(11), 1)): 38.0, ((31, np.int64(11), np.int64(11), 1), (31, np.int64(11), 35, 1)): 38.0, ((31, np.int64(70), np.int64(0), 2), (3, np.int64(42), np.int64(4), 2)): 38.0, ((3, np.int64(42), np.int64(4), 2), (12, np.int64(22), np.int64(8), 1)): 38.0, ((12, np.int64(22), np.int64(8), 1), (31, np.int64(21), np.int64(9), 1)): 38.0, ((31, np.int64(21), np.int64(9), 1), (31, np.int64(21), 35, 1)): 38.0, ((31, np.int64(70), np.int64(0), 2), (30, np.int64(60), np.int64(2), 2)): 38.0, ((30, np.int64(60), np.int64(2), 2), (35, np.int64(38), np.int64(6), 1)): 38.0, ((35, np.int64(38), np.int64(6), 1), (12, np.int64(20), np.int64(10), 1)): 38.0, ((12, np.int64(20), np.int64(10), 1), (31, np.int64(19), np.int64(11), 1)): 38.0, ((31, np.int64(19), np.int64(11), 1), (31, np.int64(19), 35, 1)): 38.0, ((31, np.int64(70), np.int64(0), 2), (15, np.int64(66), np.int64(1), 2)): 38.0, ((15, np.int64(66), np.int64(1), 2), (3, np.int64(44), np.int64(5), 2)): 38.0, ((3, np.int64(44), np.int64(5), 2), (30, np.int64(29), np.int64(8), 1)): 38.0, ((30, np.int64(29), np.int64(8), 1), (15, np.int64(20), np.int64(10), 1)): 38.0, ((15, np.int64(20), np.int64(10), 1), (12, np.int64(18), np.int64(11), 1)): 38.0, ((12, np.int64(18), np.int64(11), 1), (31, np.int64(17), np.int64(12), 1)): 38.0, ((31, np.int64(17), np.int64(12), 1), (31, np.int64(17), 35, 1)): 38.0, ((31, np.int64(70), np.int64(0), 2), (35, np.int64(45), np.int64(3), 2)): 38.0, ((35, np.int64(45), np.int64(3), 2), (12, np.int64(27), np.int64(7), 1)): 38.0, ((12, np.int64(27), np.int64(7), 1), (31, np.int64(26), np.int64(8), 1)): 38.0, ((31, np.int64(26), np.int64(8), 1), (31, np.int64(26), 35, 1)): 38.0, ((31, np.int64(70), np.int64(0), 2), (31, np.int64(70), np.int64(1), 2)): 62024.0, ((31, np.int64(70), np.int64(1), 2), (31, np.int64(70), np.int64(6), 2)): 62024.0, ((31, np.int64(70), np.int64(6), 2), (31, np.int64(70), np.int64(11), 2)): 62024.0, ((31, np.int64(70), np.int64(11), 2), (12, np.int64(69), np.int64(12), 2)): 62024.0, ((12, np.int64(69), np.int64(12), 2), (32, np.int64(27), np.int64(17), 1)): 54682.0, ((32, np.int64(27), np.int64(17), 1), (32, np.int64(27), 35, 1)): 54682.0, ((12, np.int64(69), np.int64(12), 2), (12, np.int64(69), np.int64(17), 2)): 7342.0, ((12, np.int64(69), np.int64(17), 2), (32, np.int64(27), np.int64(22), 1)): 5157.0, ((32, np.int64(27), np.int64(22), 1), (32, np.int64(27), 35, 1)): 5157.0, ((12, np.int64(69), np.int64(17), 2), (31, np.int64(68), np.int64(18), 2)): 2185.0, ((31, np.int64(68), np.int64(18), 2), (31, np.int64(68), np.int64(23), 2)): 2185.0, ((31, np.int64(68), np.int64(23), 2), (12, np.int64(67), np.int64(24), 2)): 2185.0, ((12, np.int64(67), np.int64(24), 2), (32, np.int64(25), np.int64(29), 1)): 2185.0, ((32, np.int64(25), np.int64(29), 1), (32, np.int64(25), 35, 1)): 2185.0, ((31, np.int64(70), np.int64(0), 2), (12, np.int64(68), np.int64(1), 2)): 38.0, ((12, np.int64(68), np.int64(1), 2), (31, np.int64(67), np.int64(2), 2)): 38.0, ((31, np.int64(67), np.int64(2), 2), (31, np.int64(67), np.int64(7), 2)): 38.0, ((31, np.int64(67), np.int64(7), 2), (31, np.int64(67), np.int64(12), 2)): 38.0, ((31, np.int64(67), np.int64(12), 2), (12, np.int64(66), np.int64(13), 2)): 38.0, ((12, np.int64(66), np.int64(13), 2), (12, np.int64(66), np.int64(18), 2)): 38.0, ((12, np.int64(66), np.int64(18), 2), (31, np.int64(65), np.int64(19), 2)): 38.0, ((31, np.int64(65), np.int64(19), 2), (31, np.int64(65), np.int64(24), 2)): 38.0, ((31, np.int64(65), np.int64(24), 2), (12, np.int64(64), np.int64(25), 2)): 38.0, ((12, np.int64(64), np.int64(25), 2), (32, np.int64(22), np.int64(30), 1)): 38.0, ((32, np.int64(22), np.int64(30), 1), (32, np.int64(22), 35, 1)): 38.0, ((31, np.int64(72), np.int64(0), 2), (35, np.int64(47), np.int64(3), 2)): 38.0, ((35, np.int64(47), np.int64(3), 2), (3, np.int64(24), np.int64(7), 1)): 38.0, ((3, np.int64(24), np.int64(7), 1), (31, np.int64(5), np.int64(11), 0)): 38.0, ((31, np.int64(5), np.int64(11), 0), (31, np.int64(5), 35, 0)): 38.0, ((31, np.int64(72), np.int64(0), 2), (6, np.int64(53), np.int64(3), 2)): 38.0, ((6, np.int64(53), np.int64(3), 2), (3, np.int64(32), np.int64(7), 1)): 38.0, ((3, np.int64(32), np.int64(7), 1), (31, np.int64(13), np.int64(11), 1)): 38.0, ((31, np.int64(13), np.int64(11), 1), (31, np.int64(13), 35, 1)): 38.0, ((31, np.int64(72), np.int64(0), 2), (30, np.int64(62), np.int64(2), 2)): 38.0, ((30, np.int64(62), np.int64(2), 2), (35, np.int64(40), np.int64(6), 2)): 38.0, ((35, np.int64(40), np.int64(6), 2), (12, np.int64(22), np.int64(10), 1)): 38.0, ((12, np.int64(22), np.int64(10), 1), (31, np.int64(21), np.int64(11), 1)): 38.0, ((31, np.int64(21), np.int64(11), 1), (31, np.int64(21), 35, 1)): 38.0, ((31, np.int64(72), np.int64(0), 2), (3, np.int64(44), np.int64(4), 2)): 38.0, ((3, np.int64(44), np.int64(4), 2), (30, np.int64(29), np.int64(7), 1)): 38.0, ((30, np.int64(29), np.int64(7), 1), (15, np.int64(20), np.int64(9), 1)): 38.0, ((15, np.int64(20), np.int64(9), 1), (12, np.int64(18), np.int64(10), 1)): 38.0, ((12, np.int64(18), np.int64(10), 1), (31, np.int64(17), np.int64(11), 1)): 38.0, ((31, np.int64(17), np.int64(11), 1), (31, np.int64(17), 35, 1)): 38.0, ((31, np.int64(72), np.int64(0), 2), (0, np.int64(24), np.int64(6), 1)): 38.0, ((0, np.int64(24), np.int64(6), 1), (0, np.int64(24), 35, 1)): 38.0, ((31, np.int64(72), np.int64(0), 2), (12, np.int64(70), np.int64(1), 2)): 38.0, ((12, np.int64(70), np.int64(1), 2), (31, np.int64(69), np.int64(2), 2)): 38.0, ((31, np.int64(69), np.int64(2), 2), (31, np.int64(69), np.int64(7), 2)): 38.0, ((31, np.int64(69), np.int64(7), 2), (31, np.int64(69), np.int64(12), 2)): 38.0, ((31, np.int64(69), np.int64(12), 2), (12, np.int64(68), np.int64(13), 2)): 38.0, ((12, np.int64(68), np.int64(13), 2), (12, np.int64(68), np.int64(18), 2)): 38.0, ((12, np.int64(68), np.int64(18), 2), (31, np.int64(67), np.int64(19), 2)): 38.0, ((31, np.int64(67), np.int64(19), 2), (31, np.int64(67), np.int64(24), 2)): 38.0, ((31, np.int64(67), np.int64(24), 2), (12, np.int64(66), np.int64(25), 2)): 38.0, ((12, np.int64(66), np.int64(25), 2), (32, np.int64(24), np.int64(30), 1)): 38.0, ((32, np.int64(24), np.int64(30), 1), (32, np.int64(24), 35, 1)): 38.0, ((31, np.int64(72), np.int64(0), 2), (15, np.int64(68), np.int64(1), 2)): 38.0, ((15, np.int64(68), np.int64(1), 2), (12, np.int64(66), np.int64(2), 2)): 38.0, ((12, np.int64(66), np.int64(2), 2), (31, np.int64(65), np.int64(3), 2)): 38.0, ((31, np.int64(65), np.int64(3), 2), (31, np.int64(65), np.int64(8), 2)): 38.0, ((31, np.int64(65), np.int64(8), 2), (31, np.int64(65), np.int64(13), 2)): 38.0, ((31, np.int64(65), np.int64(13), 2), (12, np.int64(64), np.int64(14), 2)): 38.0, ((12, np.int64(64), np.int64(14), 2), (12, np.int64(64), np.int64(19), 2)): 38.0, ((12, np.int64(64), np.int64(19), 2), (31, np.int64(63), np.int64(20), 2)): 38.0, ((31, np.int64(63), np.int64(20), 2), (31, np.int64(63), np.int64(25), 2)): 38.0, ((31, np.int64(63), np.int64(25), 2), (12, np.int64(62), np.int64(26), 2)): 38.0, ((12, np.int64(62), np.int64(26), 2), (32, np.int64(20), np.int64(31), 1)): 38.0, ((32, np.int64(20), np.int64(31), 1), (32, np.int64(20), 35, 1)): 38.0, ((31, np.int64(75), np.int64(0), 2), (3, np.int64(47), np.int64(4), 2)): 38.0, ((3, np.int64(47), np.int64(4), 2), (15, np.int64(25), np.int64(8), 1)): 38.0, ((15, np.int64(25), np.int64(8), 1), (30, np.int64(16), np.int64(10), 1)): 38.0, ((30, np.int64(16), np.int64(10), 1), (31, np.int64(9), np.int64(12), 0)): 38.0, ((31, np.int64(9), np.int64(12), 0), (31, np.int64(9), 35, 0)): 38.0, ((31, np.int64(75), np.int64(0), 2), (35, np.int64(50), np.int64(3), 2)): 38.0, ((35, np.int64(50), np.int64(3), 2), (6, np.int64(45), np.int64(4), 2)): 36.0, ((6, np.int64(45), np.int64(4), 2), (12, np.int64(24), np.int64(7), 1)): 36.0, ((12, np.int64(24), np.int64(7), 1), (31, np.int64(23), np.int64(8), 1)): 36.0, ((31, np.int64(23), np.int64(8), 1), (31, np.int64(23), 35, 1)): 36.0, ((31, np.int64(75), np.int64(0), 2), (30, np.int64(65), np.int64(2), 2)): 38.0, ((30, np.int64(65), np.int64(2), 2), (3, np.int64(50), np.int64(5), 2)): 38.0, ((3, np.int64(50), np.int64(5), 2), (31, np.int64(31), np.int64(9), 1)): 38.0, ((31, np.int64(31), np.int64(9), 1), (31, np.int64(31), 35, 1)): 76.0, ((35, np.int64(50), np.int64(3), 2), (31, np.int64(33), np.int64(6), 1)): 2.0, ((31, np.int64(33), np.int64(6), 1), (31, np.int64(33), 35, 1)): 2.0, ((31, np.int64(75), np.int64(0), 2), (6, np.int64(56), np.int64(3), 2)): 38.0, ((6, np.int64(56), np.int64(3), 2), (31, np.int64(43), np.int64(6), 2)): 38.0, ((31, np.int64(43), np.int64(6), 2), (31, np.int64(43), 35, 2)): 38.0, ((31, np.int64(75), np.int64(0), 2), (15, np.int64(71), np.int64(1), 2)): 38.0, ((15, np.int64(71), np.int64(1), 2), (31, np.int64(69), np.int64(2), 2)): 38.0, ((31, np.int64(69), np.int64(2), 2), (31, np.int64(69), 35, 2)): 38.0, ((31, np.int64(75), np.int64(0), 2), (12, np.int64(73), np.int64(1), 2)): 38.0, ((12, np.int64(73), np.int64(1), 2), (15, np.int64(71), np.int64(2), 2)): 38.0, ((15, np.int64(71), np.int64(2), 2), (31, np.int64(69), np.int64(3), 2)): 38.0, ((31, np.int64(69), np.int64(3), 2), (31, np.int64(69), 35, 2)): 38.0, ((31, np.int64(75), np.int64(0), 2), (0, np.int64(27), np.int64(6), 1)): 38.0, ((0, np.int64(27), np.int64(6), 1), (30, np.int64(1), np.int64(11), 0)): 38.0, ((30, np.int64(1), np.int64(11), 0), (30, np.int64(1), 35, 0)): 38.0, ((31, np.int64(76), np.int64(0), 2), (3, np.int64(48), np.int64(4), 2)): 38.0, ((3, np.int64(48), np.int64(4), 2), (30, np.int64(33), np.int64(7), 1)): 38.0, ((30, np.int64(33), np.int64(7), 1), (12, np.int64(26), np.int64(9), 1)): 38.0, ((12, np.int64(26), np.int64(9), 1), (31, np.int64(25), np.int64(10), 1)): 38.0, ((31, np.int64(25), np.int64(10), 1), (31, np.int64(25), 35, 1)): 38.0, ((31, np.int64(76), np.int64(0), 2), (30, np.int64(66), np.int64(2), 2)): 38.0, ((30, np.int64(66), np.int64(2), 2), (3, np.int64(51), np.int64(5), 2)): 38.0, ((3, np.int64(51), np.int64(5), 2), (31, np.int64(32), np.int64(9), 1)): 38.0, ((31, np.int64(32), np.int64(9), 1), (31, np.int64(32), 35, 1)): 38.0, ((31, np.int64(76), np.int64(0), 2), (35, np.int64(51), np.int64(3), 2)): 38.0, ((35, np.int64(51), np.int64(3), 2), (31, np.int64(34), np.int64(6), 1)): 38.0, ((31, np.int64(34), np.int64(6), 1), (31, np.int64(34), 35, 1)): 38.0, ((31, np.int64(76), np.int64(0), 2), (6, np.int64(57), np.int64(3), 2)): 38.0, ((6, np.int64(57), np.int64(3), 2), (31, np.int64(44), np.int64(6), 2)): 38.0, ((31, np.int64(44), np.int64(6), 2), (31, np.int64(44), 35, 2)): 38.0, ((31, np.int64(76), np.int64(0), 2), (15, np.int64(72), np.int64(1), 2)): 38.0, ((15, np.int64(72), np.int64(1), 2), (31, np.int64(70), np.int64(2), 2)): 38.0, ((31, np.int64(70), np.int64(2), 2), (31, np.int64(70), 35, 2)): 38.0, ((31, np.int64(76), np.int64(0), 2), (0, np.int64(28), np.int64(6), 1)): 38.0, ((0, np.int64(28), np.int64(6), 1), (30, np.int64(2), np.int64(11), 0)): 38.0, ((30, np.int64(2), np.int64(11), 0), (30, np.int64(2), 35, 0)): 38.0, ((31, np.int64(76), np.int64(0), 2), (12, np.int64(74), np.int64(1), 2)): 38.0, ((12, np.int64(74), np.int64(1), 2), (31, np.int64(73), np.int64(2), 2)): 38.0, ((31, np.int64(73), np.int64(2), 2), (31, np.int64(73), 35, 2)): 38.0, ((31, np.int64(78), np.int64(0), 2), (3, np.int64(50), np.int64(4), 2)): 38.0, ((3, np.int64(50), np.int64(4), 2), (31, np.int64(31), np.int64(8), 1)): 38.0, ((31, np.int64(31), np.int64(8), 1), (31, np.int64(31), 35, 1)): 38.0, ((31, np.int64(78), np.int64(0), 2), (35, np.int64(53), np.int64(3), 2)): 38.0, ((35, np.int64(53), np.int64(3), 2), (31, np.int64(36), np.int64(6), 1)): 38.0, ((31, np.int64(36), np.int64(6), 1), (31, np.int64(36), 35, 1)): 38.0, ((31, np.int64(78), np.int64(0), 2), (6, np.int64(59), np.int64(3), 2)): 38.0, ((6, np.int64(59), np.int64(3), 2), (31, np.int64(46), np.int64(6), 2)): 38.0, ((31, np.int64(46), np.int64(6), 2), (31, np.int64(46), 35, 2)): 38.0, ((31, np.int64(78), np.int64(0), 2), (30, np.int64(68), np.int64(2), 2)): 38.0, ((30, np.int64(68), np.int64(2), 2), (31, np.int64(61), np.int64(4), 2)): 38.0, ((31, np.int64(61), np.int64(4), 2), (31, np.int64(61), 35, 2)): 38.0, ((31, np.int64(78), np.int64(0), 2), (15, np.int64(74), np.int64(1), 2)): 38.0, ((15, np.int64(74), np.int64(1), 2), (31, np.int64(72), np.int64(2), 2)): 38.0, ((31, np.int64(72), np.int64(2), 2), (31, np.int64(72), 35, 2)): 38.0, ((31, np.int64(78), np.int64(0), 2), (0, np.int64(30), np.int64(6), 1)): 38.0, ((0, np.int64(30), np.int64(6), 1), (30, np.int64(4), np.int64(11), 0)): 38.0, ((30, np.int64(4), np.int64(11), 0), (30, np.int64(4), 35, 0)): 38.0, ((31, np.int64(78), np.int64(0), 2), (12, np.int64(76), np.int64(1), 2)): 38.0, ((12, np.int64(76), np.int64(1), 2), (31, np.int64(75), np.int64(2), 2)): 38.0, ((31, np.int64(75), np.int64(2), 2), (31, np.int64(75), 35, 2)): 38.0, ((31, np.int64(80), np.int64(0), 3), (3, np.int64(52), np.int64(4), 2)): 38.0, ((3, np.int64(52), np.int64(4), 2), (12, np.int64(32), np.int64(8), 1)): 38.0, ((12, np.int64(32), np.int64(8), 1), (31, np.int64(31), np.int64(9), 1)): 38.0, ((31, np.int64(80), np.int64(0), 3), (12, np.int64(78), np.int64(1), 2)): 38.0, ((12, np.int64(78), np.int64(1), 2), (3, np.int64(58), np.int64(5), 2)): 38.0, ((3, np.int64(58), np.int64(5), 2), (31, np.int64(39), np.int64(9), 1)): 38.0, ((31, np.int64(39), np.int64(9), 1), (31, np.int64(39), 35, 1)): 38.0, ((31, np.int64(80), np.int64(0), 3), (35, np.int64(55), np.int64(3), 2)): 38.0, ((35, np.int64(55), np.int64(3), 2), (31, np.int64(38), np.int64(6), 1)): 38.0, ((31, np.int64(38), np.int64(6), 1), (31, np.int64(38), 35, 1)): 38.0, ((31, np.int64(80), np.int64(0), 3), (0, np.int64(32), np.int64(6), 1)): 38.0, ((0, np.int64(32), np.int64(6), 1), (30, np.int64(6), np.int64(11), 0)): 38.0, ((30, np.int64(6), np.int64(11), 0), (30, np.int64(6), 35, 0)): 38.0, ((31, np.int64(80), np.int64(0), 3), (15, np.int64(76), np.int64(1), 2)): 38.0, ((15, np.int64(76), np.int64(1), 2), (12, np.int64(74), np.int64(2), 2)): 38.0, ((12, np.int64(74), np.int64(2), 2), (31, np.int64(73), np.int64(3), 2)): 38.0, ((31, np.int64(73), np.int64(3), 2), (31, np.int64(73), 35, 2)): 38.0, ((31, np.int64(81), np.int64(0), 3), (3, np.int64(53), np.int64(4), 2)): 38.0, ((3, np.int64(53), np.int64(4), 2), (31, np.int64(34), np.int64(8), 1)): 38.0, ((31, np.int64(34), np.int64(8), 1), (31, np.int64(34), 35, 1)): 38.0, ((31, np.int64(81), np.int64(0), 3), (15, np.int64(77), np.int64(1), 2)): 38.0, ((15, np.int64(77), np.int64(1), 2), (3, np.int64(55), np.int64(5), 2)): 38.0, ((3, np.int64(55), np.int64(5), 2), (12, np.int64(35), np.int64(9), 1)): 38.0, ((12, np.int64(35), np.int64(9), 1), (31, np.int64(34), np.int64(10), 1)): 38.0, ((31, np.int64(34), np.int64(10), 1), (31, np.int64(34), 35, 1)): 38.0, ((31, np.int64(81), np.int64(0), 3), (30, np.int64(71), np.int64(2), 2)): 38.0, ((30, np.int64(71), np.int64(2), 2), (6, np.int64(53), np.int64(6), 2)): 38.0, ((6, np.int64(53), np.int64(6), 2), (31, np.int64(40), np.int64(9), 2)): 38.0, ((31, np.int64(40), np.int64(9), 2), (31, np.int64(40), 35, 2)): 38.0, ((31, np.int64(81), np.int64(0), 3), (6, np.int64(62), np.int64(3), 2)): 38.0, ((6, np.int64(62), np.int64(3), 2), (35, np.int64(59), np.int64(4), 2)): 38.0, ((35, np.int64(59), np.int64(4), 2), (31, np.int64(42), np.int64(7), 2)): 38.0, ((31, np.int64(42), np.int64(7), 2), (31, np.int64(42), 35, 2)): 38.0, ((31, np.int64(81), np.int64(0), 3), (12, np.int64(79), np.int64(1), 2)): 38.0, ((12, np.int64(79), np.int64(1), 2), (6, np.int64(65), np.int64(4), 2)): 38.0, ((6, np.int64(65), np.int64(4), 2), (31, np.int64(52), np.int64(7), 2)): 38.0, ((31, np.int64(52), np.int64(7), 2), (31, np.int64(52), 35, 2)): 38.0, ((31, np.int64(90), np.int64(0), 3), (2, np.int64(35), np.int64(7), 1)): 38.0, ((2, np.int64(35), np.int64(7), 1), (10, np.int64(33), np.int64(8), 1)): 38.0, ((10, np.int64(33), np.int64(8), 1), (10, np.int64(33), 35, 1)): 38.0, ((31, np.int64(90), np.int64(0), 3), (9, np.int64(37), np.int64(7), 1)): 38.0, ((9, np.int64(37), np.int64(7), 1), (9, np.int64(37), 35, 1)): 38.0, ((31, np.int64(90), np.int64(0), 3), (10, np.int64(39), np.int64(6), 1)): 38.0, ((10, np.int64(39), np.int64(6), 1), (12, np.int64(4), np.int64(12), 0)): 38.0, ((12, np.int64(4), np.int64(12), 0), (31, np.int64(3), np.int64(13), 0)): 38.0, ((31, np.int64(3), np.int64(13), 0), (31, np.int64(3), 35, 0)): 38.0, ((31, np.int64(90), np.int64(0), 3), (29, np.int64(40), np.int64(6), 2)): 38.0, ((29, np.int64(40), np.int64(6), 2), (6, np.int64(19), np.int64(10), 1)): 38.0, ((6, np.int64(19), np.int64(10), 1), (12, np.int64(5), np.int64(13), 0)): 38.0, ((12, np.int64(5), np.int64(13), 0), (31, np.int64(4), np.int64(14), 0)): 38.0, ((31, np.int64(4), np.int64(14), 0), (31, np.int64(4), 35, 0)): 38.0, ((31, np.int64(90), np.int64(0), 3), (17, np.int64(41), np.int64(6), 2)): 38.0, ((17, np.int64(41), np.int64(6), 2), (35, np.int64(19), np.int64(10), 1)): 38.0, ((35, np.int64(19), np.int64(10), 1), (6, np.int64(16), np.int64(11), 1)): 38.0, ((6, np.int64(16), np.int64(11), 1), (12, np.int64(2), np.int64(14), 0)): 38.0, ((12, np.int64(2), np.int64(14), 0), (31, np.int64(1), np.int64(15), 0)): 38.0, ((31, np.int64(1), np.int64(15), 0), (31, np.int64(1), 35, 0)): 38.0, ((31, np.int64(90), np.int64(0), 3), (3, np.int64(62), np.int64(4), 2)): 38.0, ((3, np.int64(62), np.int64(4), 2), (31, np.int64(43), np.int64(8), 2)): 38.0, ((31, np.int64(43), np.int64(8), 2), (31, np.int64(43), 35, 2)): 38.0, ((31, np.int64(90), np.int64(0), 3), (35, np.int64(65), np.int64(3), 2)): 38.0, ((35, np.int64(65), np.int64(3), 2), (31, np.int64(48), np.int64(6), 2)): 38.0, ((31, np.int64(48), np.int64(6), 2), (31, np.int64(48), 35, 2)): 38.0, ((31, np.int64(90), np.int64(0), 3), (15, np.int64(86), np.int64(1), 3)): 38.0, ((15, np.int64(86), np.int64(1), 3), (30, np.int64(77), np.int64(3), 2)): 38.0, ((30, np.int64(77), np.int64(3), 2), (12, np.int64(70), np.int64(5), 2)): 38.0, ((12, np.int64(70), np.int64(5), 2), (15, np.int64(68), np.int64(6), 2)): 38.0, ((15, np.int64(68), np.int64(6), 2), (31, np.int64(66), np.int64(7), 2)): 38.0, ((31, np.int64(66), np.int64(7), 2), (31, np.int64(66), 35, 2)): 38.0, ((31, np.int64(90), np.int64(0), 3), (11, np.int64(8), np.int64(10), 0)): 22.0, ((11, np.int64(8), np.int64(10), 0), (11, np.int64(8), np.int64(15), 0)): 22.0, ((11, np.int64(8), np.int64(15), 0), (11, np.int64(8), np.int64(20), 0)): 22.0, ((11, np.int64(8), np.int64(20), 0), (11, np.int64(8), 35, 0)): 22.0, ((31, np.int64(90), np.int64(0), 3), (0, np.int64(42), np.int64(6), 2)): 38.0, ((0, np.int64(42), np.int64(6), 2), (12, np.int64(10), np.int64(12), 1)): 38.0, ((12, np.int64(10), np.int64(12), 1), (30, np.int64(3), np.int64(14), 0)): 38.0, ((30, np.int64(3), np.int64(14), 0), (30, np.int64(3), 35, 0)): 38.0, ((31, np.int64(90), np.int64(0), 3), (12, np.int64(88), np.int64(1), 3)): 38.0, ((12, np.int64(88), np.int64(1), 3), (31, np.int64(87), np.int64(2), 3)): 38.0, ((31, np.int64(87), np.int64(2), 3), (31, np.int64(87), 35, 3)): 38.0, ((31, np.int64(96), np.int64(0), 3), (8, np.int64(40), np.int64(7), 2)): 38.0, ((8, np.int64(40), np.int64(7), 2), (12, np.int64(1), np.int64(14), 0)): 38.0, ((12, np.int64(1), np.int64(14), 0), (31, np.int64(0), np.int64(15), 0)): 38.0, ((31, np.int64(0), np.int64(15), 0), (31, np.int64(0), 35, 0)): 38.0, ((31, np.int64(96), np.int64(0), 3), (2, np.int64(41), np.int64(7), 2)): 38.0, ((2, np.int64(41), np.int64(7), 2), (15, np.int64(2), np.int64(14), 0)): 38.0, ((15, np.int64(2), np.int64(14), 0), (12, np.int64(0), np.int64(15), 0)): 76.0, ((12, np.int64(0), np.int64(15), 0), (12, np.int64(0), 35, 0)): 76.0, ((31, np.int64(96), np.int64(0), 3), (9, np.int64(43), np.int64(7), 2)): 38.0, ((9, np.int64(43), np.int64(7), 2), (35, np.int64(24), np.int64(11), 1)): 38.0, ((35, np.int64(24), np.int64(11), 1), (31, np.int64(7), np.int64(14), 0)): 38.0, ((31, np.int64(7), np.int64(14), 0), (31, np.int64(7), 35, 0)): 38.0, ((31, np.int64(96), np.int64(0), 3), (17, np.int64(47), np.int64(6), 2)): 38.0, ((17, np.int64(47), np.int64(6), 2), (35, np.int64(25), np.int64(10), 1)): 38.0, ((35, np.int64(25), np.int64(10), 1), (31, np.int64(8), np.int64(13), 0)): 38.0, ((31, np.int64(8), np.int64(13), 0), (31, np.int64(8), 35, 0)): 38.0, ((31, np.int64(96), np.int64(0), 3), (6, np.int64(77), np.int64(3), 2)): 38.0, ((6, np.int64(77), np.int64(3), 2), (9, np.int64(44), np.int64(7), 2)): 14.0, ((9, np.int64(44), np.int64(7), 2), (6, np.int64(21), np.int64(11), 1)): 14.0, ((6, np.int64(21), np.int64(11), 1), (31, np.int64(8), np.int64(14), 0)): 14.0, ((31, np.int64(8), np.int64(14), 0), (31, np.int64(8), 35, 0)): 14.0, ((31, np.int64(96), np.int64(0), 3), (10, np.int64(45), np.int64(6), 2)): 38.0, ((10, np.int64(45), np.int64(6), 2), (31, np.int64(10), np.int64(12), 1)): 38.0, ((31, np.int64(10), np.int64(12), 1), (31, np.int64(10), 35, 1)): 38.0, ((31, np.int64(96), np.int64(0), 3), (0, np.int64(48), np.int64(6), 2)): 38.0, ((0, np.int64(48), np.int64(6), 2), (10, np.int64(46), np.int64(7), 2)): 38.0, ((10, np.int64(46), np.int64(7), 2), (31, np.int64(11), np.int64(13), 1)): 38.0, ((31, np.int64(11), np.int64(13), 1), (31, np.int64(11), 35, 1)): 38.0, ((31, np.int64(96), np.int64(0), 3), (29, np.int64(46), np.int64(6), 2)): 38.0, ((29, np.int64(46), np.int64(6), 2), (35, np.int64(28), np.int64(10), 1)): 38.0, ((35, np.int64(28), np.int64(10), 1), (15, np.int64(10), np.int64(14), 1)): 38.0, ((15, np.int64(10), np.int64(14), 1), (31, np.int64(8), np.int64(15), 0)): 76.0, ((31, np.int64(8), np.int64(15), 0), (31, np.int64(8), 35, 0)): 76.0, ((31, np.int64(96), np.int64(0), 3), (3, np.int64(68), np.int64(4), 2)): 36.0, ((3, np.int64(68), np.int64(4), 2), (12, np.int64(39), np.int64(8), 1)): 36.0, ((12, np.int64(39), np.int64(8), 1), (31, np.int64(38), np.int64(9), 1)): 36.0, ((31, np.int64(38), np.int64(9), 1), (31, np.int64(38), 35, 1)): 36.0, ((31, np.int64(96), np.int64(0), 3), (12, np.int64(94), np.int64(1), 3)): 38.0, ((12, np.int64(94), np.int64(1), 3), (3, np.int64(65), np.int64(5), 2)): 36.0, ((3, np.int64(65), np.int64(5), 2), (12, np.int64(36), np.int64(9), 1)): 36.0, ((12, np.int64(36), np.int64(9), 1), (31, np.int64(35), np.int64(10), 1)): 36.0, ((31, np.int64(35), np.int64(10), 1), (31, np.int64(35), 35, 1)): 36.0, ((31, np.int64(96), np.int64(0), 3), (35, np.int64(71), np.int64(3), 2)): 38.0, ((35, np.int64(71), np.int64(3), 2), (31, np.int64(54), np.int64(6), 2)): 38.0, ((31, np.int64(54), np.int64(6), 2), (31, np.int64(54), 35, 2)): 38.0, ((6, np.int64(77), np.int64(3), 2), (35, np.int64(74), np.int64(4), 2)): 24.0, ((35, np.int64(74), np.int64(4), 2), (31, np.int64(57), np.int64(7), 2)): 24.0, ((31, np.int64(57), np.int64(7), 2), (31, np.int64(57), np.int64(12), 2)): 24.0, ((31, np.int64(57), np.int64(12), 2), (31, np.int64(57), np.int64(17), 2)): 24.0, ((31, np.int64(57), np.int64(17), 2), (12, np.int64(56), np.int64(18), 2)): 24.0, ((12, np.int64(56), np.int64(18), 2), (12, np.int64(56), np.int64(23), 2)): 24.0, ((12, np.int64(56), np.int64(23), 2), (31, np.int64(55), np.int64(24), 2)): 24.0, ((31, np.int64(55), np.int64(24), 2), (31, np.int64(55), np.int64(29), 2)): 24.0, ((31, np.int64(55), np.int64(29), 2), (12, np.int64(54), np.int64(30), 2)): 24.0, ((12, np.int64(54), np.int64(30), 2), (32, np.int64(12), np.int64(35), 1)): 24.0, ((31, np.int64(96), np.int64(0), 3), (30, np.int64(86), np.int64(2), 3)): 38.0, ((30, np.int64(86), np.int64(2), 3), (31, np.int64(79), np.int64(4), 2)): 38.0, ((31, np.int64(79), np.int64(4), 2), (31, np.int64(79), 35, 2)): 38.0, ((12, np.int64(94), np.int64(1), 3), (31, np.int64(93), np.int64(2), 3)): 2.0, ((31, np.int64(93), np.int64(2), 3), (31, np.int64(93), 35, 3)): 2.0, ((31, np.int64(96), np.int64(0), 3), (15, np.int64(92), np.int64(1), 3)): 38.0, ((15, np.int64(92), np.int64(1), 3), (12, np.int64(90), np.int64(2), 3)): 38.0, ((12, np.int64(90), np.int64(2), 3), (31, np.int64(89), np.int64(3), 3)): 38.0, ((31, np.int64(89), np.int64(3), 3), (31, np.int64(89), 35, 3)): 38.0, ((31, np.int64(98), np.int64(0), 3), (8, np.int64(42), np.int64(7), 2)): 38.0, ((8, np.int64(42), np.int64(7), 2), (12, np.int64(3), np.int64(14), 0)): 38.0, ((12, np.int64(3), np.int64(14), 0), (31, np.int64(2), np.int64(15), 0)): 38.0, ((31, np.int64(2), np.int64(15), 0), (31, np.int64(2), 35, 0)): 38.0, ((31, np.int64(98), np.int64(0), 3), (17, np.int64(49), np.int64(6), 2)): 38.0, ((17, np.int64(49), np.int64(6), 2), (35, np.int64(27), np.int64(10), 1)): 38.0, ((35, np.int64(27), np.int64(10), 1), (31, np.int64(10), np.int64(13), 1)): 38.0, ((31, np.int64(10), np.int64(13), 1), (31, np.int64(10), 35, 1)): 38.0, ((31, np.int64(98), np.int64(0), 3), (9, np.int64(45), np.int64(7), 2)): 38.0, ((9, np.int64(45), np.int64(7), 2), (6, np.int64(22), np.int64(11), 1)): 38.0, ((6, np.int64(22), np.int64(11), 1), (31, np.int64(9), np.int64(14), 0)): 38.0, ((31, np.int64(9), np.int64(14), 0), (31, np.int64(9), 35, 0)): 38.0, ((31, np.int64(98), np.int64(0), 3), (10, np.int64(47), np.int64(6), 2)): 38.0, ((10, np.int64(47), np.int64(6), 2), (31, np.int64(12), np.int64(12), 1)): 38.0, ((31, np.int64(12), np.int64(12), 1), (31, np.int64(12), 35, 1)): 38.0, ((31, np.int64(98), np.int64(0), 3), (0, np.int64(50), np.int64(6), 2)): 38.0, ((0, np.int64(50), np.int64(6), 2), (10, np.int64(48), np.int64(7), 2)): 38.0, ((10, np.int64(48), np.int64(7), 2), (31, np.int64(13), np.int64(13), 1)): 38.0, ((31, np.int64(13), np.int64(13), 1), (31, np.int64(13), 35, 1)): 38.0, ((31, np.int64(98), np.int64(0), 3), (29, np.int64(48), np.int64(6), 2)): 38.0, ((29, np.int64(48), np.int64(6), 2), (35, np.int64(30), np.int64(10), 1)): 38.0, ((35, np.int64(30), np.int64(10), 1), (15, np.int64(12), np.int64(14), 1)): 38.0, ((15, np.int64(12), np.int64(14), 1), (31, np.int64(10), np.int64(15), 1)): 38.0, ((31, np.int64(10), np.int64(15), 1), (31, np.int64(10), 35, 1)): 38.0, ((31, np.int64(98), np.int64(0), 3), (3, np.int64(70), np.int64(4), 2)): 38.0, ((3, np.int64(70), np.int64(4), 2), (31, np.int64(51), np.int64(8), 2)): 38.0, ((31, np.int64(51), np.int64(8), 2), (31, np.int64(51), 35, 2)): 38.0, ((31, np.int64(98), np.int64(0), 3), (35, np.int64(73), np.int64(3), 2)): 38.0, ((35, np.int64(73), np.int64(3), 2), (12, np.int64(55), np.int64(7), 2)): 38.0, ((12, np.int64(55), np.int64(7), 2), (15, np.int64(53), np.int64(8), 2)): 38.0, ((15, np.int64(53), np.int64(8), 2), (31, np.int64(51), np.int64(9), 2)): 38.0, ((31, np.int64(51), np.int64(9), 2), (31, np.int64(51), 35, 2)): 38.0, ((31, np.int64(98), np.int64(0), 3), (31, np.int64(98), np.int64(1), 3)): 2361.0, ((31, np.int64(98), np.int64(1), 3), (31, np.int64(98), np.int64(6), 3)): 2361.0, ((31, np.int64(98), np.int64(6), 3), (30, np.int64(91), np.int64(8), 3)): 2361.0, ((30, np.int64(91), np.int64(8), 3), (30, np.int64(91), np.int64(13), 3)): 2361.0, ((30, np.int64(91), np.int64(13), 3), (30, np.int64(91), np.int64(18), 3)): 2361.0, ((30, np.int64(91), np.int64(18), 3), (9, np.int64(50), np.int64(25), 2)): 2361.0, ((9, np.int64(50), np.int64(25), 2), (29, np.int64(43), np.int64(27), 2)): 2361.0, ((29, np.int64(43), np.int64(27), 2), (32, np.int64(7), np.int64(32), 0)): 2361.0, ((32, np.int64(7), np.int64(32), 0), (32, np.int64(7), 35, 0)): 2361.0, ((31, np.int64(98), np.int64(0), 3), (6, np.int64(79), np.int64(3), 2)): 38.0, ((6, np.int64(79), np.int64(3), 2), (35, np.int64(76), np.int64(4), 2)): 38.0, ((35, np.int64(76), np.int64(4), 2), (31, np.int64(59), np.int64(7), 2)): 38.0, ((31, np.int64(59), np.int64(7), 2), (31, np.int64(59), np.int64(12), 2)): 38.0, ((31, np.int64(59), np.int64(12), 2), (31, np.int64(59), np.int64(17), 2)): 38.0, ((31, np.int64(59), np.int64(17), 2), (12, np.int64(58), np.int64(18), 2)): 38.0, ((12, np.int64(58), np.int64(18), 2), (12, np.int64(58), np.int64(23), 2)): 38.0, ((12, np.int64(58), np.int64(23), 2), (31, np.int64(57), np.int64(24), 2)): 38.0, ((31, np.int64(57), np.int64(24), 2), (31, np.int64(57), np.int64(29), 2)): 38.0, ((31, np.int64(57), np.int64(29), 2), (12, np.int64(56), np.int64(30), 2)): 38.0, ((12, np.int64(56), np.int64(30), 2), (32, np.int64(14), np.int64(35), 1)): 38.0, ((31, np.int64(98), np.int64(0), 3), (12, np.int64(96), np.int64(1), 3)): 38.0, ((12, np.int64(96), np.int64(1), 3), (31, np.int64(95), np.int64(2), 3)): 38.0, ((31, np.int64(95), np.int64(2), 3), (31, np.int64(95), 35, 3)): 38.0, ((31, np.int64(98), np.int64(0), 3), (15, np.int64(94), np.int64(1), 3)): 38.0, ((15, np.int64(94), np.int64(1), 3), (12, np.int64(92), np.int64(2), 3)): 38.0, ((12, np.int64(92), np.int64(2), 3), (31, np.int64(91), np.int64(3), 3)): 38.0, ((31, np.int64(91), np.int64(3), 3), (31, np.int64(91), 35, 3)): 38.0, ((31, np.int64(100), np.int64(0), 3), (8, np.int64(44), np.int64(7), 2)): 38.0, ((8, np.int64(44), np.int64(7), 2), (12, np.int64(5), np.int64(14), 0)): 38.0, ((12, np.int64(5), np.int64(14), 0), (31, np.int64(4), np.int64(15), 0)): 38.0, ((31, np.int64(4), np.int64(15), 0), (31, np.int64(4), 35, 0)): 38.0, ((31, np.int64(100), np.int64(0), 3), (16, np.int64(41), np.int64(7), 2)): 38.0, ((16, np.int64(41), np.int64(7), 2), (15, np.int64(2), np.int64(14), 0)): 38.0, ((31, np.int64(100), np.int64(0), 3), (3, np.int64(81), np.int64(4), 3)): 72080.0, ((3, np.int64(81), np.int64(4), 3), (10, np.int64(46), np.int64(10), 2)): 17376.0, ((10, np.int64(46), np.int64(10), 2), (2, np.int64(44), np.int64(11), 2)): 17376.0, ((2, np.int64(44), np.int64(11), 2), (2, np.int64(44), 35, 2)): 11135.0, ((31, np.int64(100), np.int64(0), 3), (9, np.int64(47), np.int64(7), 2)): 38.0, ((9, np.int64(47), np.int64(7), 2), (15, np.int64(10), np.int64(14), 1)): 38.0, ((31, np.int64(100), np.int64(0), 3), (17, np.int64(51), np.int64(6), 2)): 38.0, ((17, np.int64(51), np.int64(6), 2), (3, np.int64(29), np.int64(10), 1)): 38.0, ((3, np.int64(29), np.int64(10), 1), (31, np.int64(10), np.int64(14), 1)): 38.0, ((31, np.int64(10), np.int64(14), 1), (31, np.int64(10), 35, 1)): 38.0, ((31, np.int64(100), np.int64(0), 3), (10, np.int64(49), np.int64(6), 2)): 38.0, ((10, np.int64(49), np.int64(6), 2), (31, np.int64(14), np.int64(12), 1)): 38.0, ((31, np.int64(14), np.int64(12), 1), (31, np.int64(14), 35, 1)): 38.0, ((31, np.int64(100), np.int64(0), 3), (0, np.int64(52), np.int64(6), 2)): 38.0, ((0, np.int64(52), np.int64(6), 2), (12, np.int64(20), np.int64(12), 1)): 38.0, ((12, np.int64(20), np.int64(12), 1), (31, np.int64(19), np.int64(13), 1)): 38.0, ((31, np.int64(19), np.int64(13), 1), (31, np.int64(19), 35, 1)): 38.0, ((2, np.int64(44), np.int64(11), 2), (0, np.int64(37), np.int64(12), 1)): 2227.0, ((0, np.int64(37), np.int64(12), 1), (2, np.int64(33), np.int64(13), 1)): 2227.0, ((2, np.int64(33), np.int64(13), 1), (2, np.int64(33), 35, 1)): 2227.0, ((31, np.int64(100), np.int64(0), 3), (3, np.int64(72), np.int64(4), 2)): 38.0, ((3, np.int64(72), np.int64(4), 2), (15, np.int64(50), np.int64(8), 2)): 38.0, ((15, np.int64(50), np.int64(8), 2), (12, np.int64(48), np.int64(9), 2)): 38.0, ((12, np.int64(48), np.int64(9), 2), (31, np.int64(47), np.int64(10), 2)): 38.0, ((31, np.int64(47), np.int64(10), 2), (31, np.int64(47), 35, 2)): 38.0, ((31, np.int64(100), np.int64(0), 3), (31, np.int64(100), np.int64(1), 3)): 5193.0, ((31, np.int64(100), np.int64(1), 3), (12, np.int64(99), np.int64(2), 3)): 5193.0, ((12, np.int64(99), np.int64(2), 3), (15, np.int64(97), np.int64(3), 3)): 5193.0, ((15, np.int64(97), np.int64(3), 3), (15, np.int64(97), np.int64(8), 3)): 5193.0, ((15, np.int64(97), np.int64(8), 3), (15, np.int64(97), np.int64(13), 3)): 5193.0, ((15, np.int64(97), np.int64(13), 3), (15, np.int64(97), np.int64(18), 3)): 36.0, ((15, np.int64(97), np.int64(18), 3), (35, np.int64(71), np.int64(22), 2)): 36.0, ((35, np.int64(71), np.int64(22), 2), (31, np.int64(46), np.int64(25), 2)): 36.0, ((31, np.int64(46), np.int64(25), 2), (31, np.int64(46), 35, 2)): 36.0, ((3, np.int64(81), np.int64(4), 3), (11, np.int64(42), np.int64(11), 2)): 22.0, ((11, np.int64(42), np.int64(11), 2), (11, np.int64(42), 35, 2)): 22.0, ((2, np.int64(44), np.int64(11), 2), (8, np.int64(3), np.int64(16), 0)): 2227.0, ((8, np.int64(3), np.int64(16), 0), (8, np.int64(3), 35, 0)): 2227.0, ((3, np.int64(81), np.int64(4), 3), (3, np.int64(81), np.int64(9), 3)): 54682.0, ((3, np.int64(81), np.int64(9), 3), (9, np.int64(44), np.int64(16), 2)): 54682.0, ((9, np.int64(44), np.int64(16), 2), (29, np.int64(37), np.int64(18), 1)): 54682.0, ((29, np.int64(37), np.int64(18), 1), (32, np.int64(1), np.int64(23), 0)): 54682.0, ((32, np.int64(1), np.int64(23), 0), (32, np.int64(1), 35, 0)): 54682.0, ((2, np.int64(44), np.int64(11), 2), (4, np.int64(6), np.int64(16), 0)): 1787.0, ((4, np.int64(6), np.int64(16), 0), (4, np.int64(6), 35, 0)): 1787.0, ((15, np.int64(97), np.int64(13), 3), (12, np.int64(95), np.int64(14), 3)): 5157.0, ((12, np.int64(95), np.int64(14), 3), (29, np.int64(60), np.int64(21), 2)): 5157.0, ((29, np.int64(60), np.int64(21), 2), (32, np.int64(24), np.int64(26), 1)): 5157.0, ((32, np.int64(24), np.int64(26), 1), (32, np.int64(24), 35, 1)): 5157.0, ((31, np.int64(100), np.int64(0), 3), (12, np.int64(98), np.int64(1), 3)): 38.0, ((12, np.int64(98), np.int64(1), 3), (6, np.int64(84), np.int64(4), 3)): 38.0, ((6, np.int64(84), np.int64(4), 3), (12, np.int64(70), np.int64(7), 2)): 38.0, ((12, np.int64(70), np.int64(7), 2), (31, np.int64(69), np.int64(8), 2)): 38.0, ((31, np.int64(69), np.int64(8), 2), (31, np.int64(69), 35, 2)): 38.0, ((31, np.int64(100), np.int64(0), 3), (15, np.int64(96), np.int64(1), 3)): 38.0, ((15, np.int64(96), np.int64(1), 3), (12, np.int64(94), np.int64(2), 3)): 38.0, ((12, np.int64(94), np.int64(2), 3), (31, np.int64(93), np.int64(3), 3)): 38.0, ((31, np.int64(93), np.int64(3), 3), (31, np.int64(93), 35, 3)): 38.0}}
a[ 20 ] =  1.0
a[ 36 ] =  1.0
n[ 9 ] =  14.0
n[ 11 ] =  22.0
'''''''''''''''''
Gurobi Optimizer version 13.0.1 build v13.0.1rc0 (linux64 - "Debian GNU/Linux 12 (bookworm)")

CPU model: AMD EPYC 7B12, instruction set [SSE2|AVX|AVX2]
Thread count: 1 physical cores, 2 logical processors, using up to 2 threads

Non-default parameters:
MIPGap  0.02

Academic license 937859 - for non-commercial use only - registered to hp___@cornell.edu
Optimize a model with 139194 rows, 306435 columns and 795495 nonzeros (Min)
Model fingerprint: 0x48e7475f
Model has 197740 linear objective coefficients
Variable types: 5 continuous, 306430 integer (37 binary)
Coefficient statistics:
  Matrix range     [1e+00, 3e+04]
  Objective range  [6e-01, 2e+02]
  Bounds range     [1e+00, 1e+00]
  RHS range        [2e+00, 1e+100]
Warning: Model contains large rhs
         Consider reformulating model or setting NumericFocus parameter
         to avoid numerical issues.

MIP start from previous solve did not produce a new incumbent solution
MIP start from previous solve violates constraint flow_bal_load[(11,_np.int64(8),_np.int64(6),_0)] by 22.000000000

Presolve removed 103764 rows and 163201 columns (presolve time = 5s)...
Presolve removed 113006 rows and 198179 columns
Presolve time: 10.05s
Presolved: 26188 rows, 108256 columns, 258463 nonzeros
Variable types: 0 continuous, 108256 integer (33 binary)

Root simplex log...

Iteration    Objective       Primal Inf.    Dual Inf.      Time
       0      handle free variables                         12s
    7940    6.1939869e+03   3.672479e+02   0.000000e+00     15s
   12307    7.2887173e+03   0.000000e+00   0.000000e+00     20s
   12307    7.2887173e+03   0.000000e+00   0.000000e+00     20s

Root relaxation: objective 7.288717e+03, 12307 iterations, 8.88 seconds (5.95 work units)

    Nodes    |    Current Node    |     Objective Bounds      |     Work
 Expl Unexpl |  Obj  Depth IntInf | Incumbent    BestBd   Gap | It/Node Time

     0     0 7288.71729    0   86          - 7288.71729      -     -   20s
H    0     0                    7928.1009132 7288.71729  8.06%     -   21s
H    0     0                    7927.6662100 7288.71729  8.06%     -   22s
     0     0 7339.65375    0   82 7927.66621 7339.65375  7.42%     -   24s
     0     0 7339.66319    0   84 7927.66621 7339.66319  7.42%     -   26s
     0     0 7348.25835    0  100 7927.66621 7348.25835  7.31%     -   27s
     0     0 7348.27683    0  100 7927.66621 7348.27683  7.31%     -   29s
     0     0 7355.26544    0  105 7927.66621 7355.26544  7.22%     -   30s
     0     0 7361.96705    0  106 7927.66621 7361.96705  7.14%     -   32s
     0     0 7361.96705    0  111 7927.66621 7361.96705  7.14%     -   32s
     0     0 7362.74825    0  109 7927.66621 7362.74825  7.13%     -   33s
H    0     0                    7825.8735160 7362.74825  5.92%     -   34s
H    0     0                    7825.4388128 7362.74825  5.91%     -   34s
     0     0 7362.74825    0  111 7825.43881 7362.74825  5.91%     -   34s
     0     0 7362.74825    0  112 7825.43881 7362.74825  5.91%     -   35s
     0     0 7362.74825    0  110 7825.43881 7362.74825  5.91%     -   37s
     0     0 7362.74825    0  111 7825.43881 7362.74825  5.91%     -   38s
     0     0 7362.74825    0  107 7825.43881 7362.74825  5.91%     -   39s
     0     0 7363.31073    0  107 7825.43881 7363.31073  5.91%     -   41s
     0     0 7363.31073    0  108 7825.43881 7363.31073  5.91%     -   42s
     0     0 7363.31073    0  108 7825.43881 7363.31073  5.91%     -   42s
     0     0 7363.31073    0  118 7825.43881 7363.31073  5.91%     -   44s
     0     0 7365.59302    0  104 7825.43881 7365.59302  5.88%     -   44s
     0     0 7365.59302    0  104 7825.43881 7365.59302  5.88%     -   44s
     0     0 7365.59302    0  103 7825.43881 7365.59302  5.88%     -   45s
     0     0 7366.48687    0  105 7825.43881 7366.48687  5.86%     -   45s
     0     0 7368.43973    0  109 7825.43881 7368.43973  5.84%     -   46s
     0     0 7368.51888    0  106 7825.43881 7368.51888  5.84%     -   47s
     0     0 7368.51888    0  108 7825.43881 7368.51888  5.84%     -   47s
     0     0 7368.74161    0  108 7825.43881 7368.74161  5.84%     -   48s
     0     0 7368.74161    0  111 7825.43881 7368.74161  5.84%     -   48s
     0     0 7368.74161    0  107 7825.43881 7368.74161  5.84%     -   49s
     0     0 7368.85239    0  107 7825.43881 7368.85239  5.83%     -   50s
     0     0 7368.85239    0  107 7825.43881 7368.85239  5.83%     -   50s
     0     0 7368.85239    0  107 7825.43881 7368.85239  5.83%     -   50s
     0     2 7369.66064    0  107 7825.43881 7369.66064  5.82%     -   55s

Cutting planes:
  MIR: 11

Explored 5 nodes (30156 simplex iterations) in 56.84 seconds (21.91 work units)
Thread count was 2 (of 2 available processors)

Solution count 4: 7825.44 7825.87 7927.67 7928.1 

Optimal solution found (tolerance 2.00e-02)
Best objective 7.825438812785e+03, best bound 7.670457229833e+03, gap 1.9805%
Iteration:  4
Size of network:  9044  nodes,  153174  edges
Obj Value:  7825.438812785387
x_load: {((11, 18, 6, 1), (11, 69, 6, 2), 0): 22.0, ((11, 69, 6, 2), (26, 6, 11, 0), 0): 22.0, ((6, 79, 1, 2), (9, 46, 1, 2), 0): 14.0, ((26, 6, 11, 0), (26, 6, 35, 0), 0): 22.0, ((9, 46, 1, 2), (9, 100, 1, 3), 0): 14.0, ((9, 100, 1, 3), (36, 41, 6, 2), 0): 14.0, ((36, 59, 6, 2), (36, 80, 6, 3), 0): 14.0, ((36, 41, 6, 2), (36, 59, 6, 2), 0): 14.0, ((20, 0, 16, 0), (20, 0, 35, 0), 0): 14.0, ((36, 80, 6, 3), (20, 0, 16, 0), 0): 14.0, ((26, 0, 0, 0), (26, 0, 35, 0), 0): 2.0, ((31, 41, 0, 2), (31, 41, 35, 2), 0): 2.0, ((31, 96, 0, 3), (6, 79, 1, 2), 0): 14.0, ((31, 100, 0, 3), (11, 18, 6, 1), 0): 22.0}
x_ener: {((0, 62, 1, 2), (10, 62, 1, 2), 0): 8568.0, ((30, 7, 1, 0), (31, 0, 1, 0), 0): 152.0, ((12, 7, 6, 0), (31, 6, 6, 0), 1): 38.0, ((30, 8, 1, 0), (31, 6, 1, 0), 0): 38.0, ((31, 6, 6, 0), (31, 6, 35, 0), 0): 38.0, ((15, 5, 6, 0), (12, 7, 6, 0), 1): 38.0, ((30, 18, 1, 1), (31, 12, 1, 1), 0): 228.0, ((31, 10, 6, 1), (31, 10, 35, 1), 0): 114.0, ((30, 26, 1, 1), (31, 21, 1, 1), 0): 76.0, ((10, 59, 1, 2), (2, 59, 1, 2), 0): 8533.0, ((2, 59, 1, 2), (0, 62, 1, 2), 0): 4284.0, ((2, 59, 1, 2), (10, 59, 1, 2), 0): 8498.0, ((6, 19, 6, 1), (35, 22, 6, 1), 0): 38.0, ((10, 62, 1, 2), (0, 62, 1, 2), 0): 4249.0, ((10, 62, 1, 2), (2, 59, 1, 2), 0): 4249.0, ((10, 62, 1, 2), (2, 62, 1, 2), 0): 70.0, ((11, 18, 6, 1), (11, 18, 35, 1), 0): 22.0, ((12, 15, 6, 1), (31, 15, 6, 1), 1): 76.0, ((30, 39, 1, 1), (31, 32, 1, 1), 0): 76.0, ((31, 15, 6, 1), (31, 15, 35, 1), 0): 76.0, ((2, 62, 1, 2), (0, 62, 1, 2), 0): 35.0, ((2, 62, 1, 2), (10, 59, 1, 2), 0): 35.0, ((30, 35, 1, 1), (12, 29, 1, 1), 0): 38.0, ((35, 27, 6, 1), (31, 10, 6, 1), 0): 76.0, ((30, 51, 1, 2), (35, 29, 1, 1), 0): 76.0, ((30, 42, 1, 2), (31, 35, 1, 1), 0): 38.0, ((18, 63, 6, 2), (8, 39, 11, 1), 0): 44.0, ((30, 68, 1, 2), (31, 61, 1, 2), 0): 38.0, ((17, 44, 6, 2), (31, 10, 11, 1), 0): 38.0, ((30, 73, 1, 2), (3, 58, 1, 2), 0): 38.0, ((31, 70, 6, 2), (15, 68, 6, 2), 0): 62200.0, ((11, 69, 6, 2), (26, 6, 11, 0), 0): 22.0, ((17, 47, 6, 2), (35, 27, 6, 1), 0): 38.0, ((28, 45, 6, 2), (28, 45, 11, 2), 0): 22.0, ((30, 62, 1, 2), (6, 44, 1, 2), 0): 76.0, ((8, 40, 6, 2), (12, 7, 11, 0), 0): 38.0, ((28, 45, 11, 2), (28, 45, 16, 2), 0): 22.0, ((0, 30, 6, 1), (30, 7, 11, 0), 0): 152.0, ((0, 32, 6, 1), (30, 7, 11, 0), 0): 38.0, ((0, 42, 6, 2), (12, 10, 11, 1), 0): 38.0, ((0, 51, 6, 2), (10, 49, 6, 2), 0): 76.0, ((0, 52, 6, 2), (15, 20, 11, 1), 0): 38.0, ((0, 73, 6, 2), (31, 40, 11, 2), 0): 2227.0, ((30, 7, 11, 0), (31, 0, 11, 0), 0): 228.0, ((12, 7, 11, 0), (31, 6, 11, 0), 1): 2379.0, ((31, 0, 11, 0), (31, 0, 35, 0), 0): 266.0, ((10, 36, 6, 1), (31, 6, 11, 0), 0): 38.0, ((31, 6, 11, 0), (31, 6, 35, 0), 0): 2493.0, ((15, 5, 11, 0), (12, 7, 11, 0), 1): 38.0, ((10, 39, 6, 1), (15, 5, 11, 0), 0): 38.0, ((31, 8, 11, 0), (31, 8, 35, 0), 0): 76.0, ((2, 35, 6, 1), (10, 36, 6, 1), 0): 38.0, ((12, 10, 11, 1), (30, 7, 11, 0), 0): 38.0, ((31, 10, 11, 1), (31, 10, 35, 1), 0): 38.0, ((15, 10, 11, 1), (31, 8, 11, 0), 0): 38.0, ((3, 23, 11, 1), (12, 7, 11, 0), 0): 2227.0, ((10, 48, 6, 2), (31, 15, 11, 1), 0): 76.0, ((10, 49, 6, 2), (12, 15, 11, 1), 0): 114.0, ((15, 20, 11, 1), (31, 18, 11, 1), 1): 2265.0, ((31, 18, 11, 1), (31, 18, 35, 1), 0): 2303.0, ((31, 21, 11, 1), (31, 21, 35, 1), 0): 2227.0, ((4, 40, 11, 2), (30, 7, 16, 0), 0): 1787.0, ((8, 39, 11, 1), (31, 0, 16, 0), 0): 2271.0, ((12, 15, 11, 1), (31, 15, 11, 1), 1): 114.0, ((31, 15, 11, 1), (31, 15, 35, 1), 0): 190.0, ((10, 76, 6, 2), (2, 76, 6, 2), 0): 17376.0, ((15, 24, 11, 1), (31, 24, 11, 1), 0): 4454.0, ((31, 40, 11, 2), (31, 40, 35, 2), 0): 2227.0, ((2, 76, 6, 2), (0, 73, 6, 2), 0): 2227.0, ((2, 76, 6, 2), (3, 23, 11, 1), 0): 2227.0, ((2, 76, 6, 2), (4, 40, 11, 2), 0): 1787.0, ((2, 76, 6, 2), (8, 39, 11, 1), 0): 2227.0, ((2, 76, 6, 2), (12, 24, 11, 1), 0): 2227.0, ((2, 76, 6, 2), (15, 20, 11, 1), 0): 2227.0, ((2, 76, 6, 2), (30, 31, 11, 1), 0): 2227.0, ((2, 76, 6, 2), (31, 21, 11, 1), 0): 2227.0, ((12, 70, 11, 2), (31, 70, 11, 2), 1): 7518.0, ((12, 70, 11, 2), (32, 28, 16, 1), 0): 54682.0, ((31, 70, 11, 2), (31, 70, 16, 2), 0): 7518.0, ((28, 45, 16, 2), (26, 6, 21, 0), 0): 22.0, ((30, 7, 16, 0), (31, 0, 16, 0), 0): 1787.0, ((31, 0, 16, 0), (31, 0, 35, 0), 0): 4058.0, ((12, 70, 16, 2), (32, 28, 21, 1), 0): 5157.0, ((31, 70, 16, 2), (12, 70, 16, 2), 1): 5157.0, ((31, 70, 16, 2), (31, 70, 21, 2), 0): 2361.0, ((10, 17, 16, 1), (2, 14, 16, 1), 0): 34419056.0, ((2, 14, 16, 1), (10, 17, 16, 1), 0): 34419056.0, ((31, 0, 21, 0), (31, 0, 26, 0), 0): 109364.0, ((12, 70, 21, 2), (32, 28, 26, 1), 0): 2361.0, ((31, 70, 21, 2), (12, 70, 21, 2), 1): 2361.0, ((10, 17, 21, 1), (2, 14, 21, 1), 0): 7246088.0, ((2, 14, 21, 1), (10, 17, 21, 1), 0): 7246088.0, ((31, 0, 26, 0), (31, 0, 31, 0), 0): 119678.0, ((9, 0, 31, 0), (9, 0, 35, 0), 0): 14.0, ((10, 17, 26, 1), (2, 14, 26, 1), 0): 1287254.0, ((2, 14, 26, 1), (10, 17, 26, 1), 0): 1287254.0, ((31, 0, 31, 0), (31, 0, 35, 0), 0): 124400.0, ((10, 17, 31, 1), (2, 14, 31, 1), 0): 125559.0, ((2, 14, 31, 1), (10, 17, 31, 1), 0): 125559.0, ((2, 42, 6, 2), (12, 7, 11, 0), 0): 38.0, ((35, 22, 6, 1), (15, 5, 6, 0), 0): 38.0, ((6, 29, 6, 1), (12, 15, 6, 1), 0): 76.0, ((12, 24, 11, 1), (15, 24, 11, 1), 1): 4454.0, ((30, 31, 11, 1), (12, 24, 11, 1), 0): 2227.0, ((31, 24, 11, 1), (31, 24, 35, 1), 0): 4454.0, ((32, 28, 16, 1), (31, 0, 21, 0), 0): 109364.0, ((32, 28, 21, 1), (31, 0, 26, 0), 0): 10314.0, ((32, 28, 26, 1), (31, 0, 31, 0), 0): 4722.0, ((3, 23, 1, 1), (12, 7, 1, 0), 0): 152.0, ((3, 24, 1, 1), (12, 7, 1, 0), 0): 152.0, ((3, 26, 1, 1), (31, 8, 1, 0), 0): 38.0, ((3, 29, 1, 1), (31, 10, 1, 1), 0): 38.0, ((3, 33, 1, 1), (31, 15, 1, 1), 0): 76.0, ((3, 43, 1, 2), (12, 24, 1, 1), 0): 38.0, ((3, 44, 1, 2), (6, 24, 1, 1), 0): 76.0, ((3, 47, 1, 2), (15, 26, 1, 1), 0): 38.0, ((3, 48, 1, 2), (35, 27, 1, 1), 0): 38.0, ((3, 50, 1, 2), (31, 31, 1, 1), 0): 38.0, ((3, 52, 1, 2), (31, 35, 1, 1), 0): 38.0, ((3, 53, 1, 2), (31, 35, 1, 1), 0): 38.0, ((3, 58, 1, 2), (31, 39, 1, 1), 0): 38.0, ((3, 66, 1, 2), (15, 44, 1, 2), 0): 114.0, ((3, 68, 1, 2), (15, 36, 1, 1), 0): 72.0, ((3, 71, 1, 2), (31, 52, 1, 2), 0): 38.0, ((3, 72, 1, 2), (15, 50, 1, 2), 0): 38.0, ((3, 78, 1, 2), (12, 58, 1, 2), 0): 38.0, ((3, 100, 1, 3), (10, 76, 6, 2), 0): 17376.0, ((3, 100, 1, 3), (11, 69, 6, 2), 0): 22.0, ((12, 7, 1, 0), (31, 6, 1, 0), 1): 456.0, ((31, 6, 1, 0), (31, 6, 35, 0), 0): 912.0, ((15, 5, 1, 0), (12, 7, 1, 0), 1): 76.0, ((31, 8, 1, 0), (31, 8, 35, 0), 0): 114.0, ((31, 10, 1, 1), (31, 10, 35, 1), 0): 228.0, ((12, 10, 1, 1), (30, 7, 1, 0), 0): 38.0, ((31, 12, 1, 1), (31, 12, 35, 1), 0): 508.0, ((12, 13, 1, 1), (15, 12, 1, 1), 0): 38.0, ((15, 12, 1, 1), (30, 7, 1, 0), 0): 76.0, ((31, 15, 1, 1), (31, 15, 35, 1), 0): 380.0, ((12, 15, 1, 1), (31, 15, 1, 1), 1): 114.0, ((15, 14, 1, 1), (31, 12, 1, 1), 0): 38.0, ((30, 21, 1, 1), (12, 15, 1, 1), 0): 76.0, ((31, 18, 1, 1), (31, 18, 35, 1), 0): 380.0, ((6, 19, 1, 1), (35, 22, 1, 1), 0): 190.0, ((15, 20, 1, 1), (31, 18, 1, 1), 1): 266.0, ((31, 21, 1, 1), (31, 21, 35, 1), 0): 114.0, ((35, 22, 1, 1), (31, 6, 1, 0), 0): 418.0, ((6, 24, 1, 1), (31, 12, 1, 1), 0): 166.0, ((12, 24, 1, 1), (31, 24, 1, 1), 1): 342.0, ((15, 24, 1, 1), (12, 24, 1, 1), 0): 76.0, ((30, 28, 1, 1), (31, 21, 1, 1), 0): 38.0, ((31, 24, 1, 1), (31, 24, 35, 1), 0): 380.0, ((6, 13, 1, 1), (31, 0, 1, 0), 0): 38.0, ((30, 22, 1, 1), (31, 15, 1, 1), 0): 76.0, ((30, 30, 1, 1), (12, 24, 1, 1), 0): 152.0, ((6, 26, 1, 1), (31, 15, 1, 1), 0): 76.0, ((12, 17, 1, 1), (31, 18, 1, 1), 0): 114.0, ((12, 27, 1, 1), (31, 27, 1, 1), 0): 342.0, ((30, 31, 1, 1), (31, 24, 1, 1), 0): 38.0, ((31, 27, 1, 1), (31, 27, 35, 1), 0): 532.0, ((12, 19, 1, 1), (15, 20, 1, 1), 1): 38.0, ((15, 26, 1, 1), (30, 18, 1, 1), 0): 114.0, ((30, 34, 1, 1), (31, 27, 1, 1), 0): 38.0, ((31, 29, 1, 1), (31, 29, 35, 1), 0): 114.0, ((35, 27, 1, 1), (31, 10, 1, 1), 0): 190.0, ((12, 29, 1, 1), (31, 29, 1, 1), 0): 114.0, ((6, 29, 1, 1), (12, 15, 1, 1), 0): 38.0, ((15, 28, 1, 1), (12, 27, 1, 1), 0): 76.0, ((12, 30, 1, 1), (6, 19, 1, 1), 0): 38.0, ((31, 31, 1, 1), (31, 31, 35, 1), 0): 38.0, ((6, 20, 1, 1), (35, 22, 1, 1), 0): 38.0, ((6, 31, 1, 1), (15, 20, 1, 1), 0): 76.0, ((12, 33, 1, 1), (31, 32, 1, 1), 0): 38.0, ((31, 32, 1, 1), (31, 32, 35, 1), 0): 114.0, ((6, 21, 1, 1), (31, 8, 1, 0), 0): 38.0, ((31, 35, 1, 1), (31, 35, 35, 1), 0): 452.0, ((35, 29, 1, 1), (31, 12, 1, 1), 0): 76.0, ((6, 34, 1, 1), (15, 20, 1, 1), 0): 76.0, ((15, 31, 1, 1), (30, 22, 1, 1), 0): 38.0, ((35, 30, 1, 1), (31, 15, 1, 1), 0): 38.0, ((12, 35, 1, 1), (31, 35, 1, 1), 1): 38.0, ((15, 36, 1, 1), (31, 35, 1, 1), 0): 262.0, ((30, 40, 1, 2), (31, 35, 1, 1), 0): 38.0, ((31, 36, 1, 1), (31, 36, 35, 1), 0): 38.0, ((6, 40, 1, 2), (31, 27, 1, 1), 0): 152.0, ((12, 38, 1, 1), (31, 38, 1, 1), 0): 38.0, ((30, 46, 1, 2), (31, 39, 1, 1), 0): 38.0, ((31, 39, 1, 1), (31, 39, 35, 1), 0): 190.0, ((35, 35, 1, 1), (12, 17, 1, 1), 0): 76.0, ((12, 37, 1, 1), (30, 30, 1, 1), 0): 76.0, ((12, 47, 1, 2), (31, 47, 1, 2), 0): 114.0, ((15, 44, 1, 2), (12, 44, 1, 2), 0): 152.0, ((31, 38, 1, 1), (31, 38, 35, 1), 0): 114.0, ((31, 47, 1, 2), (31, 47, 35, 2), 0): 228.0, ((35, 45, 1, 2), (12, 27, 1, 1), 0): 228.0, ((15, 46, 1, 2), (3, 24, 1, 1), 0): 76.0, ((31, 49, 1, 2), (31, 49, 35, 2), 0): 114.0, ((12, 40, 1, 2), (31, 39, 1, 1), 0): 114.0, ((12, 49, 1, 2), (31, 49, 1, 2), 0): 114.0, ((15, 37, 1, 1), (6, 24, 1, 1), 0): 38.0, ((15, 48, 1, 2), (12, 47, 1, 2), 0): 76.0, ((35, 40, 1, 2), (6, 40, 1, 2), 0): 38.0, ((35, 47, 1, 2), (3, 24, 1, 1), 0): 38.0, ((12, 44, 1, 2), (31, 44, 1, 2), 1): 228.0, ((15, 40, 1, 2), (31, 38, 1, 1), 0): 38.0, ((15, 50, 1, 2), (12, 49, 1, 2), 0): 38.0, ((31, 44, 1, 2), (31, 44, 35, 2), 0): 228.0, ((31, 52, 1, 2), (31, 52, 35, 2), 0): 38.0, ((6, 44, 1, 2), (35, 45, 1, 2), 0): 114.0, ((6, 53, 1, 2), (12, 40, 1, 2), 0): 76.0, ((9, 40, 6, 2), (6, 19, 6, 1), 0): 38.0, ((12, 53, 1, 2), (35, 35, 1, 1), 0): 38.0, ((31, 55, 1, 2), (31, 55, 35, 2), 0): 38.0, ((35, 52, 1, 2), (15, 36, 1, 1), 0): 76.0, ((6, 59, 1, 2), (31, 47, 1, 2), 0): 114.0, ((12, 58, 1, 2), (31, 59, 1, 2), 1): 190.0, ((15, 60, 1, 2), (12, 58, 1, 2), 1): 114.0, ((30, 66, 1, 2), (35, 45, 1, 2), 0): 76.0, ((31, 59, 1, 2), (31, 59, 35, 2), 0): 190.0, ((35, 55, 1, 2), (31, 38, 1, 1), 0): 38.0, ((9, 43, 6, 2), (35, 27, 6, 1), 0): 38.0, ((12, 70, 1, 2), (31, 70, 1, 2), 1): 114.0, ((31, 61, 1, 2), (31, 61, 35, 2), 0): 38.0, ((35, 65, 1, 2), (6, 64, 1, 2), 0): 76.0, ((6, 79, 1, 2), (9, 46, 1, 2), 0): 14.0, ((6, 79, 1, 2), (31, 70, 1, 2), 0): 62.0, ((15, 68, 1, 2), (12, 70, 1, 2), 1): 38.0, ((30, 86, 1, 3), (31, 80, 1, 3), 0): 38.0, ((31, 72, 1, 2), (31, 72, 35, 2), 0): 152.0, ((8, 44, 6, 2), (12, 7, 11, 0), 0): 38.0, ((3, 29, 6, 1), (31, 10, 6, 1), 0): 38.0, ((17, 49, 6, 2), (3, 29, 6, 1), 0): 38.0, ((17, 51, 6, 2), (31, 18, 11, 1), 0): 38.0, ((9, 67, 11, 2), (29, 64, 11, 2), 0): 54682.0, ((15, 68, 6, 2), (15, 68, 11, 2), 0): 62200.0, ((29, 64, 11, 2), (32, 28, 16, 1), 0): 54682.0, ((9, 67, 16, 2), (29, 64, 16, 2), 0): 5157.0, ((15, 68, 11, 2), (12, 70, 11, 2), 1): 62200.0, ((29, 64, 16, 2), (32, 28, 21, 1), 0): 5157.0, ((9, 67, 21, 2), (29, 64, 21, 2), 0): 2361.0, ((29, 64, 21, 2), (32, 28, 26, 1), 0): 2361.0, ((6, 79, 21, 2), (35, 80, 21, 3), 0): 2361.0, ((35, 80, 21, 3), (9, 67, 21, 2), 0): 2361.0, ((28, 31, 6, 1), (26, 6, 11, 0), 0): 2.0, ((26, 6, 11, 0), (26, 6, 35, 0), 0): 26.0, ((26, 33, 11, 1), (26, 33, 35, 1), 0): 196.0, ((28, 61, 6, 2), (26, 33, 11, 1), 0): 70.0, ((8, 42, 6, 2), (31, 6, 11, 0), 0): 38.0, ((28, 31, 11, 1), (28, 31, 16, 1), 0): 2.0, ((28, 31, 16, 1), (26, 6, 21, 0), 0): 4.0, ((26, 6, 21, 0), (26, 6, 35, 0), 0): 26.0, ((26, 12, 21, 1), (26, 12, 35, 1), 0): 16.0, ((26, 33, 26, 1), (26, 33, 31, 1), 0): 63.0, ((26, 33, 31, 1), (26, 33, 35, 1), 0): 63.0, ((5, 80, 21, 3), (26, 46, 26, 2), 0): 14.0, ((5, 80, 11, 3), (26, 46, 16, 2), 0): 2.0, ((5, 80, 11, 3), (5, 80, 16, 3), 0): 6.0, ((26, 46, 1, 2), (5, 26, 6, 1), 0): 2.0, ((26, 66, 1, 2), (28, 31, 6, 1), 0): 2.0, ((26, 66, 1, 2), (26, 66, 6, 2), 0): 4.0, ((26, 80, 1, 3), (26, 80, 6, 3), 0): 16.0, ((5, 26, 1, 1), (26, 6, 6, 0), 0): 4.0, ((5, 46, 11, 2), (5, 46, 16, 2), 0): 14.0, ((26, 6, 6, 0), (26, 6, 35, 0), 0): 6.0, ((26, 66, 6, 2), (28, 31, 11, 1), 0): 2.0, ((26, 66, 6, 2), (26, 66, 11, 2), 0): 2.0, ((26, 80, 6, 3), (5, 46, 11, 2), 0): 14.0, ((26, 80, 6, 3), (26, 80, 11, 3), 0): 2.0, ((5, 26, 6, 1), (26, 6, 11, 0), 0): 2.0, ((5, 46, 16, 2), (26, 12, 21, 1), 0): 16.0, ((5, 66, 6, 2), (26, 33, 11, 1), 0): 126.0, ((5, 80, 26, 3), (26, 46, 31, 2), 0): 12.0, ((5, 80, 16, 3), (26, 46, 21, 2), 0): 6.0, ((26, 66, 11, 2), (28, 31, 16, 1), 0): 2.0, ((26, 80, 11, 3), (5, 46, 16, 2), 0): 2.0, ((26, 46, 16, 2), (26, 46, 35, 2), 0): 2.0, ((5, 66, 16, 2), (5, 66, 21, 2), 0): 63.0, ((26, 46, 21, 2), (26, 46, 35, 2), 0): 6.0, ((5, 66, 21, 2), (26, 33, 26, 1), 0): 63.0, ((26, 46, 26, 2), (26, 46, 31, 2), 0): 14.0, ((26, 46, 31, 2), (26, 46, 35, 2), 0): 26.0, ((6, 64, 1, 2), (31, 51, 1, 2), 0): 152.0, ((31, 0, 1, 0), (31, 0, 35, 0), 0): 190.0, ((15, 10, 1, 1), (31, 8, 1, 0), 0): 38.0, ((15, 32, 1, 1), (6, 19, 1, 1), 0): 38.0, ((30, 19, 1, 1), (15, 10, 1, 1), 0): 38.0, ((12, 45, 1, 2), (3, 26, 1, 1), 0): 38.0, ((30, 41, 1, 2), (35, 22, 1, 1), 0): 38.0, ((12, 50, 1, 2), (6, 40, 1, 2), 0): 38.0, ((31, 51, 1, 2), (31, 51, 35, 2), 0): 152.0, ((9, 46, 1, 2), (6, 24, 1, 1), 0): 14.0, ((35, 72, 1, 2), (31, 55, 1, 2), 0): 38.0, ((31, 70, 1, 2), (31, 70, 6, 2), 0): 62200.0, ((15, 66, 1, 2), (3, 44, 1, 2), 0): 38.0, ((12, 77, 1, 2), (15, 76, 1, 2), 0): 76.0, ((12, 90, 1, 3), (31, 90, 1, 3), 1): 38.0, ((15, 76, 1, 2), (31, 75, 1, 2), 0): 114.0, ((15, 86, 1, 3), (3, 66, 1, 2), 0): 38.0, ((31, 90, 1, 3), (31, 90, 6, 3), 0): 2361.0, ((12, 79, 1, 2), (3, 66, 1, 2), 0): 38.0, ((29, 40, 6, 2), (31, 6, 11, 0), 0): 38.0, ((29, 49, 6, 2), (6, 29, 6, 1), 0): 76.0, ((9, 45, 6, 2), (31, 8, 11, 0), 0): 38.0, ((9, 47, 6, 2), (15, 10, 11, 1), 0): 38.0, ((31, 90, 6, 3), (31, 90, 11, 3), 0): 2361.0, ((12, 90, 11, 3), (12, 90, 16, 3), 0): 2361.0, ((31, 90, 11, 3), (12, 90, 11, 3), 1): 2361.0, ((12, 90, 16, 3), (31, 90, 16, 3), 1): 2361.0, ((31, 90, 16, 3), (31, 90, 21, 3), 0): 2361.0, ((36, 39, 26, 1), (36, 40, 26, 2), 0): 14.0, ((12, 90, 21, 3), (6, 79, 21, 2), 0): 2361.0, ((31, 90, 21, 3), (12, 90, 21, 3), 1): 2361.0, ((36, 40, 26, 2), (36, 41, 26, 2), 0): 14.0, ((9, 100, 1, 3), (36, 41, 6, 2), 0): 14.0, ((35, 53, 1, 2), (31, 36, 1, 1), 0): 38.0, ((16, 41, 6, 2), (31, 0, 11, 0), 0): 38.0, ((36, 59, 6, 2), (36, 80, 6, 3), 0): 14.0, ((9, 100, 0, 3), (9, 100, 1, 3), 0): 14.0, ((36, 41, 6, 2), (36, 59, 6, 2), 0): 14.0, ((36, 41, 26, 2), (9, 0, 31, 0), 0): 14.0, ((11, 73, 1, 2), (11, 73, 6, 2), 0): 22.0, ((11, 73, 0, 2), (11, 73, 1, 2), 0): 22.0, ((28, 31, 1, 1), (26, 6, 6, 0), 0): 2.0, ((11, 73, 6, 2), (28, 45, 6, 2), 0): 22.0, ((12, 98, 6, 3), (12, 98, 11, 3), 0): 5157.0, ((12, 97, 1, 3), (31, 96, 1, 3), 1): 190.0, ((12, 98, 1, 3), (3, 78, 1, 2), 0): 38.0, ((12, 100, 1, 3), (15, 100, 1, 3), 0): 5157.0, ((12, 100, 1, 3), (31, 100, 1, 3), 0): 54682.0, ((15, 74, 1, 2), (31, 72, 1, 2), 0): 152.0, ((31, 75, 1, 2), (31, 75, 35, 2), 0): 114.0, ((15, 77, 1, 2), (6, 64, 1, 2), 0): 38.0, ((31, 80, 1, 3), (31, 80, 35, 3), 0): 38.0, ((15, 96, 1, 3), (12, 97, 1, 3), 1): 114.0, ((31, 96, 1, 3), (31, 96, 35, 3), 0): 190.0, ((15, 100, 1, 3), (15, 100, 6, 3), 0): 5157.0, ((31, 100, 1, 3), (31, 100, 6, 3), 0): 54682.0, ((35, 73, 1, 2), (15, 60, 1, 2), 0): 38.0, ((12, 73, 1, 2), (15, 74, 1, 2), 1): 38.0, ((12, 78, 1, 2), (35, 65, 1, 2), 0): 38.0, ((12, 98, 11, 3), (9, 67, 16, 2), 0): 5157.0, ((12, 100, 6, 3), (9, 67, 11, 2), 0): 54682.0, ((15, 100, 6, 3), (12, 98, 6, 3), 0): 5157.0, ((31, 100, 6, 3), (12, 100, 6, 3), 0): 54682.0, ((20, 7, 16, 0), (20, 9, 16, 0), 0): 14.0, ((20, 9, 16, 0), (20, 10, 16, 1), 0): 14.0, ((20, 40, 16, 2), (20, 44, 16, 2), 0): 14.0, ((20, 29, 16, 1), (20, 40, 16, 2), 0): 14.0, ((20, 64, 16, 2), (20, 80, 16, 3), 0): 14.0, ((20, 49, 16, 2), (24, 50, 16, 2), 0): 14.0, ((24, 50, 16, 2), (20, 64, 16, 2), 0): 14.0, ((20, 80, 16, 3), (24, 80, 16, 3), 1): 14.0, ((20, 0, 16, 0), (20, 7, 16, 0), 0): 14.0, ((20, 10, 16, 1), (20, 29, 16, 1), 0): 14.0, ((20, 44, 16, 2), (20, 49, 16, 2), 0): 14.0, ((24, 80, 16, 3), (36, 39, 26, 1), 0): 14.0, ((36, 80, 6, 3), (20, 0, 16, 0), 0): 14.0, ((26, 46, 0, 2), (5, 26, 1, 1), 0): 4.0, ((26, 46, 0, 2), (26, 46, 1, 2), 0): 2.0, ((26, 66, 0, 2), (28, 31, 1, 1), 0): 2.0, ((26, 66, 0, 2), (26, 66, 1, 2), 0): 6.0, ((26, 80, 0, 3), (26, 80, 1, 3), 0): 16.0, ((26, 100, 6, 3), (5, 80, 11, 3), 0): 8.0, ((26, 100, 6, 3), (26, 100, 11, 3), 0): 89.0, ((26, 100, 1, 3), (5, 66, 6, 2), 0): 126.0, ((26, 100, 1, 3), (28, 61, 6, 2), 0): 70.0, ((26, 100, 1, 3), (26, 100, 6, 3), 0): 97.0, ((26, 100, 0, 3), (18, 63, 6, 2), 0): 44.0, ((26, 100, 0, 3), (26, 100, 1, 3), 0): 293.0, ((26, 100, 11, 3), (5, 66, 16, 2), 0): 63.0, ((26, 100, 11, 3), (26, 100, 16, 3), 0): 26.0, ((26, 100, 16, 3), (5, 80, 21, 3), 0): 14.0, ((26, 100, 16, 3), (26, 100, 21, 3), 0): 12.0, ((26, 100, 21, 3), (5, 80, 26, 3), 0): 12.0, ((31, 6, 0, 0), (12, 7, 1, 0), 0): 38.0, ((31, 6, 0, 0), (15, 5, 1, 0), 0): 38.0, ((31, 8, 0, 0), (12, 7, 1, 0), 0): 38.0, ((31, 8, 0, 0), (15, 5, 1, 0), 0): 38.0, ((31, 12, 0, 1), (12, 10, 1, 1), 0): 38.0, ((31, 15, 0, 1), (12, 13, 1, 1), 0): 38.0, ((31, 15, 0, 1), (15, 12, 1, 1), 0): 38.0, ((31, 15, 0, 1), (30, 7, 1, 0), 0): 38.0, ((31, 18, 0, 1), (12, 17, 1, 1), 0): 38.0, ((31, 18, 0, 1), (15, 14, 1, 1), 0): 38.0, ((31, 18, 0, 1), (30, 8, 1, 0), 0): 38.0, ((31, 21, 0, 1), (12, 19, 1, 1), 0): 38.0, ((31, 21, 0, 1), (15, 20, 1, 1), 0): 38.0, ((31, 24, 0, 1), (12, 24, 1, 1), 0): 38.0, ((31, 24, 0, 1), (15, 20, 1, 1), 0): 38.0, ((31, 24, 0, 1), (30, 18, 1, 1), 0): 38.0, ((31, 25, 0, 1), (12, 24, 1, 1), 0): 38.0, ((31, 25, 0, 1), (15, 24, 1, 1), 0): 38.0, ((31, 25, 0, 1), (30, 18, 1, 1), 0): 38.0, ((31, 27, 0, 1), (15, 24, 1, 1), 0): 38.0, ((31, 27, 0, 1), (30, 18, 1, 1), 0): 38.0, ((31, 29, 0, 1), (12, 27, 1, 1), 0): 38.0, ((31, 29, 0, 1), (15, 26, 1, 1), 0): 38.0, ((31, 29, 0, 1), (30, 19, 1, 1), 0): 38.0, ((31, 30, 0, 1), (12, 29, 1, 1), 0): 38.0, ((31, 30, 0, 1), (15, 26, 1, 1), 0): 38.0, ((31, 30, 0, 1), (30, 21, 1, 1), 0): 38.0, ((31, 31, 0, 1), (12, 29, 1, 1), 0): 38.0, ((31, 31, 0, 1), (15, 28, 1, 1), 0): 38.0, ((31, 31, 0, 1), (30, 21, 1, 1), 0): 38.0, ((31, 32, 0, 1), (6, 13, 1, 1), 0): 38.0, ((31, 32, 0, 1), (12, 30, 1, 1), 0): 38.0, ((31, 32, 0, 1), (15, 28, 1, 1), 0): 38.0, ((31, 32, 0, 1), (30, 22, 1, 1), 0): 38.0, ((31, 35, 0, 1), (6, 19, 1, 1), 0): 38.0, ((31, 35, 0, 1), (12, 33, 1, 1), 0): 38.0, ((31, 35, 0, 1), (15, 31, 1, 1), 0): 38.0, ((31, 35, 0, 1), (30, 26, 1, 1), 0): 38.0, ((31, 36, 0, 1), (6, 19, 1, 1), 0): 38.0, ((31, 36, 0, 1), (12, 35, 1, 1), 0): 38.0, ((31, 36, 0, 1), (15, 32, 1, 1), 0): 38.0, ((31, 36, 0, 1), (30, 26, 1, 1), 0): 38.0, ((31, 38, 0, 1), (6, 19, 1, 1), 0): 38.0, ((31, 38, 0, 1), (12, 37, 1, 1), 0): 38.0, ((31, 38, 0, 1), (15, 36, 1, 1), 0): 38.0, ((31, 38, 0, 1), (30, 28, 1, 1), 0): 38.0, ((31, 39, 0, 1), (6, 20, 1, 1), 0): 38.0, ((31, 39, 0, 1), (12, 37, 1, 1), 0): 38.0, ((31, 39, 0, 1), (15, 36, 1, 1), 0): 38.0, ((31, 39, 0, 1), (30, 30, 1, 1), 0): 38.0, ((31, 40, 0, 2), (6, 21, 1, 1), 0): 38.0, ((31, 40, 0, 2), (12, 38, 1, 1), 0): 38.0, ((31, 40, 0, 2), (15, 36, 1, 1), 0): 38.0, ((31, 40, 0, 2), (30, 30, 1, 1), 0): 38.0, ((31, 41, 0, 2), (6, 24, 1, 1), 0): 38.0, ((31, 41, 0, 2), (12, 40, 1, 2), 0): 38.0, ((31, 41, 0, 2), (15, 37, 1, 1), 0): 38.0, ((31, 41, 0, 2), (30, 31, 1, 1), 0): 38.0, ((31, 41, 0, 2), (35, 22, 1, 1), 0): 38.0, ((31, 44, 0, 2), (6, 26, 1, 1), 0): 38.0, ((31, 44, 0, 2), (12, 44, 1, 2), 0): 38.0, ((31, 44, 0, 2), (15, 40, 1, 2), 0): 38.0, ((31, 44, 0, 2), (30, 34, 1, 1), 0): 38.0, ((31, 44, 0, 2), (35, 22, 1, 1), 0): 38.0, ((31, 45, 0, 2), (6, 26, 1, 1), 0): 38.0, ((31, 45, 0, 2), (12, 44, 1, 2), 0): 38.0, ((31, 45, 0, 2), (30, 35, 1, 1), 0): 38.0, ((31, 45, 0, 2), (35, 22, 1, 1), 0): 38.0, ((31, 47, 0, 2), (3, 23, 1, 1), 0): 38.0, ((31, 47, 0, 2), (6, 29, 1, 1), 0): 38.0, ((31, 47, 0, 2), (12, 45, 1, 2), 0): 38.0, ((31, 47, 0, 2), (15, 44, 1, 2), 0): 38.0, ((31, 47, 0, 2), (30, 39, 1, 1), 0): 38.0, ((31, 47, 0, 2), (35, 22, 1, 1), 0): 38.0, ((31, 49, 0, 2), (3, 23, 1, 1), 0): 38.0, ((31, 49, 0, 2), (6, 31, 1, 1), 0): 38.0, ((31, 49, 0, 2), (12, 47, 1, 2), 0): 38.0, ((31, 49, 0, 2), (15, 46, 1, 2), 0): 38.0, ((31, 49, 0, 2), (30, 39, 1, 1), 0): 38.0, ((31, 49, 0, 2), (35, 27, 1, 1), 0): 38.0, ((31, 50, 0, 2), (3, 23, 1, 1), 0): 38.0, ((31, 50, 0, 2), (6, 31, 1, 1), 0): 38.0, ((31, 50, 0, 2), (12, 49, 1, 2), 0): 38.0, ((31, 50, 0, 2), (15, 46, 1, 2), 0): 38.0, ((31, 50, 0, 2), (30, 40, 1, 2), 0): 38.0, ((31, 50, 0, 2), (35, 27, 1, 1), 0): 38.0, ((31, 51, 0, 2), (3, 23, 1, 1), 0): 38.0, ((31, 51, 0, 2), (6, 34, 1, 1), 0): 38.0, ((31, 51, 0, 2), (12, 49, 1, 2), 0): 38.0, ((31, 51, 0, 2), (15, 48, 1, 2), 0): 38.0, ((31, 51, 0, 2), (30, 41, 1, 2), 0): 38.0, ((31, 51, 0, 2), (35, 27, 1, 1), 0): 38.0, ((31, 52, 0, 2), (3, 24, 1, 1), 0): 38.0, ((31, 52, 0, 2), (6, 34, 1, 1), 0): 38.0, ((31, 52, 0, 2), (12, 50, 1, 2), 0): 38.0, ((31, 52, 0, 2), (15, 48, 1, 2), 0): 38.0, ((31, 52, 0, 2), (30, 42, 1, 2), 0): 38.0, ((31, 52, 0, 2), (35, 27, 1, 1), 0): 38.0, ((31, 55, 0, 2), (3, 29, 1, 1), 0): 38.0, ((31, 55, 0, 2), (6, 40, 1, 2), 0): 38.0, ((31, 55, 0, 2), (12, 53, 1, 2), 0): 38.0, ((31, 55, 0, 2), (30, 46, 1, 2), 0): 38.0, ((31, 55, 0, 2), (35, 30, 1, 1), 0): 38.0, ((31, 59, 0, 2), (3, 33, 1, 1), 0): 38.0, ((31, 59, 0, 2), (6, 40, 1, 2), 0): 38.0, ((31, 59, 0, 2), (12, 58, 1, 2), 0): 38.0, ((31, 59, 0, 2), (15, 60, 1, 2), 0): 38.0, ((31, 59, 0, 2), (30, 51, 1, 2), 0): 38.0, ((31, 59, 0, 2), (35, 35, 1, 1), 0): 38.0, ((31, 61, 0, 2), (3, 33, 1, 1), 0): 38.0, ((31, 61, 0, 2), (6, 44, 1, 2), 0): 38.0, ((31, 61, 0, 2), (15, 60, 1, 2), 0): 38.0, ((31, 61, 0, 2), (30, 51, 1, 2), 0): 38.0, ((31, 61, 0, 2), (35, 40, 1, 2), 0): 38.0, ((31, 70, 0, 2), (3, 43, 1, 2), 0): 38.0, ((31, 70, 0, 2), (6, 53, 1, 2), 0): 38.0, ((31, 70, 0, 2), (12, 70, 1, 2), 0): 38.0, ((31, 70, 0, 2), (15, 66, 1, 2), 0): 38.0, ((31, 70, 0, 2), (30, 62, 1, 2), 0): 38.0, ((31, 70, 0, 2), (35, 45, 1, 2), 0): 38.0, ((31, 70, 0, 2), (31, 70, 1, 2), 0): 62024.0, ((31, 72, 0, 2), (0, 30, 6, 1), 0): 38.0, ((31, 72, 0, 2), (3, 44, 1, 2), 0): 38.0, ((31, 72, 0, 2), (6, 53, 1, 2), 0): 38.0, ((31, 72, 0, 2), (12, 70, 1, 2), 0): 38.0, ((31, 72, 0, 2), (15, 68, 1, 2), 0): 38.0, ((31, 72, 0, 2), (30, 62, 1, 2), 0): 38.0, ((31, 72, 0, 2), (35, 47, 1, 2), 0): 38.0, ((31, 75, 0, 2), (0, 30, 6, 1), 0): 38.0, ((31, 75, 0, 2), (3, 47, 1, 2), 0): 38.0, ((31, 75, 0, 2), (6, 59, 1, 2), 0): 38.0, ((31, 75, 0, 2), (12, 73, 1, 2), 0): 38.0, ((31, 75, 0, 2), (15, 74, 1, 2), 0): 38.0, ((31, 75, 0, 2), (30, 66, 1, 2), 0): 38.0, ((31, 75, 0, 2), (35, 52, 1, 2), 0): 38.0, ((31, 76, 0, 2), (0, 30, 6, 1), 0): 38.0, ((31, 76, 0, 2), (3, 48, 1, 2), 0): 38.0, ((31, 76, 0, 2), (6, 59, 1, 2), 0): 38.0, ((31, 76, 0, 2), (12, 77, 1, 2), 0): 38.0, ((31, 76, 0, 2), (15, 74, 1, 2), 0): 38.0, ((31, 76, 0, 2), (30, 66, 1, 2), 0): 38.0, ((31, 76, 0, 2), (35, 52, 1, 2), 0): 38.0, ((31, 78, 0, 2), (0, 30, 6, 1), 0): 38.0, ((31, 78, 0, 2), (3, 50, 1, 2), 0): 38.0, ((31, 78, 0, 2), (6, 59, 1, 2), 0): 38.0, ((31, 78, 0, 2), (12, 77, 1, 2), 0): 38.0, ((31, 78, 0, 2), (15, 74, 1, 2), 0): 38.0, ((31, 78, 0, 2), (30, 68, 1, 2), 0): 38.0, ((31, 78, 0, 2), (35, 53, 1, 2), 0): 38.0, ((31, 80, 0, 3), (0, 32, 6, 1), 0): 38.0, ((31, 80, 0, 3), (3, 52, 1, 2), 0): 38.0, ((31, 80, 0, 3), (12, 78, 1, 2), 0): 38.0, ((31, 80, 0, 3), (15, 76, 1, 2), 0): 38.0, ((31, 80, 0, 3), (35, 55, 1, 2), 0): 38.0, ((31, 81, 0, 3), (3, 53, 1, 2), 0): 38.0, ((31, 81, 0, 3), (6, 64, 1, 2), 0): 38.0, ((31, 81, 0, 3), (12, 79, 1, 2), 0): 38.0, ((31, 81, 0, 3), (15, 77, 1, 2), 0): 38.0, ((31, 81, 0, 3), (30, 73, 1, 2), 0): 38.0, ((31, 90, 0, 3), (0, 42, 6, 2), 0): 38.0, ((31, 90, 0, 3), (2, 35, 6, 1), 0): 38.0, ((31, 90, 0, 3), (3, 66, 1, 2), 0): 38.0, ((31, 90, 0, 3), (9, 40, 6, 2), 0): 38.0, ((31, 90, 0, 3), (10, 39, 6, 1), 0): 38.0, ((31, 90, 0, 3), (12, 90, 1, 3), 0): 38.0, ((31, 90, 0, 3), (15, 86, 1, 3), 0): 38.0, ((31, 90, 0, 3), (17, 44, 6, 2), 0): 38.0, ((31, 90, 0, 3), (29, 40, 6, 2), 0): 38.0, ((31, 90, 0, 3), (35, 65, 1, 2), 0): 38.0, ((31, 90, 0, 3), (31, 90, 1, 3), 0): 2323.0, ((31, 96, 0, 3), (0, 51, 6, 2), 0): 38.0, ((31, 96, 0, 3), (2, 42, 6, 2), 0): 38.0, ((31, 96, 0, 3), (3, 68, 1, 2), 0): 72.0, ((31, 96, 0, 3), (6, 79, 1, 2), 0): 38.0, ((31, 96, 0, 3), (8, 40, 6, 2), 0): 38.0, ((31, 96, 0, 3), (9, 43, 6, 2), 0): 38.0, ((31, 96, 0, 3), (10, 48, 6, 2), 0): 38.0, ((31, 96, 0, 3), (12, 97, 1, 3), 0): 38.0, ((31, 96, 0, 3), (15, 96, 1, 3), 0): 38.0, ((31, 96, 0, 3), (17, 47, 6, 2), 0): 38.0, ((31, 96, 0, 3), (29, 49, 6, 2), 0): 38.0, ((31, 96, 0, 3), (30, 86, 1, 3), 0): 38.0, ((31, 96, 0, 3), (35, 72, 1, 2), 0): 38.0, ((31, 98, 0, 3), (0, 51, 6, 2), 0): 38.0, ((31, 98, 0, 3), (3, 71, 1, 2), 0): 38.0, ((31, 98, 0, 3), (6, 79, 1, 2), 0): 38.0, ((31, 98, 0, 3), (8, 42, 6, 2), 0): 38.0, ((31, 98, 0, 3), (9, 45, 6, 2), 0): 38.0, ((31, 98, 0, 3), (10, 48, 6, 2), 0): 38.0, ((31, 98, 0, 3), (12, 97, 1, 3), 0): 38.0, ((31, 98, 0, 3), (15, 96, 1, 3), 0): 38.0, ((31, 98, 0, 3), (17, 49, 6, 2), 0): 38.0, ((31, 98, 0, 3), (29, 49, 6, 2), 0): 38.0, ((31, 98, 0, 3), (35, 73, 1, 2), 0): 38.0, ((31, 100, 0, 3), (0, 52, 6, 2), 0): 38.0, ((31, 100, 0, 3), (3, 72, 1, 2), 0): 38.0, ((31, 100, 0, 3), (3, 100, 1, 3), 0): 17398.0, ((31, 100, 0, 3), (8, 44, 6, 2), 0): 38.0, ((31, 100, 0, 3), (9, 47, 6, 2), 0): 38.0, ((31, 100, 0, 3), (10, 49, 6, 2), 0): 38.0, ((31, 100, 0, 3), (11, 18, 6, 1), 0): 22.0, ((31, 100, 0, 3), (12, 98, 1, 3), 0): 38.0, ((31, 100, 0, 3), (12, 100, 1, 3), 0): 59839.0, ((31, 100, 0, 3), (15, 96, 1, 3), 0): 38.0, ((31, 100, 0, 3), (16, 41, 6, 2), 0): 38.0, ((31, 100, 0, 3), (17, 51, 6, 2), 0): 38.0}
a: {20: 1.0, 36: 1.0}
n: {9: 14.0, 11: 22.0}
{0: (34.421443, -119.684178), 1: (38.164391, -112.278183), 2: (34.4349097, -119.9212861), 3: (34.689589, -118.130371), 4: (35.400164, -119.399727), 5: (38.7747705, -119.9029911), 6: (33.9541734, -117.5556971), 7: (36.009923, -114.784826), 8: (35.3002628, -119.0381956), 9: (34.118101, -116.45646), 10: (34.4425082, -119.7812613), 11: (36.075856, -119.043996), 12: (33.8722233, -118.2654222), 13: (35.263617, -112.194139), 14: (37.72495, -113.056978), 15: (33.7885884, -118.2150827), 16: (32.596725, -117.019495), 17: (34.886448, -117.079423), 18: (35.9874334, -119.961999), 19: (35.01643, -110.675005), 20: (33.30006, -111.96835), 21: (38.786621, -112.084147), 22: (32.794671, -115.539473), 23: (36.220567, -115.125553), 24: (33.3021433, -111.9552863), 25: (33.39639, -110.76888), 26: (37.8135094, -119.8800771), 27: (37.161682, -113.434692), 28: (36.72136, -119.761165), 29: (33.8310496, -116.5452277), 30: (34.12755, -118.443664), 31: (33.899899, -118.207088), 32: (33.0390751, -117.2841996), 33: (33.3874378, -110.7609849), 34: (32.178328, -110.960207), 35: (34.02094, -117.385415), 36: (33.603063, -114.598023)}
(((26, np.int64(0), np.int64(0), 0), (26, 0, 35, 0), 0),)
(((31, np.int64(41), np.int64(0), 2), (31, 41, 35, 2), 0),)
(((31, np.int64(96), np.int64(0), 3), (6, 79, 1, 2), 0), ((6, 79, 1, 2), (9, 46, 1, 2), 0), ((9, 46, 1, 2), (9, 100, 1, 3), 0), ((9, 100, 1, 3), (36, 41, 6, 2), 0), ((36, 41, 6, 2), (36, 59, 6, 2), 0), ((36, 59, 6, 2), (36, 80, 6, 3), 0), ((36, 80, 6, 3), (20, 0, 16, 0), 0), ((20, 0, 16, 0), (20, 0, 35, 0), 0))
New edge added:  ((31, np.int64(96), np.int64(0), 3), (6, np.int64(77), np.int64(3), 2), 0)  Edge removed:  ((31, np.int64(96), np.int64(0), 3), (6, 79, 1, 2), 0)
Solution cannot be extended to a feasible solution, updating network...
{'x_load': {((26, np.int64(0), np.int64(0), 0), (26, np.int64(0), 35, 0)): 2.0, ((31, np.int64(41), np.int64(0), 2), (31, np.int64(41), 35, 2)): 2.0, ((31, np.int64(96), np.int64(0), 3), (6, np.int64(77), np.int64(3), 2)): 14.0, ((6, np.int64(77), np.int64(3), 2), (9, np.int64(44), np.int64(7), 2)): 14.0, ((9, np.int64(44), np.int64(7), 2), (9, np.int64(98), np.int64(8), 3)): 14.0, ((9, np.int64(98), np.int64(8), 3), (36, np.int64(39), np.int64(15), 1)): 14.0, ((36, np.int64(39), np.int64(15), 1), (36, np.int64(57), np.int64(17), 2)): 14.0, ((36, np.int64(57), np.int64(17), 2), (36, np.int64(78), np.int64(20), 2)): 14.0, ((36, np.int64(78), np.int64(20), 2), (36, np.int64(78), 35, 2)): 14.0, ((31, np.int64(100), np.int64(0), 3), (11, np.int64(18), np.int64(10), 1)): 22.0, ((11, np.int64(18), np.int64(10), 1), (11, np.int64(69), np.int64(11), 2)): 22.0, ((11, np.int64(69), np.int64(11), 2), (26, np.int64(2), np.int64(19), 0)): 22.0, ((26, np.int64(2), np.int64(19), 0), (26, np.int64(2), 35, 0)): 22.0}, 'x_ener': {((9, np.int64(100), np.int64(0), 3), (9, np.int64(100), np.int64(1), 3)): 14.0, ((9, np.int64(100), np.int64(1), 3), (36, np.int64(41), np.int64(8), 2)): 14.0, ((36, np.int64(41), np.int64(8), 2), (36, np.int64(59), np.int64(10), 2)): 14.0, ((36, np.int64(59), np.int64(10), 2), (36, np.int64(80), np.int64(13), 3)): 14.0, ((36, np.int64(80), np.int64(13), 3), (20, np.int64(0), np.int64(23), 0)): 14.0, ((20, np.int64(0), np.int64(23), 0), (20, np.int64(7), np.int64(24), 0)): 14.0, ((20, np.int64(7), np.int64(24), 0), (20, np.int64(9), np.int64(25), 0)): 14.0, ((20, np.int64(9), np.int64(25), 0), (20, np.int64(10), np.int64(26), 1)): 14.0, ((20, np.int64(10), np.int64(26), 1), (20, np.int64(29), np.int64(30), 1)): 14.0, ((20, np.int64(29), np.int64(30), 1), (20, np.int64(40), np.int64(32), 2)): 14.0, ((20, np.int64(40), np.int64(32), 2), (20, np.int64(44), np.int64(33), 2)): 14.0, ((20, np.int64(44), np.int64(33), 2), (20, np.int64(49), np.int64(34), 2)): 14.0, ((20, np.int64(49), np.int64(34), 2), (24, np.int64(49), np.int64(35), 2)): 14.0, ((11, np.int64(73), np.int64(0), 2), (11, np.int64(73), np.int64(1), 2)): 22.0, ((11, np.int64(73), np.int64(1), 2), (11, np.int64(73), np.int64(6), 2)): 22.0, ((11, np.int64(73), np.int64(6), 2), (28, np.int64(42), np.int64(10), 2)): 22.0, ((28, np.int64(42), np.int64(10), 2), (28, np.int64(42), np.int64(15), 2)): 22.0, ((28, np.int64(42), np.int64(15), 2), (28, np.int64(42), np.int64(20), 2)): 22.0, ((28, np.int64(42), np.int64(20), 2), (26, np.int64(3), np.int64(25), 0)): 22.0, ((26, np.int64(3), np.int64(25), 0), (26, np.int64(3), 35, 0)): 22.0, ((26, np.int64(46), np.int64(0), 2), (5, np.int64(12), np.int64(5), 1)): 4.0, ((5, np.int64(12), np.int64(5), 1), (5, np.int64(12), 35, 1)): 4.0, ((26, np.int64(46), np.int64(0), 2), (26, np.int64(46), np.int64(1), 2)): 2.0, ((26, np.int64(46), np.int64(1), 2), (5, np.int64(12), np.int64(6), 1)): 2.0, ((5, np.int64(12), np.int64(6), 1), (5, np.int64(12), 35, 1)): 2.0, ((26, np.int64(66), np.int64(0), 2), (28, np.int64(27), np.int64(5), 1)): 2.0, ((28, np.int64(27), np.int64(5), 1), (26, np.int64(0), np.int64(10), 0)): 2.0, ((26, np.int64(0), np.int64(10), 0), (26, np.int64(0), 35, 0)): 2.0, ((26, np.int64(66), np.int64(0), 2), (26, np.int64(66), np.int64(1), 2)): 6.0, ((26, np.int64(66), np.int64(1), 2), (28, np.int64(27), np.int64(6), 1)): 2.0, ((28, np.int64(27), np.int64(6), 1), (26, np.int64(0), np.int64(11), 0)): 2.0, ((26, np.int64(0), np.int64(11), 0), (26, np.int64(0), 35, 0)): 2.0, ((26, np.int64(66), np.int64(1), 2), (26, np.int64(66), np.int64(6), 2)): 4.0, ((26, np.int64(66), np.int64(6), 2), (28, np.int64(27), np.int64(11), 1)): 2.0, ((28, np.int64(27), np.int64(11), 1), (28, np.int64(27), np.int64(16), 1)): 2.0, ((28, np.int64(27), np.int64(16), 1), (26, np.int64(0), np.int64(21), 0)): 4.0, ((26, np.int64(0), np.int64(21), 0), (26, np.int64(0), 35, 0)): 4.0, ((26, np.int64(66), np.int64(6), 2), (26, np.int64(66), np.int64(11), 2)): 2.0, ((26, np.int64(66), np.int64(11), 2), (28, np.int64(27), np.int64(16), 1)): 2.0, ((26, np.int64(80), np.int64(0), 3), (26, np.int64(80), np.int64(1), 3)): 16.0, ((26, np.int64(80), np.int64(1), 3), (26, np.int64(80), np.int64(6), 3)): 16.0, ((26, np.int64(80), np.int64(6), 3), (5, np.int64(46), np.int64(11), 2)): 14.0, ((5, np.int64(46), np.int64(11), 2), (5, np.int64(46), np.int64(16), 2)): 14.0, ((5, np.int64(46), np.int64(16), 2), (26, np.int64(12), np.int64(21), 1)): 16.0, ((26, np.int64(12), np.int64(21), 1), (26, np.int64(12), 35, 1)): 16.0, ((26, np.int64(80), np.int64(6), 3), (26, np.int64(80), np.int64(11), 3)): 2.0, ((26, np.int64(80), np.int64(11), 3), (5, np.int64(46), np.int64(16), 2)): 2.0, ((26, np.int64(100), np.int64(0), 3), (26, np.int64(100), np.int64(1), 3)): 293.0, ((26, np.int64(100), np.int64(1), 3), (5, np.int64(66), np.int64(6), 2)): 126.0, ((5, np.int64(66), np.int64(6), 2), (26, np.int64(32), np.int64(11), 1)): 126.0, ((26, np.int64(32), np.int64(11), 1), (26, np.int64(32), 35, 1)): 126.0, ((26, np.int64(100), np.int64(1), 3), (28, np.int64(61), np.int64(6), 2)): 70.0, ((28, np.int64(61), np.int64(6), 2), (26, np.int64(22), np.int64(11), 1)): 70.0, ((26, np.int64(22), np.int64(11), 1), (26, np.int64(22), 35, 1)): 70.0, ((26, np.int64(100), np.int64(1), 3), (26, np.int64(100), np.int64(6), 3)): 97.0, ((26, np.int64(100), np.int64(6), 3), (26, np.int64(100), np.int64(11), 3)): 89.0, ((26, np.int64(100), np.int64(11), 3), (5, np.int64(66), np.int64(16), 2)): 63.0, ((5, np.int64(66), np.int64(16), 2), (5, np.int64(66), np.int64(21), 2)): 63.0, ((5, np.int64(66), np.int64(21), 2), (26, np.int64(32), np.int64(26), 1)): 63.0, ((26, np.int64(32), np.int64(26), 1), (26, np.int64(32), np.int64(31), 1)): 63.0, ((26, np.int64(32), np.int64(31), 1), (26, np.int64(32), 35, 1)): 63.0, ((26, np.int64(100), np.int64(6), 3), (5, np.int64(77), np.int64(11), 2)): 8.0, ((5, np.int64(77), np.int64(11), 2), (26, np.int64(43), np.int64(16), 2)): 2.0, ((26, np.int64(43), np.int64(16), 2), (26, np.int64(43), 35, 2)): 2.0, ((5, np.int64(77), np.int64(11), 2), (5, np.int64(77), np.int64(16), 2)): 6.0, ((5, np.int64(77), np.int64(16), 2), (26, np.int64(43), np.int64(21), 2)): 6.0, ((26, np.int64(43), np.int64(21), 2), (26, np.int64(43), 35, 2)): 6.0, ((26, np.int64(100), np.int64(11), 3), (26, np.int64(100), np.int64(16), 3)): 26.0, ((26, np.int64(100), np.int64(16), 3), (5, np.int64(77), np.int64(21), 2)): 14.0, ((5, np.int64(77), np.int64(21), 2), (26, np.int64(43), np.int64(26), 2)): 14.0, ((26, np.int64(43), np.int64(26), 2), (26, np.int64(43), np.int64(31), 2)): 14.0, ((26, np.int64(43), np.int64(31), 2), (26, np.int64(43), 35, 2)): 26.0, ((26, np.int64(100), np.int64(16), 3), (26, np.int64(100), np.int64(21), 3)): 12.0, ((26, np.int64(100), np.int64(21), 3), (5, np.int64(77), np.int64(26), 2)): 12.0, ((5, np.int64(77), np.int64(26), 2), (26, np.int64(43), np.int64(31), 2)): 12.0, ((26, np.int64(100), np.int64(0), 3), (18, np.int64(54), np.int64(8), 2)): 44.0, ((18, np.int64(54), np.int64(8), 2), (8, np.int64(29), np.int64(13), 1)): 44.0, ((8, np.int64(29), np.int64(13), 1), (8, np.int64(29), 35, 1)): 44.0, ((31, np.int64(6), np.int64(0), 0), (12, np.int64(4), np.int64(1), 0)): 38.0, ((12, np.int64(4), np.int64(1), 0), (31, np.int64(3), np.int64(2), 0)): 38.0, ((31, np.int64(3), np.int64(2), 0), (31, np.int64(3), 35, 0)): 38.0, ((31, np.int64(6), np.int64(0), 0), (15, np.int64(2), np.int64(1), 0)): 38.0, ((15, np.int64(2), np.int64(1), 0), (12, np.int64(0), np.int64(2), 0)): 38.0, ((12, np.int64(0), np.int64(2), 0), (12, np.int64(0), 35, 0)): 38.0, ((31, np.int64(8), np.int64(0), 0), (12, np.int64(6), np.int64(1), 0)): 38.0, ((12, np.int64(6), np.int64(1), 0), (31, np.int64(5), np.int64(2), 0)): 38.0, ((31, np.int64(5), np.int64(2), 0), (31, np.int64(5), 35, 0)): 38.0, ((31, np.int64(8), np.int64(0), 0), (15, np.int64(4), np.int64(1), 0)): 38.0, ((15, np.int64(4), np.int64(1), 0), (12, np.int64(2), np.int64(2), 0)): 38.0, ((12, np.int64(2), np.int64(2), 0), (31, np.int64(1), np.int64(3), 0)): 38.0, ((31, np.int64(1), np.int64(3), 0), (31, np.int64(1), 35, 0)): 38.0, ((31, np.int64(12), np.int64(0), 1), (12, np.int64(10), np.int64(1), 1)): 38.0, ((12, np.int64(10), np.int64(1), 1), (30, np.int64(3), np.int64(3), 0)): 38.0, ((30, np.int64(3), np.int64(3), 0), (30, np.int64(3), 35, 0)): 38.0, ((31, np.int64(15), np.int64(0), 1), (30, np.int64(5), np.int64(2), 0)): 38.0, ((30, np.int64(5), np.int64(2), 0), (30, np.int64(5), 35, 0)): 38.0, ((31, np.int64(15), np.int64(0), 1), (15, np.int64(11), np.int64(1), 1)): 38.0, ((15, np.int64(11), np.int64(1), 1), (30, np.int64(2), np.int64(3), 0)): 38.0, ((30, np.int64(2), np.int64(3), 0), (30, np.int64(2), 35, 0)): 38.0, ((31, np.int64(15), np.int64(0), 1), (12, np.int64(13), np.int64(1), 1)): 38.0, ((12, np.int64(13), np.int64(1), 1), (15, np.int64(11), np.int64(2), 1)): 38.0, ((15, np.int64(11), np.int64(2), 1), (30, np.int64(2), np.int64(4), 0)): 38.0, ((30, np.int64(2), np.int64(4), 0), (30, np.int64(2), 35, 0)): 38.0, ((31, np.int64(18), np.int64(0), 1), (30, np.int64(8), np.int64(2), 0)): 38.0, ((30, np.int64(8), np.int64(2), 0), (31, np.int64(1), np.int64(4), 0)): 38.0, ((31, np.int64(1), np.int64(4), 0), (31, np.int64(1), 35, 0)): 38.0, ((31, np.int64(18), np.int64(0), 1), (15, np.int64(14), np.int64(1), 1)): 38.0, ((15, np.int64(14), np.int64(1), 1), (31, np.int64(12), np.int64(2), 1)): 38.0, ((31, np.int64(12), np.int64(2), 1), (31, np.int64(12), 35, 1)): 38.0, ((31, np.int64(18), np.int64(0), 1), (12, np.int64(16), np.int64(1), 1)): 38.0, ((12, np.int64(16), np.int64(1), 1), (31, np.int64(15), np.int64(2), 1)): 38.0, ((31, np.int64(15), np.int64(2), 1), (31, np.int64(15), 35, 1)): 76.0, ((31, np.int64(21), np.int64(0), 1), (15, np.int64(17), np.int64(1), 1)): 38.0, ((15, np.int64(17), np.int64(1), 1), (31, np.int64(15), np.int64(2), 1)): 38.0, ((31, np.int64(21), np.int64(0), 1), (12, np.int64(19), np.int64(1), 1)): 38.0, ((12, np.int64(19), np.int64(1), 1), (15, np.int64(17), np.int64(2), 1)): 38.0, ((15, np.int64(17), np.int64(2), 1), (31, np.int64(15), np.int64(3), 1)): 38.0, ((31, np.int64(15), np.int64(3), 1), (31, np.int64(15), 35, 1)): 38.0, ((31, np.int64(24), np.int64(0), 1), (30, np.int64(14), np.int64(2), 1)): 38.0, ((30, np.int64(14), np.int64(2), 1), (31, np.int64(7), np.int64(4), 0)): 38.0, ((31, np.int64(7), np.int64(4), 0), (31, np.int64(7), 35, 0)): 38.0, ((31, np.int64(24), np.int64(0), 1), (15, np.int64(20), np.int64(1), 1)): 38.0, ((15, np.int64(20), np.int64(1), 1), (31, np.int64(18), np.int64(2), 1)): 38.0, ((31, np.int64(18), np.int64(2), 1), (31, np.int64(18), 35, 1)): 38.0, ((31, np.int64(24), np.int64(0), 1), (12, np.int64(22), np.int64(1), 1)): 38.0, ((12, np.int64(22), np.int64(1), 1), (31, np.int64(21), np.int64(2), 1)): 38.0, ((31, np.int64(21), np.int64(2), 1), (31, np.int64(21), 35, 1)): 38.0, ((31, np.int64(25), np.int64(0), 1), (30, np.int64(15), np.int64(2), 1)): 38.0, ((30, np.int64(15), np.int64(2), 1), (31, np.int64(8), np.int64(4), 0)): 38.0, ((31, np.int64(8), np.int64(4), 0), (31, np.int64(8), 35, 0)): 38.0, ((31, np.int64(25), np.int64(0), 1), (12, np.int64(23), np.int64(1), 1)): 38.0, ((12, np.int64(23), np.int64(1), 1), (31, np.int64(22), np.int64(2), 1)): 38.0, ((31, np.int64(22), np.int64(2), 1), (31, np.int64(22), 35, 1)): 38.0, ((31, np.int64(25), np.int64(0), 1), (15, np.int64(21), np.int64(1), 1)): 38.0, ((15, np.int64(21), np.int64(1), 1), (12, np.int64(19), np.int64(2), 1)): 38.0, ((12, np.int64(19), np.int64(2), 1), (31, np.int64(18), np.int64(3), 1)): 38.0, ((31, np.int64(18), np.int64(3), 1), (31, np.int64(18), 35, 1)): 38.0, ((31, np.int64(27), np.int64(0), 1), (30, np.int64(17), np.int64(2), 1)): 38.0, ((30, np.int64(17), np.int64(2), 1), (31, np.int64(10), np.int64(4), 1)): 38.0, ((31, np.int64(10), np.int64(4), 1), (31, np.int64(10), 35, 1)): 38.0, ((31, np.int64(27), np.int64(0), 1), (15, np.int64(23), np.int64(1), 1)): 38.0, ((15, np.int64(23), np.int64(1), 1), (12, np.int64(21), np.int64(2), 1)): 38.0, ((12, np.int64(21), np.int64(2), 1), (31, np.int64(20), np.int64(3), 1)): 38.0, ((31, np.int64(20), np.int64(3), 1), (31, np.int64(20), 35, 1)): 38.0, ((31, np.int64(29), np.int64(0), 1), (30, np.int64(19), np.int64(2), 1)): 38.0, ((30, np.int64(19), np.int64(2), 1), (15, np.int64(10), np.int64(4), 1)): 38.0, ((15, np.int64(10), np.int64(4), 1), (31, np.int64(8), np.int64(5), 0)): 38.0, ((31, np.int64(8), np.int64(5), 0), (31, np.int64(8), 35, 0)): 38.0, ((31, np.int64(29), np.int64(0), 1), (15, np.int64(25), np.int64(1), 1)): 38.0, ((15, np.int64(25), np.int64(1), 1), (30, np.int64(16), np.int64(3), 1)): 38.0, ((30, np.int64(16), np.int64(3), 1), (31, np.int64(9), np.int64(5), 0)): 38.0, ((31, np.int64(9), np.int64(5), 0), (31, np.int64(9), 35, 0)): 38.0, ((31, np.int64(29), np.int64(0), 1), (12, np.int64(27), np.int64(1), 1)): 38.0, ((12, np.int64(27), np.int64(1), 1), (31, np.int64(26), np.int64(2), 1)): 38.0, ((31, np.int64(26), np.int64(2), 1), (31, np.int64(26), 35, 1)): 38.0, ((31, np.int64(30), np.int64(0), 1), (15, np.int64(26), np.int64(1), 1)): 38.0, ((15, np.int64(26), np.int64(1), 1), (30, np.int64(17), np.int64(3), 1)): 38.0, ((30, np.int64(17), np.int64(3), 1), (31, np.int64(10), np.int64(5), 1)): 38.0, ((31, np.int64(10), np.int64(5), 1), (31, np.int64(10), 35, 1)): 38.0, ((31, np.int64(30), np.int64(0), 1), (30, np.int64(20), np.int64(2), 1)): 38.0, ((30, np.int64(20), np.int64(2), 1), (12, np.int64(13), np.int64(4), 1)): 38.0, ((12, np.int64(13), np.int64(4), 1), (31, np.int64(12), np.int64(5), 1)): 38.0, ((31, np.int64(12), np.int64(5), 1), (31, np.int64(12), 35, 1)): 38.0, ((31, np.int64(30), np.int64(0), 1), (12, np.int64(28), np.int64(1), 1)): 38.0, ((12, np.int64(28), np.int64(1), 1), (31, np.int64(27), np.int64(2), 1)): 38.0, ((31, np.int64(27), np.int64(2), 1), (31, np.int64(27), 35, 1)): 38.0, ((31, np.int64(31), np.int64(0), 1), (30, np.int64(21), np.int64(2), 1)): 38.0, ((30, np.int64(21), np.int64(2), 1), (12, np.int64(14), np.int64(4), 1)): 38.0, ((12, np.int64(14), np.int64(4), 1), (31, np.int64(13), np.int64(5), 1)): 38.0, ((31, np.int64(13), np.int64(5), 1), (31, np.int64(13), 35, 1)): 38.0, ((31, np.int64(31), np.int64(0), 1), (15, np.int64(27), np.int64(1), 1)): 38.0, ((15, np.int64(27), np.int64(1), 1), (12, np.int64(25), np.int64(2), 1)): 38.0, ((12, np.int64(25), np.int64(2), 1), (31, np.int64(24), np.int64(3), 1)): 38.0, ((31, np.int64(24), np.int64(3), 1), (31, np.int64(24), 35, 1)): 38.0, ((31, np.int64(31), np.int64(0), 1), (12, np.int64(29), np.int64(1), 1)): 38.0, ((12, np.int64(29), np.int64(1), 1), (31, np.int64(28), np.int64(2), 1)): 38.0, ((31, np.int64(28), np.int64(2), 1), (31, np.int64(28), 35, 1)): 38.0, ((31, np.int64(32), np.int64(0), 1), (12, np.int64(30), np.int64(1), 1)): 38.0, ((12, np.int64(30), np.int64(1), 1), (6, np.int64(16), np.int64(4), 1)): 38.0, ((6, np.int64(16), np.int64(4), 1), (35, np.int64(13), np.int64(5), 1)): 38.0, ((35, np.int64(13), np.int64(5), 1), (35, np.int64(13), 35, 1)): 38.0, ((31, np.int64(32), np.int64(0), 1), (30, np.int64(22), np.int64(2), 1)): 38.0, ((30, np.int64(22), np.int64(2), 1), (31, np.int64(15), np.int64(4), 1)): 38.0, ((31, np.int64(15), np.int64(4), 1), (31, np.int64(15), 35, 1)): 38.0, ((31, np.int64(32), np.int64(0), 1), (15, np.int64(28), np.int64(1), 1)): 38.0, ((15, np.int64(28), np.int64(1), 1), (12, np.int64(26), np.int64(2), 1)): 38.0, ((12, np.int64(26), np.int64(2), 1), (31, np.int64(25), np.int64(3), 1)): 38.0, ((31, np.int64(25), np.int64(3), 1), (31, np.int64(25), 35, 1)): 38.0, ((31, np.int64(32), np.int64(0), 1), (6, np.int64(13), np.int64(3), 1)): 38.0, ((6, np.int64(13), np.int64(3), 1), (31, np.int64(0), np.int64(6), 0)): 38.0, ((31, np.int64(0), np.int64(6), 0), (31, np.int64(0), 35, 0)): 38.0, ((31, np.int64(35), np.int64(0), 1), (6, np.int64(16), np.int64(3), 1)): 38.0, ((6, np.int64(16), np.int64(3), 1), (35, np.int64(13), np.int64(4), 1)): 38.0, ((35, np.int64(13), np.int64(4), 1), (35, np.int64(13), 35, 1)): 38.0, ((31, np.int64(35), np.int64(0), 1), (15, np.int64(31), np.int64(1), 1)): 38.0, ((15, np.int64(31), np.int64(1), 1), (30, np.int64(22), np.int64(3), 1)): 38.0, ((30, np.int64(22), np.int64(3), 1), (31, np.int64(15), np.int64(5), 1)): 38.0, ((31, np.int64(15), np.int64(5), 1), (31, np.int64(15), 35, 1)): 38.0, ((31, np.int64(35), np.int64(0), 1), (30, np.int64(25), np.int64(2), 1)): 38.0, ((30, np.int64(25), np.int64(2), 1), (31, np.int64(18), np.int64(4), 1)): 38.0, ((31, np.int64(18), np.int64(4), 1), (31, np.int64(18), 35, 1)): 38.0, ((31, np.int64(35), np.int64(0), 1), (12, np.int64(33), np.int64(1), 1)): 38.0, ((12, np.int64(33), np.int64(1), 1), (31, np.int64(32), np.int64(2), 1)): 38.0, ((31, np.int64(32), np.int64(2), 1), (31, np.int64(32), 35, 1)): 76.0, ((31, np.int64(36), np.int64(0), 1), (6, np.int64(17), np.int64(3), 1)): 38.0, ((6, np.int64(17), np.int64(3), 1), (35, np.int64(14), np.int64(4), 1)): 38.0, ((35, np.int64(14), np.int64(4), 1), (35, np.int64(14), 35, 1)): 38.0, ((31, np.int64(36), np.int64(0), 1), (15, np.int64(32), np.int64(1), 1)): 38.0, ((15, np.int64(32), np.int64(1), 1), (6, np.int64(18), np.int64(4), 1)): 38.0, ((6, np.int64(18), np.int64(4), 1), (35, np.int64(15), np.int64(5), 1)): 38.0, ((35, np.int64(15), np.int64(5), 1), (35, np.int64(15), 35, 1)): 38.0, ((31, np.int64(36), np.int64(0), 1), (30, np.int64(26), np.int64(2), 1)): 38.0, ((30, np.int64(26), np.int64(2), 1), (31, np.int64(19), np.int64(4), 1)): 38.0, ((31, np.int64(19), np.int64(4), 1), (31, np.int64(19), 35, 1)): 38.0, ((31, np.int64(36), np.int64(0), 1), (12, np.int64(34), np.int64(1), 1)): 38.0, ((12, np.int64(34), np.int64(1), 1), (31, np.int64(33), np.int64(2), 1)): 38.0, ((31, np.int64(33), np.int64(2), 1), (31, np.int64(33), 35, 1)): 76.0, ((31, np.int64(38), np.int64(0), 1), (6, np.int64(19), np.int64(3), 1)): 38.0, ((6, np.int64(19), np.int64(3), 1), (35, np.int64(16), np.int64(4), 1)): 38.0, ((35, np.int64(16), np.int64(4), 1), (35, np.int64(16), 35, 1)): 38.0, ((31, np.int64(38), np.int64(0), 1), (30, np.int64(28), np.int64(2), 1)): 38.0, ((30, np.int64(28), np.int64(2), 1), (31, np.int64(21), np.int64(4), 1)): 38.0, ((31, np.int64(21), np.int64(4), 1), (31, np.int64(21), 35, 1)): 38.0, ((31, np.int64(38), np.int64(0), 1), (12, np.int64(36), np.int64(1), 1)): 38.0, ((12, np.int64(36), np.int64(1), 1), (30, np.int64(29), np.int64(3), 1)): 38.0, ((30, np.int64(29), np.int64(3), 1), (12, np.int64(22), np.int64(5), 1)): 38.0, ((12, np.int64(22), np.int64(5), 1), (31, np.int64(21), np.int64(6), 1)): 38.0, ((31, np.int64(21), np.int64(6), 1), (31, np.int64(21), 35, 1)): 38.0, ((31, np.int64(38), np.int64(0), 1), (15, np.int64(34), np.int64(1), 1)): 38.0, ((15, np.int64(34), np.int64(1), 1), (31, np.int64(32), np.int64(2), 1)): 38.0, ((31, np.int64(39), np.int64(0), 1), (6, np.int64(20), np.int64(3), 1)): 38.0, ((6, np.int64(20), np.int64(3), 1), (35, np.int64(17), np.int64(4), 1)): 38.0, ((35, np.int64(17), np.int64(4), 1), (31, np.int64(0), np.int64(7), 0)): 38.0, ((31, np.int64(0), np.int64(7), 0), (31, np.int64(0), 35, 0)): 38.0, ((31, np.int64(39), np.int64(0), 1), (30, np.int64(29), np.int64(2), 1)): 38.0, ((30, np.int64(29), np.int64(2), 1), (12, np.int64(22), np.int64(4), 1)): 38.0, ((12, np.int64(22), np.int64(4), 1), (31, np.int64(21), np.int64(5), 1)): 38.0, ((31, np.int64(21), np.int64(5), 1), (31, np.int64(21), 35, 1)): 38.0, ((31, np.int64(39), np.int64(0), 1), (12, np.int64(37), np.int64(1), 1)): 38.0, ((12, np.int64(37), np.int64(1), 1), (30, np.int64(30), np.int64(3), 1)): 38.0, ((30, np.int64(30), np.int64(3), 1), (12, np.int64(23), np.int64(5), 1)): 38.0, ((12, np.int64(23), np.int64(5), 1), (31, np.int64(22), np.int64(6), 1)): 38.0, ((31, np.int64(22), np.int64(6), 1), (31, np.int64(22), 35, 1)): 38.0, ((31, np.int64(39), np.int64(0), 1), (15, np.int64(35), np.int64(1), 1)): 38.0, ((15, np.int64(35), np.int64(1), 1), (31, np.int64(33), np.int64(2), 1)): 38.0, ((31, np.int64(40), np.int64(0), 2), (6, np.int64(21), np.int64(3), 1)): 38.0, ((6, np.int64(21), np.int64(3), 1), (31, np.int64(8), np.int64(6), 0)): 38.0, ((31, np.int64(8), np.int64(6), 0), (31, np.int64(8), 35, 0)): 76.0, ((31, np.int64(40), np.int64(0), 2), (30, np.int64(30), np.int64(2), 1)): 38.0, ((30, np.int64(30), np.int64(2), 1), (12, np.int64(23), np.int64(4), 1)): 38.0, ((12, np.int64(23), np.int64(4), 1), (31, np.int64(22), np.int64(5), 1)): 38.0, ((31, np.int64(22), np.int64(5), 1), (31, np.int64(22), 35, 1)): 38.0, ((31, np.int64(40), np.int64(0), 2), (15, np.int64(36), np.int64(1), 1)): 38.0, ((15, np.int64(36), np.int64(1), 1), (31, np.int64(34), np.int64(2), 1)): 38.0, ((31, np.int64(34), np.int64(2), 1), (31, np.int64(34), 35, 1)): 38.0, ((31, np.int64(40), np.int64(0), 2), (12, np.int64(38), np.int64(1), 1)): 38.0, ((12, np.int64(38), np.int64(1), 1), (31, np.int64(37), np.int64(2), 1)): 38.0, ((31, np.int64(37), np.int64(2), 1), (31, np.int64(37), 35, 1)): 38.0, ((31, np.int64(41), np.int64(0), 2), (35, np.int64(16), np.int64(3), 1)): 38.0, ((35, np.int64(16), np.int64(3), 1), (35, np.int64(16), 35, 1)): 38.0, ((31, np.int64(41), np.int64(0), 2), (6, np.int64(22), np.int64(3), 1)): 38.0, ((6, np.int64(22), np.int64(3), 1), (31, np.int64(9), np.int64(6), 0)): 38.0, ((31, np.int64(9), np.int64(6), 0), (31, np.int64(9), 35, 0)): 76.0, ((31, np.int64(41), np.int64(0), 2), (15, np.int64(37), np.int64(1), 1)): 38.0, ((15, np.int64(37), np.int64(1), 1), (6, np.int64(23), np.int64(4), 1)): 38.0, ((6, np.int64(23), np.int64(4), 1), (31, np.int64(10), np.int64(7), 1)): 38.0, ((31, np.int64(10), np.int64(7), 1), (31, np.int64(10), 35, 1)): 38.0, ((31, np.int64(41), np.int64(0), 2), (30, np.int64(31), np.int64(2), 1)): 38.0, ((30, np.int64(31), np.int64(2), 1), (31, np.int64(24), np.int64(4), 1)): 38.0, ((31, np.int64(24), np.int64(4), 1), (31, np.int64(24), 35, 1)): 38.0, ((31, np.int64(41), np.int64(0), 2), (12, np.int64(39), np.int64(1), 1)): 38.0, ((12, np.int64(39), np.int64(1), 1), (31, np.int64(38), np.int64(2), 1)): 38.0, ((31, np.int64(38), np.int64(2), 1), (31, np.int64(38), 35, 1)): 76.0, ((31, np.int64(44), np.int64(0), 2), (35, np.int64(19), np.int64(3), 1)): 38.0, ((35, np.int64(19), np.int64(3), 1), (31, np.int64(2), np.int64(6), 0)): 38.0, ((31, np.int64(2), np.int64(6), 0), (31, np.int64(2), 35, 0)): 38.0, ((31, np.int64(44), np.int64(0), 2), (6, np.int64(25), np.int64(3), 1)): 38.0, ((6, np.int64(25), np.int64(3), 1), (31, np.int64(12), np.int64(6), 1)): 38.0, ((31, np.int64(12), np.int64(6), 1), (31, np.int64(12), 35, 1)): 38.0, ((31, np.int64(44), np.int64(0), 2), (30, np.int64(34), np.int64(2), 1)): 38.0, ((30, np.int64(34), np.int64(2), 1), (31, np.int64(27), np.int64(4), 1)): 38.0, ((31, np.int64(27), np.int64(4), 1), (31, np.int64(27), 35, 1)): 38.0, ((31, np.int64(44), np.int64(0), 2), (15, np.int64(40), np.int64(1), 2)): 38.0, ((15, np.int64(40), np.int64(1), 2), (31, np.int64(38), np.int64(2), 1)): 38.0, ((31, np.int64(44), np.int64(0), 2), (12, np.int64(42), np.int64(1), 2)): 38.0, ((12, np.int64(42), np.int64(1), 2), (31, np.int64(41), np.int64(2), 2)): 38.0, ((31, np.int64(41), np.int64(2), 2), (31, np.int64(41), 35, 2)): 38.0, ((31, np.int64(45), np.int64(0), 2), (35, np.int64(20), np.int64(3), 1)): 38.0, ((35, np.int64(20), np.int64(3), 1), (31, np.int64(3), np.int64(6), 0)): 38.0, ((31, np.int64(3), np.int64(6), 0), (31, np.int64(3), 35, 0)): 38.0, ((31, np.int64(45), np.int64(0), 2), (6, np.int64(26), np.int64(3), 1)): 38.0, ((6, np.int64(26), np.int64(3), 1), (31, np.int64(13), np.int64(6), 1)): 38.0, ((31, np.int64(13), np.int64(6), 1), (31, np.int64(13), 35, 1)): 76.0, ((31, np.int64(45), np.int64(0), 2), (30, np.int64(35), np.int64(2), 1)): 38.0, ((30, np.int64(35), np.int64(2), 1), (12, np.int64(28), np.int64(4), 1)): 38.0, ((12, np.int64(28), np.int64(4), 1), (31, np.int64(27), np.int64(5), 1)): 38.0, ((31, np.int64(27), np.int64(5), 1), (31, np.int64(27), 35, 1)): 38.0, ((31, np.int64(45), np.int64(0), 2), (12, np.int64(43), np.int64(1), 2)): 38.0, ((12, np.int64(43), np.int64(1), 2), (31, np.int64(42), np.int64(2), 2)): 38.0, ((31, np.int64(42), np.int64(2), 2), (31, np.int64(42), 35, 2)): 38.0, ((31, np.int64(47), np.int64(0), 2), (35, np.int64(22), np.int64(3), 1)): 38.0, ((35, np.int64(22), np.int64(3), 1), (31, np.int64(5), np.int64(6), 0)): 38.0, ((31, np.int64(5), np.int64(6), 0), (31, np.int64(5), 35, 0)): 38.0, ((31, np.int64(47), np.int64(0), 2), (3, np.int64(19), np.int64(4), 1)): 38.0, ((3, np.int64(19), np.int64(4), 1), (3, np.int64(19), 35, 1)): 38.0, ((31, np.int64(47), np.int64(0), 2), (12, np.int64(45), np.int64(1), 2)): 38.0, ((12, np.int64(45), np.int64(1), 2), (3, np.int64(25), np.int64(5), 1)): 38.0, ((3, np.int64(25), np.int64(5), 1), (31, np.int64(6), np.int64(9), 0)): 38.0, ((31, np.int64(6), np.int64(9), 0), (31, np.int64(6), 35, 0)): 38.0, ((31, np.int64(47), np.int64(0), 2), (6, np.int64(28), np.int64(3), 1)): 38.0, ((6, np.int64(28), np.int64(3), 1), (12, np.int64(14), np.int64(6), 1)): 38.0, ((12, np.int64(14), np.int64(6), 1), (31, np.int64(13), np.int64(7), 1)): 38.0, ((31, np.int64(13), np.int64(7), 1), (31, np.int64(13), 35, 1)): 38.0, ((31, np.int64(47), np.int64(0), 2), (30, np.int64(37), np.int64(2), 1)): 38.0, ((30, np.int64(37), np.int64(2), 1), (31, np.int64(30), np.int64(4), 1)): 38.0, ((31, np.int64(30), np.int64(4), 1), (31, np.int64(30), 35, 1)): 38.0, ((31, np.int64(47), np.int64(0), 2), (15, np.int64(43), np.int64(1), 2)): 38.0, ((15, np.int64(43), np.int64(1), 2), (12, np.int64(41), np.int64(2), 2)): 38.0, ((12, np.int64(41), np.int64(2), 2), (31, np.int64(40), np.int64(3), 2)): 38.0, ((31, np.int64(40), np.int64(3), 2), (31, np.int64(40), 35, 2)): 38.0, ((31, np.int64(49), np.int64(0), 2), (3, np.int64(21), np.int64(4), 1)): 38.0, ((3, np.int64(21), np.int64(4), 1), (12, np.int64(1), np.int64(8), 0)): 38.0, ((12, np.int64(1), np.int64(8), 0), (31, np.int64(0), np.int64(9), 0)): 38.0, ((31, np.int64(0), np.int64(9), 0), (31, np.int64(0), 35, 0)): 38.0, ((31, np.int64(49), np.int64(0), 2), (15, np.int64(45), np.int64(1), 2)): 38.0, ((15, np.int64(45), np.int64(1), 2), (3, np.int64(23), np.int64(5), 1)): 38.0, ((3, np.int64(23), np.int64(5), 1), (12, np.int64(3), np.int64(9), 0)): 38.0, ((12, np.int64(3), np.int64(9), 0), (31, np.int64(2), np.int64(10), 0)): 38.0, ((31, np.int64(2), np.int64(10), 0), (31, np.int64(2), 35, 0)): 38.0, ((31, np.int64(49), np.int64(0), 2), (35, np.int64(24), np.int64(3), 1)): 38.0, ((35, np.int64(24), np.int64(3), 1), (31, np.int64(7), np.int64(6), 0)): 38.0, ((31, np.int64(7), np.int64(6), 0), (31, np.int64(7), 35, 0)): 38.0, ((31, np.int64(49), np.int64(0), 2), (6, np.int64(30), np.int64(3), 1)): 38.0, ((6, np.int64(30), np.int64(3), 1), (15, np.int64(16), np.int64(6), 1)): 38.0, ((15, np.int64(16), np.int64(6), 1), (31, np.int64(14), np.int64(7), 1)): 38.0, ((31, np.int64(14), np.int64(7), 1), (31, np.int64(14), 35, 1)): 38.0, ((31, np.int64(49), np.int64(0), 2), (30, np.int64(39), np.int64(2), 1)): 38.0, ((30, np.int64(39), np.int64(2), 1), (31, np.int64(32), np.int64(4), 1)): 38.0, ((31, np.int64(32), np.int64(4), 1), (31, np.int64(32), 35, 1)): 38.0, ((31, np.int64(49), np.int64(0), 2), (12, np.int64(47), np.int64(1), 2)): 38.0, ((12, np.int64(47), np.int64(1), 2), (31, np.int64(46), np.int64(2), 2)): 38.0, ((31, np.int64(46), np.int64(2), 2), (31, np.int64(46), 35, 2)): 38.0, ((31, np.int64(50), np.int64(0), 2), (3, np.int64(22), np.int64(4), 1)): 38.0, ((3, np.int64(22), np.int64(4), 1), (12, np.int64(2), np.int64(8), 0)): 38.0, ((12, np.int64(2), np.int64(8), 0), (31, np.int64(1), np.int64(9), 0)): 38.0, ((31, np.int64(1), np.int64(9), 0), (31, np.int64(1), 35, 0)): 38.0, ((31, np.int64(50), np.int64(0), 2), (15, np.int64(46), np.int64(1), 2)): 38.0, ((15, np.int64(46), np.int64(1), 2), (3, np.int64(24), np.int64(5), 1)): 38.0, ((3, np.int64(24), np.int64(5), 1), (12, np.int64(4), np.int64(9), 0)): 38.0, ((12, np.int64(4), np.int64(9), 0), (31, np.int64(3), np.int64(10), 0)): 38.0, ((31, np.int64(3), np.int64(10), 0), (31, np.int64(3), 35, 0)): 38.0, ((31, np.int64(50), np.int64(0), 2), (35, np.int64(25), np.int64(3), 1)): 38.0, ((35, np.int64(25), np.int64(3), 1), (31, np.int64(8), np.int64(6), 0)): 38.0, ((31, np.int64(50), np.int64(0), 2), (6, np.int64(31), np.int64(3), 1)): 38.0, ((6, np.int64(31), np.int64(3), 1), (15, np.int64(17), np.int64(6), 1)): 38.0, ((15, np.int64(17), np.int64(6), 1), (31, np.int64(15), np.int64(7), 1)): 38.0, ((31, np.int64(15), np.int64(7), 1), (31, np.int64(15), 35, 1)): 38.0, ((31, np.int64(50), np.int64(0), 2), (30, np.int64(40), np.int64(2), 2)): 38.0, ((30, np.int64(40), np.int64(2), 2), (31, np.int64(33), np.int64(4), 1)): 38.0, ((31, np.int64(33), np.int64(4), 1), (31, np.int64(33), 35, 1)): 38.0, ((31, np.int64(50), np.int64(0), 2), (12, np.int64(48), np.int64(1), 2)): 38.0, ((12, np.int64(48), np.int64(1), 2), (31, np.int64(47), np.int64(2), 2)): 38.0, ((31, np.int64(47), np.int64(2), 2), (31, np.int64(47), 35, 2)): 38.0, ((31, np.int64(51), np.int64(0), 2), (3, np.int64(23), np.int64(4), 1)): 38.0, ((3, np.int64(23), np.int64(4), 1), (12, np.int64(3), np.int64(8), 0)): 38.0, ((12, np.int64(3), np.int64(8), 0), (31, np.int64(2), np.int64(9), 0)): 38.0, ((31, np.int64(2), np.int64(9), 0), (31, np.int64(2), 35, 0)): 76.0, ((31, np.int64(51), np.int64(0), 2), (30, np.int64(41), np.int64(2), 2)): 38.0, ((30, np.int64(41), np.int64(2), 2), (35, np.int64(19), np.int64(6), 1)): 38.0, ((35, np.int64(19), np.int64(6), 1), (31, np.int64(2), np.int64(9), 0)): 38.0, ((31, np.int64(51), np.int64(0), 2), (35, np.int64(26), np.int64(3), 1)): 38.0, ((35, np.int64(26), np.int64(3), 1), (31, np.int64(9), np.int64(6), 0)): 38.0, ((31, np.int64(51), np.int64(0), 2), (6, np.int64(32), np.int64(3), 1)): 38.0, ((6, np.int64(32), np.int64(3), 1), (15, np.int64(18), np.int64(6), 1)): 38.0, ((15, np.int64(18), np.int64(6), 1), (31, np.int64(16), np.int64(7), 1)): 38.0, ((31, np.int64(16), np.int64(7), 1), (31, np.int64(16), 35, 1)): 38.0, ((31, np.int64(51), np.int64(0), 2), (15, np.int64(47), np.int64(1), 2)): 38.0, ((15, np.int64(47), np.int64(1), 2), (12, np.int64(45), np.int64(2), 2)): 38.0, ((12, np.int64(45), np.int64(2), 2), (31, np.int64(44), np.int64(3), 2)): 38.0, ((31, np.int64(44), np.int64(3), 2), (31, np.int64(44), 35, 2)): 38.0, ((31, np.int64(51), np.int64(0), 2), (12, np.int64(49), np.int64(1), 2)): 38.0, ((12, np.int64(49), np.int64(1), 2), (31, np.int64(48), np.int64(2), 2)): 38.0, ((31, np.int64(48), np.int64(2), 2), (31, np.int64(48), 35, 2)): 38.0, ((31, np.int64(52), np.int64(0), 2), (3, np.int64(24), np.int64(4), 1)): 38.0, ((3, np.int64(24), np.int64(4), 1), (12, np.int64(4), np.int64(8), 0)): 38.0, ((12, np.int64(4), np.int64(8), 0), (31, np.int64(3), np.int64(9), 0)): 38.0, ((31, np.int64(3), np.int64(9), 0), (31, np.int64(3), 35, 0)): 38.0, ((31, np.int64(52), np.int64(0), 2), (35, np.int64(27), np.int64(3), 1)): 38.0, ((35, np.int64(27), np.int64(3), 1), (31, np.int64(10), np.int64(6), 1)): 38.0, ((31, np.int64(10), np.int64(6), 1), (31, np.int64(10), 35, 1)): 38.0, ((31, np.int64(52), np.int64(0), 2), (6, np.int64(33), np.int64(3), 1)): 38.0, ((6, np.int64(33), np.int64(3), 1), (15, np.int64(19), np.int64(6), 1)): 38.0, ((15, np.int64(19), np.int64(6), 1), (31, np.int64(17), np.int64(7), 1)): 38.0, ((31, np.int64(17), np.int64(7), 1), (31, np.int64(17), 35, 1)): 38.0, ((31, np.int64(52), np.int64(0), 2), (12, np.int64(50), np.int64(1), 2)): 38.0, ((12, np.int64(50), np.int64(1), 2), (6, np.int64(36), np.int64(4), 1)): 38.0, ((6, np.int64(36), np.int64(4), 1), (31, np.int64(23), np.int64(7), 1)): 38.0, ((31, np.int64(23), np.int64(7), 1), (31, np.int64(23), 35, 1)): 38.0, ((31, np.int64(52), np.int64(0), 2), (30, np.int64(42), np.int64(2), 2)): 38.0, ((30, np.int64(42), np.int64(2), 2), (31, np.int64(35), np.int64(4), 1)): 38.0, ((31, np.int64(35), np.int64(4), 1), (31, np.int64(35), 35, 1)): 38.0, ((31, np.int64(52), np.int64(0), 2), (15, np.int64(48), np.int64(1), 2)): 38.0, ((15, np.int64(48), np.int64(1), 2), (12, np.int64(46), np.int64(2), 2)): 38.0, ((12, np.int64(46), np.int64(2), 2), (31, np.int64(45), np.int64(3), 2)): 38.0, ((31, np.int64(45), np.int64(3), 2), (31, np.int64(45), 35, 2)): 38.0, ((31, np.int64(55), np.int64(0), 2), (3, np.int64(27), np.int64(4), 1)): 38.0, ((3, np.int64(27), np.int64(4), 1), (31, np.int64(8), np.int64(8), 0)): 38.0, ((31, np.int64(8), np.int64(8), 0), (31, np.int64(8), 35, 0)): 38.0, ((31, np.int64(55), np.int64(0), 2), (35, np.int64(30), np.int64(3), 1)): 38.0, ((35, np.int64(30), np.int64(3), 1), (31, np.int64(13), np.int64(6), 1)): 38.0, ((31, np.int64(55), np.int64(0), 2), (12, np.int64(53), np.int64(1), 2)): 38.0, ((12, np.int64(53), np.int64(1), 2), (35, np.int64(35), np.int64(5), 1)): 38.0, ((35, np.int64(35), np.int64(5), 1), (12, np.int64(17), np.int64(9), 1)): 38.0, ((12, np.int64(17), np.int64(9), 1), (31, np.int64(16), np.int64(10), 1)): 38.0, ((31, np.int64(16), np.int64(10), 1), (31, np.int64(16), 35, 1)): 38.0, ((31, np.int64(55), np.int64(0), 2), (6, np.int64(36), np.int64(3), 1)): 38.0, ((6, np.int64(36), np.int64(3), 1), (31, np.int64(23), np.int64(6), 1)): 38.0, ((31, np.int64(23), np.int64(6), 1), (31, np.int64(23), 35, 1)): 38.0, ((31, np.int64(55), np.int64(0), 2), (30, np.int64(45), np.int64(2), 2)): 38.0, ((30, np.int64(45), np.int64(2), 2), (31, np.int64(38), np.int64(4), 1)): 38.0, ((31, np.int64(38), np.int64(4), 1), (31, np.int64(38), 35, 1)): 38.0, ((31, np.int64(59), np.int64(0), 2), (30, np.int64(49), np.int64(2), 2)): 38.0, ((30, np.int64(49), np.int64(2), 2), (35, np.int64(27), np.int64(6), 1)): 38.0, ((35, np.int64(27), np.int64(6), 1), (31, np.int64(10), np.int64(9), 1)): 38.0, ((31, np.int64(10), np.int64(9), 1), (31, np.int64(10), 35, 1)): 38.0, ((31, np.int64(59), np.int64(0), 2), (3, np.int64(31), np.int64(4), 1)): 38.0, ((3, np.int64(31), np.int64(4), 1), (31, np.int64(12), np.int64(8), 1)): 38.0, ((31, np.int64(12), np.int64(8), 1), (31, np.int64(12), 35, 1)): 38.0, ((31, np.int64(59), np.int64(0), 2), (35, np.int64(34), np.int64(3), 1)): 38.0, ((35, np.int64(34), np.int64(3), 1), (12, np.int64(16), np.int64(7), 1)): 38.0, ((12, np.int64(16), np.int64(7), 1), (31, np.int64(15), np.int64(8), 1)): 38.0, ((31, np.int64(15), np.int64(8), 1), (31, np.int64(15), 35, 1)): 38.0, ((31, np.int64(59), np.int64(0), 2), (6, np.int64(40), np.int64(3), 2)): 38.0, ((6, np.int64(40), np.int64(3), 2), (31, np.int64(27), np.int64(6), 1)): 38.0, ((31, np.int64(27), np.int64(6), 1), (31, np.int64(27), 35, 1)): 38.0, ((31, np.int64(59), np.int64(0), 2), (12, np.int64(57), np.int64(1), 2)): 38.0, ((12, np.int64(57), np.int64(1), 2), (31, np.int64(56), np.int64(2), 2)): 38.0, ((31, np.int64(56), np.int64(2), 2), (31, np.int64(56), 35, 2)): 38.0, ((31, np.int64(59), np.int64(0), 2), (15, np.int64(55), np.int64(1), 2)): 38.0, ((15, np.int64(55), np.int64(1), 2), (12, np.int64(53), np.int64(2), 2)): 38.0, ((12, np.int64(53), np.int64(2), 2), (31, np.int64(52), np.int64(3), 2)): 38.0, ((31, np.int64(52), np.int64(3), 2), (31, np.int64(52), 35, 2)): 38.0, ((31, np.int64(61), np.int64(0), 2), (30, np.int64(51), np.int64(2), 2)): 38.0, ((30, np.int64(51), np.int64(2), 2), (35, np.int64(29), np.int64(6), 1)): 38.0, ((35, np.int64(29), np.int64(6), 1), (31, np.int64(12), np.int64(9), 1)): 38.0, ((31, np.int64(12), np.int64(9), 1), (31, np.int64(12), 35, 1)): 38.0, ((31, np.int64(61), np.int64(0), 2), (3, np.int64(33), np.int64(4), 1)): 38.0, ((3, np.int64(33), np.int64(4), 1), (31, np.int64(14), np.int64(8), 1)): 38.0, ((31, np.int64(14), np.int64(8), 1), (31, np.int64(14), 35, 1)): 38.0, ((31, np.int64(61), np.int64(0), 2), (35, np.int64(36), np.int64(3), 1)): 38.0, ((35, np.int64(36), np.int64(3), 1), (6, np.int64(33), np.int64(4), 1)): 38.0, ((6, np.int64(33), np.int64(4), 1), (31, np.int64(20), np.int64(7), 1)): 38.0, ((31, np.int64(20), np.int64(7), 1), (31, np.int64(20), 35, 1)): 38.0, ((31, np.int64(61), np.int64(0), 2), (6, np.int64(42), np.int64(3), 2)): 38.0, ((6, np.int64(42), np.int64(3), 2), (35, np.int64(39), np.int64(4), 1)): 38.0, ((35, np.int64(39), np.int64(4), 1), (12, np.int64(21), np.int64(8), 1)): 38.0, ((12, np.int64(21), np.int64(8), 1), (31, np.int64(20), np.int64(9), 1)): 38.0, ((31, np.int64(20), np.int64(9), 1), (31, np.int64(20), 35, 1)): 38.0, ((31, np.int64(61), np.int64(0), 2), (15, np.int64(57), np.int64(1), 2)): 38.0, ((15, np.int64(57), np.int64(1), 2), (12, np.int64(55), np.int64(2), 2)): 38.0, ((12, np.int64(55), np.int64(2), 2), (31, np.int64(54), np.int64(3), 2)): 38.0, ((31, np.int64(54), np.int64(3), 2), (31, np.int64(54), 35, 2)): 38.0, ((31, np.int64(70), np.int64(0), 2), (15, np.int64(66), np.int64(1), 2)): 38.0, ((15, np.int64(66), np.int64(1), 2), (3, np.int64(44), np.int64(5), 2)): 38.0, ((3, np.int64(44), np.int64(5), 2), (6, np.int64(23), np.int64(9), 1)): 38.0, ((6, np.int64(23), np.int64(9), 1), (31, np.int64(10), np.int64(12), 1)): 38.0, ((31, np.int64(10), np.int64(12), 1), (31, np.int64(10), 35, 1)): 76.0, ((31, np.int64(70), np.int64(0), 2), (3, np.int64(42), np.int64(4), 2)): 38.0, ((3, np.int64(42), np.int64(4), 2), (12, np.int64(22), np.int64(8), 1)): 38.0, ((12, np.int64(22), np.int64(8), 1), (31, np.int64(21), np.int64(9), 1)): 38.0, ((31, np.int64(21), np.int64(9), 1), (31, np.int64(21), 35, 1)): 38.0, ((31, np.int64(70), np.int64(0), 2), (35, np.int64(45), np.int64(3), 2)): 38.0, ((35, np.int64(45), np.int64(3), 2), (12, np.int64(27), np.int64(7), 1)): 38.0, ((12, np.int64(27), np.int64(7), 1), (31, np.int64(26), np.int64(8), 1)): 38.0, ((31, np.int64(26), np.int64(8), 1), (31, np.int64(26), 35, 1)): 38.0, ((31, np.int64(70), np.int64(0), 2), (30, np.int64(60), np.int64(2), 2)): 38.0, ((30, np.int64(60), np.int64(2), 2), (6, np.int64(42), np.int64(6), 2)): 38.0, ((6, np.int64(42), np.int64(6), 2), (35, np.int64(39), np.int64(7), 1)): 38.0, ((35, np.int64(39), np.int64(7), 1), (12, np.int64(21), np.int64(11), 1)): 38.0, ((12, np.int64(21), np.int64(11), 1), (31, np.int64(20), np.int64(12), 1)): 38.0, ((31, np.int64(20), np.int64(12), 1), (31, np.int64(20), 35, 1)): 38.0, ((31, np.int64(70), np.int64(0), 2), (6, np.int64(51), np.int64(3), 2)): 38.0, ((6, np.int64(51), np.int64(3), 2), (12, np.int64(37), np.int64(6), 1)): 38.0, ((12, np.int64(37), np.int64(6), 1), (31, np.int64(36), np.int64(7), 1)): 38.0, ((31, np.int64(36), np.int64(7), 1), (31, np.int64(36), 35, 1)): 38.0, ((31, np.int64(70), np.int64(0), 2), (31, np.int64(70), np.int64(1), 2)): 62024.0, ((31, np.int64(70), np.int64(1), 2), (31, np.int64(70), np.int64(6), 2)): 62024.0, ((31, np.int64(70), np.int64(6), 2), (15, np.int64(68), np.int64(7), 2)): 62024.0, ((15, np.int64(68), np.int64(7), 2), (15, np.int64(68), np.int64(12), 2)): 62024.0, ((15, np.int64(68), np.int64(12), 2), (12, np.int64(66), np.int64(13), 2)): 62024.0, ((12, np.int64(66), np.int64(13), 2), (32, np.int64(24), np.int64(18), 1)): 54682.0, ((32, np.int64(24), np.int64(18), 1), (32, np.int64(24), 35, 1)): 54682.0, ((12, np.int64(66), np.int64(13), 2), (31, np.int64(65), np.int64(14), 2)): 7342.0, ((31, np.int64(65), np.int64(14), 2), (31, np.int64(65), np.int64(19), 2)): 7342.0, ((31, np.int64(65), np.int64(19), 2), (12, np.int64(64), np.int64(20), 2)): 5157.0, ((12, np.int64(64), np.int64(20), 2), (32, np.int64(22), np.int64(25), 1)): 5157.0, ((32, np.int64(22), np.int64(25), 1), (32, np.int64(22), 35, 1)): 5157.0, ((31, np.int64(65), np.int64(19), 2), (31, np.int64(65), np.int64(24), 2)): 2185.0, ((31, np.int64(65), np.int64(24), 2), (12, np.int64(64), np.int64(25), 2)): 2185.0, ((12, np.int64(64), np.int64(25), 2), (32, np.int64(22), np.int64(30), 1)): 2185.0, ((32, np.int64(22), np.int64(30), 1), (32, np.int64(22), 35, 1)): 2185.0, ((31, np.int64(70), np.int64(0), 2), (12, np.int64(68), np.int64(1), 2)): 38.0, ((12, np.int64(68), np.int64(1), 2), (31, np.int64(67), np.int64(2), 2)): 38.0, ((31, np.int64(67), np.int64(2), 2), (31, np.int64(67), np.int64(7), 2)): 38.0, ((31, np.int64(67), np.int64(7), 2), (15, np.int64(65), np.int64(8), 2)): 38.0, ((15, np.int64(65), np.int64(8), 2), (15, np.int64(65), np.int64(13), 2)): 38.0, ((15, np.int64(65), np.int64(13), 2), (12, np.int64(63), np.int64(14), 2)): 38.0, ((12, np.int64(63), np.int64(14), 2), (31, np.int64(62), np.int64(15), 2)): 38.0, ((31, np.int64(62), np.int64(15), 2), (31, np.int64(62), np.int64(20), 2)): 38.0, ((31, np.int64(62), np.int64(20), 2), (31, np.int64(62), np.int64(25), 2)): 38.0, ((31, np.int64(62), np.int64(25), 2), (12, np.int64(61), np.int64(26), 2)): 38.0, ((12, np.int64(61), np.int64(26), 2), (32, np.int64(19), np.int64(31), 1)): 38.0, ((32, np.int64(19), np.int64(31), 1), (32, np.int64(19), 35, 1)): 38.0, ((31, np.int64(72), np.int64(0), 2), (35, np.int64(47), np.int64(3), 2)): 38.0, ((35, np.int64(47), np.int64(3), 2), (3, np.int64(24), np.int64(7), 1)): 38.0, ((3, np.int64(24), np.int64(7), 1), (12, np.int64(4), np.int64(11), 0)): 38.0, ((12, np.int64(4), np.int64(11), 0), (31, np.int64(3), np.int64(12), 0)): 38.0, ((31, np.int64(3), np.int64(12), 0), (31, np.int64(3), 35, 0)): 38.0, ((31, np.int64(72), np.int64(0), 2), (3, np.int64(44), np.int64(4), 2)): 38.0, ((3, np.int64(44), np.int64(4), 2), (6, np.int64(23), np.int64(8), 1)): 38.0, ((6, np.int64(23), np.int64(8), 1), (31, np.int64(10), np.int64(11), 1)): 38.0, ((31, np.int64(10), np.int64(11), 1), (31, np.int64(10), 35, 1)): 38.0, ((31, np.int64(72), np.int64(0), 2), (30, np.int64(62), np.int64(2), 2)): 38.0, ((30, np.int64(62), np.int64(2), 2), (6, np.int64(44), np.int64(6), 2)): 38.0, ((6, np.int64(44), np.int64(6), 2), (35, np.int64(41), np.int64(7), 2)): 38.0, ((35, np.int64(41), np.int64(7), 2), (12, np.int64(23), np.int64(11), 1)): 38.0, ((12, np.int64(23), np.int64(11), 1), (31, np.int64(22), np.int64(12), 1)): 38.0, ((31, np.int64(22), np.int64(12), 1), (31, np.int64(22), 35, 1)): 38.0, ((31, np.int64(72), np.int64(0), 2), (6, np.int64(53), np.int64(3), 2)): 38.0, ((6, np.int64(53), np.int64(3), 2), (12, np.int64(39), np.int64(6), 1)): 38.0, ((12, np.int64(39), np.int64(6), 1), (31, np.int64(38), np.int64(7), 1)): 38.0, ((31, np.int64(38), np.int64(7), 1), (31, np.int64(38), 35, 1)): 38.0, ((31, np.int64(72), np.int64(0), 2), (0, np.int64(24), np.int64(6), 1)): 38.0, ((0, np.int64(24), np.int64(6), 1), (0, np.int64(24), 35, 1)): 38.0, ((31, np.int64(72), np.int64(0), 2), (12, np.int64(70), np.int64(1), 2)): 38.0, ((12, np.int64(70), np.int64(1), 2), (31, np.int64(69), np.int64(2), 2)): 38.0, ((31, np.int64(69), np.int64(2), 2), (31, np.int64(69), np.int64(7), 2)): 38.0, ((31, np.int64(69), np.int64(7), 2), (15, np.int64(67), np.int64(8), 2)): 38.0, ((15, np.int64(67), np.int64(8), 2), (15, np.int64(67), np.int64(13), 2)): 38.0, ((15, np.int64(67), np.int64(13), 2), (12, np.int64(65), np.int64(14), 2)): 38.0, ((12, np.int64(65), np.int64(14), 2), (31, np.int64(64), np.int64(15), 2)): 38.0, ((31, np.int64(64), np.int64(15), 2), (31, np.int64(64), np.int64(20), 2)): 38.0, ((31, np.int64(64), np.int64(20), 2), (31, np.int64(64), np.int64(25), 2)): 38.0, ((31, np.int64(64), np.int64(25), 2), (12, np.int64(63), np.int64(26), 2)): 38.0, ((12, np.int64(63), np.int64(26), 2), (32, np.int64(21), np.int64(31), 1)): 38.0, ((32, np.int64(21), np.int64(31), 1), (32, np.int64(21), 35, 1)): 38.0, ((31, np.int64(72), np.int64(0), 2), (15, np.int64(68), np.int64(1), 2)): 38.0, ((15, np.int64(68), np.int64(1), 2), (12, np.int64(66), np.int64(2), 2)): 38.0, ((12, np.int64(66), np.int64(2), 2), (31, np.int64(65), np.int64(3), 2)): 38.0, ((31, np.int64(65), np.int64(3), 2), (31, np.int64(65), np.int64(8), 2)): 38.0, ((31, np.int64(65), np.int64(8), 2), (15, np.int64(63), np.int64(9), 2)): 38.0, ((15, np.int64(63), np.int64(9), 2), (15, np.int64(63), np.int64(14), 2)): 38.0, ((15, np.int64(63), np.int64(14), 2), (12, np.int64(61), np.int64(15), 2)): 38.0, ((12, np.int64(61), np.int64(15), 2), (31, np.int64(60), np.int64(16), 2)): 38.0, ((31, np.int64(60), np.int64(16), 2), (31, np.int64(60), np.int64(21), 2)): 38.0, ((31, np.int64(60), np.int64(21), 2), (31, np.int64(60), np.int64(26), 2)): 38.0, ((31, np.int64(60), np.int64(26), 2), (12, np.int64(59), np.int64(27), 2)): 38.0, ((12, np.int64(59), np.int64(27), 2), (32, np.int64(17), np.int64(32), 1)): 38.0, ((32, np.int64(17), np.int64(32), 1), (32, np.int64(17), 35, 1)): 38.0, ((31, np.int64(75), np.int64(0), 2), (3, np.int64(47), np.int64(4), 2)): 38.0, ((3, np.int64(47), np.int64(4), 2), (15, np.int64(25), np.int64(8), 1)): 38.0, ((15, np.int64(25), np.int64(8), 1), (30, np.int64(16), np.int64(10), 1)): 38.0, ((30, np.int64(16), np.int64(10), 1), (31, np.int64(9), np.int64(12), 0)): 38.0, ((31, np.int64(9), np.int64(12), 0), (31, np.int64(9), 35, 0)): 38.0, ((31, np.int64(75), np.int64(0), 2), (30, np.int64(65), np.int64(2), 2)): 38.0, ((30, np.int64(65), np.int64(2), 2), (35, np.int64(43), np.int64(6), 2)): 38.0, ((35, np.int64(43), np.int64(6), 2), (12, np.int64(25), np.int64(10), 1)): 38.0, ((12, np.int64(25), np.int64(10), 1), (31, np.int64(24), np.int64(11), 1)): 38.0, ((31, np.int64(24), np.int64(11), 1), (31, np.int64(24), 35, 1)): 38.0, ((31, np.int64(75), np.int64(0), 2), (35, np.int64(50), np.int64(3), 2)): 38.0, ((35, np.int64(50), np.int64(3), 2), (15, np.int64(32), np.int64(7), 1)): 38.0, ((15, np.int64(32), np.int64(7), 1), (31, np.int64(30), np.int64(8), 1)): 38.0, ((31, np.int64(30), np.int64(8), 1), (31, np.int64(30), 35, 1)): 38.0, ((31, np.int64(75), np.int64(0), 2), (6, np.int64(56), np.int64(3), 2)): 38.0, ((6, np.int64(56), np.int64(3), 2), (31, np.int64(43), np.int64(6), 2)): 38.0, ((31, np.int64(43), np.int64(6), 2), (31, np.int64(43), 35, 2)): 38.0, ((31, np.int64(75), np.int64(0), 2), (15, np.int64(71), np.int64(1), 2)): 38.0, ((15, np.int64(71), np.int64(1), 2), (31, np.int64(69), np.int64(2), 2)): 38.0, ((31, np.int64(69), np.int64(2), 2), (31, np.int64(69), 35, 2)): 38.0, ((31, np.int64(75), np.int64(0), 2), (12, np.int64(73), np.int64(1), 2)): 38.0, ((12, np.int64(73), np.int64(1), 2), (15, np.int64(71), np.int64(2), 2)): 38.0, ((15, np.int64(71), np.int64(2), 2), (31, np.int64(69), np.int64(3), 2)): 38.0, ((31, np.int64(69), np.int64(3), 2), (31, np.int64(69), 35, 2)): 38.0, ((31, np.int64(75), np.int64(0), 2), (0, np.int64(27), np.int64(6), 1)): 38.0, ((0, np.int64(27), np.int64(6), 1), (30, np.int64(1), np.int64(11), 0)): 38.0, ((30, np.int64(1), np.int64(11), 0), (30, np.int64(1), 35, 0)): 38.0, ((31, np.int64(76), np.int64(0), 2), (3, np.int64(48), np.int64(4), 2)): 38.0, ((3, np.int64(48), np.int64(4), 2), (35, np.int64(25), np.int64(8), 1)): 38.0, ((35, np.int64(25), np.int64(8), 1), (31, np.int64(8), np.int64(11), 0)): 38.0, ((31, np.int64(8), np.int64(11), 0), (31, np.int64(8), 35, 0)): 38.0, ((31, np.int64(76), np.int64(0), 2), (30, np.int64(66), np.int64(2), 2)): 38.0, ((30, np.int64(66), np.int64(2), 2), (35, np.int64(44), np.int64(6), 2)): 38.0, ((35, np.int64(44), np.int64(6), 2), (12, np.int64(26), np.int64(10), 1)): 38.0, ((12, np.int64(26), np.int64(10), 1), (31, np.int64(25), np.int64(11), 1)): 38.0, ((31, np.int64(25), np.int64(11), 1), (31, np.int64(25), 35, 1)): 38.0, ((31, np.int64(76), np.int64(0), 2), (35, np.int64(51), np.int64(3), 2)): 38.0, ((35, np.int64(51), np.int64(3), 2), (15, np.int64(33), np.int64(7), 1)): 38.0, ((15, np.int64(33), np.int64(7), 1), (31, np.int64(31), np.int64(8), 1)): 38.0, ((31, np.int64(31), np.int64(8), 1), (31, np.int64(31), 35, 1)): 76.0, ((31, np.int64(76), np.int64(0), 2), (6, np.int64(57), np.int64(3), 2)): 38.0, ((6, np.int64(57), np.int64(3), 2), (31, np.int64(44), np.int64(6), 2)): 38.0, ((31, np.int64(44), np.int64(6), 2), (31, np.int64(44), 35, 2)): 38.0, ((31, np.int64(76), np.int64(0), 2), (15, np.int64(72), np.int64(1), 2)): 38.0, ((15, np.int64(72), np.int64(1), 2), (31, np.int64(70), np.int64(2), 2)): 38.0, ((31, np.int64(70), np.int64(2), 2), (31, np.int64(70), 35, 2)): 38.0, ((31, np.int64(76), np.int64(0), 2), (0, np.int64(28), np.int64(6), 1)): 38.0, ((0, np.int64(28), np.int64(6), 1), (30, np.int64(2), np.int64(11), 0)): 38.0, ((30, np.int64(2), np.int64(11), 0), (30, np.int64(2), 35, 0)): 38.0, ((31, np.int64(76), np.int64(0), 2), (12, np.int64(74), np.int64(1), 2)): 38.0, ((12, np.int64(74), np.int64(1), 2), (15, np.int64(72), np.int64(2), 2)): 38.0, ((15, np.int64(72), np.int64(2), 2), (31, np.int64(70), np.int64(3), 2)): 38.0, ((31, np.int64(70), np.int64(3), 2), (31, np.int64(70), 35, 2)): 38.0, ((31, np.int64(78), np.int64(0), 2), (3, np.int64(50), np.int64(4), 2)): 38.0, ((3, np.int64(50), np.int64(4), 2), (31, np.int64(31), np.int64(8), 1)): 38.0, ((31, np.int64(78), np.int64(0), 2), (35, np.int64(53), np.int64(3), 2)): 38.0, ((35, np.int64(53), np.int64(3), 2), (31, np.int64(36), np.int64(6), 1)): 38.0, ((31, np.int64(36), np.int64(6), 1), (31, np.int64(36), 35, 1)): 38.0, ((31, np.int64(78), np.int64(0), 2), (6, np.int64(59), np.int64(3), 2)): 38.0, ((6, np.int64(59), np.int64(3), 2), (31, np.int64(46), np.int64(6), 2)): 38.0, ((31, np.int64(46), np.int64(6), 2), (31, np.int64(46), 35, 2)): 38.0, ((31, np.int64(78), np.int64(0), 2), (30, np.int64(68), np.int64(2), 2)): 38.0, ((30, np.int64(68), np.int64(2), 2), (31, np.int64(61), np.int64(4), 2)): 38.0, ((31, np.int64(61), np.int64(4), 2), (31, np.int64(61), 35, 2)): 38.0, ((31, np.int64(78), np.int64(0), 2), (15, np.int64(74), np.int64(1), 2)): 38.0, ((15, np.int64(74), np.int64(1), 2), (31, np.int64(72), np.int64(2), 2)): 38.0, ((31, np.int64(72), np.int64(2), 2), (31, np.int64(72), 35, 2)): 38.0, ((31, np.int64(78), np.int64(0), 2), (0, np.int64(30), np.int64(6), 1)): 38.0, ((0, np.int64(30), np.int64(6), 1), (30, np.int64(4), np.int64(11), 0)): 38.0, ((30, np.int64(4), np.int64(11), 0), (30, np.int64(4), 35, 0)): 38.0, ((31, np.int64(78), np.int64(0), 2), (12, np.int64(76), np.int64(1), 2)): 38.0, ((12, np.int64(76), np.int64(1), 2), (15, np.int64(74), np.int64(2), 2)): 38.0, ((15, np.int64(74), np.int64(2), 2), (31, np.int64(72), np.int64(3), 2)): 38.0, ((31, np.int64(72), np.int64(3), 2), (31, np.int64(72), 35, 2)): 38.0, ((31, np.int64(80), np.int64(0), 3), (3, np.int64(52), np.int64(4), 2)): 38.0, ((3, np.int64(52), np.int64(4), 2), (31, np.int64(33), np.int64(8), 1)): 38.0, ((31, np.int64(33), np.int64(8), 1), (31, np.int64(33), 35, 1)): 38.0, ((31, np.int64(80), np.int64(0), 3), (35, np.int64(55), np.int64(3), 2)): 38.0, ((35, np.int64(55), np.int64(3), 2), (31, np.int64(38), np.int64(6), 1)): 38.0, ((31, np.int64(38), np.int64(6), 1), (31, np.int64(38), 35, 1)): 38.0, ((31, np.int64(80), np.int64(0), 3), (0, np.int64(32), np.int64(6), 1)): 38.0, ((0, np.int64(32), np.int64(6), 1), (30, np.int64(6), np.int64(11), 0)): 38.0, ((30, np.int64(6), np.int64(11), 0), (30, np.int64(6), 35, 0)): 38.0, ((31, np.int64(80), np.int64(0), 3), (12, np.int64(78), np.int64(1), 2)): 38.0, ((12, np.int64(78), np.int64(1), 2), (35, np.int64(60), np.int64(5), 2)): 38.0, ((35, np.int64(60), np.int64(5), 2), (6, np.int64(57), np.int64(6), 2)): 38.0, ((6, np.int64(57), np.int64(6), 2), (31, np.int64(44), np.int64(9), 2)): 38.0, ((31, np.int64(44), np.int64(9), 2), (31, np.int64(44), 35, 2)): 38.0, ((31, np.int64(80), np.int64(0), 3), (15, np.int64(76), np.int64(1), 2)): 38.0, ((15, np.int64(76), np.int64(1), 2), (31, np.int64(74), np.int64(2), 2)): 38.0, ((31, np.int64(74), np.int64(2), 2), (31, np.int64(74), 35, 2)): 38.0, ((31, np.int64(81), np.int64(0), 3), (3, np.int64(53), np.int64(4), 2)): 38.0, ((3, np.int64(53), np.int64(4), 2), (31, np.int64(34), np.int64(8), 1)): 38.0, ((31, np.int64(34), np.int64(8), 1), (31, np.int64(34), 35, 1)): 38.0, ((31, np.int64(81), np.int64(0), 3), (30, np.int64(71), np.int64(2), 2)): 38.0, ((30, np.int64(71), np.int64(2), 2), (3, np.int64(56), np.int64(5), 2)): 38.0, ((3, np.int64(56), np.int64(5), 2), (31, np.int64(37), np.int64(9), 1)): 38.0, ((31, np.int64(37), np.int64(9), 1), (31, np.int64(37), 35, 1)): 38.0, ((31, np.int64(81), np.int64(0), 3), (12, np.int64(79), np.int64(1), 2)): 38.0, ((12, np.int64(79), np.int64(1), 2), (3, np.int64(59), np.int64(5), 2)): 38.0, ((3, np.int64(59), np.int64(5), 2), (15, np.int64(37), np.int64(9), 1)): 38.0, ((15, np.int64(37), np.int64(9), 1), (12, np.int64(35), np.int64(10), 1)): 38.0, ((12, np.int64(35), np.int64(10), 1), (31, np.int64(34), np.int64(11), 1)): 38.0, ((31, np.int64(34), np.int64(11), 1), (31, np.int64(34), 35, 1)): 38.0, ((31, np.int64(81), np.int64(0), 3), (6, np.int64(62), np.int64(3), 2)): 38.0, ((6, np.int64(62), np.int64(3), 2), (31, np.int64(49), np.int64(6), 2)): 38.0, ((31, np.int64(49), np.int64(6), 2), (31, np.int64(49), 35, 2)): 38.0, ((31, np.int64(81), np.int64(0), 3), (15, np.int64(77), np.int64(1), 2)): 38.0, ((15, np.int64(77), np.int64(1), 2), (6, np.int64(63), np.int64(4), 2)): 38.0, ((6, np.int64(63), np.int64(4), 2), (31, np.int64(50), np.int64(7), 2)): 38.0, ((31, np.int64(50), np.int64(7), 2), (31, np.int64(50), 35, 2)): 38.0, ((31, np.int64(90), np.int64(0), 3), (29, np.int64(40), np.int64(6), 2)): 38.0, ((29, np.int64(40), np.int64(6), 2), (31, np.int64(5), np.int64(12), 0)): 38.0, ((31, np.int64(5), np.int64(12), 0), (31, np.int64(5), 35, 0)): 38.0, ((31, np.int64(90), np.int64(0), 3), (2, np.int64(35), np.int64(7), 1)): 38.0, ((2, np.int64(35), np.int64(7), 1), (10, np.int64(33), np.int64(8), 1)): 38.0, ((10, np.int64(33), np.int64(8), 1), (10, np.int64(33), 35, 1)): 38.0, ((31, np.int64(90), np.int64(0), 3), (10, np.int64(39), np.int64(6), 1)): 38.0, ((10, np.int64(39), np.int64(6), 1), (15, np.int64(3), np.int64(13), 0)): 38.0, ((15, np.int64(3), np.int64(13), 0), (12, np.int64(1), np.int64(14), 0)): 38.0, ((12, np.int64(1), np.int64(14), 0), (31, np.int64(0), np.int64(15), 0)): 76.0, ((31, np.int64(0), np.int64(15), 0), (31, np.int64(0), 35, 0)): 76.0, ((31, np.int64(90), np.int64(0), 3), (9, np.int64(37), np.int64(7), 1)): 38.0, ((9, np.int64(37), np.int64(7), 1), (6, np.int64(14), np.int64(11), 1)): 38.0, ((6, np.int64(14), np.int64(11), 1), (35, np.int64(11), np.int64(12), 1)): 38.0, ((35, np.int64(11), np.int64(12), 1), (35, np.int64(11), 35, 1)): 38.0, ((31, np.int64(90), np.int64(0), 3), (17, np.int64(41), np.int64(6), 2)): 38.0, ((17, np.int64(41), np.int64(6), 2), (31, np.int64(7), np.int64(12), 0)): 38.0, ((31, np.int64(7), np.int64(12), 0), (31, np.int64(7), 35, 0)): 38.0, ((31, np.int64(90), np.int64(0), 3), (3, np.int64(62), np.int64(4), 2)): 38.0, ((3, np.int64(62), np.int64(4), 2), (15, np.int64(40), np.int64(8), 2)): 38.0, ((15, np.int64(40), np.int64(8), 2), (12, np.int64(38), np.int64(9), 1)): 38.0, ((12, np.int64(38), np.int64(9), 1), (31, np.int64(37), np.int64(10), 1)): 38.0, ((31, np.int64(37), np.int64(10), 1), (31, np.int64(37), 35, 1)): 38.0, ((31, np.int64(90), np.int64(0), 3), (15, np.int64(86), np.int64(1), 3)): 38.0, ((15, np.int64(86), np.int64(1), 3), (3, np.int64(64), np.int64(5), 2)): 38.0, ((3, np.int64(64), np.int64(5), 2), (15, np.int64(42), np.int64(9), 2)): 38.0, ((15, np.int64(42), np.int64(9), 2), (12, np.int64(40), np.int64(10), 2)): 38.0, ((12, np.int64(40), np.int64(10), 2), (31, np.int64(39), np.int64(11), 1)): 38.0, ((31, np.int64(39), np.int64(11), 1), (31, np.int64(39), 35, 1)): 38.0, ((31, np.int64(90), np.int64(0), 3), (0, np.int64(42), np.int64(6), 2)): 38.0, ((0, np.int64(42), np.int64(6), 2), (12, np.int64(10), np.int64(12), 1)): 38.0, ((12, np.int64(10), np.int64(12), 1), (30, np.int64(3), np.int64(14), 0)): 38.0, ((30, np.int64(3), np.int64(14), 0), (30, np.int64(3), 35, 0)): 38.0, ((31, np.int64(90), np.int64(0), 3), (31, np.int64(90), np.int64(1), 3)): 2323.0, ((31, np.int64(90), np.int64(1), 3), (31, np.int64(90), np.int64(6), 3)): 2323.0, ((31, np.int64(90), np.int64(6), 3), (31, np.int64(90), np.int64(11), 3)): 2323.0, ((31, np.int64(90), np.int64(11), 3), (12, np.int64(89), np.int64(12), 3)): 2323.0, ((12, np.int64(89), np.int64(12), 3), (12, np.int64(89), np.int64(17), 3)): 2323.0, ((12, np.int64(89), np.int64(17), 3), (31, np.int64(88), np.int64(18), 3)): 2323.0, ((31, np.int64(88), np.int64(18), 3), (31, np.int64(88), np.int64(23), 3)): 2323.0, ((31, np.int64(88), np.int64(23), 3), (12, np.int64(87), np.int64(24), 3)): 2323.0, ((12, np.int64(87), np.int64(24), 3), (6, np.int64(73), np.int64(27), 2)): 2323.0, ((6, np.int64(73), np.int64(27), 2), (35, np.int64(70), np.int64(28), 2)): 2323.0, ((35, np.int64(70), np.int64(28), 2), (9, np.int64(51), np.int64(32), 2)): 2323.0, ((9, np.int64(51), np.int64(32), 2), (29, np.int64(44), np.int64(34), 2)): 2323.0, ((29, np.int64(44), np.int64(34), 2), (29, np.int64(44), 35, 2)): 2323.0, ((31, np.int64(90), np.int64(0), 3), (12, np.int64(88), np.int64(1), 3)): 38.0, ((12, np.int64(88), np.int64(1), 3), (31, np.int64(87), np.int64(2), 3)): 38.0, ((31, np.int64(87), np.int64(2), 3), (31, np.int64(87), np.int64(7), 3)): 38.0, ((31, np.int64(87), np.int64(7), 3), (31, np.int64(87), np.int64(12), 3)): 38.0, ((31, np.int64(87), np.int64(12), 3), (12, np.int64(86), np.int64(13), 3)): 38.0, ((12, np.int64(86), np.int64(13), 3), (12, np.int64(86), np.int64(18), 3)): 38.0, ((12, np.int64(86), np.int64(18), 3), (31, np.int64(85), np.int64(19), 3)): 38.0, ((31, np.int64(85), np.int64(19), 3), (31, np.int64(85), np.int64(24), 3)): 38.0, ((31, np.int64(85), np.int64(24), 3), (12, np.int64(84), np.int64(25), 3)): 38.0, ((12, np.int64(84), np.int64(25), 3), (6, np.int64(70), np.int64(28), 2)): 38.0, ((6, np.int64(70), np.int64(28), 2), (35, np.int64(67), np.int64(29), 2)): 38.0, ((35, np.int64(67), np.int64(29), 2), (9, np.int64(48), np.int64(33), 2)): 38.0, ((9, np.int64(48), np.int64(33), 2), (29, np.int64(41), np.int64(35), 2)): 38.0, ((31, np.int64(90), np.int64(0), 3), (35, np.int64(65), np.int64(3), 2)): 38.0, ((35, np.int64(65), np.int64(3), 2), (6, np.int64(62), np.int64(4), 2)): 38.0, ((6, np.int64(62), np.int64(4), 2), (31, np.int64(49), np.int64(7), 2)): 38.0, ((31, np.int64(49), np.int64(7), 2), (31, np.int64(49), 35, 2)): 38.0, ((31, np.int64(96), np.int64(0), 3), (2, np.int64(41), np.int64(7), 2)): 38.0, ((2, np.int64(41), np.int64(7), 2), (12, np.int64(4), np.int64(14), 0)): 38.0, ((12, np.int64(4), np.int64(14), 0), (31, np.int64(3), np.int64(15), 0)): 38.0, ((31, np.int64(3), np.int64(15), 0), (31, np.int64(3), 35, 0)): 38.0, ((31, np.int64(96), np.int64(0), 3), (8, np.int64(40), np.int64(7), 2)): 38.0, ((8, np.int64(40), np.int64(7), 2), (12, np.int64(1), np.int64(14), 0)): 38.0, ((31, np.int64(96), np.int64(0), 3), (9, np.int64(43), np.int64(7), 2)): 38.0, ((9, np.int64(43), np.int64(7), 2), (35, np.int64(24), np.int64(11), 1)): 38.0, ((35, np.int64(24), np.int64(11), 1), (31, np.int64(7), np.int64(14), 0)): 38.0, ((31, np.int64(7), np.int64(14), 0), (31, np.int64(7), 35, 0)): 38.0, ((31, np.int64(96), np.int64(0), 3), (17, np.int64(47), np.int64(6), 2)): 38.0, ((17, np.int64(47), np.int64(6), 2), (35, np.int64(25), np.int64(10), 1)): 38.0, ((35, np.int64(25), np.int64(10), 1), (31, np.int64(8), np.int64(13), 0)): 38.0, ((31, np.int64(8), np.int64(13), 0), (31, np.int64(8), 35, 0)): 38.0, ((31, np.int64(96), np.int64(0), 3), (6, np.int64(77), np.int64(3), 2)): 38.0, ((6, np.int64(77), np.int64(3), 2), (9, np.int64(44), np.int64(7), 2)): 14.0, ((9, np.int64(44), np.int64(7), 2), (6, np.int64(21), np.int64(11), 1)): 14.0, ((6, np.int64(21), np.int64(11), 1), (31, np.int64(8), np.int64(14), 0)): 14.0, ((31, np.int64(8), np.int64(14), 0), (31, np.int64(8), 35, 0)): 90.0, ((31, np.int64(96), np.int64(0), 3), (10, np.int64(45), np.int64(6), 2)): 38.0, ((10, np.int64(45), np.int64(6), 2), (31, np.int64(10), np.int64(12), 1)): 38.0, ((31, np.int64(96), np.int64(0), 3), (0, np.int64(48), np.int64(6), 2)): 38.0, ((0, np.int64(48), np.int64(6), 2), (10, np.int64(46), np.int64(7), 2)): 38.0, ((10, np.int64(46), np.int64(7), 2), (12, np.int64(11), np.int64(13), 1)): 38.0, ((12, np.int64(11), np.int64(13), 1), (31, np.int64(10), np.int64(14), 1)): 76.0, ((31, np.int64(10), np.int64(14), 1), (31, np.int64(10), 35, 1)): 76.0, ((31, np.int64(96), np.int64(0), 3), (29, np.int64(46), np.int64(6), 2)): 38.0, ((29, np.int64(46), np.int64(6), 2), (6, np.int64(25), np.int64(10), 1)): 38.0, ((6, np.int64(25), np.int64(10), 1), (12, np.int64(11), np.int64(13), 1)): 38.0, ((31, np.int64(96), np.int64(0), 3), (3, np.int64(68), np.int64(4), 2)): 72.0, ((3, np.int64(68), np.int64(4), 2), (15, np.int64(36), np.int64(8), 1)): 72.0, ((15, np.int64(36), np.int64(8), 1), (31, np.int64(34), np.int64(9), 1)): 72.0, ((31, np.int64(34), np.int64(9), 1), (31, np.int64(34), 35, 1)): 72.0, ((31, np.int64(96), np.int64(0), 3), (35, np.int64(71), np.int64(3), 2)): 38.0, ((35, np.int64(71), np.int64(3), 2), (31, np.int64(54), np.int64(6), 2)): 38.0, ((31, np.int64(54), np.int64(6), 2), (31, np.int64(54), 35, 2)): 38.0, ((6, np.int64(77), np.int64(3), 2), (31, np.int64(64), np.int64(6), 2)): 24.0, ((31, np.int64(64), np.int64(6), 2), (31, np.int64(64), np.int64(11), 2)): 24.0, ((31, np.int64(64), np.int64(11), 2), (15, np.int64(62), np.int64(12), 2)): 24.0, ((15, np.int64(62), np.int64(12), 2), (15, np.int64(62), np.int64(17), 2)): 24.0, ((15, np.int64(62), np.int64(17), 2), (12, np.int64(60), np.int64(18), 2)): 24.0, ((12, np.int64(60), np.int64(18), 2), (31, np.int64(59), np.int64(19), 2)): 24.0, ((31, np.int64(59), np.int64(19), 2), (31, np.int64(59), np.int64(24), 2)): 24.0, ((31, np.int64(59), np.int64(24), 2), (31, np.int64(59), np.int64(29), 2)): 24.0, ((31, np.int64(59), np.int64(29), 2), (12, np.int64(58), np.int64(30), 2)): 24.0, ((12, np.int64(58), np.int64(30), 2), (32, np.int64(16), np.int64(35), 1)): 24.0, ((31, np.int64(96), np.int64(0), 3), (30, np.int64(86), np.int64(2), 3)): 38.0, ((30, np.int64(86), np.int64(2), 3), (31, np.int64(79), np.int64(4), 2)): 38.0, ((31, np.int64(79), np.int64(4), 2), (31, np.int64(79), 35, 2)): 38.0, ((31, np.int64(96), np.int64(0), 3), (12, np.int64(94), np.int64(1), 3)): 38.0, ((12, np.int64(94), np.int64(1), 3), (31, np.int64(93), np.int64(2), 3)): 38.0, ((31, np.int64(93), np.int64(2), 3), (31, np.int64(93), 35, 3)): 38.0, ((31, np.int64(96), np.int64(0), 3), (15, np.int64(92), np.int64(1), 3)): 38.0, ((15, np.int64(92), np.int64(1), 3), (12, np.int64(90), np.int64(2), 3)): 38.0, ((12, np.int64(90), np.int64(2), 3), (31, np.int64(89), np.int64(3), 3)): 38.0, ((31, np.int64(89), np.int64(3), 3), (31, np.int64(89), 35, 3)): 38.0, ((31, np.int64(98), np.int64(0), 3), (8, np.int64(42), np.int64(7), 2)): 38.0, ((8, np.int64(42), np.int64(7), 2), (31, np.int64(3), np.int64(14), 0)): 38.0, ((31, np.int64(3), np.int64(14), 0), (31, np.int64(3), 35, 0)): 38.0, ((31, np.int64(98), np.int64(0), 3), (9, np.int64(45), np.int64(7), 2)): 38.0, ((9, np.int64(45), np.int64(7), 2), (31, np.int64(8), np.int64(14), 0)): 38.0, ((31, np.int64(98), np.int64(0), 3), (17, np.int64(49), np.int64(6), 2)): 38.0, ((17, np.int64(49), np.int64(6), 2), (3, np.int64(27), np.int64(10), 1)): 38.0, ((3, np.int64(27), np.int64(10), 1), (31, np.int64(8), np.int64(14), 0)): 38.0, ((31, np.int64(98), np.int64(0), 3), (10, np.int64(47), np.int64(6), 2)): 38.0, ((10, np.int64(47), np.int64(6), 2), (31, np.int64(12), np.int64(12), 1)): 38.0, ((31, np.int64(12), np.int64(12), 1), (31, np.int64(12), 35, 1)): 38.0, ((31, np.int64(98), np.int64(0), 3), (0, np.int64(50), np.int64(6), 2)): 38.0, ((0, np.int64(50), np.int64(6), 2), (10, np.int64(48), np.int64(7), 2)): 38.0, ((10, np.int64(48), np.int64(7), 2), (12, np.int64(13), np.int64(13), 1)): 38.0, ((12, np.int64(13), np.int64(13), 1), (31, np.int64(12), np.int64(14), 1)): 76.0, ((31, np.int64(12), np.int64(14), 1), (31, np.int64(12), 35, 1)): 76.0, ((31, np.int64(98), np.int64(0), 3), (29, np.int64(48), np.int64(6), 2)): 38.0, ((29, np.int64(48), np.int64(6), 2), (6, np.int64(27), np.int64(10), 1)): 38.0, ((6, np.int64(27), np.int64(10), 1), (12, np.int64(13), np.int64(13), 1)): 38.0, ((31, np.int64(98), np.int64(0), 3), (3, np.int64(70), np.int64(4), 2)): 38.0, ((3, np.int64(70), np.int64(4), 2), (31, np.int64(51), np.int64(8), 2)): 38.0, ((31, np.int64(51), np.int64(8), 2), (31, np.int64(51), 35, 2)): 38.0, ((31, np.int64(98), np.int64(0), 3), (35, np.int64(73), np.int64(3), 2)): 38.0, ((35, np.int64(73), np.int64(3), 2), (15, np.int64(55), np.int64(7), 2)): 38.0, ((15, np.int64(55), np.int64(7), 2), (12, np.int64(53), np.int64(8), 2)): 38.0, ((12, np.int64(53), np.int64(8), 2), (31, np.int64(52), np.int64(9), 2)): 38.0, ((31, np.int64(52), np.int64(9), 2), (31, np.int64(52), 35, 2)): 38.0, ((31, np.int64(98), np.int64(0), 3), (6, np.int64(79), np.int64(3), 2)): 38.0, ((6, np.int64(79), np.int64(3), 2), (31, np.int64(66), np.int64(6), 2)): 38.0, ((31, np.int64(66), np.int64(6), 2), (31, np.int64(66), np.int64(11), 2)): 38.0, ((31, np.int64(66), np.int64(11), 2), (15, np.int64(64), np.int64(12), 2)): 38.0, ((15, np.int64(64), np.int64(12), 2), (15, np.int64(64), np.int64(17), 2)): 38.0, ((15, np.int64(64), np.int64(17), 2), (12, np.int64(62), np.int64(18), 2)): 38.0, ((12, np.int64(62), np.int64(18), 2), (31, np.int64(61), np.int64(19), 2)): 38.0, ((31, np.int64(61), np.int64(19), 2), (31, np.int64(61), np.int64(24), 2)): 38.0, ((31, np.int64(61), np.int64(24), 2), (31, np.int64(61), np.int64(29), 2)): 38.0, ((31, np.int64(61), np.int64(29), 2), (12, np.int64(60), np.int64(30), 2)): 38.0, ((12, np.int64(60), np.int64(30), 2), (32, np.int64(18), np.int64(35), 1)): 38.0, ((31, np.int64(98), np.int64(0), 3), (12, np.int64(96), np.int64(1), 3)): 38.0, ((12, np.int64(96), np.int64(1), 3), (31, np.int64(95), np.int64(2), 3)): 38.0, ((31, np.int64(95), np.int64(2), 3), (31, np.int64(95), 35, 3)): 38.0, ((31, np.int64(98), np.int64(0), 3), (15, np.int64(94), np.int64(1), 3)): 38.0, ((15, np.int64(94), np.int64(1), 3), (12, np.int64(92), np.int64(2), 3)): 38.0, ((12, np.int64(92), np.int64(2), 3), (31, np.int64(91), np.int64(3), 3)): 38.0, ((31, np.int64(91), np.int64(3), 3), (31, np.int64(91), 35, 3)): 38.0, ((31, np.int64(100), np.int64(0), 3), (8, np.int64(44), np.int64(7), 2)): 38.0, ((8, np.int64(44), np.int64(7), 2), (12, np.int64(5), np.int64(14), 0)): 38.0, ((12, np.int64(5), np.int64(14), 0), (31, np.int64(4), np.int64(15), 0)): 38.0, ((31, np.int64(4), np.int64(15), 0), (31, np.int64(4), 35, 0)): 38.0, ((31, np.int64(100), np.int64(0), 3), (3, np.int64(81), np.int64(4), 3)): 17398.0, ((3, np.int64(81), np.int64(4), 3), (10, np.int64(46), np.int64(10), 2)): 17376.0, ((10, np.int64(46), np.int64(10), 2), (2, np.int64(44), np.int64(11), 2)): 17376.0, ((2, np.int64(44), np.int64(11), 2), (2, np.int64(44), 35, 2)): 11135.0, ((31, np.int64(100), np.int64(0), 3), (9, np.int64(47), np.int64(7), 2)): 38.0, ((9, np.int64(47), np.int64(7), 2), (15, np.int64(10), np.int64(14), 1)): 38.0, ((15, np.int64(10), np.int64(14), 1), (31, np.int64(8), np.int64(15), 0)): 38.0, ((31, np.int64(8), np.int64(15), 0), (31, np.int64(8), 35, 0)): 38.0, ((31, np.int64(100), np.int64(0), 3), (10, np.int64(49), np.int64(6), 2)): 38.0, ((10, np.int64(49), np.int64(6), 2), (12, np.int64(14), np.int64(12), 1)): 38.0, ((12, np.int64(14), np.int64(12), 1), (31, np.int64(13), np.int64(13), 1)): 38.0, ((31, np.int64(13), np.int64(13), 1), (31, np.int64(13), 35, 1)): 38.0, ((31, np.int64(100), np.int64(0), 3), (17, np.int64(51), np.int64(6), 2)): 38.0, ((17, np.int64(51), np.int64(6), 2), (31, np.int64(17), np.int64(12), 1)): 38.0, ((31, np.int64(17), np.int64(12), 1), (31, np.int64(17), 35, 1)): 38.0, ((31, np.int64(100), np.int64(0), 3), (0, np.int64(52), np.int64(6), 2)): 38.0, ((0, np.int64(52), np.int64(6), 2), (15, np.int64(18), np.int64(12), 1)): 38.0, ((15, np.int64(18), np.int64(12), 1), (31, np.int64(16), np.int64(13), 1)): 38.0, ((31, np.int64(16), np.int64(13), 1), (31, np.int64(16), 35, 1)): 38.0, ((31, np.int64(100), np.int64(0), 3), (3, np.int64(72), np.int64(4), 2)): 38.0, ((3, np.int64(72), np.int64(4), 2), (15, np.int64(50), np.int64(8), 2)): 38.0, ((15, np.int64(50), np.int64(8), 2), (12, np.int64(48), np.int64(9), 2)): 38.0, ((12, np.int64(48), np.int64(9), 2), (31, np.int64(47), np.int64(10), 2)): 38.0, ((31, np.int64(47), np.int64(10), 2), (31, np.int64(47), 35, 2)): 38.0, ((2, np.int64(44), np.int64(11), 2), (0, np.int64(37), np.int64(12), 1)): 2227.0, ((0, np.int64(37), np.int64(12), 1), (31, np.int64(4), np.int64(18), 0)): 2227.0, ((31, np.int64(4), np.int64(18), 0), (31, np.int64(4), 35, 0)): 2227.0, ((31, np.int64(100), np.int64(0), 3), (12, np.int64(98), np.int64(1), 3)): 38.0, ((12, np.int64(98), np.int64(1), 3), (3, np.int64(78), np.int64(5), 2)): 38.0, ((3, np.int64(78), np.int64(5), 2), (12, np.int64(58), np.int64(9), 2)): 38.0, ((12, np.int64(58), np.int64(9), 2), (31, np.int64(57), np.int64(10), 2)): 38.0, ((31, np.int64(57), np.int64(10), 2), (31, np.int64(57), 35, 2)): 38.0, ((31, np.int64(100), np.int64(0), 3), (11, np.int64(18), np.int64(10), 1)): 22.0, ((11, np.int64(18), np.int64(10), 1), (11, np.int64(18), 35, 1)): 22.0, ((3, np.int64(81), np.int64(4), 3), (11, np.int64(42), np.int64(11), 2)): 22.0, ((11, np.int64(42), np.int64(11), 2), (11, np.int64(42), 35, 2)): 22.0, ((31, np.int64(100), np.int64(0), 3), (16, np.int64(41), np.int64(7), 2)): 38.0, ((16, np.int64(41), np.int64(7), 2), (31, np.int64(0), np.int64(14), 0)): 38.0, ((31, np.int64(0), np.int64(14), 0), (31, np.int64(0), 35, 0)): 38.0, ((2, np.int64(44), np.int64(11), 2), (8, np.int64(3), np.int64(16), 0)): 2227.0, ((8, np.int64(3), np.int64(16), 0), (8, np.int64(3), 35, 0)): 2227.0, ((2, np.int64(44), np.int64(11), 2), (4, np.int64(6), np.int64(16), 0)): 1787.0, ((4, np.int64(6), np.int64(16), 0), (4, np.int64(6), 35, 0)): 1787.0, ((31, np.int64(100), np.int64(0), 3), (12, np.int64(99), np.int64(1), 3)): 59839.0, ((12, np.int64(99), np.int64(1), 3), (15, np.int64(97), np.int64(2), 3)): 5157.0, ((15, np.int64(97), np.int64(2), 3), (15, np.int64(97), np.int64(7), 3)): 5157.0, ((15, np.int64(97), np.int64(7), 3), (12, np.int64(95), np.int64(8), 3)): 5157.0, ((12, np.int64(95), np.int64(8), 3), (12, np.int64(95), np.int64(13), 3)): 5157.0, ((12, np.int64(95), np.int64(13), 3), (9, np.int64(57), np.int64(20), 2)): 5157.0, ((9, np.int64(57), np.int64(20), 2), (29, np.int64(50), np.int64(22), 2)): 5157.0, ((29, np.int64(50), np.int64(22), 2), (32, np.int64(14), np.int64(27), 1)): 5157.0, ((32, np.int64(14), np.int64(27), 1), (32, np.int64(14), 35, 1)): 5157.0, ((12, np.int64(99), np.int64(1), 3), (31, np.int64(98), np.int64(2), 3)): 54682.0, ((31, np.int64(98), np.int64(2), 3), (31, np.int64(98), np.int64(7), 3)): 54682.0, ((31, np.int64(98), np.int64(7), 3), (12, np.int64(97), np.int64(8), 3)): 54682.0, ((12, np.int64(97), np.int64(8), 3), (9, np.int64(59), np.int64(15), 2)): 54682.0, ((9, np.int64(59), np.int64(15), 2), (29, np.int64(52), np.int64(17), 2)): 54682.0, ((29, np.int64(52), np.int64(17), 2), (32, np.int64(16), np.int64(22), 1)): 54682.0, ((32, np.int64(16), np.int64(22), 1), (32, np.int64(16), 35, 1)): 54682.0, ((31, np.int64(100), np.int64(0), 3), (15, np.int64(96), np.int64(1), 3)): 38.0, ((15, np.int64(96), np.int64(1), 3), (12, np.int64(94), np.int64(2), 3)): 38.0, ((12, np.int64(94), np.int64(2), 3), (31, np.int64(93), np.int64(3), 3)): 38.0, ((31, np.int64(93), np.int64(3), 3), (31, np.int64(93), 35, 3)): 38.0}}
a[ 20 ] =  1.0
a[ 36 ] =  1.0
n[ 9 ] =  14.0
n[ 11 ] =  22.0
'''''''''''''''''
Gurobi Optimizer version 13.0.1 build v13.0.1rc0 (linux64 - "Debian GNU/Linux 12 (bookworm)")

CPU model: AMD EPYC 7B12, instruction set [SSE2|AVX|AVX2]
Thread count: 1 physical cores, 2 logical processors, using up to 2 threads

Non-default parameters:
MIPGap  0.02

Academic license 937859 - for non-commercial use only - registered to hp___@cornell.edu
Optimize a model with 139337 rows, 306741 columns and 799060 nonzeros (Min)
Model fingerprint: 0xd0a778ee
Model has 197899 linear objective coefficients
Variable types: 5 continuous, 306736 integer (37 binary)
Coefficient statistics:
  Matrix range     [1e+00, 3e+04]
  Objective range  [6e-01, 2e+02]
  Bounds range     [1e+00, 1e+00]
  RHS range        [2e+00, 1e+100]
Warning: Model contains large rhs
         Consider reformulating model or setting NumericFocus parameter
         to avoid numerical issues.

MIP start from previous solve did not produce a new incumbent solution
MIP start from previous solve violates constraint flow_bal_load[(6,_np.int64(79),_np.int64(1),_2)] by 14.000000000

Presolve removed 104785 rows and 167762 columns (presolve time = 5s)...
Presolve removed 110938 rows and 191734 columns (presolve time = 10s)...
Presolve removed 112530 rows and 196466 columns
Presolve time: 12.77s
Presolved: 26807 rows, 110275 columns, 263621 nonzeros
Variable types: 0 continuous, 110275 integer (33 binary)

Root simplex log...

Iteration    Objective       Primal Inf.    Dual Inf.      Time
       0      handle free variables                         14s
    4106    4.9438042e+03   9.559375e+01   0.000000e+00     15s
   10636    6.6887568e+03   3.691653e+01   0.000000e+00     20s
   12450    7.2887173e+03   0.000000e+00   0.000000e+00     22s
   12450    7.2887173e+03   0.000000e+00   0.000000e+00     22s

Root relaxation: objective 7.288717e+03, 12450 iterations, 8.67 seconds (5.67 work units)

    Nodes    |    Current Node    |     Objective Bounds      |     Work
 Expl Unexpl |  Obj  Depth IntInf | Incumbent    BestBd   Gap | It/Node Time

     0     0 7288.71729    0   86          - 7288.71729      -     -   22s
H    0     0                    7928.1009132 7288.71729  8.06%     -   23s
H    0     0                    7927.6662100 7288.71729  8.06%     -   25s
     0     0 7339.65375    0   74 7927.66621 7339.65375  7.42%     -   27s
     0     0 7339.78177    0   76 7927.66621 7339.78177  7.42%     -   29s
     0     0 7341.14521    0   91 7927.66621 7341.14521  7.40%     -   31s
     0     0 7341.31976    0   90 7927.66621 7341.31976  7.40%     -   33s
     0     0 7341.31976    0   90 7927.66621 7341.31976  7.40%     -   33s
     0     0 7371.01059    0  101 7927.66621 7371.01059  7.02%     -   34s
     0     0 7371.01059    0  103 7927.66621 7371.01059  7.02%     -   36s
     0     0 7371.26884    0  106 7927.66621 7371.26884  7.02%     -   36s
     0     0 7371.28701    0  104 7927.66621 7371.28701  7.02%     -   38s
     0     0 7372.31824    0  104 7927.66621 7372.31824  7.01%     -   39s
     0     0 7372.32511    0  106 7927.66621 7372.32511  7.01%     -   40s
     0     0 7373.04789    0  105 7927.66621 7373.04789  7.00%     -   40s
     0     0 7373.04789    0  107 7927.66621 7373.04789  7.00%     -   42s
     0     0 7373.04789    0  104 7927.66621 7373.04789  7.00%     -   42s
     0     0 7374.48037    0  106 7927.66621 7374.48037  6.98%     -   44s
     0     0 7374.48037    0  108 7927.66621 7374.48037  6.98%     -   44s
     0     0 7374.48037    0  113 7927.66621 7374.48037  6.98%     -   45s
     0     0 7374.48037    0  113 7927.66621 7374.48037  6.98%     -   45s
     0     0 7374.48037    0  112 7927.66621 7374.48037  6.98%     -   45s
     0     0 7374.48037    0  112 7927.66621 7374.48037  6.98%     -   46s
     0     0 7374.48037    0  112 7927.66621 7374.48037  6.98%     -   46s
     0     0 7374.48037    0  110 7927.66621 7374.48037  6.98%     -   46s
     0     0 7374.48037    0  112 7927.66621 7374.48037  6.98%     -   47s
     0     0 7374.48037    0  114 7927.66621 7374.48037  6.98%     -   47s
     0     0 7374.48037    0  116 7927.66621 7374.48037  6.98%     -   48s
     0     0 7374.48037    0  117 7927.66621 7374.48037  6.98%     -   48s
     0     0 7374.48037    0  117 7927.66621 7374.48037  6.98%     -   48s
     0     0 7374.48037    0  115 7927.66621 7374.48037  6.98%     -   49s
     0     0 7374.48037    0  115 7927.66621 7374.48037  6.98%     -   49s
     0     0 7375.73132    0  117 7927.66621 7375.73132  6.96%     -   50s
     0     0 7375.73132    0  114 7927.66621 7375.73132  6.96%     -   51s
     0     0 7375.73132    0  114 7927.66621 7375.73132  6.96%     -   51s
     0     0 7375.73132    0  114 7927.66621 7375.73132  6.96%     -   51s
     0     0 7375.73132    0  108 7927.66621 7375.73132  6.96%     -   52s
     0     2 7381.01047    0  108 7927.66621 7381.01047  6.90%     -   56s
*    8     4               5    7825.4388128 7594.35690  2.95%   234   59s

Cutting planes:
  Implied bound: 1
  MIR: 14
  Flow cover: 1

Explored 11 nodes (24722 simplex iterations) in 59.44 seconds (23.03 work units)
Thread count was 2 (of 2 available processors)

Solution count 3: 7825.44 7927.67 7928.1 

Optimal solution found (tolerance 2.00e-02)
Best objective 7.825438812785e+03, best bound 7.745949315068e+03, gap 1.0158%
Iteration:  5
Size of network:  9054  nodes,  153326  edges
Obj Value:  7825.438812785387
x_load: {((11, 69, 11, 2), (26, 6, 16, 0), 0): 22.0, ((6, 79, 1, 2), (9, 46, 1, 2), 0): 14.0, ((26, 6, 16, 0), (26, 6, 35, 0), 0): 22.0, ((9, 46, 1, 2), (9, 100, 1, 3), 0): 14.0, ((9, 100, 1, 3), (36, 41, 6, 2), 0): 14.0, ((36, 59, 6, 2), (36, 80, 6, 3), 0): 14.0, ((36, 41, 6, 2), (36, 59, 6, 2), 0): 14.0, ((20, 0, 16, 0), (20, 0, 35, 0), 0): 14.0, ((36, 80, 6, 3), (20, 0, 16, 0), 0): 14.0, ((26, 0, 0, 0), (26, 0, 35, 0), 0): 2.0, ((31, 59, 0, 2), (31, 59, 35, 2), 0): 2.0, ((31, 98, 0, 3), (6, 79, 1, 2), 0): 14.0, ((31, 90, 0, 3), (11, 8, 10, 0), 0): 22.0, ((11, 8, 10, 0), (11, 69, 11, 2), 0): 22.0}
x_ener: {((0, 62, 1, 2), (10, 62, 1, 2), 0): 8568.0, ((30, 7, 1, 0), (31, 0, 1, 0), 0): 152.0, ((30, 8, 1, 0), (12, 7, 1, 0), 0): 38.0, ((31, 6, 6, 0), (31, 6, 35, 0), 0): 38.0, ((30, 18, 1, 1), (31, 12, 1, 1), 0): 228.0, ((31, 10, 6, 1), (31, 10, 35, 1), 0): 114.0, ((30, 26, 1, 1), (31, 21, 1, 1), 0): 76.0, ((10, 59, 1, 2), (2, 59, 1, 2), 0): 8533.0, ((2, 59, 1, 2), (0, 62, 1, 2), 0): 4284.0, ((2, 59, 1, 2), (10, 59, 1, 2), 0): 8498.0, ((6, 19, 6, 1), (35, 22, 6, 1), 0): 38.0, ((10, 62, 1, 2), (0, 62, 1, 2), 0): 4249.0, ((10, 62, 1, 2), (2, 59, 1, 2), 0): 4249.0, ((10, 62, 1, 2), (2, 62, 1, 2), 0): 70.0, ((12, 15, 6, 1), (31, 15, 6, 1), 1): 76.0, ((30, 39, 1, 1), (12, 33, 1, 1), 0): 76.0, ((31, 15, 6, 1), (31, 15, 35, 1), 0): 76.0, ((2, 62, 1, 2), (0, 62, 1, 2), 0): 35.0, ((2, 62, 1, 2), (10, 59, 1, 2), 0): 35.0, ((30, 35, 1, 1), (12, 29, 1, 1), 0): 38.0, ((35, 27, 6, 1), (31, 10, 6, 1), 0): 76.0, ((30, 51, 1, 2), (35, 29, 1, 1), 0): 76.0, ((30, 42, 1, 2), (15, 36, 1, 1), 0): 38.0, ((30, 68, 1, 2), (12, 70, 1, 2), 0): 38.0, ((17, 44, 6, 2), (31, 10, 11, 1), 0): 38.0, ((30, 73, 1, 2), (6, 59, 1, 2), 0): 38.0, ((31, 70, 6, 2), (31, 70, 11, 2), 0): 62200.0, ((11, 69, 6, 2), (11, 69, 11, 2), 0): 22.0, ((17, 47, 6, 2), (35, 27, 6, 1), 0): 38.0, ((30, 62, 1, 2), (15, 54, 1, 2), 0): 76.0, ((0, 40, 6, 2), (31, 8, 11, 0), 0): 38.0, ((8, 40, 6, 2), (12, 7, 11, 0), 0): 38.0, ((0, 30, 6, 1), (30, 7, 11, 0), 0): 152.0, ((0, 32, 6, 1), (30, 7, 11, 0), 0): 38.0, ((0, 42, 6, 2), (10, 40, 6, 2), 0): 38.0, ((0, 51, 6, 2), (10, 49, 6, 2), 0): 76.0, ((0, 52, 6, 2), (15, 20, 11, 1), 0): 38.0, ((0, 73, 6, 2), (31, 40, 11, 2), 0): 2227.0, ((30, 7, 11, 0), (31, 0, 11, 0), 0): 234.0, ((12, 7, 11, 0), (31, 6, 11, 0), 1): 190.0, ((31, 0, 11, 0), (31, 0, 35, 0), 0): 234.0, ((10, 36, 6, 1), (12, 7, 11, 0), 0): 38.0, ((31, 6, 11, 0), (31, 6, 35, 0), 0): 2531.0, ((15, 5, 11, 0), (31, 6, 11, 0), 1): 76.0, ((10, 39, 6, 1), (12, 7, 11, 0), 0): 38.0, ((31, 8, 11, 0), (31, 8, 35, 0), 0): 114.0, ((2, 35, 6, 1), (10, 36, 6, 1), 0): 38.0, ((10, 40, 6, 2), (0, 40, 6, 2), 0): 38.0, ((31, 10, 11, 1), (31, 10, 35, 1), 0): 38.0, ((15, 10, 11, 1), (31, 8, 11, 0), 0): 38.0, ((3, 23, 11, 1), (31, 6, 11, 0), 0): 2227.0, ((10, 48, 6, 2), (31, 15, 11, 1), 0): 76.0, ((10, 49, 6, 2), (12, 15, 11, 1), 0): 114.0, ((15, 20, 11, 1), (31, 18, 11, 1), 1): 2303.0, ((31, 18, 11, 1), (31, 18, 35, 1), 0): 2303.0, ((31, 21, 11, 1), (31, 21, 35, 1), 0): 2227.0, ((4, 40, 11, 2), (30, 7, 16, 0), 0): 1787.0, ((8, 39, 11, 1), (31, 0, 16, 0), 0): 2227.0, ((12, 15, 11, 1), (31, 15, 11, 1), 1): 114.0, ((31, 15, 11, 1), (31, 15, 35, 1), 0): 190.0, ((10, 76, 6, 2), (2, 76, 6, 2), 0): 17376.0, ((15, 24, 11, 1), (31, 24, 11, 1), 0): 4454.0, ((31, 40, 11, 2), (31, 40, 35, 2), 0): 2227.0, ((2, 76, 6, 2), (0, 73, 6, 2), 0): 2227.0, ((2, 76, 6, 2), (3, 23, 11, 1), 0): 2227.0, ((2, 76, 6, 2), (4, 40, 11, 2), 0): 1787.0, ((2, 76, 6, 2), (8, 39, 11, 1), 0): 2227.0, ((2, 76, 6, 2), (12, 24, 11, 1), 0): 2227.0, ((2, 76, 6, 2), (15, 20, 11, 1), 0): 2227.0, ((2, 76, 6, 2), (30, 31, 11, 1), 0): 2227.0, ((2, 76, 6, 2), (31, 21, 11, 1), 0): 2227.0, ((12, 70, 11, 2), (32, 28, 16, 1), 0): 54682.0, ((31, 70, 11, 2), (12, 70, 11, 2), 1): 54682.0, ((31, 70, 11, 2), (31, 70, 16, 2), 0): 7518.0, ((11, 69, 11, 2), (26, 6, 16, 0), 0): 22.0, ((30, 7, 16, 0), (31, 0, 16, 0), 0): 1787.0, ((31, 0, 16, 0), (31, 0, 35, 0), 0): 4014.0, ((12, 70, 16, 2), (32, 28, 21, 1), 0): 5157.0, ((31, 70, 16, 2), (12, 70, 16, 2), 1): 5157.0, ((31, 70, 16, 2), (31, 70, 21, 2), 0): 2361.0, ((10, 17, 16, 1), (2, 14, 16, 1), 0): 34419056.0, ((2, 14, 16, 1), (10, 17, 16, 1), 0): 34419056.0, ((31, 0, 21, 0), (31, 0, 26, 0), 0): 109364.0, ((12, 70, 21, 2), (32, 28, 26, 1), 0): 2361.0, ((31, 70, 21, 2), (12, 70, 21, 2), 1): 2361.0, ((10, 17, 21, 1), (2, 14, 21, 1), 0): 7246088.0, ((2, 14, 21, 1), (10, 17, 21, 1), 0): 7246088.0, ((31, 0, 26, 0), (31, 0, 35, 0), 0): 119678.0, ((9, 0, 31, 0), (9, 0, 35, 0), 0): 14.0, ((10, 17, 26, 1), (2, 14, 26, 1), 0): 1287254.0, ((2, 14, 26, 1), (10, 17, 26, 1), 0): 1287254.0, ((31, 0, 31, 0), (31, 0, 35, 0), 0): 4722.0, ((10, 17, 31, 1), (2, 14, 31, 1), 0): 125559.0, ((2, 14, 31, 1), (10, 17, 31, 1), 0): 125559.0, ((2, 42, 6, 2), (15, 5, 11, 0), 0): 38.0, ((35, 22, 6, 1), (31, 6, 6, 0), 0): 38.0, ((6, 29, 6, 1), (12, 15, 6, 1), 0): 76.0, ((12, 24, 11, 1), (15, 24, 11, 1), 1): 2227.0, ((30, 31, 11, 1), (15, 24, 11, 1), 0): 2227.0, ((31, 24, 11, 1), (31, 24, 35, 1), 0): 4454.0, ((32, 28, 16, 1), (31, 0, 21, 0), 0): 109364.0, ((32, 28, 21, 1), (31, 0, 26, 0), 0): 10314.0, ((32, 28, 26, 1), (31, 0, 31, 0), 0): 4722.0, ((3, 23, 1, 1), (31, 6, 1, 0), 0): 152.0, ((3, 24, 1, 1), (15, 5, 1, 0), 0): 38.0, ((3, 26, 1, 1), (15, 5, 1, 0), 0): 38.0, ((3, 29, 1, 1), (31, 10, 1, 1), 0): 38.0, ((3, 33, 1, 1), (31, 15, 1, 1), 0): 114.0, ((3, 43, 1, 2), (31, 24, 1, 1), 0): 38.0, ((3, 44, 1, 2), (6, 24, 1, 1), 0): 76.0, ((3, 47, 1, 2), (15, 26, 1, 1), 0): 38.0, ((3, 48, 1, 2), (35, 27, 1, 1), 0): 38.0, ((3, 50, 1, 2), (31, 31, 1, 1), 0): 38.0, ((3, 52, 1, 2), (12, 33, 1, 1), 0): 38.0, ((3, 53, 1, 2), (31, 35, 1, 1), 0): 38.0, ((3, 55, 1, 2), (15, 36, 1, 1), 0): 38.0, ((3, 58, 1, 2), (31, 39, 1, 1), 0): 38.0, ((3, 66, 1, 2), (12, 47, 1, 2), 0): 114.0, ((3, 71, 1, 2), (31, 52, 1, 2), 0): 38.0, ((3, 72, 1, 2), (35, 52, 1, 2), 0): 38.0, ((3, 100, 1, 3), (11, 69, 6, 2), 0): 22.0, ((12, 7, 1, 0), (31, 6, 1, 0), 1): 722.0, ((31, 6, 1, 0), (31, 6, 35, 0), 0): 874.0, ((15, 5, 1, 0), (12, 7, 1, 0), 1): 152.0, ((31, 8, 1, 0), (31, 8, 35, 0), 0): 76.0, ((31, 10, 1, 1), (31, 10, 35, 1), 0): 242.0, ((12, 10, 1, 1), (30, 7, 1, 0), 0): 38.0, ((31, 12, 1, 1), (31, 12, 35, 1), 0): 532.0, ((12, 13, 1, 1), (15, 12, 1, 1), 0): 38.0, ((15, 12, 1, 1), (30, 7, 1, 0), 0): 76.0, ((31, 15, 1, 1), (31, 15, 35, 1), 0): 380.0, ((12, 15, 1, 1), (31, 15, 1, 1), 1): 152.0, ((15, 14, 1, 1), (31, 12, 1, 1), 0): 38.0, ((30, 21, 1, 1), (12, 15, 1, 1), 0): 76.0, ((31, 18, 1, 1), (31, 18, 35, 1), 0): 418.0, ((6, 19, 1, 1), (12, 7, 1, 0), 0): 456.0, ((12, 21, 1, 1), (31, 21, 1, 1), 1): 76.0, ((15, 20, 1, 1), (31, 18, 1, 1), 1): 266.0, ((31, 21, 1, 1), (31, 21, 35, 1), 0): 152.0, ((35, 22, 1, 1), (6, 19, 1, 1), 1): 228.0, ((6, 24, 1, 1), (31, 12, 1, 1), 0): 190.0, ((12, 24, 1, 1), (15, 24, 1, 1), 1): 76.0, ((15, 24, 1, 1), (31, 24, 1, 1), 0): 228.0, ((30, 28, 1, 1), (12, 21, 1, 1), 0): 76.0, ((31, 24, 1, 1), (31, 24, 35, 1), 0): 304.0, ((6, 13, 1, 1), (31, 0, 1, 0), 0): 38.0, ((30, 22, 1, 1), (12, 15, 1, 1), 0): 38.0, ((30, 30, 1, 1), (15, 24, 1, 1), 0): 76.0, ((6, 26, 1, 1), (31, 15, 1, 1), 0): 76.0, ((12, 17, 1, 1), (31, 18, 1, 1), 0): 38.0, ((12, 27, 1, 1), (31, 27, 1, 1), 0): 380.0, ((30, 31, 1, 1), (31, 24, 1, 1), 0): 38.0, ((31, 27, 1, 1), (31, 27, 35, 1), 0): 418.0, ((12, 19, 1, 1), (15, 20, 1, 1), 1): 38.0, ((15, 26, 1, 1), (30, 18, 1, 1), 0): 114.0, ((30, 34, 1, 1), (31, 27, 1, 1), 0): 38.0, ((31, 29, 1, 1), (31, 29, 35, 1), 0): 152.0, ((35, 27, 1, 1), (31, 10, 1, 1), 0): 204.0, ((12, 29, 1, 1), (31, 29, 1, 1), 0): 114.0, ((6, 29, 1, 1), (12, 15, 1, 1), 0): 38.0, ((15, 28, 1, 1), (12, 27, 1, 1), 0): 76.0, ((12, 30, 1, 1), (6, 19, 1, 1), 0): 38.0, ((31, 31, 1, 1), (31, 31, 35, 1), 0): 38.0, ((6, 20, 1, 1), (35, 22, 1, 1), 0): 38.0, ((6, 31, 1, 1), (31, 18, 1, 1), 0): 76.0, ((12, 33, 1, 1), (31, 32, 1, 1), 0): 190.0, ((15, 30, 1, 1), (31, 29, 1, 1), 0): 38.0, ((31, 32, 1, 1), (31, 32, 35, 1), 0): 190.0, ((6, 21, 1, 1), (31, 8, 1, 0), 0): 38.0, ((31, 35, 1, 1), (31, 35, 35, 1), 0): 456.0, ((35, 29, 1, 1), (31, 12, 1, 1), 0): 76.0, ((6, 34, 1, 1), (15, 20, 1, 1), 0): 152.0, ((15, 31, 1, 1), (6, 19, 1, 1), 0): 38.0, ((35, 30, 1, 1), (31, 15, 1, 1), 0): 38.0, ((12, 35, 1, 1), (31, 35, 1, 1), 1): 418.0, ((15, 36, 1, 1), (12, 35, 1, 1), 0): 190.0, ((30, 40, 1, 2), (12, 33, 1, 1), 0): 38.0, ((31, 36, 1, 1), (31, 36, 35, 1), 0): 38.0, ((6, 40, 1, 2), (12, 27, 1, 1), 0): 114.0, ((12, 38, 1, 1), (31, 38, 1, 1), 0): 38.0, ((30, 46, 1, 2), (31, 39, 1, 1), 0): 76.0, ((31, 39, 1, 1), (31, 39, 35, 1), 0): 152.0, ((35, 35, 1, 1), (31, 18, 1, 1), 0): 38.0, ((12, 37, 1, 1), (6, 24, 1, 1), 0): 76.0, ((12, 47, 1, 2), (31, 47, 1, 2), 0): 304.0, ((15, 44, 1, 2), (12, 44, 1, 2), 0): 38.0, ((31, 38, 1, 1), (31, 38, 35, 1), 0): 114.0, ((31, 47, 1, 2), (31, 47, 35, 2), 0): 456.0, ((35, 45, 1, 2), (12, 27, 1, 1), 0): 152.0, ((15, 46, 1, 2), (6, 34, 1, 1), 0): 76.0, ((31, 49, 1, 2), (31, 49, 35, 2), 0): 76.0, ((12, 40, 1, 2), (31, 39, 1, 1), 0): 38.0, ((12, 49, 1, 2), (31, 49, 1, 2), 0): 76.0, ((15, 37, 1, 1), (30, 28, 1, 1), 0): 38.0, ((15, 48, 1, 2), (12, 47, 1, 2), 0): 76.0, ((35, 40, 1, 2), (6, 40, 1, 2), 0): 38.0, ((35, 47, 1, 2), (15, 30, 1, 1), 0): 38.0, ((12, 44, 1, 2), (31, 44, 1, 2), 1): 114.0, ((15, 40, 1, 2), (31, 38, 1, 1), 0): 38.0, ((31, 44, 1, 2), (31, 44, 35, 2), 0): 114.0, ((31, 52, 1, 2), (31, 52, 35, 2), 0): 114.0, ((6, 44, 1, 2), (35, 45, 1, 2), 0): 38.0, ((6, 53, 1, 2), (35, 52, 1, 2), 0): 76.0, ((9, 40, 6, 2), (6, 19, 6, 1), 0): 38.0, ((12, 53, 1, 2), (3, 33, 1, 1), 0): 38.0, ((35, 52, 1, 2), (12, 35, 1, 1), 0): 190.0, ((6, 59, 1, 2), (31, 47, 1, 2), 0): 152.0, ((12, 58, 1, 2), (15, 60, 1, 2), 1): 76.0, ((15, 60, 1, 2), (31, 59, 1, 2), 1): 152.0, ((30, 66, 1, 2), (35, 45, 1, 2), 0): 76.0, ((31, 59, 1, 2), (31, 59, 35, 2), 0): 190.0, ((35, 55, 1, 2), (31, 38, 1, 1), 0): 38.0, ((9, 43, 6, 2), (35, 27, 6, 1), 0): 38.0, ((12, 70, 1, 2), (15, 68, 1, 2), 1): 114.0, ((35, 65, 1, 2), (12, 47, 1, 2), 0): 76.0, ((6, 79, 1, 2), (9, 46, 1, 2), 0): 14.0, ((6, 79, 1, 2), (31, 70, 1, 2), 0): 24.0, ((15, 68, 1, 2), (31, 70, 1, 2), 1): 152.0, ((30, 86, 1, 3), (31, 80, 1, 3), 0): 38.0, ((31, 72, 1, 2), (31, 72, 35, 2), 0): 152.0, ((8, 44, 6, 2), (12, 7, 11, 0), 0): 38.0, ((3, 29, 6, 1), (31, 10, 6, 1), 0): 38.0, ((17, 49, 6, 2), (3, 29, 6, 1), 0): 38.0, ((17, 51, 6, 2), (15, 20, 11, 1), 0): 38.0, ((6, 79, 6, 2), (35, 80, 6, 3), 0): 59839.0, ((29, 64, 11, 2), (32, 28, 16, 1), 0): 54682.0, ((29, 64, 11, 2), (29, 64, 16, 2), 0): 5157.0, ((35, 80, 6, 3), (35, 80, 11, 3), 0): 59839.0, ((29, 64, 16, 2), (32, 28, 21, 1), 0): 5157.0, ((35, 80, 11, 3), (29, 64, 11, 2), 0): 59839.0, ((9, 67, 21, 2), (29, 64, 21, 2), 0): 2361.0, ((29, 64, 21, 2), (32, 28, 26, 1), 0): 2361.0, ((6, 79, 21, 2), (9, 67, 21, 2), 0): 2361.0, ((28, 31, 6, 1), (26, 6, 11, 0), 0): 2.0, ((26, 6, 11, 0), (26, 6, 35, 0), 0): 4.0, ((26, 10, 11, 1), (26, 10, 35, 1), 0): 22.0, ((28, 49, 6, 2), (26, 10, 11, 1), 0): 22.0, ((8, 42, 6, 2), (31, 6, 11, 0), 0): 38.0, ((28, 31, 11, 1), (26, 6, 16, 0), 0): 2.0, ((26, 6, 16, 0), (26, 6, 35, 0), 0): 24.0, ((11, 54, 6, 2), (30, 7, 11, 0), 0): 44.0, ((28, 31, 16, 1), (26, 6, 21, 0), 0): 2.0, ((26, 6, 21, 0), (26, 6, 35, 0), 0): 2.0, ((26, 12, 21, 1), (26, 12, 26, 1), 0): 16.0, ((26, 12, 26, 1), (26, 12, 31, 1), 0): 16.0, ((26, 6, 31, 0), (26, 6, 35, 0), 0): 8.0, ((26, 12, 31, 1), (26, 12, 35, 1), 0): 16.0, ((5, 80, 21, 3), (26, 46, 26, 2), 0): 14.0, ((5, 80, 11, 3), (26, 46, 16, 2), 0): 2.0, ((26, 46, 1, 2), (5, 26, 6, 1), 0): 2.0, ((26, 66, 1, 2), (28, 31, 6, 1), 0): 2.0, ((26, 66, 1, 2), (26, 66, 6, 2), 0): 4.0, ((26, 80, 1, 3), (26, 80, 6, 3), 0): 16.0, ((5, 26, 1, 1), (26, 6, 6, 0), 0): 4.0, ((5, 46, 11, 2), (5, 46, 16, 2), 0): 14.0, ((26, 6, 6, 0), (26, 6, 35, 0), 0): 6.0, ((26, 66, 6, 2), (28, 31, 11, 1), 0): 2.0, ((26, 66, 6, 2), (26, 66, 11, 2), 0): 2.0, ((26, 80, 6, 3), (5, 46, 11, 2), 0): 14.0, ((26, 80, 6, 3), (26, 80, 11, 3), 0): 2.0, ((5, 26, 6, 1), (26, 6, 11, 0), 0): 2.0, ((5, 46, 16, 2), (26, 12, 21, 1), 0): 16.0, ((5, 80, 26, 3), (26, 46, 31, 2), 0): 12.0, ((5, 80, 16, 3), (26, 46, 21, 2), 0): 6.0, ((26, 66, 11, 2), (28, 31, 16, 1), 0): 2.0, ((26, 80, 11, 3), (5, 46, 16, 2), 0): 2.0, ((26, 46, 16, 2), (5, 26, 21, 1), 1): 2.0, ((26, 46, 21, 2), (5, 26, 26, 1), 0): 6.0, ((5, 26, 21, 1), (5, 26, 26, 1), 0): 2.0, ((26, 46, 26, 2), (26, 46, 31, 2), 0): 14.0, ((5, 26, 26, 1), (26, 6, 31, 0), 0): 8.0, ((26, 46, 31, 2), (26, 46, 35, 2), 0): 26.0, ((6, 64, 1, 2), (35, 65, 1, 2), 1): 38.0, ((6, 95, 1, 3), (31, 90, 1, 3), 0): 38.0, ((31, 0, 1, 0), (31, 0, 35, 0), 0): 190.0, ((15, 10, 1, 1), (31, 8, 1, 0), 0): 38.0, ((15, 32, 1, 1), (6, 19, 1, 1), 0): 38.0, ((30, 19, 1, 1), (15, 10, 1, 1), 0): 38.0, ((12, 45, 1, 2), (3, 26, 1, 1), 0): 38.0, ((30, 41, 1, 2), (35, 22, 1, 1), 0): 38.0, ((12, 50, 1, 2), (30, 46, 1, 2), 0): 38.0, ((15, 54, 1, 2), (31, 52, 1, 2), 0): 76.0, ((9, 46, 1, 2), (35, 27, 1, 1), 0): 14.0, ((35, 72, 1, 2), (12, 58, 1, 2), 0): 38.0, ((31, 70, 1, 2), (31, 70, 6, 2), 0): 62200.0, ((15, 66, 1, 2), (3, 44, 1, 2), 0): 38.0, ((12, 77, 1, 2), (15, 76, 1, 2), 0): 76.0, ((12, 90, 1, 3), (12, 90, 6, 3), 0): 62200.0, ((15, 76, 1, 2), (31, 75, 1, 2), 0): 114.0, ((15, 86, 1, 3), (3, 66, 1, 2), 0): 38.0, ((31, 90, 1, 3), (12, 90, 1, 3), 1): 62162.0, ((12, 79, 1, 2), (3, 66, 1, 2), 0): 38.0, ((29, 40, 6, 2), (12, 7, 11, 0), 0): 38.0, ((29, 49, 6, 2), (6, 29, 6, 1), 0): 76.0, ((9, 45, 6, 2), (31, 8, 11, 0), 0): 38.0, ((9, 47, 6, 2), (15, 10, 11, 1), 0): 38.0, ((12, 90, 6, 3), (31, 90, 6, 3), 1): 59839.0, ((12, 90, 6, 3), (12, 90, 11, 3), 0): 2361.0, ((31, 90, 6, 3), (6, 79, 6, 2), 0): 59839.0, ((12, 90, 11, 3), (31, 90, 11, 3), 1): 2361.0, ((31, 90, 11, 3), (31, 90, 16, 3), 0): 2361.0, ((12, 90, 16, 3), (12, 90, 21, 3), 0): 2361.0, ((31, 90, 16, 3), (12, 90, 16, 3), 1): 2361.0, ((36, 39, 26, 1), (36, 40, 26, 2), 0): 14.0, ((12, 90, 21, 3), (31, 90, 21, 3), 1): 2361.0, ((31, 90, 21, 3), (6, 79, 21, 2), 0): 2361.0, ((36, 40, 26, 2), (36, 41, 26, 2), 0): 14.0, ((9, 100, 1, 3), (36, 41, 6, 2), 0): 14.0, ((35, 53, 1, 2), (31, 36, 1, 1), 0): 38.0, ((16, 41, 6, 2), (15, 5, 11, 0), 0): 38.0, ((36, 59, 6, 2), (36, 80, 6, 3), 0): 14.0, ((9, 100, 0, 3), (29, 100, 1, 3), 0): 14.0, ((29, 100, 1, 3), (9, 100, 1, 3), 0): 14.0, ((36, 41, 6, 2), (36, 59, 6, 2), 0): 14.0, ((36, 41, 26, 2), (9, 0, 31, 0), 0): 14.0, ((11, 80, 1, 3), (11, 80, 6, 3), 0): 22.0, ((11, 80, 0, 3), (11, 80, 1, 3), 0): 22.0, ((28, 31, 1, 1), (26, 6, 6, 0), 0): 2.0, ((11, 80, 6, 3), (28, 49, 6, 2), 0): 22.0, ((12, 97, 1, 3), (15, 96, 1, 3), 1): 76.0, ((12, 98, 1, 3), (6, 95, 1, 3), 0): 38.0, ((15, 74, 1, 2), (31, 72, 1, 2), 0): 152.0, ((31, 75, 1, 2), (31, 75, 35, 2), 0): 114.0, ((15, 77, 1, 2), (3, 55, 1, 2), 0): 38.0, ((31, 80, 1, 3), (31, 80, 35, 3), 0): 38.0, ((15, 96, 1, 3), (31, 96, 1, 3), 1): 190.0, ((31, 96, 1, 3), (31, 96, 35, 3), 0): 190.0, ((31, 100, 1, 3), (3, 100, 1, 3), 0): 22.0, ((31, 100, 1, 3), (10, 76, 6, 2), 0): 17376.0, ((35, 73, 1, 2), (31, 59, 1, 2), 0): 38.0, ((12, 73, 1, 2), (15, 74, 1, 2), 1): 38.0, ((12, 78, 1, 2), (3, 58, 1, 2), 0): 38.0, ((20, 9, 16, 0), (20, 10, 16, 1), 0): 14.0, ((20, 40, 16, 2), (20, 49, 16, 2), 0): 14.0, ((20, 29, 16, 1), (20, 40, 16, 2), 0): 14.0, ((20, 64, 16, 2), (20, 80, 16, 3), 0): 14.0, ((20, 4, 16, 0), (20, 9, 16, 0), 0): 14.0, ((20, 27, 16, 1), (20, 29, 16, 1), 0): 14.0, ((20, 49, 16, 2), (24, 50, 16, 2), 0): 14.0, ((24, 50, 16, 2), (20, 64, 16, 2), 0): 14.0, ((20, 80, 16, 3), (24, 80, 16, 3), 1): 14.0, ((20, 0, 16, 0), (20, 4, 16, 0), 0): 14.0, ((20, 10, 16, 1), (20, 20, 16, 1), 0): 14.0, ((20, 20, 16, 1), (20, 27, 16, 1), 0): 14.0, ((24, 80, 16, 3), (36, 39, 26, 1), 0): 14.0, ((36, 80, 6, 3), (20, 0, 16, 0), 0): 14.0, ((26, 46, 0, 2), (5, 26, 1, 1), 0): 4.0, ((26, 46, 0, 2), (26, 46, 1, 2), 0): 2.0, ((26, 66, 0, 2), (28, 31, 1, 1), 0): 2.0, ((26, 66, 0, 2), (26, 66, 1, 2), 0): 6.0, ((26, 80, 0, 3), (26, 80, 1, 3), 0): 16.0, ((26, 100, 6, 3), (5, 80, 11, 3), 0): 2.0, ((26, 100, 6, 3), (26, 100, 11, 3), 0): 32.0, ((26, 100, 1, 3), (11, 54, 6, 2), 0): 44.0, ((26, 100, 1, 3), (26, 100, 6, 3), 0): 34.0, ((26, 100, 0, 3), (26, 100, 1, 3), 0): 78.0, ((26, 100, 11, 3), (5, 80, 16, 3), 0): 6.0, ((26, 100, 11, 3), (26, 100, 16, 3), 0): 26.0, ((26, 100, 16, 3), (5, 80, 21, 3), 0): 14.0, ((26, 100, 16, 3), (26, 100, 21, 3), 0): 12.0, ((26, 100, 21, 3), (5, 80, 26, 3), 0): 12.0, ((31, 6, 0, 0), (12, 7, 1, 0), 0): 38.0, ((31, 6, 0, 0), (15, 5, 1, 0), 0): 38.0, ((31, 8, 0, 0), (12, 7, 1, 0), 0): 38.0, ((31, 8, 0, 0), (15, 5, 1, 0), 0): 38.0, ((31, 12, 0, 1), (12, 10, 1, 1), 0): 38.0, ((31, 15, 0, 1), (12, 13, 1, 1), 0): 38.0, ((31, 15, 0, 1), (15, 12, 1, 1), 0): 38.0, ((31, 15, 0, 1), (30, 7, 1, 0), 0): 38.0, ((31, 18, 0, 1), (12, 17, 1, 1), 0): 38.0, ((31, 18, 0, 1), (15, 14, 1, 1), 0): 38.0, ((31, 18, 0, 1), (30, 8, 1, 0), 0): 38.0, ((31, 21, 0, 1), (12, 19, 1, 1), 0): 38.0, ((31, 21, 0, 1), (15, 20, 1, 1), 0): 38.0, ((31, 24, 0, 1), (12, 24, 1, 1), 0): 38.0, ((31, 24, 0, 1), (15, 20, 1, 1), 0): 38.0, ((31, 24, 0, 1), (30, 18, 1, 1), 0): 38.0, ((31, 25, 0, 1), (12, 24, 1, 1), 0): 38.0, ((31, 25, 0, 1), (15, 24, 1, 1), 0): 38.0, ((31, 25, 0, 1), (30, 18, 1, 1), 0): 38.0, ((31, 27, 0, 1), (15, 24, 1, 1), 0): 38.0, ((31, 27, 0, 1), (30, 18, 1, 1), 0): 38.0, ((31, 29, 0, 1), (12, 27, 1, 1), 0): 38.0, ((31, 29, 0, 1), (15, 26, 1, 1), 0): 38.0, ((31, 29, 0, 1), (30, 19, 1, 1), 0): 38.0, ((31, 30, 0, 1), (12, 29, 1, 1), 0): 38.0, ((31, 30, 0, 1), (15, 26, 1, 1), 0): 38.0, ((31, 30, 0, 1), (30, 21, 1, 1), 0): 38.0, ((31, 31, 0, 1), (12, 29, 1, 1), 0): 38.0, ((31, 31, 0, 1), (15, 28, 1, 1), 0): 38.0, ((31, 31, 0, 1), (30, 21, 1, 1), 0): 38.0, ((31, 32, 0, 1), (6, 13, 1, 1), 0): 38.0, ((31, 32, 0, 1), (12, 30, 1, 1), 0): 38.0, ((31, 32, 0, 1), (15, 28, 1, 1), 0): 38.0, ((31, 32, 0, 1), (30, 22, 1, 1), 0): 38.0, ((31, 35, 0, 1), (6, 19, 1, 1), 0): 38.0, ((31, 35, 0, 1), (12, 33, 1, 1), 0): 38.0, ((31, 35, 0, 1), (15, 31, 1, 1), 0): 38.0, ((31, 35, 0, 1), (30, 26, 1, 1), 0): 38.0, ((31, 36, 0, 1), (6, 19, 1, 1), 0): 38.0, ((31, 36, 0, 1), (12, 35, 1, 1), 0): 38.0, ((31, 36, 0, 1), (15, 32, 1, 1), 0): 38.0, ((31, 36, 0, 1), (30, 26, 1, 1), 0): 38.0, ((31, 38, 0, 1), (6, 19, 1, 1), 0): 38.0, ((31, 38, 0, 1), (12, 37, 1, 1), 0): 38.0, ((31, 38, 0, 1), (15, 36, 1, 1), 0): 38.0, ((31, 38, 0, 1), (30, 28, 1, 1), 0): 38.0, ((31, 39, 0, 1), (6, 20, 1, 1), 0): 38.0, ((31, 39, 0, 1), (12, 37, 1, 1), 0): 38.0, ((31, 39, 0, 1), (15, 36, 1, 1), 0): 38.0, ((31, 39, 0, 1), (30, 30, 1, 1), 0): 38.0, ((31, 40, 0, 2), (6, 21, 1, 1), 0): 38.0, ((31, 40, 0, 2), (12, 38, 1, 1), 0): 38.0, ((31, 40, 0, 2), (15, 36, 1, 1), 0): 38.0, ((31, 40, 0, 2), (30, 30, 1, 1), 0): 38.0, ((31, 41, 0, 2), (6, 24, 1, 1), 0): 38.0, ((31, 41, 0, 2), (12, 40, 1, 2), 0): 38.0, ((31, 41, 0, 2), (15, 37, 1, 1), 0): 38.0, ((31, 41, 0, 2), (30, 31, 1, 1), 0): 38.0, ((31, 41, 0, 2), (35, 22, 1, 1), 0): 38.0, ((31, 44, 0, 2), (6, 26, 1, 1), 0): 38.0, ((31, 44, 0, 2), (12, 44, 1, 2), 0): 38.0, ((31, 44, 0, 2), (15, 40, 1, 2), 0): 38.0, ((31, 44, 0, 2), (30, 34, 1, 1), 0): 38.0, ((31, 44, 0, 2), (35, 22, 1, 1), 0): 38.0, ((31, 45, 0, 2), (6, 26, 1, 1), 0): 38.0, ((31, 45, 0, 2), (12, 44, 1, 2), 0): 38.0, ((31, 45, 0, 2), (30, 35, 1, 1), 0): 38.0, ((31, 45, 0, 2), (35, 22, 1, 1), 0): 38.0, ((31, 47, 0, 2), (3, 23, 1, 1), 0): 38.0, ((31, 47, 0, 2), (6, 29, 1, 1), 0): 38.0, ((31, 47, 0, 2), (12, 45, 1, 2), 0): 38.0, ((31, 47, 0, 2), (15, 44, 1, 2), 0): 38.0, ((31, 47, 0, 2), (30, 39, 1, 1), 0): 38.0, ((31, 47, 0, 2), (35, 22, 1, 1), 0): 38.0, ((31, 49, 0, 2), (3, 23, 1, 1), 0): 38.0, ((31, 49, 0, 2), (6, 31, 1, 1), 0): 38.0, ((31, 49, 0, 2), (12, 47, 1, 2), 0): 38.0, ((31, 49, 0, 2), (15, 46, 1, 2), 0): 38.0, ((31, 49, 0, 2), (30, 39, 1, 1), 0): 38.0, ((31, 49, 0, 2), (35, 27, 1, 1), 0): 38.0, ((31, 50, 0, 2), (3, 23, 1, 1), 0): 38.0, ((31, 50, 0, 2), (6, 31, 1, 1), 0): 38.0, ((31, 50, 0, 2), (12, 49, 1, 2), 0): 38.0, ((31, 50, 0, 2), (15, 46, 1, 2), 0): 38.0, ((31, 50, 0, 2), (30, 40, 1, 2), 0): 38.0, ((31, 50, 0, 2), (35, 27, 1, 1), 0): 38.0, ((31, 51, 0, 2), (3, 23, 1, 1), 0): 38.0, ((31, 51, 0, 2), (6, 34, 1, 1), 0): 38.0, ((31, 51, 0, 2), (12, 49, 1, 2), 0): 38.0, ((31, 51, 0, 2), (15, 48, 1, 2), 0): 38.0, ((31, 51, 0, 2), (30, 41, 1, 2), 0): 38.0, ((31, 51, 0, 2), (35, 27, 1, 1), 0): 38.0, ((31, 52, 0, 2), (3, 24, 1, 1), 0): 38.0, ((31, 52, 0, 2), (6, 34, 1, 1), 0): 38.0, ((31, 52, 0, 2), (12, 50, 1, 2), 0): 38.0, ((31, 52, 0, 2), (15, 48, 1, 2), 0): 38.0, ((31, 52, 0, 2), (30, 42, 1, 2), 0): 38.0, ((31, 52, 0, 2), (35, 27, 1, 1), 0): 38.0, ((31, 55, 0, 2), (3, 29, 1, 1), 0): 38.0, ((31, 55, 0, 2), (6, 40, 1, 2), 0): 38.0, ((31, 55, 0, 2), (12, 53, 1, 2), 0): 38.0, ((31, 55, 0, 2), (30, 46, 1, 2), 0): 38.0, ((31, 55, 0, 2), (35, 30, 1, 1), 0): 38.0, ((31, 59, 0, 2), (3, 33, 1, 1), 0): 38.0, ((31, 59, 0, 2), (6, 40, 1, 2), 0): 38.0, ((31, 59, 0, 2), (12, 58, 1, 2), 0): 38.0, ((31, 59, 0, 2), (15, 60, 1, 2), 0): 38.0, ((31, 59, 0, 2), (30, 51, 1, 2), 0): 38.0, ((31, 59, 0, 2), (35, 35, 1, 1), 0): 38.0, ((31, 61, 0, 2), (3, 33, 1, 1), 0): 38.0, ((31, 61, 0, 2), (6, 44, 1, 2), 0): 38.0, ((31, 61, 0, 2), (15, 60, 1, 2), 0): 38.0, ((31, 61, 0, 2), (30, 51, 1, 2), 0): 38.0, ((31, 61, 0, 2), (35, 40, 1, 2), 0): 38.0, ((31, 70, 0, 2), (3, 43, 1, 2), 0): 38.0, ((31, 70, 0, 2), (6, 53, 1, 2), 0): 38.0, ((31, 70, 0, 2), (12, 70, 1, 2), 0): 38.0, ((31, 70, 0, 2), (15, 66, 1, 2), 0): 38.0, ((31, 70, 0, 2), (30, 62, 1, 2), 0): 38.0, ((31, 70, 0, 2), (35, 45, 1, 2), 0): 38.0, ((31, 70, 0, 2), (31, 70, 1, 2), 0): 62024.0, ((31, 72, 0, 2), (0, 30, 6, 1), 0): 38.0, ((31, 72, 0, 2), (3, 44, 1, 2), 0): 38.0, ((31, 72, 0, 2), (6, 53, 1, 2), 0): 38.0, ((31, 72, 0, 2), (12, 70, 1, 2), 0): 38.0, ((31, 72, 0, 2), (15, 68, 1, 2), 0): 38.0, ((31, 72, 0, 2), (30, 62, 1, 2), 0): 38.0, ((31, 72, 0, 2), (35, 47, 1, 2), 0): 38.0, ((31, 75, 0, 2), (0, 30, 6, 1), 0): 38.0, ((31, 75, 0, 2), (3, 47, 1, 2), 0): 38.0, ((31, 75, 0, 2), (6, 59, 1, 2), 0): 38.0, ((31, 75, 0, 2), (12, 73, 1, 2), 0): 38.0, ((31, 75, 0, 2), (15, 74, 1, 2), 0): 38.0, ((31, 75, 0, 2), (30, 66, 1, 2), 0): 38.0, ((31, 75, 0, 2), (35, 52, 1, 2), 0): 38.0, ((31, 76, 0, 2), (0, 30, 6, 1), 0): 38.0, ((31, 76, 0, 2), (3, 48, 1, 2), 0): 38.0, ((31, 76, 0, 2), (6, 59, 1, 2), 0): 38.0, ((31, 76, 0, 2), (12, 77, 1, 2), 0): 38.0, ((31, 76, 0, 2), (15, 74, 1, 2), 0): 38.0, ((31, 76, 0, 2), (30, 66, 1, 2), 0): 38.0, ((31, 76, 0, 2), (35, 52, 1, 2), 0): 38.0, ((31, 78, 0, 2), (0, 30, 6, 1), 0): 38.0, ((31, 78, 0, 2), (3, 50, 1, 2), 0): 38.0, ((31, 78, 0, 2), (6, 59, 1, 2), 0): 38.0, ((31, 78, 0, 2), (12, 77, 1, 2), 0): 38.0, ((31, 78, 0, 2), (15, 74, 1, 2), 0): 38.0, ((31, 78, 0, 2), (30, 68, 1, 2), 0): 38.0, ((31, 78, 0, 2), (35, 53, 1, 2), 0): 38.0, ((31, 80, 0, 3), (0, 32, 6, 1), 0): 38.0, ((31, 80, 0, 3), (3, 52, 1, 2), 0): 38.0, ((31, 80, 0, 3), (12, 78, 1, 2), 0): 38.0, ((31, 80, 0, 3), (15, 76, 1, 2), 0): 38.0, ((31, 80, 0, 3), (35, 55, 1, 2), 0): 38.0, ((31, 81, 0, 3), (3, 53, 1, 2), 0): 38.0, ((31, 81, 0, 3), (6, 64, 1, 2), 0): 38.0, ((31, 81, 0, 3), (12, 79, 1, 2), 0): 38.0, ((31, 81, 0, 3), (15, 77, 1, 2), 0): 38.0, ((31, 81, 0, 3), (30, 73, 1, 2), 0): 38.0, ((31, 90, 0, 3), (0, 42, 6, 2), 0): 38.0, ((31, 90, 0, 3), (2, 35, 6, 1), 0): 38.0, ((31, 90, 0, 3), (3, 66, 1, 2), 0): 38.0, ((31, 90, 0, 3), (9, 40, 6, 2), 0): 38.0, ((31, 90, 0, 3), (10, 39, 6, 1), 0): 38.0, ((31, 90, 0, 3), (12, 90, 1, 3), 0): 38.0, ((31, 90, 0, 3), (15, 86, 1, 3), 0): 38.0, ((31, 90, 0, 3), (17, 44, 6, 2), 0): 38.0, ((31, 90, 0, 3), (29, 40, 6, 2), 0): 38.0, ((31, 90, 0, 3), (35, 65, 1, 2), 0): 38.0, ((31, 90, 0, 3), (31, 90, 1, 3), 0): 62124.0, ((31, 96, 0, 3), (0, 51, 6, 2), 0): 38.0, ((31, 96, 0, 3), (2, 42, 6, 2), 0): 38.0, ((31, 96, 0, 3), (8, 40, 6, 2), 0): 38.0, ((31, 96, 0, 3), (9, 43, 6, 2), 0): 38.0, ((31, 96, 0, 3), (10, 48, 6, 2), 0): 38.0, ((31, 96, 0, 3), (12, 97, 1, 3), 0): 38.0, ((31, 96, 0, 3), (15, 96, 1, 3), 0): 38.0, ((31, 96, 0, 3), (17, 47, 6, 2), 0): 38.0, ((31, 96, 0, 3), (29, 49, 6, 2), 0): 38.0, ((31, 96, 0, 3), (30, 86, 1, 3), 0): 38.0, ((31, 96, 0, 3), (35, 72, 1, 2), 0): 38.0, ((31, 98, 0, 3), (0, 51, 6, 2), 0): 38.0, ((31, 98, 0, 3), (3, 71, 1, 2), 0): 38.0, ((31, 98, 0, 3), (6, 79, 1, 2), 0): 38.0, ((31, 98, 0, 3), (8, 42, 6, 2), 0): 38.0, ((31, 98, 0, 3), (9, 45, 6, 2), 0): 38.0, ((31, 98, 0, 3), (10, 48, 6, 2), 0): 38.0, ((31, 98, 0, 3), (12, 97, 1, 3), 0): 38.0, ((31, 98, 0, 3), (15, 96, 1, 3), 0): 38.0, ((31, 98, 0, 3), (17, 49, 6, 2), 0): 38.0, ((31, 98, 0, 3), (29, 49, 6, 2), 0): 38.0, ((31, 98, 0, 3), (35, 73, 1, 2), 0): 38.0, ((31, 100, 0, 3), (0, 52, 6, 2), 0): 38.0, ((31, 100, 0, 3), (3, 72, 1, 2), 0): 38.0, ((31, 100, 0, 3), (8, 44, 6, 2), 0): 38.0, ((31, 100, 0, 3), (9, 47, 6, 2), 0): 38.0, ((31, 100, 0, 3), (10, 49, 6, 2), 0): 38.0, ((31, 100, 0, 3), (12, 98, 1, 3), 0): 38.0, ((31, 100, 0, 3), (15, 96, 1, 3), 0): 38.0, ((31, 100, 0, 3), (16, 41, 6, 2), 0): 38.0, ((31, 100, 0, 3), (17, 51, 6, 2), 0): 38.0, ((31, 100, 0, 3), (31, 100, 1, 3), 0): 17398.0, ((11, 8, 10, 0), (11, 8, 35, 0), 0): 22.0, ((31, 90, 0, 3), (11, 8, 10, 0), 0): 22.0}
a: {20: 1.0, 36: 1.0}
n: {9: 14.0, 11: 22.0}
{0: (34.421443, -119.684178), 1: (38.164391, -112.278183), 2: (34.4349097, -119.9212861), 3: (34.689589, -118.130371), 4: (35.400164, -119.399727), 5: (38.7747705, -119.9029911), 6: (33.9541734, -117.5556971), 7: (36.009923, -114.784826), 8: (35.3002628, -119.0381956), 9: (34.118101, -116.45646), 10: (34.4425082, -119.7812613), 11: (36.075856, -119.043996), 12: (33.8722233, -118.2654222), 13: (35.263617, -112.194139), 14: (37.72495, -113.056978), 15: (33.7885884, -118.2150827), 16: (32.596725, -117.019495), 17: (34.886448, -117.079423), 18: (35.9874334, -119.961999), 19: (35.01643, -110.675005), 20: (33.30006, -111.96835), 21: (38.786621, -112.084147), 22: (32.794671, -115.539473), 23: (36.220567, -115.125553), 24: (33.3021433, -111.9552863), 25: (33.39639, -110.76888), 26: (37.8135094, -119.8800771), 27: (37.161682, -113.434692), 28: (36.72136, -119.761165), 29: (33.8310496, -116.5452277), 30: (34.12755, -118.443664), 31: (33.899899, -118.207088), 32: (33.0390751, -117.2841996), 33: (33.3874378, -110.7609849), 34: (32.178328, -110.960207), 35: (34.02094, -117.385415), 36: (33.603063, -114.598023)}
(((26, np.int64(0), np.int64(0), 0), (26, 0, 35, 0), 0),)
(((31, np.int64(59), np.int64(0), 2), (31, 59, 35, 2), 0),)
(((31, np.int64(90), np.int64(0), 3), (11, 8, 10, 0), 0), ((11, 8, 10, 0), (11, 69, 11, 2), 0), ((11, 69, 11, 2), (26, 6, 16, 0), 0), ((26, 6, 16, 0), (26, 6, 35, 0), 0))
New edge added:  ((11, np.int64(69), np.int64(11), 2), (26, np.int64(2), np.int64(19), 0), 0)  Edge removed:  ((11, 69, 11, 2), (26, 6, 16, 0), 0)
Solution cannot be extended to a feasible solution, updating network...
{'x_load': {((26, np.int64(0), np.int64(0), 0), (26, np.int64(0), 35, 0)): 2.0, ((31, np.int64(59), np.int64(0), 2), (31, np.int64(59), 35, 2)): 2.0, ((31, np.int64(90), np.int64(0), 3), (11, np.int64(8), np.int64(10), 0)): 22.0, ((11, np.int64(8), np.int64(10), 0), (11, np.int64(69), np.int64(11), 2)): 22.0, ((11, np.int64(69), np.int64(11), 2), (26, np.int64(2), np.int64(19), 0)): 22.0, ((26, np.int64(2), np.int64(19), 0), (26, np.int64(2), 35, 0)): 22.0, ((31, np.int64(98), np.int64(0), 3), (6, np.int64(79), np.int64(3), 2)): 14.0, ((6, np.int64(79), np.int64(3), 2), (9, np.int64(46), np.int64(7), 2)): 14.0, ((9, np.int64(46), np.int64(7), 2), (9, np.int64(100), np.int64(8), 3)): 14.0, ((9, np.int64(100), np.int64(8), 3), (36, np.int64(41), np.int64(15), 2)): 14.0, ((36, np.int64(41), np.int64(15), 2), (36, np.int64(59), np.int64(17), 2)): 14.0, ((36, np.int64(59), np.int64(17), 2), (36, np.int64(80), np.int64(20), 3)): 14.0, ((36, np.int64(80), np.int64(20), 3), (20, np.int64(0), np.int64(30), 0)): 14.0, ((20, np.int64(0), np.int64(30), 0), (20, np.int64(0), 35, 0)): 14.0}, 'x_ener': {((9, np.int64(100), np.int64(0), 3), (29, np.int64(93), np.int64(2), 3)): 14.0, ((29, np.int64(93), np.int64(2), 3), (9, np.int64(86), np.int64(4), 3)): 14.0, ((9, np.int64(86), np.int64(4), 3), (36, np.int64(27), np.int64(11), 1)): 14.0, ((36, np.int64(27), np.int64(11), 1), (36, np.int64(45), np.int64(13), 2)): 14.0, ((36, np.int64(45), np.int64(13), 2), (36, np.int64(66), np.int64(16), 2)): 14.0, ((36, np.int64(66), np.int64(16), 2), (36, np.int64(66), 35, 2)): 14.0, ((11, np.int64(80), np.int64(0), 3), (11, np.int64(80), np.int64(1), 3)): 22.0, ((11, np.int64(80), np.int64(1), 3), (11, np.int64(80), np.int64(6), 3)): 22.0, ((11, np.int64(80), np.int64(6), 3), (28, np.int64(49), np.int64(10), 2)): 22.0, ((28, np.int64(49), np.int64(10), 2), (26, np.int64(10), np.int64(15), 1)): 22.0, ((26, np.int64(10), np.int64(15), 1), (26, np.int64(10), 35, 1)): 22.0, ((26, np.int64(46), np.int64(0), 2), (5, np.int64(12), np.int64(5), 1)): 4.0, ((5, np.int64(12), np.int64(5), 1), (5, np.int64(12), 35, 1)): 4.0, ((26, np.int64(46), np.int64(0), 2), (26, np.int64(46), np.int64(1), 2)): 2.0, ((26, np.int64(46), np.int64(1), 2), (5, np.int64(12), np.int64(6), 1)): 2.0, ((5, np.int64(12), np.int64(6), 1), (5, np.int64(12), 35, 1)): 2.0, ((26, np.int64(66), np.int64(0), 2), (28, np.int64(27), np.int64(5), 1)): 2.0, ((28, np.int64(27), np.int64(5), 1), (26, np.int64(0), np.int64(10), 0)): 2.0, ((26, np.int64(0), np.int64(10), 0), (26, np.int64(0), 35, 0)): 2.0, ((26, np.int64(66), np.int64(0), 2), (26, np.int64(66), np.int64(1), 2)): 6.0, ((26, np.int64(66), np.int64(1), 2), (28, np.int64(27), np.int64(6), 1)): 2.0, ((28, np.int64(27), np.int64(6), 1), (26, np.int64(0), np.int64(11), 0)): 2.0, ((26, np.int64(0), np.int64(11), 0), (26, np.int64(0), 35, 0)): 2.0, ((26, np.int64(66), np.int64(1), 2), (26, np.int64(66), np.int64(6), 2)): 4.0, ((26, np.int64(66), np.int64(6), 2), (28, np.int64(27), np.int64(11), 1)): 2.0, ((28, np.int64(27), np.int64(11), 1), (26, np.int64(0), np.int64(16), 0)): 2.0, ((26, np.int64(0), np.int64(16), 0), (26, np.int64(0), 35, 0)): 2.0, ((26, np.int64(66), np.int64(6), 2), (26, np.int64(66), np.int64(11), 2)): 2.0, ((26, np.int64(66), np.int64(11), 2), (28, np.int64(27), np.int64(16), 1)): 2.0, ((28, np.int64(27), np.int64(16), 1), (26, np.int64(0), np.int64(21), 0)): 2.0, ((26, np.int64(0), np.int64(21), 0), (26, np.int64(0), 35, 0)): 2.0, ((26, np.int64(80), np.int64(0), 3), (26, np.int64(80), np.int64(1), 3)): 16.0, ((26, np.int64(80), np.int64(1), 3), (26, np.int64(80), np.int64(6), 3)): 16.0, ((26, np.int64(80), np.int64(6), 3), (5, np.int64(46), np.int64(11), 2)): 14.0, ((5, np.int64(46), np.int64(11), 2), (5, np.int64(46), np.int64(16), 2)): 14.0, ((5, np.int64(46), np.int64(16), 2), (26, np.int64(12), np.int64(21), 1)): 16.0, ((26, np.int64(12), np.int64(21), 1), (26, np.int64(12), np.int64(26), 1)): 16.0, ((26, np.int64(12), np.int64(26), 1), (26, np.int64(12), np.int64(31), 1)): 16.0, ((26, np.int64(12), np.int64(31), 1), (26, np.int64(12), 35, 1)): 16.0, ((26, np.int64(80), np.int64(6), 3), (26, np.int64(80), np.int64(11), 3)): 2.0, ((26, np.int64(80), np.int64(11), 3), (5, np.int64(46), np.int64(16), 2)): 2.0, ((26, np.int64(100), np.int64(0), 3), (26, np.int64(100), np.int64(1), 3)): 78.0, ((26, np.int64(100), np.int64(1), 3), (26, np.int64(100), np.int64(6), 3)): 34.0, ((26, np.int64(100), np.int64(6), 3), (5, np.int64(77), np.int64(11), 2)): 2.0, ((5, np.int64(77), np.int64(11), 2), (26, np.int64(43), np.int64(16), 2)): 2.0, ((26, np.int64(43), np.int64(16), 2), (5, np.int64(20), np.int64(21), 1)): 2.0, ((5, np.int64(20), np.int64(21), 1), (5, np.int64(20), np.int64(26), 1)): 2.0, ((5, np.int64(20), np.int64(26), 1), (5, np.int64(20), 35, 1)): 2.0, ((26, np.int64(100), np.int64(6), 3), (26, np.int64(100), np.int64(11), 3)): 32.0, ((26, np.int64(100), np.int64(11), 3), (5, np.int64(77), np.int64(16), 2)): 6.0, ((5, np.int64(77), np.int64(16), 2), (26, np.int64(43), np.int64(21), 2)): 6.0, ((26, np.int64(43), np.int64(21), 2), (5, np.int64(9), np.int64(26), 0)): 6.0, ((5, np.int64(9), np.int64(26), 0), (5, np.int64(9), 35, 0)): 6.0, ((26, np.int64(100), np.int64(11), 3), (26, np.int64(100), np.int64(16), 3)): 26.0, ((26, np.int64(100), np.int64(16), 3), (5, np.int64(77), np.int64(21), 2)): 14.0, ((5, np.int64(77), np.int64(21), 2), (26, np.int64(43), np.int64(26), 2)): 14.0, ((26, np.int64(43), np.int64(26), 2), (26, np.int64(43), np.int64(31), 2)): 14.0, ((26, np.int64(43), np.int64(31), 2), (26, np.int64(43), 35, 2)): 26.0, ((26, np.int64(100), np.int64(16), 3), (26, np.int64(100), np.int64(21), 3)): 12.0, ((26, np.int64(100), np.int64(21), 3), (5, np.int64(77), np.int64(26), 2)): 12.0, ((5, np.int64(77), np.int64(26), 2), (26, np.int64(43), np.int64(31), 2)): 12.0, ((26, np.int64(100), np.int64(1), 3), (11, np.int64(54), np.int64(9), 2)): 44.0, ((11, np.int64(54), np.int64(9), 2), (30, np.int64(3), np.int64(18), 0)): 44.0, ((30, np.int64(3), np.int64(18), 0), (30, np.int64(3), 35, 0)): 44.0, ((31, np.int64(6), np.int64(0), 0), (12, np.int64(4), np.int64(1), 0)): 38.0, ((12, np.int64(4), np.int64(1), 0), (31, np.int64(3), np.int64(2), 0)): 38.0, ((31, np.int64(3), np.int64(2), 0), (31, np.int64(3), 35, 0)): 38.0, ((31, np.int64(6), np.int64(0), 0), (15, np.int64(2), np.int64(1), 0)): 38.0, ((15, np.int64(2), np.int64(1), 0), (12, np.int64(0), np.int64(2), 0)): 38.0, ((12, np.int64(0), np.int64(2), 0), (12, np.int64(0), 35, 0)): 38.0, ((31, np.int64(8), np.int64(0), 0), (12, np.int64(6), np.int64(1), 0)): 38.0, ((12, np.int64(6), np.int64(1), 0), (31, np.int64(5), np.int64(2), 0)): 38.0, ((31, np.int64(5), np.int64(2), 0), (31, np.int64(5), 35, 0)): 38.0, ((31, np.int64(8), np.int64(0), 0), (15, np.int64(4), np.int64(1), 0)): 38.0, ((15, np.int64(4), np.int64(1), 0), (12, np.int64(2), np.int64(2), 0)): 38.0, ((12, np.int64(2), np.int64(2), 0), (31, np.int64(1), np.int64(3), 0)): 38.0, ((31, np.int64(1), np.int64(3), 0), (31, np.int64(1), 35, 0)): 38.0, ((31, np.int64(12), np.int64(0), 1), (12, np.int64(10), np.int64(1), 1)): 38.0, ((12, np.int64(10), np.int64(1), 1), (30, np.int64(3), np.int64(3), 0)): 38.0, ((30, np.int64(3), np.int64(3), 0), (30, np.int64(3), 35, 0)): 38.0, ((31, np.int64(15), np.int64(0), 1), (30, np.int64(5), np.int64(2), 0)): 38.0, ((30, np.int64(5), np.int64(2), 0), (30, np.int64(5), 35, 0)): 38.0, ((31, np.int64(15), np.int64(0), 1), (15, np.int64(11), np.int64(1), 1)): 38.0, ((15, np.int64(11), np.int64(1), 1), (30, np.int64(2), np.int64(3), 0)): 38.0, ((30, np.int64(2), np.int64(3), 0), (30, np.int64(2), 35, 0)): 38.0, ((31, np.int64(15), np.int64(0), 1), (12, np.int64(13), np.int64(1), 1)): 38.0, ((12, np.int64(13), np.int64(1), 1), (15, np.int64(11), np.int64(2), 1)): 38.0, ((15, np.int64(11), np.int64(2), 1), (30, np.int64(2), np.int64(4), 0)): 38.0, ((30, np.int64(2), np.int64(4), 0), (30, np.int64(2), 35, 0)): 38.0, ((31, np.int64(18), np.int64(0), 1), (30, np.int64(8), np.int64(2), 0)): 38.0, ((30, np.int64(8), np.int64(2), 0), (12, np.int64(1), np.int64(4), 0)): 38.0, ((12, np.int64(1), np.int64(4), 0), (31, np.int64(0), np.int64(5), 0)): 38.0, ((31, np.int64(0), np.int64(5), 0), (31, np.int64(0), 35, 0)): 38.0, ((31, np.int64(18), np.int64(0), 1), (15, np.int64(14), np.int64(1), 1)): 38.0, ((15, np.int64(14), np.int64(1), 1), (31, np.int64(12), np.int64(2), 1)): 38.0, ((31, np.int64(12), np.int64(2), 1), (31, np.int64(12), 35, 1)): 38.0, ((31, np.int64(18), np.int64(0), 1), (12, np.int64(16), np.int64(1), 1)): 38.0, ((12, np.int64(16), np.int64(1), 1), (31, np.int64(15), np.int64(2), 1)): 38.0, ((31, np.int64(15), np.int64(2), 1), (31, np.int64(15), 35, 1)): 76.0, ((31, np.int64(21), np.int64(0), 1), (15, np.int64(17), np.int64(1), 1)): 38.0, ((15, np.int64(17), np.int64(1), 1), (31, np.int64(15), np.int64(2), 1)): 38.0, ((31, np.int64(21), np.int64(0), 1), (12, np.int64(19), np.int64(1), 1)): 38.0, ((12, np.int64(19), np.int64(1), 1), (15, np.int64(17), np.int64(2), 1)): 38.0, ((15, np.int64(17), np.int64(2), 1), (31, np.int64(15), np.int64(3), 1)): 38.0, ((31, np.int64(15), np.int64(3), 1), (31, np.int64(15), 35, 1)): 38.0, ((31, np.int64(24), np.int64(0), 1), (30, np.int64(14), np.int64(2), 1)): 38.0, ((30, np.int64(14), np.int64(2), 1), (31, np.int64(7), np.int64(4), 0)): 38.0, ((31, np.int64(7), np.int64(4), 0), (31, np.int64(7), 35, 0)): 38.0, ((31, np.int64(24), np.int64(0), 1), (15, np.int64(20), np.int64(1), 1)): 38.0, ((15, np.int64(20), np.int64(1), 1), (31, np.int64(18), np.int64(2), 1)): 38.0, ((31, np.int64(18), np.int64(2), 1), (31, np.int64(18), 35, 1)): 38.0, ((31, np.int64(24), np.int64(0), 1), (12, np.int64(22), np.int64(1), 1)): 38.0, ((12, np.int64(22), np.int64(1), 1), (15, np.int64(20), np.int64(2), 1)): 38.0, ((15, np.int64(20), np.int64(2), 1), (31, np.int64(18), np.int64(3), 1)): 38.0, ((31, np.int64(18), np.int64(3), 1), (31, np.int64(18), 35, 1)): 38.0, ((31, np.int64(25), np.int64(0), 1), (30, np.int64(15), np.int64(2), 1)): 38.0, ((30, np.int64(15), np.int64(2), 1), (31, np.int64(8), np.int64(4), 0)): 38.0, ((31, np.int64(8), np.int64(4), 0), (31, np.int64(8), 35, 0)): 38.0, ((31, np.int64(25), np.int64(0), 1), (15, np.int64(21), np.int64(1), 1)): 38.0, ((15, np.int64(21), np.int64(1), 1), (31, np.int64(19), np.int64(2), 1)): 38.0, ((31, np.int64(19), np.int64(2), 1), (31, np.int64(19), 35, 1)): 38.0, ((31, np.int64(25), np.int64(0), 1), (12, np.int64(23), np.int64(1), 1)): 38.0, ((12, np.int64(23), np.int64(1), 1), (15, np.int64(21), np.int64(2), 1)): 38.0, ((15, np.int64(21), np.int64(2), 1), (31, np.int64(19), np.int64(3), 1)): 38.0, ((31, np.int64(19), np.int64(3), 1), (31, np.int64(19), 35, 1)): 38.0, ((31, np.int64(27), np.int64(0), 1), (30, np.int64(17), np.int64(2), 1)): 38.0, ((30, np.int64(17), np.int64(2), 1), (31, np.int64(10), np.int64(4), 1)): 38.0, ((31, np.int64(10), np.int64(4), 1), (31, np.int64(10), 35, 1)): 38.0, ((31, np.int64(27), np.int64(0), 1), (15, np.int64(23), np.int64(1), 1)): 38.0, ((15, np.int64(23), np.int64(1), 1), (31, np.int64(21), np.int64(2), 1)): 38.0, ((31, np.int64(21), np.int64(2), 1), (31, np.int64(21), 35, 1)): 38.0, ((31, np.int64(29), np.int64(0), 1), (30, np.int64(19), np.int64(2), 1)): 38.0, ((30, np.int64(19), np.int64(2), 1), (15, np.int64(10), np.int64(4), 1)): 38.0, ((15, np.int64(10), np.int64(4), 1), (31, np.int64(8), np.int64(5), 0)): 38.0, ((31, np.int64(8), np.int64(5), 0), (31, np.int64(8), 35, 0)): 38.0, ((31, np.int64(29), np.int64(0), 1), (15, np.int64(25), np.int64(1), 1)): 38.0, ((15, np.int64(25), np.int64(1), 1), (30, np.int64(16), np.int64(3), 1)): 38.0, ((30, np.int64(16), np.int64(3), 1), (31, np.int64(9), np.int64(5), 0)): 38.0, ((31, np.int64(9), np.int64(5), 0), (31, np.int64(9), 35, 0)): 38.0, ((31, np.int64(29), np.int64(0), 1), (12, np.int64(27), np.int64(1), 1)): 38.0, ((12, np.int64(27), np.int64(1), 1), (31, np.int64(26), np.int64(2), 1)): 38.0, ((31, np.int64(26), np.int64(2), 1), (31, np.int64(26), 35, 1)): 38.0, ((31, np.int64(30), np.int64(0), 1), (15, np.int64(26), np.int64(1), 1)): 38.0, ((15, np.int64(26), np.int64(1), 1), (30, np.int64(17), np.int64(3), 1)): 38.0, ((30, np.int64(17), np.int64(3), 1), (31, np.int64(10), np.int64(5), 1)): 38.0, ((31, np.int64(10), np.int64(5), 1), (31, np.int64(10), 35, 1)): 38.0, ((31, np.int64(30), np.int64(0), 1), (30, np.int64(20), np.int64(2), 1)): 38.0, ((30, np.int64(20), np.int64(2), 1), (12, np.int64(13), np.int64(4), 1)): 38.0, ((12, np.int64(13), np.int64(4), 1), (31, np.int64(12), np.int64(5), 1)): 38.0, ((31, np.int64(12), np.int64(5), 1), (31, np.int64(12), 35, 1)): 38.0, ((31, np.int64(30), np.int64(0), 1), (12, np.int64(28), np.int64(1), 1)): 38.0, ((12, np.int64(28), np.int64(1), 1), (31, np.int64(27), np.int64(2), 1)): 38.0, ((31, np.int64(27), np.int64(2), 1), (31, np.int64(27), 35, 1)): 38.0, ((31, np.int64(31), np.int64(0), 1), (30, np.int64(21), np.int64(2), 1)): 38.0, ((30, np.int64(21), np.int64(2), 1), (12, np.int64(14), np.int64(4), 1)): 38.0, ((12, np.int64(14), np.int64(4), 1), (31, np.int64(13), np.int64(5), 1)): 38.0, ((31, np.int64(13), np.int64(5), 1), (31, np.int64(13), 35, 1)): 38.0, ((31, np.int64(31), np.int64(0), 1), (15, np.int64(27), np.int64(1), 1)): 38.0, ((15, np.int64(27), np.int64(1), 1), (12, np.int64(25), np.int64(2), 1)): 38.0, ((12, np.int64(25), np.int64(2), 1), (31, np.int64(24), np.int64(3), 1)): 38.0, ((31, np.int64(24), np.int64(3), 1), (31, np.int64(24), 35, 1)): 38.0, ((31, np.int64(31), np.int64(0), 1), (12, np.int64(29), np.int64(1), 1)): 38.0, ((12, np.int64(29), np.int64(1), 1), (31, np.int64(28), np.int64(2), 1)): 38.0, ((31, np.int64(28), np.int64(2), 1), (31, np.int64(28), 35, 1)): 38.0, ((31, np.int64(32), np.int64(0), 1), (12, np.int64(30), np.int64(1), 1)): 38.0, ((12, np.int64(30), np.int64(1), 1), (6, np.int64(16), np.int64(4), 1)): 38.0, ((6, np.int64(16), np.int64(4), 1), (12, np.int64(2), np.int64(7), 0)): 76.0, ((12, np.int64(2), np.int64(7), 0), (31, np.int64(1), np.int64(8), 0)): 76.0, ((31, np.int64(1), np.int64(8), 0), (31, np.int64(1), 35, 0)): 76.0, ((31, np.int64(32), np.int64(0), 1), (30, np.int64(22), np.int64(2), 1)): 38.0, ((30, np.int64(22), np.int64(2), 1), (12, np.int64(15), np.int64(4), 1)): 38.0, ((12, np.int64(15), np.int64(4), 1), (31, np.int64(14), np.int64(5), 1)): 38.0, ((31, np.int64(14), np.int64(5), 1), (31, np.int64(14), 35, 1)): 38.0, ((31, np.int64(32), np.int64(0), 1), (15, np.int64(28), np.int64(1), 1)): 38.0, ((15, np.int64(28), np.int64(1), 1), (12, np.int64(26), np.int64(2), 1)): 38.0, ((12, np.int64(26), np.int64(2), 1), (31, np.int64(25), np.int64(3), 1)): 38.0, ((31, np.int64(25), np.int64(3), 1), (31, np.int64(25), 35, 1)): 38.0, ((31, np.int64(32), np.int64(0), 1), (6, np.int64(13), np.int64(3), 1)): 38.0, ((6, np.int64(13), np.int64(3), 1), (31, np.int64(0), np.int64(6), 0)): 38.0, ((31, np.int64(0), np.int64(6), 0), (31, np.int64(0), 35, 0)): 38.0, ((31, np.int64(35), np.int64(0), 1), (6, np.int64(16), np.int64(3), 1)): 38.0, ((6, np.int64(16), np.int64(3), 1), (12, np.int64(2), np.int64(6), 0)): 38.0, ((12, np.int64(2), np.int64(6), 0), (31, np.int64(1), np.int64(7), 0)): 38.0, ((31, np.int64(1), np.int64(7), 0), (31, np.int64(1), 35, 0)): 38.0, ((31, np.int64(35), np.int64(0), 1), (15, np.int64(31), np.int64(1), 1)): 38.0, ((15, np.int64(31), np.int64(1), 1), (6, np.int64(17), np.int64(4), 1)): 38.0, ((6, np.int64(17), np.int64(4), 1), (12, np.int64(3), np.int64(7), 0)): 76.0, ((12, np.int64(3), np.int64(7), 0), (31, np.int64(2), np.int64(8), 0)): 76.0, ((31, np.int64(2), np.int64(8), 0), (31, np.int64(2), 35, 0)): 114.0, ((31, np.int64(35), np.int64(0), 1), (30, np.int64(25), np.int64(2), 1)): 38.0, ((30, np.int64(25), np.int64(2), 1), (31, np.int64(18), np.int64(4), 1)): 38.0, ((31, np.int64(18), np.int64(4), 1), (31, np.int64(18), 35, 1)): 38.0, ((31, np.int64(35), np.int64(0), 1), (12, np.int64(33), np.int64(1), 1)): 38.0, ((12, np.int64(33), np.int64(1), 1), (31, np.int64(32), np.int64(2), 1)): 38.0, ((31, np.int64(32), np.int64(2), 1), (31, np.int64(32), 35, 1)): 38.0, ((31, np.int64(36), np.int64(0), 1), (6, np.int64(17), np.int64(3), 1)): 38.0, ((6, np.int64(17), np.int64(3), 1), (12, np.int64(3), np.int64(6), 0)): 38.0, ((12, np.int64(3), np.int64(6), 0), (31, np.int64(2), np.int64(7), 0)): 38.0, ((31, np.int64(2), np.int64(7), 0), (31, np.int64(2), 35, 0)): 38.0, ((31, np.int64(36), np.int64(0), 1), (15, np.int64(32), np.int64(1), 1)): 38.0, ((15, np.int64(32), np.int64(1), 1), (6, np.int64(18), np.int64(4), 1)): 38.0, ((6, np.int64(18), np.int64(4), 1), (12, np.int64(4), np.int64(7), 0)): 38.0, ((12, np.int64(4), np.int64(7), 0), (31, np.int64(3), np.int64(8), 0)): 38.0, ((31, np.int64(3), np.int64(8), 0), (31, np.int64(3), 35, 0)): 76.0, ((31, np.int64(36), np.int64(0), 1), (30, np.int64(26), np.int64(2), 1)): 38.0, ((30, np.int64(26), np.int64(2), 1), (31, np.int64(19), np.int64(4), 1)): 38.0, ((31, np.int64(19), np.int64(4), 1), (31, np.int64(19), 35, 1)): 38.0, ((31, np.int64(36), np.int64(0), 1), (12, np.int64(34), np.int64(1), 1)): 38.0, ((12, np.int64(34), np.int64(1), 1), (31, np.int64(33), np.int64(2), 1)): 38.0, ((31, np.int64(33), np.int64(2), 1), (31, np.int64(33), 35, 1)): 38.0, ((31, np.int64(38), np.int64(0), 1), (6, np.int64(19), np.int64(3), 1)): 38.0, ((6, np.int64(19), np.int64(3), 1), (12, np.int64(5), np.int64(6), 0)): 38.0, ((12, np.int64(5), np.int64(6), 0), (31, np.int64(4), np.int64(7), 0)): 38.0, ((31, np.int64(4), np.int64(7), 0), (31, np.int64(4), 35, 0)): 38.0, ((31, np.int64(38), np.int64(0), 1), (12, np.int64(36), np.int64(1), 1)): 38.0, ((12, np.int64(36), np.int64(1), 1), (6, np.int64(22), np.int64(4), 1)): 38.0, ((6, np.int64(22), np.int64(4), 1), (31, np.int64(9), np.int64(7), 0)): 38.0, ((31, np.int64(9), np.int64(7), 0), (31, np.int64(9), 35, 0)): 38.0, ((31, np.int64(38), np.int64(0), 1), (30, np.int64(28), np.int64(2), 1)): 38.0, ((30, np.int64(28), np.int64(2), 1), (12, np.int64(21), np.int64(4), 1)): 38.0, ((12, np.int64(21), np.int64(4), 1), (31, np.int64(20), np.int64(5), 1)): 38.0, ((31, np.int64(20), np.int64(5), 1), (31, np.int64(20), 35, 1)): 38.0, ((31, np.int64(38), np.int64(0), 1), (15, np.int64(34), np.int64(1), 1)): 38.0, ((15, np.int64(34), np.int64(1), 1), (12, np.int64(32), np.int64(2), 1)): 38.0, ((12, np.int64(32), np.int64(2), 1), (31, np.int64(31), np.int64(3), 1)): 38.0, ((31, np.int64(31), np.int64(3), 1), (31, np.int64(31), 35, 1)): 38.0, ((31, np.int64(39), np.int64(0), 1), (6, np.int64(20), np.int64(3), 1)): 38.0, ((6, np.int64(20), np.int64(3), 1), (35, np.int64(17), np.int64(4), 1)): 38.0, ((35, np.int64(17), np.int64(4), 1), (6, np.int64(14), np.int64(5), 1)): 38.0, ((6, np.int64(14), np.int64(5), 1), (12, np.int64(0), np.int64(8), 0)): 38.0, ((12, np.int64(0), np.int64(8), 0), (12, np.int64(0), 35, 0)): 38.0, ((31, np.int64(39), np.int64(0), 1), (12, np.int64(37), np.int64(1), 1)): 38.0, ((12, np.int64(37), np.int64(1), 1), (6, np.int64(23), np.int64(4), 1)): 38.0, ((6, np.int64(23), np.int64(4), 1), (31, np.int64(10), np.int64(7), 1)): 38.0, ((31, np.int64(10), np.int64(7), 1), (31, np.int64(10), 35, 1)): 38.0, ((31, np.int64(39), np.int64(0), 1), (30, np.int64(29), np.int64(2), 1)): 38.0, ((30, np.int64(29), np.int64(2), 1), (15, np.int64(20), np.int64(4), 1)): 38.0, ((15, np.int64(20), np.int64(4), 1), (31, np.int64(18), np.int64(5), 1)): 38.0, ((31, np.int64(18), np.int64(5), 1), (31, np.int64(18), 35, 1)): 38.0, ((31, np.int64(39), np.int64(0), 1), (15, np.int64(35), np.int64(1), 1)): 38.0, ((15, np.int64(35), np.int64(1), 1), (12, np.int64(33), np.int64(2), 1)): 38.0, ((12, np.int64(33), np.int64(2), 1), (31, np.int64(32), np.int64(3), 1)): 38.0, ((31, np.int64(32), np.int64(3), 1), (31, np.int64(32), 35, 1)): 38.0, ((31, np.int64(40), np.int64(0), 2), (6, np.int64(21), np.int64(3), 1)): 38.0, ((6, np.int64(21), np.int64(3), 1), (31, np.int64(8), np.int64(6), 0)): 38.0, ((31, np.int64(8), np.int64(6), 0), (31, np.int64(8), 35, 0)): 76.0, ((31, np.int64(40), np.int64(0), 2), (30, np.int64(30), np.int64(2), 1)): 38.0, ((30, np.int64(30), np.int64(2), 1), (15, np.int64(21), np.int64(4), 1)): 38.0, ((15, np.int64(21), np.int64(4), 1), (31, np.int64(19), np.int64(5), 1)): 38.0, ((31, np.int64(19), np.int64(5), 1), (31, np.int64(19), 35, 1)): 38.0, ((31, np.int64(40), np.int64(0), 2), (15, np.int64(36), np.int64(1), 1)): 38.0, ((15, np.int64(36), np.int64(1), 1), (12, np.int64(34), np.int64(2), 1)): 38.0, ((12, np.int64(34), np.int64(2), 1), (31, np.int64(33), np.int64(3), 1)): 38.0, ((31, np.int64(33), np.int64(3), 1), (31, np.int64(33), 35, 1)): 38.0, ((31, np.int64(40), np.int64(0), 2), (12, np.int64(38), np.int64(1), 1)): 38.0, ((12, np.int64(38), np.int64(1), 1), (31, np.int64(37), np.int64(2), 1)): 38.0, ((31, np.int64(37), np.int64(2), 1), (31, np.int64(37), 35, 1)): 38.0, ((31, np.int64(41), np.int64(0), 2), (35, np.int64(16), np.int64(3), 1)): 38.0, ((35, np.int64(16), np.int64(3), 1), (6, np.int64(13), np.int64(4), 1)): 38.0, ((6, np.int64(13), np.int64(4), 1), (6, np.int64(13), 35, 1)): 38.0, ((31, np.int64(41), np.int64(0), 2), (6, np.int64(22), np.int64(3), 1)): 38.0, ((6, np.int64(22), np.int64(3), 1), (31, np.int64(9), np.int64(6), 0)): 38.0, ((31, np.int64(9), np.int64(6), 0), (31, np.int64(9), 35, 0)): 76.0, ((31, np.int64(41), np.int64(0), 2), (15, np.int64(37), np.int64(1), 1)): 38.0, ((15, np.int64(37), np.int64(1), 1), (30, np.int64(28), np.int64(3), 1)): 38.0, ((30, np.int64(28), np.int64(3), 1), (12, np.int64(21), np.int64(5), 1)): 38.0, ((12, np.int64(21), np.int64(5), 1), (31, np.int64(20), np.int64(6), 1)): 38.0, ((31, np.int64(20), np.int64(6), 1), (31, np.int64(20), 35, 1)): 38.0, ((31, np.int64(41), np.int64(0), 2), (30, np.int64(31), np.int64(2), 1)): 38.0, ((30, np.int64(31), np.int64(2), 1), (31, np.int64(24), np.int64(4), 1)): 38.0, ((31, np.int64(24), np.int64(4), 1), (31, np.int64(24), 35, 1)): 38.0, ((31, np.int64(41), np.int64(0), 2), (12, np.int64(39), np.int64(1), 1)): 38.0, ((12, np.int64(39), np.int64(1), 1), (31, np.int64(38), np.int64(2), 1)): 38.0, ((31, np.int64(38), np.int64(2), 1), (31, np.int64(38), 35, 1)): 76.0, ((31, np.int64(44), np.int64(0), 2), (35, np.int64(19), np.int64(3), 1)): 38.0, ((35, np.int64(19), np.int64(3), 1), (6, np.int64(16), np.int64(4), 1)): 38.0, ((31, np.int64(44), np.int64(0), 2), (6, np.int64(25), np.int64(3), 1)): 38.0, ((6, np.int64(25), np.int64(3), 1), (31, np.int64(12), np.int64(6), 1)): 38.0, ((31, np.int64(12), np.int64(6), 1), (31, np.int64(12), 35, 1)): 38.0, ((31, np.int64(44), np.int64(0), 2), (30, np.int64(34), np.int64(2), 1)): 38.0, ((30, np.int64(34), np.int64(2), 1), (31, np.int64(27), np.int64(4), 1)): 38.0, ((31, np.int64(27), np.int64(4), 1), (31, np.int64(27), 35, 1)): 38.0, ((31, np.int64(44), np.int64(0), 2), (15, np.int64(40), np.int64(1), 2)): 38.0, ((15, np.int64(40), np.int64(1), 2), (31, np.int64(38), np.int64(2), 1)): 38.0, ((31, np.int64(44), np.int64(0), 2), (12, np.int64(42), np.int64(1), 2)): 38.0, ((12, np.int64(42), np.int64(1), 2), (31, np.int64(41), np.int64(2), 2)): 38.0, ((31, np.int64(41), np.int64(2), 2), (31, np.int64(41), 35, 2)): 38.0, ((31, np.int64(45), np.int64(0), 2), (35, np.int64(20), np.int64(3), 1)): 38.0, ((35, np.int64(20), np.int64(3), 1), (6, np.int64(17), np.int64(4), 1)): 38.0, ((31, np.int64(45), np.int64(0), 2), (6, np.int64(26), np.int64(3), 1)): 38.0, ((6, np.int64(26), np.int64(3), 1), (31, np.int64(13), np.int64(6), 1)): 38.0, ((31, np.int64(13), np.int64(6), 1), (31, np.int64(13), 35, 1)): 76.0, ((31, np.int64(45), np.int64(0), 2), (30, np.int64(35), np.int64(2), 1)): 38.0, ((30, np.int64(35), np.int64(2), 1), (12, np.int64(28), np.int64(4), 1)): 38.0, ((12, np.int64(28), np.int64(4), 1), (31, np.int64(27), np.int64(5), 1)): 38.0, ((31, np.int64(27), np.int64(5), 1), (31, np.int64(27), 35, 1)): 38.0, ((31, np.int64(45), np.int64(0), 2), (12, np.int64(43), np.int64(1), 2)): 38.0, ((12, np.int64(43), np.int64(1), 2), (31, np.int64(42), np.int64(2), 2)): 38.0, ((31, np.int64(42), np.int64(2), 2), (31, np.int64(42), 35, 2)): 38.0, ((31, np.int64(47), np.int64(0), 2), (3, np.int64(19), np.int64(4), 1)): 38.0, ((3, np.int64(19), np.int64(4), 1), (31, np.int64(0), np.int64(8), 0)): 38.0, ((31, np.int64(0), np.int64(8), 0), (31, np.int64(0), 35, 0)): 38.0, ((31, np.int64(47), np.int64(0), 2), (35, np.int64(22), np.int64(3), 1)): 38.0, ((35, np.int64(22), np.int64(3), 1), (6, np.int64(19), np.int64(4), 1)): 38.0, ((6, np.int64(19), np.int64(4), 1), (12, np.int64(5), np.int64(7), 0)): 38.0, ((12, np.int64(5), np.int64(7), 0), (31, np.int64(4), np.int64(8), 0)): 38.0, ((31, np.int64(4), np.int64(8), 0), (31, np.int64(4), 35, 0)): 76.0, ((31, np.int64(47), np.int64(0), 2), (12, np.int64(45), np.int64(1), 2)): 38.0, ((12, np.int64(45), np.int64(1), 2), (3, np.int64(25), np.int64(5), 1)): 38.0, ((3, np.int64(25), np.int64(5), 1), (15, np.int64(3), np.int64(9), 0)): 38.0, ((15, np.int64(3), np.int64(9), 0), (12, np.int64(1), np.int64(10), 0)): 38.0, ((12, np.int64(1), np.int64(10), 0), (31, np.int64(0), np.int64(11), 0)): 38.0, ((31, np.int64(0), np.int64(11), 0), (31, np.int64(0), 35, 0)): 38.0, ((31, np.int64(47), np.int64(0), 2), (6, np.int64(28), np.int64(3), 1)): 38.0, ((6, np.int64(28), np.int64(3), 1), (12, np.int64(14), np.int64(6), 1)): 38.0, ((12, np.int64(14), np.int64(6), 1), (31, np.int64(13), np.int64(7), 1)): 38.0, ((31, np.int64(13), np.int64(7), 1), (31, np.int64(13), 35, 1)): 38.0, ((31, np.int64(47), np.int64(0), 2), (30, np.int64(37), np.int64(2), 1)): 38.0, ((30, np.int64(37), np.int64(2), 1), (12, np.int64(30), np.int64(4), 1)): 38.0, ((12, np.int64(30), np.int64(4), 1), (31, np.int64(29), np.int64(5), 1)): 38.0, ((31, np.int64(29), np.int64(5), 1), (31, np.int64(29), 35, 1)): 38.0, ((31, np.int64(47), np.int64(0), 2), (15, np.int64(43), np.int64(1), 2)): 38.0, ((15, np.int64(43), np.int64(1), 2), (12, np.int64(41), np.int64(2), 2)): 38.0, ((12, np.int64(41), np.int64(2), 2), (31, np.int64(40), np.int64(3), 2)): 38.0, ((31, np.int64(40), np.int64(3), 2), (31, np.int64(40), 35, 2)): 38.0, ((31, np.int64(49), np.int64(0), 2), (3, np.int64(21), np.int64(4), 1)): 38.0, ((3, np.int64(21), np.int64(4), 1), (31, np.int64(2), np.int64(8), 0)): 38.0, ((31, np.int64(49), np.int64(0), 2), (35, np.int64(24), np.int64(3), 1)): 38.0, ((35, np.int64(24), np.int64(3), 1), (31, np.int64(7), np.int64(6), 0)): 38.0, ((31, np.int64(7), np.int64(6), 0), (31, np.int64(7), 35, 0)): 38.0, ((31, np.int64(49), np.int64(0), 2), (6, np.int64(30), np.int64(3), 1)): 38.0, ((6, np.int64(30), np.int64(3), 1), (31, np.int64(17), np.int64(6), 1)): 38.0, ((31, np.int64(17), np.int64(6), 1), (31, np.int64(17), 35, 1)): 76.0, ((31, np.int64(49), np.int64(0), 2), (15, np.int64(45), np.int64(1), 2)): 38.0, ((15, np.int64(45), np.int64(1), 2), (6, np.int64(31), np.int64(4), 1)): 38.0, ((6, np.int64(31), np.int64(4), 1), (15, np.int64(17), np.int64(7), 1)): 38.0, ((15, np.int64(17), np.int64(7), 1), (31, np.int64(15), np.int64(8), 1)): 38.0, ((31, np.int64(15), np.int64(8), 1), (31, np.int64(15), 35, 1)): 38.0, ((31, np.int64(49), np.int64(0), 2), (30, np.int64(39), np.int64(2), 1)): 38.0, ((30, np.int64(39), np.int64(2), 1), (12, np.int64(32), np.int64(4), 1)): 38.0, ((12, np.int64(32), np.int64(4), 1), (31, np.int64(31), np.int64(5), 1)): 38.0, ((31, np.int64(31), np.int64(5), 1), (31, np.int64(31), 35, 1)): 38.0, ((31, np.int64(49), np.int64(0), 2), (12, np.int64(47), np.int64(1), 2)): 38.0, ((12, np.int64(47), np.int64(1), 2), (31, np.int64(46), np.int64(2), 2)): 38.0, ((31, np.int64(46), np.int64(2), 2), (31, np.int64(46), 35, 2)): 38.0, ((31, np.int64(50), np.int64(0), 2), (3, np.int64(22), np.int64(4), 1)): 38.0, ((3, np.int64(22), np.int64(4), 1), (31, np.int64(3), np.int64(8), 0)): 38.0, ((31, np.int64(50), np.int64(0), 2), (35, np.int64(25), np.int64(3), 1)): 38.0, ((35, np.int64(25), np.int64(3), 1), (31, np.int64(8), np.int64(6), 0)): 38.0, ((31, np.int64(50), np.int64(0), 2), (6, np.int64(31), np.int64(3), 1)): 38.0, ((6, np.int64(31), np.int64(3), 1), (31, np.int64(18), np.int64(6), 1)): 38.0, ((31, np.int64(18), np.int64(6), 1), (31, np.int64(18), 35, 1)): 38.0, ((31, np.int64(50), np.int64(0), 2), (15, np.int64(46), np.int64(1), 2)): 38.0, ((15, np.int64(46), np.int64(1), 2), (6, np.int64(32), np.int64(4), 1)): 38.0, ((6, np.int64(32), np.int64(4), 1), (15, np.int64(18), np.int64(7), 1)): 38.0, ((15, np.int64(18), np.int64(7), 1), (31, np.int64(16), np.int64(8), 1)): 38.0, ((31, np.int64(16), np.int64(8), 1), (31, np.int64(16), 35, 1)): 38.0, ((31, np.int64(50), np.int64(0), 2), (30, np.int64(40), np.int64(2), 2)): 38.0, ((30, np.int64(40), np.int64(2), 2), (12, np.int64(33), np.int64(4), 1)): 38.0, ((12, np.int64(33), np.int64(4), 1), (31, np.int64(32), np.int64(5), 1)): 38.0, ((31, np.int64(32), np.int64(5), 1), (31, np.int64(32), 35, 1)): 38.0, ((31, np.int64(50), np.int64(0), 2), (12, np.int64(48), np.int64(1), 2)): 38.0, ((12, np.int64(48), np.int64(1), 2), (31, np.int64(47), np.int64(2), 2)): 38.0, ((31, np.int64(47), np.int64(2), 2), (31, np.int64(47), 35, 2)): 38.0, ((31, np.int64(51), np.int64(0), 2), (3, np.int64(23), np.int64(4), 1)): 38.0, ((3, np.int64(23), np.int64(4), 1), (31, np.int64(4), np.int64(8), 0)): 38.0, ((31, np.int64(51), np.int64(0), 2), (30, np.int64(41), np.int64(2), 2)): 38.0, ((30, np.int64(41), np.int64(2), 2), (35, np.int64(19), np.int64(6), 1)): 38.0, ((35, np.int64(19), np.int64(6), 1), (6, np.int64(16), np.int64(7), 1)): 38.0, ((6, np.int64(16), np.int64(7), 1), (12, np.int64(2), np.int64(10), 0)): 38.0, ((12, np.int64(2), np.int64(10), 0), (31, np.int64(1), np.int64(11), 0)): 38.0, ((31, np.int64(1), np.int64(11), 0), (31, np.int64(1), 35, 0)): 38.0, ((31, np.int64(51), np.int64(0), 2), (35, np.int64(26), np.int64(3), 1)): 38.0, ((35, np.int64(26), np.int64(3), 1), (31, np.int64(9), np.int64(6), 0)): 38.0, ((31, np.int64(51), np.int64(0), 2), (6, np.int64(32), np.int64(3), 1)): 38.0, ((6, np.int64(32), np.int64(3), 1), (15, np.int64(18), np.int64(6), 1)): 38.0, ((15, np.int64(18), np.int64(6), 1), (31, np.int64(16), np.int64(7), 1)): 38.0, ((31, np.int64(16), np.int64(7), 1), (31, np.int64(16), 35, 1)): 38.0, ((31, np.int64(51), np.int64(0), 2), (15, np.int64(47), np.int64(1), 2)): 38.0, ((15, np.int64(47), np.int64(1), 2), (12, np.int64(45), np.int64(2), 2)): 38.0, ((12, np.int64(45), np.int64(2), 2), (31, np.int64(44), np.int64(3), 2)): 38.0, ((31, np.int64(44), np.int64(3), 2), (31, np.int64(44), 35, 2)): 38.0, ((31, np.int64(51), np.int64(0), 2), (12, np.int64(49), np.int64(1), 2)): 38.0, ((12, np.int64(49), np.int64(1), 2), (31, np.int64(48), np.int64(2), 2)): 38.0, ((31, np.int64(48), np.int64(2), 2), (31, np.int64(48), 35, 2)): 38.0, ((31, np.int64(52), np.int64(0), 2), (3, np.int64(24), np.int64(4), 1)): 38.0, ((3, np.int64(24), np.int64(4), 1), (15, np.int64(2), np.int64(8), 0)): 38.0, ((15, np.int64(2), np.int64(8), 0), (12, np.int64(0), np.int64(9), 0)): 38.0, ((12, np.int64(0), np.int64(9), 0), (12, np.int64(0), 35, 0)): 38.0, ((31, np.int64(52), np.int64(0), 2), (35, np.int64(27), np.int64(3), 1)): 38.0, ((35, np.int64(27), np.int64(3), 1), (31, np.int64(10), np.int64(6), 1)): 38.0, ((31, np.int64(10), np.int64(6), 1), (31, np.int64(10), 35, 1)): 38.0, ((31, np.int64(52), np.int64(0), 2), (6, np.int64(33), np.int64(3), 1)): 38.0, ((6, np.int64(33), np.int64(3), 1), (15, np.int64(19), np.int64(6), 1)): 38.0, ((15, np.int64(19), np.int64(6), 1), (31, np.int64(17), np.int64(7), 1)): 38.0, ((31, np.int64(17), np.int64(7), 1), (31, np.int64(17), 35, 1)): 38.0, ((31, np.int64(52), np.int64(0), 2), (30, np.int64(42), np.int64(2), 2)): 38.0, ((30, np.int64(42), np.int64(2), 2), (15, np.int64(33), np.int64(4), 1)): 38.0, ((15, np.int64(33), np.int64(4), 1), (12, np.int64(31), np.int64(5), 1)): 38.0, ((12, np.int64(31), np.int64(5), 1), (31, np.int64(30), np.int64(6), 1)): 38.0, ((31, np.int64(30), np.int64(6), 1), (31, np.int64(30), 35, 1)): 38.0, ((31, np.int64(52), np.int64(0), 2), (12, np.int64(50), np.int64(1), 2)): 38.0, ((12, np.int64(50), np.int64(1), 2), (30, np.int64(43), np.int64(3), 2)): 38.0, ((30, np.int64(43), np.int64(3), 2), (31, np.int64(36), np.int64(5), 1)): 38.0, ((31, np.int64(36), np.int64(5), 1), (31, np.int64(36), 35, 1)): 38.0, ((31, np.int64(52), np.int64(0), 2), (15, np.int64(48), np.int64(1), 2)): 38.0, ((15, np.int64(48), np.int64(1), 2), (12, np.int64(46), np.int64(2), 2)): 38.0, ((12, np.int64(46), np.int64(2), 2), (31, np.int64(45), np.int64(3), 2)): 38.0, ((31, np.int64(45), np.int64(3), 2), (31, np.int64(45), 35, 2)): 38.0, ((31, np.int64(55), np.int64(0), 2), (3, np.int64(27), np.int64(4), 1)): 38.0, ((3, np.int64(27), np.int64(4), 1), (31, np.int64(8), np.int64(8), 0)): 38.0, ((31, np.int64(8), np.int64(8), 0), (31, np.int64(8), 35, 0)): 38.0, ((31, np.int64(55), np.int64(0), 2), (35, np.int64(30), np.int64(3), 1)): 38.0, ((35, np.int64(30), np.int64(3), 1), (31, np.int64(13), np.int64(6), 1)): 38.0, ((31, np.int64(55), np.int64(0), 2), (12, np.int64(53), np.int64(1), 2)): 38.0, ((12, np.int64(53), np.int64(1), 2), (3, np.int64(33), np.int64(5), 1)): 38.0, ((3, np.int64(33), np.int64(5), 1), (31, np.int64(14), np.int64(9), 1)): 38.0, ((31, np.int64(14), np.int64(9), 1), (31, np.int64(14), 35, 1)): 38.0, ((31, np.int64(55), np.int64(0), 2), (6, np.int64(36), np.int64(3), 1)): 38.0, ((6, np.int64(36), np.int64(3), 1), (12, np.int64(22), np.int64(6), 1)): 38.0, ((12, np.int64(22), np.int64(6), 1), (31, np.int64(21), np.int64(7), 1)): 38.0, ((31, np.int64(21), np.int64(7), 1), (31, np.int64(21), 35, 1)): 38.0, ((31, np.int64(55), np.int64(0), 2), (30, np.int64(45), np.int64(2), 2)): 38.0, ((30, np.int64(45), np.int64(2), 2), (31, np.int64(38), np.int64(4), 1)): 38.0, ((31, np.int64(38), np.int64(4), 1), (31, np.int64(38), 35, 1)): 38.0, ((31, np.int64(59), np.int64(0), 2), (30, np.int64(49), np.int64(2), 2)): 38.0, ((30, np.int64(49), np.int64(2), 2), (35, np.int64(27), np.int64(6), 1)): 38.0, ((35, np.int64(27), np.int64(6), 1), (31, np.int64(10), np.int64(9), 1)): 38.0, ((31, np.int64(10), np.int64(9), 1), (31, np.int64(10), 35, 1)): 38.0, ((31, np.int64(59), np.int64(0), 2), (3, np.int64(31), np.int64(4), 1)): 38.0, ((3, np.int64(31), np.int64(4), 1), (31, np.int64(12), np.int64(8), 1)): 38.0, ((31, np.int64(12), np.int64(8), 1), (31, np.int64(12), 35, 1)): 38.0, ((31, np.int64(59), np.int64(0), 2), (35, np.int64(34), np.int64(3), 1)): 38.0, ((35, np.int64(34), np.int64(3), 1), (31, np.int64(17), np.int64(6), 1)): 38.0, ((31, np.int64(59), np.int64(0), 2), (6, np.int64(40), np.int64(3), 2)): 38.0, ((6, np.int64(40), np.int64(3), 2), (12, np.int64(26), np.int64(6), 1)): 38.0, ((12, np.int64(26), np.int64(6), 1), (31, np.int64(25), np.int64(7), 1)): 38.0, ((31, np.int64(25), np.int64(7), 1), (31, np.int64(25), 35, 1)): 38.0, ((31, np.int64(59), np.int64(0), 2), (15, np.int64(55), np.int64(1), 2)): 38.0, ((15, np.int64(55), np.int64(1), 2), (31, np.int64(53), np.int64(2), 2)): 38.0, ((31, np.int64(53), np.int64(2), 2), (31, np.int64(53), 35, 2)): 38.0, ((31, np.int64(59), np.int64(0), 2), (12, np.int64(57), np.int64(1), 2)): 38.0, ((12, np.int64(57), np.int64(1), 2), (15, np.int64(55), np.int64(2), 2)): 38.0, ((15, np.int64(55), np.int64(2), 2), (31, np.int64(53), np.int64(3), 2)): 38.0, ((31, np.int64(53), np.int64(3), 2), (31, np.int64(53), 35, 2)): 38.0, ((31, np.int64(61), np.int64(0), 2), (30, np.int64(51), np.int64(2), 2)): 38.0, ((30, np.int64(51), np.int64(2), 2), (35, np.int64(29), np.int64(6), 1)): 38.0, ((35, np.int64(29), np.int64(6), 1), (31, np.int64(12), np.int64(9), 1)): 38.0, ((31, np.int64(12), np.int64(9), 1), (31, np.int64(12), 35, 1)): 38.0, ((31, np.int64(61), np.int64(0), 2), (3, np.int64(33), np.int64(4), 1)): 38.0, ((3, np.int64(33), np.int64(4), 1), (31, np.int64(14), np.int64(8), 1)): 38.0, ((31, np.int64(14), np.int64(8), 1), (31, np.int64(14), 35, 1)): 38.0, ((31, np.int64(61), np.int64(0), 2), (6, np.int64(42), np.int64(3), 2)): 38.0, ((6, np.int64(42), np.int64(3), 2), (35, np.int64(39), np.int64(4), 1)): 38.0, ((35, np.int64(39), np.int64(4), 1), (12, np.int64(21), np.int64(8), 1)): 38.0, ((12, np.int64(21), np.int64(8), 1), (31, np.int64(20), np.int64(9), 1)): 38.0, ((31, np.int64(20), np.int64(9), 1), (31, np.int64(20), 35, 1)): 38.0, ((31, np.int64(61), np.int64(0), 2), (35, np.int64(36), np.int64(3), 1)): 38.0, ((35, np.int64(36), np.int64(3), 1), (6, np.int64(33), np.int64(4), 1)): 38.0, ((6, np.int64(33), np.int64(4), 1), (12, np.int64(19), np.int64(7), 1)): 38.0, ((12, np.int64(19), np.int64(7), 1), (31, np.int64(18), np.int64(8), 1)): 38.0, ((31, np.int64(18), np.int64(8), 1), (31, np.int64(18), 35, 1)): 38.0, ((31, np.int64(61), np.int64(0), 2), (15, np.int64(57), np.int64(1), 2)): 38.0, ((15, np.int64(57), np.int64(1), 2), (31, np.int64(55), np.int64(2), 2)): 38.0, ((31, np.int64(55), np.int64(2), 2), (31, np.int64(55), 35, 2)): 38.0, ((31, np.int64(70), np.int64(0), 2), (15, np.int64(66), np.int64(1), 2)): 38.0, ((15, np.int64(66), np.int64(1), 2), (3, np.int64(44), np.int64(5), 2)): 38.0, ((3, np.int64(44), np.int64(5), 2), (6, np.int64(23), np.int64(9), 1)): 38.0, ((6, np.int64(23), np.int64(9), 1), (31, np.int64(10), np.int64(12), 1)): 38.0, ((31, np.int64(10), np.int64(12), 1), (31, np.int64(10), 35, 1)): 76.0, ((31, np.int64(70), np.int64(0), 2), (3, np.int64(42), np.int64(4), 2)): 38.0, ((3, np.int64(42), np.int64(4), 2), (31, np.int64(23), np.int64(8), 1)): 38.0, ((31, np.int64(23), np.int64(8), 1), (31, np.int64(23), 35, 1)): 38.0, ((31, np.int64(70), np.int64(0), 2), (35, np.int64(45), np.int64(3), 2)): 38.0, ((35, np.int64(45), np.int64(3), 2), (12, np.int64(27), np.int64(7), 1)): 38.0, ((12, np.int64(27), np.int64(7), 1), (31, np.int64(26), np.int64(8), 1)): 38.0, ((31, np.int64(26), np.int64(8), 1), (31, np.int64(26), 35, 1)): 38.0, ((31, np.int64(70), np.int64(0), 2), (6, np.int64(51), np.int64(3), 2)): 38.0, ((6, np.int64(51), np.int64(3), 2), (35, np.int64(48), np.int64(4), 2)): 38.0, ((35, np.int64(48), np.int64(4), 2), (12, np.int64(30), np.int64(8), 1)): 38.0, ((12, np.int64(30), np.int64(8), 1), (31, np.int64(29), np.int64(9), 1)): 38.0, ((31, np.int64(29), np.int64(9), 1), (31, np.int64(29), 35, 1)): 38.0, ((31, np.int64(70), np.int64(0), 2), (30, np.int64(60), np.int64(2), 2)): 38.0, ((30, np.int64(60), np.int64(2), 2), (15, np.int64(51), np.int64(4), 2)): 38.0, ((15, np.int64(51), np.int64(4), 2), (31, np.int64(49), np.int64(5), 2)): 38.0, ((31, np.int64(49), np.int64(5), 2), (31, np.int64(49), 35, 2)): 38.0, ((31, np.int64(70), np.int64(0), 2), (31, np.int64(70), np.int64(1), 2)): 62024.0, ((31, np.int64(70), np.int64(1), 2), (31, np.int64(70), np.int64(6), 2)): 62024.0, ((31, np.int64(70), np.int64(6), 2), (31, np.int64(70), np.int64(11), 2)): 62024.0, ((31, np.int64(70), np.int64(11), 2), (12, np.int64(69), np.int64(12), 2)): 54682.0, ((12, np.int64(69), np.int64(12), 2), (32, np.int64(27), np.int64(17), 1)): 54682.0, ((32, np.int64(27), np.int64(17), 1), (32, np.int64(27), 35, 1)): 54682.0, ((31, np.int64(70), np.int64(11), 2), (31, np.int64(70), np.int64(16), 2)): 7342.0, ((31, np.int64(70), np.int64(16), 2), (12, np.int64(69), np.int64(17), 2)): 5157.0, ((12, np.int64(69), np.int64(17), 2), (32, np.int64(27), np.int64(22), 1)): 5157.0, ((32, np.int64(27), np.int64(22), 1), (32, np.int64(27), 35, 1)): 5157.0, ((31, np.int64(70), np.int64(16), 2), (31, np.int64(70), np.int64(21), 2)): 2185.0, ((31, np.int64(70), np.int64(21), 2), (12, np.int64(69), np.int64(22), 2)): 2185.0, ((12, np.int64(69), np.int64(22), 2), (32, np.int64(27), np.int64(27), 1)): 2185.0, ((32, np.int64(27), np.int64(27), 1), (32, np.int64(27), 35, 1)): 2185.0, ((31, np.int64(70), np.int64(0), 2), (12, np.int64(68), np.int64(1), 2)): 38.0, ((12, np.int64(68), np.int64(1), 2), (15, np.int64(66), np.int64(2), 2)): 38.0, ((15, np.int64(66), np.int64(2), 2), (31, np.int64(64), np.int64(3), 2)): 38.0, ((31, np.int64(64), np.int64(3), 2), (31, np.int64(64), np.int64(8), 2)): 38.0, ((31, np.int64(64), np.int64(8), 2), (31, np.int64(64), np.int64(13), 2)): 38.0, ((31, np.int64(64), np.int64(13), 2), (31, np.int64(64), np.int64(18), 2)): 38.0, ((31, np.int64(64), np.int64(18), 2), (31, np.int64(64), np.int64(23), 2)): 38.0, ((31, np.int64(64), np.int64(23), 2), (12, np.int64(63), np.int64(24), 2)): 38.0, ((12, np.int64(63), np.int64(24), 2), (32, np.int64(21), np.int64(29), 1)): 38.0, ((32, np.int64(21), np.int64(29), 1), (32, np.int64(21), 35, 1)): 38.0, ((31, np.int64(72), np.int64(0), 2), (3, np.int64(44), np.int64(4), 2)): 38.0, ((3, np.int64(44), np.int64(4), 2), (6, np.int64(23), np.int64(8), 1)): 38.0, ((6, np.int64(23), np.int64(8), 1), (31, np.int64(10), np.int64(11), 1)): 38.0, ((31, np.int64(10), np.int64(11), 1), (31, np.int64(10), 35, 1)): 38.0, ((31, np.int64(72), np.int64(0), 2), (35, np.int64(47), np.int64(3), 2)): 38.0, ((35, np.int64(47), np.int64(3), 2), (15, np.int64(29), np.int64(7), 1)): 38.0, ((15, np.int64(29), np.int64(7), 1), (31, np.int64(27), np.int64(8), 1)): 38.0, ((31, np.int64(27), np.int64(8), 1), (31, np.int64(27), 35, 1)): 38.0, ((31, np.int64(72), np.int64(0), 2), (6, np.int64(53), np.int64(3), 2)): 38.0, ((6, np.int64(53), np.int64(3), 2), (35, np.int64(50), np.int64(4), 2)): 38.0, ((35, np.int64(50), np.int64(4), 2), (12, np.int64(32), np.int64(8), 1)): 38.0, ((12, np.int64(32), np.int64(8), 1), (31, np.int64(31), np.int64(9), 1)): 76.0, ((31, np.int64(31), np.int64(9), 1), (31, np.int64(31), 35, 1)): 76.0, ((31, np.int64(72), np.int64(0), 2), (30, np.int64(62), np.int64(2), 2)): 38.0, ((30, np.int64(62), np.int64(2), 2), (15, np.int64(53), np.int64(4), 2)): 38.0, ((15, np.int64(53), np.int64(4), 2), (31, np.int64(51), np.int64(5), 2)): 38.0, ((31, np.int64(51), np.int64(5), 2), (31, np.int64(51), 35, 2)): 38.0, ((31, np.int64(72), np.int64(0), 2), (0, np.int64(24), np.int64(6), 1)): 38.0, ((0, np.int64(24), np.int64(6), 1), (0, np.int64(24), 35, 1)): 38.0, ((31, np.int64(72), np.int64(0), 2), (15, np.int64(68), np.int64(1), 2)): 38.0, ((15, np.int64(68), np.int64(1), 2), (31, np.int64(66), np.int64(2), 2)): 38.0, ((31, np.int64(66), np.int64(2), 2), (31, np.int64(66), np.int64(7), 2)): 38.0, ((31, np.int64(66), np.int64(7), 2), (31, np.int64(66), np.int64(12), 2)): 38.0, ((31, np.int64(66), np.int64(12), 2), (31, np.int64(66), np.int64(17), 2)): 38.0, ((31, np.int64(66), np.int64(17), 2), (31, np.int64(66), np.int64(22), 2)): 38.0, ((31, np.int64(66), np.int64(22), 2), (12, np.int64(65), np.int64(23), 2)): 38.0, ((12, np.int64(65), np.int64(23), 2), (32, np.int64(23), np.int64(28), 1)): 38.0, ((32, np.int64(23), np.int64(28), 1), (32, np.int64(23), 35, 1)): 38.0, ((31, np.int64(72), np.int64(0), 2), (12, np.int64(70), np.int64(1), 2)): 38.0, ((12, np.int64(70), np.int64(1), 2), (15, np.int64(68), np.int64(2), 2)): 38.0, ((15, np.int64(68), np.int64(2), 2), (31, np.int64(66), np.int64(3), 2)): 38.0, ((31, np.int64(66), np.int64(3), 2), (31, np.int64(66), np.int64(8), 2)): 38.0, ((31, np.int64(66), np.int64(8), 2), (31, np.int64(66), np.int64(13), 2)): 38.0, ((31, np.int64(66), np.int64(13), 2), (31, np.int64(66), np.int64(18), 2)): 38.0, ((31, np.int64(66), np.int64(18), 2), (31, np.int64(66), np.int64(23), 2)): 38.0, ((31, np.int64(66), np.int64(23), 2), (12, np.int64(65), np.int64(24), 2)): 38.0, ((12, np.int64(65), np.int64(24), 2), (32, np.int64(23), np.int64(29), 1)): 38.0, ((32, np.int64(23), np.int64(29), 1), (32, np.int64(23), 35, 1)): 38.0, ((31, np.int64(75), np.int64(0), 2), (3, np.int64(47), np.int64(4), 2)): 38.0, ((3, np.int64(47), np.int64(4), 2), (15, np.int64(25), np.int64(8), 1)): 38.0, ((15, np.int64(25), np.int64(8), 1), (30, np.int64(16), np.int64(10), 1)): 38.0, ((30, np.int64(16), np.int64(10), 1), (31, np.int64(9), np.int64(12), 0)): 38.0, ((31, np.int64(9), np.int64(12), 0), (31, np.int64(9), 35, 0)): 38.0, ((31, np.int64(75), np.int64(0), 2), (30, np.int64(65), np.int64(2), 2)): 38.0, ((30, np.int64(65), np.int64(2), 2), (35, np.int64(43), np.int64(6), 2)): 38.0, ((35, np.int64(43), np.int64(6), 2), (12, np.int64(25), np.int64(10), 1)): 38.0, ((12, np.int64(25), np.int64(10), 1), (31, np.int64(24), np.int64(11), 1)): 38.0, ((31, np.int64(24), np.int64(11), 1), (31, np.int64(24), 35, 1)): 38.0, ((31, np.int64(75), np.int64(0), 2), (35, np.int64(50), np.int64(3), 2)): 38.0, ((35, np.int64(50), np.int64(3), 2), (12, np.int64(32), np.int64(7), 1)): 38.0, ((12, np.int64(32), np.int64(7), 1), (31, np.int64(31), np.int64(8), 1)): 38.0, ((31, np.int64(31), np.int64(8), 1), (31, np.int64(31), 35, 1)): 76.0, ((31, np.int64(75), np.int64(0), 2), (6, np.int64(56), np.int64(3), 2)): 38.0, ((6, np.int64(56), np.int64(3), 2), (31, np.int64(43), np.int64(6), 2)): 38.0, ((31, np.int64(43), np.int64(6), 2), (31, np.int64(43), 35, 2)): 38.0, ((31, np.int64(75), np.int64(0), 2), (15, np.int64(71), np.int64(1), 2)): 38.0, ((15, np.int64(71), np.int64(1), 2), (31, np.int64(69), np.int64(2), 2)): 38.0, ((31, np.int64(69), np.int64(2), 2), (31, np.int64(69), 35, 2)): 38.0, ((31, np.int64(75), np.int64(0), 2), (12, np.int64(73), np.int64(1), 2)): 38.0, ((12, np.int64(73), np.int64(1), 2), (15, np.int64(71), np.int64(2), 2)): 38.0, ((15, np.int64(71), np.int64(2), 2), (31, np.int64(69), np.int64(3), 2)): 38.0, ((31, np.int64(69), np.int64(3), 2), (31, np.int64(69), 35, 2)): 38.0, ((31, np.int64(75), np.int64(0), 2), (0, np.int64(27), np.int64(6), 1)): 38.0, ((0, np.int64(27), np.int64(6), 1), (30, np.int64(1), np.int64(11), 0)): 38.0, ((30, np.int64(1), np.int64(11), 0), (30, np.int64(1), 35, 0)): 38.0, ((31, np.int64(76), np.int64(0), 2), (3, np.int64(48), np.int64(4), 2)): 38.0, ((3, np.int64(48), np.int64(4), 2), (35, np.int64(25), np.int64(8), 1)): 38.0, ((35, np.int64(25), np.int64(8), 1), (31, np.int64(8), np.int64(11), 0)): 38.0, ((31, np.int64(8), np.int64(11), 0), (31, np.int64(8), 35, 0)): 38.0, ((31, np.int64(76), np.int64(0), 2), (30, np.int64(66), np.int64(2), 2)): 38.0, ((30, np.int64(66), np.int64(2), 2), (35, np.int64(44), np.int64(6), 2)): 38.0, ((35, np.int64(44), np.int64(6), 2), (12, np.int64(26), np.int64(10), 1)): 38.0, ((12, np.int64(26), np.int64(10), 1), (31, np.int64(25), np.int64(11), 1)): 38.0, ((31, np.int64(25), np.int64(11), 1), (31, np.int64(25), 35, 1)): 38.0, ((31, np.int64(76), np.int64(0), 2), (35, np.int64(51), np.int64(3), 2)): 38.0, ((35, np.int64(51), np.int64(3), 2), (12, np.int64(33), np.int64(7), 1)): 38.0, ((12, np.int64(33), np.int64(7), 1), (31, np.int64(32), np.int64(8), 1)): 38.0, ((31, np.int64(32), np.int64(8), 1), (31, np.int64(32), 35, 1)): 38.0, ((31, np.int64(76), np.int64(0), 2), (6, np.int64(57), np.int64(3), 2)): 38.0, ((6, np.int64(57), np.int64(3), 2), (31, np.int64(44), np.int64(6), 2)): 38.0, ((31, np.int64(44), np.int64(6), 2), (31, np.int64(44), 35, 2)): 38.0, ((31, np.int64(76), np.int64(0), 2), (15, np.int64(72), np.int64(1), 2)): 38.0, ((15, np.int64(72), np.int64(1), 2), (31, np.int64(70), np.int64(2), 2)): 38.0, ((31, np.int64(70), np.int64(2), 2), (31, np.int64(70), 35, 2)): 38.0, ((31, np.int64(76), np.int64(0), 2), (0, np.int64(28), np.int64(6), 1)): 38.0, ((0, np.int64(28), np.int64(6), 1), (30, np.int64(2), np.int64(11), 0)): 38.0, ((30, np.int64(2), np.int64(11), 0), (30, np.int64(2), 35, 0)): 38.0, ((31, np.int64(76), np.int64(0), 2), (12, np.int64(74), np.int64(1), 2)): 38.0, ((12, np.int64(74), np.int64(1), 2), (15, np.int64(72), np.int64(2), 2)): 38.0, ((15, np.int64(72), np.int64(2), 2), (31, np.int64(70), np.int64(3), 2)): 38.0, ((31, np.int64(70), np.int64(3), 2), (31, np.int64(70), 35, 2)): 38.0, ((31, np.int64(78), np.int64(0), 2), (3, np.int64(50), np.int64(4), 2)): 38.0, ((3, np.int64(50), np.int64(4), 2), (31, np.int64(31), np.int64(8), 1)): 38.0, ((31, np.int64(78), np.int64(0), 2), (35, np.int64(53), np.int64(3), 2)): 38.0, ((35, np.int64(53), np.int64(3), 2), (31, np.int64(36), np.int64(6), 1)): 38.0, ((31, np.int64(36), np.int64(6), 1), (31, np.int64(36), 35, 1)): 38.0, ((31, np.int64(78), np.int64(0), 2), (6, np.int64(59), np.int64(3), 2)): 38.0, ((6, np.int64(59), np.int64(3), 2), (31, np.int64(46), np.int64(6), 2)): 38.0, ((31, np.int64(46), np.int64(6), 2), (31, np.int64(46), 35, 2)): 38.0, ((31, np.int64(78), np.int64(0), 2), (15, np.int64(74), np.int64(1), 2)): 38.0, ((15, np.int64(74), np.int64(1), 2), (31, np.int64(72), np.int64(2), 2)): 38.0, ((31, np.int64(72), np.int64(2), 2), (31, np.int64(72), 35, 2)): 38.0, ((31, np.int64(78), np.int64(0), 2), (0, np.int64(30), np.int64(6), 1)): 38.0, ((0, np.int64(30), np.int64(6), 1), (30, np.int64(4), np.int64(11), 0)): 38.0, ((30, np.int64(4), np.int64(11), 0), (30, np.int64(4), 35, 0)): 38.0, ((31, np.int64(78), np.int64(0), 2), (30, np.int64(68), np.int64(2), 2)): 38.0, ((30, np.int64(68), np.int64(2), 2), (12, np.int64(61), np.int64(4), 2)): 38.0, ((12, np.int64(61), np.int64(4), 2), (15, np.int64(59), np.int64(5), 2)): 38.0, ((15, np.int64(59), np.int64(5), 2), (31, np.int64(57), np.int64(6), 2)): 38.0, ((31, np.int64(57), np.int64(6), 2), (31, np.int64(57), np.int64(11), 2)): 38.0, ((31, np.int64(57), np.int64(11), 2), (31, np.int64(57), np.int64(16), 2)): 38.0, ((31, np.int64(57), np.int64(16), 2), (31, np.int64(57), np.int64(21), 2)): 38.0, ((31, np.int64(57), np.int64(21), 2), (31, np.int64(57), np.int64(26), 2)): 38.0, ((31, np.int64(57), np.int64(26), 2), (12, np.int64(56), np.int64(27), 2)): 38.0, ((12, np.int64(56), np.int64(27), 2), (32, np.int64(14), np.int64(32), 1)): 38.0, ((32, np.int64(14), np.int64(32), 1), (32, np.int64(14), 35, 1)): 38.0, ((31, np.int64(78), np.int64(0), 2), (12, np.int64(76), np.int64(1), 2)): 38.0, ((12, np.int64(76), np.int64(1), 2), (15, np.int64(74), np.int64(2), 2)): 38.0, ((15, np.int64(74), np.int64(2), 2), (31, np.int64(72), np.int64(3), 2)): 38.0, ((31, np.int64(72), np.int64(3), 2), (31, np.int64(72), 35, 2)): 38.0, ((31, np.int64(80), np.int64(0), 3), (3, np.int64(52), np.int64(4), 2)): 38.0, ((3, np.int64(52), np.int64(4), 2), (12, np.int64(32), np.int64(8), 1)): 38.0, ((31, np.int64(80), np.int64(0), 3), (12, np.int64(78), np.int64(1), 2)): 38.0, ((12, np.int64(78), np.int64(1), 2), (3, np.int64(58), np.int64(5), 2)): 38.0, ((3, np.int64(58), np.int64(5), 2), (31, np.int64(39), np.int64(9), 1)): 38.0, ((31, np.int64(39), np.int64(9), 1), (31, np.int64(39), 35, 1)): 38.0, ((31, np.int64(80), np.int64(0), 3), (35, np.int64(55), np.int64(3), 2)): 38.0, ((35, np.int64(55), np.int64(3), 2), (31, np.int64(38), np.int64(6), 1)): 38.0, ((31, np.int64(38), np.int64(6), 1), (31, np.int64(38), 35, 1)): 38.0, ((31, np.int64(80), np.int64(0), 3), (0, np.int64(32), np.int64(6), 1)): 38.0, ((0, np.int64(32), np.int64(6), 1), (30, np.int64(6), np.int64(11), 0)): 38.0, ((30, np.int64(6), np.int64(11), 0), (30, np.int64(6), 35, 0)): 38.0, ((31, np.int64(80), np.int64(0), 3), (15, np.int64(76), np.int64(1), 2)): 38.0, ((15, np.int64(76), np.int64(1), 2), (31, np.int64(74), np.int64(2), 2)): 38.0, ((31, np.int64(74), np.int64(2), 2), (31, np.int64(74), 35, 2)): 38.0, ((31, np.int64(81), np.int64(0), 3), (3, np.int64(53), np.int64(4), 2)): 38.0, ((3, np.int64(53), np.int64(4), 2), (31, np.int64(34), np.int64(8), 1)): 38.0, ((31, np.int64(34), np.int64(8), 1), (31, np.int64(34), 35, 1)): 38.0, ((31, np.int64(81), np.int64(0), 3), (15, np.int64(77), np.int64(1), 2)): 38.0, ((15, np.int64(77), np.int64(1), 2), (3, np.int64(55), np.int64(5), 2)): 38.0, ((3, np.int64(55), np.int64(5), 2), (15, np.int64(33), np.int64(9), 1)): 38.0, ((15, np.int64(33), np.int64(9), 1), (12, np.int64(31), np.int64(10), 1)): 38.0, ((12, np.int64(31), np.int64(10), 1), (31, np.int64(30), np.int64(11), 1)): 38.0, ((31, np.int64(30), np.int64(11), 1), (31, np.int64(30), 35, 1)): 38.0, ((31, np.int64(81), np.int64(0), 3), (30, np.int64(71), np.int64(2), 2)): 38.0, ((30, np.int64(71), np.int64(2), 2), (6, np.int64(53), np.int64(6), 2)): 38.0, ((6, np.int64(53), np.int64(6), 2), (31, np.int64(40), np.int64(9), 2)): 38.0, ((31, np.int64(40), np.int64(9), 2), (31, np.int64(40), 35, 2)): 76.0, ((31, np.int64(81), np.int64(0), 3), (6, np.int64(62), np.int64(3), 2)): 38.0, ((6, np.int64(62), np.int64(3), 2), (35, np.int64(59), np.int64(4), 2)): 38.0, ((35, np.int64(59), np.int64(4), 2), (12, np.int64(41), np.int64(8), 2)): 38.0, ((12, np.int64(41), np.int64(8), 2), (31, np.int64(40), np.int64(9), 2)): 38.0, ((31, np.int64(81), np.int64(0), 3), (12, np.int64(79), np.int64(1), 2)): 38.0, ((12, np.int64(79), np.int64(1), 2), (3, np.int64(59), np.int64(5), 2)): 38.0, ((3, np.int64(59), np.int64(5), 2), (12, np.int64(39), np.int64(9), 1)): 38.0, ((12, np.int64(39), np.int64(9), 1), (31, np.int64(38), np.int64(10), 1)): 38.0, ((31, np.int64(38), np.int64(10), 1), (31, np.int64(38), 35, 1)): 38.0, ((31, np.int64(90), np.int64(0), 3), (10, np.int64(39), np.int64(6), 1)): 38.0, ((10, np.int64(39), np.int64(6), 1), (12, np.int64(4), np.int64(12), 0)): 38.0, ((12, np.int64(4), np.int64(12), 0), (31, np.int64(3), np.int64(13), 0)): 38.0, ((31, np.int64(3), np.int64(13), 0), (31, np.int64(3), 35, 0)): 38.0, ((31, np.int64(90), np.int64(0), 3), (29, np.int64(40), np.int64(6), 2)): 38.0, ((29, np.int64(40), np.int64(6), 2), (12, np.int64(5), np.int64(13), 0)): 38.0, ((12, np.int64(5), np.int64(13), 0), (31, np.int64(4), np.int64(14), 0)): 38.0, ((31, np.int64(4), np.int64(14), 0), (31, np.int64(4), 35, 0)): 38.0, ((31, np.int64(90), np.int64(0), 3), (2, np.int64(35), np.int64(7), 1)): 38.0, ((2, np.int64(35), np.int64(7), 1), (10, np.int64(33), np.int64(8), 1)): 38.0, ((10, np.int64(33), np.int64(8), 1), (10, np.int64(33), 35, 1)): 38.0, ((31, np.int64(90), np.int64(0), 3), (9, np.int64(37), np.int64(7), 1)): 38.0, ((9, np.int64(37), np.int64(7), 1), (6, np.int64(14), np.int64(11), 1)): 38.0, ((6, np.int64(14), np.int64(11), 1), (35, np.int64(11), np.int64(12), 1)): 38.0, ((35, np.int64(11), np.int64(12), 1), (35, np.int64(11), 35, 1)): 38.0, ((31, np.int64(90), np.int64(0), 3), (0, np.int64(42), np.int64(6), 2)): 38.0, ((0, np.int64(42), np.int64(6), 2), (10, np.int64(40), np.int64(7), 2)): 38.0, ((10, np.int64(40), np.int64(7), 2), (0, np.int64(38), np.int64(8), 1)): 38.0, ((0, np.int64(38), np.int64(8), 1), (31, np.int64(5), np.int64(14), 0)): 38.0, ((31, np.int64(5), np.int64(14), 0), (31, np.int64(5), 35, 0)): 38.0, ((31, np.int64(90), np.int64(0), 3), (17, np.int64(41), np.int64(6), 2)): 38.0, ((17, np.int64(41), np.int64(6), 2), (31, np.int64(7), np.int64(12), 0)): 38.0, ((31, np.int64(7), np.int64(12), 0), (31, np.int64(7), 35, 0)): 38.0, ((31, np.int64(90), np.int64(0), 3), (3, np.int64(62), np.int64(4), 2)): 38.0, ((3, np.int64(62), np.int64(4), 2), (12, np.int64(42), np.int64(8), 2)): 38.0, ((12, np.int64(42), np.int64(8), 2), (31, np.int64(41), np.int64(9), 2)): 38.0, ((31, np.int64(41), np.int64(9), 2), (31, np.int64(41), 35, 2)): 38.0, ((31, np.int64(90), np.int64(0), 3), (35, np.int64(65), np.int64(3), 2)): 38.0, ((35, np.int64(65), np.int64(3), 2), (12, np.int64(47), np.int64(7), 2)): 38.0, ((12, np.int64(47), np.int64(7), 2), (31, np.int64(46), np.int64(8), 2)): 38.0, ((31, np.int64(46), np.int64(8), 2), (31, np.int64(46), 35, 2)): 38.0, ((31, np.int64(90), np.int64(0), 3), (15, np.int64(86), np.int64(1), 3)): 38.0, ((15, np.int64(86), np.int64(1), 3), (3, np.int64(64), np.int64(5), 2)): 38.0, ((3, np.int64(64), np.int64(5), 2), (12, np.int64(44), np.int64(9), 2)): 38.0, ((12, np.int64(44), np.int64(9), 2), (31, np.int64(43), np.int64(10), 2)): 38.0, ((31, np.int64(43), np.int64(10), 2), (31, np.int64(43), 35, 2)): 38.0, ((31, np.int64(90), np.int64(0), 3), (11, np.int64(8), np.int64(10), 0)): 22.0, ((11, np.int64(8), np.int64(10), 0), (11, np.int64(8), 35, 0)): 22.0, ((31, np.int64(90), np.int64(0), 3), (12, np.int64(88), np.int64(1), 3)): 38.0, ((12, np.int64(88), np.int64(1), 3), (12, np.int64(88), np.int64(6), 3)): 38.0, ((12, np.int64(88), np.int64(6), 3), (31, np.int64(87), np.int64(7), 3)): 38.0, ((31, np.int64(87), np.int64(7), 3), (6, np.int64(74), np.int64(10), 2)): 38.0, ((6, np.int64(74), np.int64(10), 2), (35, np.int64(71), np.int64(11), 2)): 38.0, ((35, np.int64(71), np.int64(11), 2), (35, np.int64(71), np.int64(16), 2)): 38.0, ((35, np.int64(71), np.int64(16), 2), (29, np.int64(53), np.int64(20), 2)): 38.0, ((29, np.int64(53), np.int64(20), 2), (32, np.int64(17), np.int64(25), 1)): 38.0, ((32, np.int64(17), np.int64(25), 1), (32, np.int64(17), 35, 1)): 38.0, ((31, np.int64(90), np.int64(0), 3), (31, np.int64(90), np.int64(1), 3)): 62124.0, ((31, np.int64(90), np.int64(1), 3), (12, np.int64(89), np.int64(2), 3)): 62124.0, ((12, np.int64(89), np.int64(2), 3), (12, np.int64(89), np.int64(7), 3)): 62124.0, ((12, np.int64(89), np.int64(7), 3), (31, np.int64(88), np.int64(8), 3)): 59801.0, ((31, np.int64(88), np.int64(8), 3), (6, np.int64(75), np.int64(11), 2)): 59801.0, ((6, np.int64(75), np.int64(11), 2), (35, np.int64(72), np.int64(12), 2)): 59801.0, ((35, np.int64(72), np.int64(12), 2), (35, np.int64(72), np.int64(17), 2)): 59801.0, ((35, np.int64(72), np.int64(17), 2), (29, np.int64(54), np.int64(21), 2)): 59801.0, ((29, np.int64(54), np.int64(21), 2), (32, np.int64(18), np.int64(26), 1)): 54644.0, ((32, np.int64(18), np.int64(26), 1), (32, np.int64(18), 35, 1)): 54644.0, ((29, np.int64(54), np.int64(21), 2), (29, np.int64(54), np.int64(26), 2)): 5157.0, ((29, np.int64(54), np.int64(26), 2), (32, np.int64(18), np.int64(31), 1)): 5157.0, ((32, np.int64(18), np.int64(31), 1), (32, np.int64(18), 35, 1)): 5157.0, ((12, np.int64(89), np.int64(7), 3), (12, np.int64(89), np.int64(12), 3)): 2323.0, ((12, np.int64(89), np.int64(12), 3), (31, np.int64(88), np.int64(13), 3)): 2323.0, ((31, np.int64(88), np.int64(13), 3), (31, np.int64(88), np.int64(18), 3)): 2323.0, ((31, np.int64(88), np.int64(18), 3), (12, np.int64(87), np.int64(19), 3)): 2323.0, ((12, np.int64(87), np.int64(19), 3), (12, np.int64(87), np.int64(24), 3)): 2323.0, ((12, np.int64(87), np.int64(24), 3), (31, np.int64(86), np.int64(25), 3)): 2323.0, ((31, np.int64(86), np.int64(25), 3), (6, np.int64(73), np.int64(28), 2)): 2323.0, ((6, np.int64(73), np.int64(28), 2), (9, np.int64(50), np.int64(32), 2)): 2323.0, ((9, np.int64(50), np.int64(32), 2), (29, np.int64(43), np.int64(34), 2)): 2323.0, ((29, np.int64(43), np.int64(34), 2), (29, np.int64(43), 35, 2)): 2323.0, ((31, np.int64(96), np.int64(0), 3), (2, np.int64(41), np.int64(7), 2)): 38.0, ((2, np.int64(41), np.int64(7), 2), (15, np.int64(2), np.int64(14), 0)): 38.0, ((15, np.int64(2), np.int64(14), 0), (31, np.int64(0), np.int64(15), 0)): 76.0, ((31, np.int64(0), np.int64(15), 0), (31, np.int64(0), 35, 0)): 114.0, ((31, np.int64(96), np.int64(0), 3), (8, np.int64(40), np.int64(7), 2)): 38.0, ((8, np.int64(40), np.int64(7), 2), (12, np.int64(1), np.int64(14), 0)): 38.0, ((12, np.int64(1), np.int64(14), 0), (31, np.int64(0), np.int64(15), 0)): 38.0, ((31, np.int64(96), np.int64(0), 3), (9, np.int64(43), np.int64(7), 2)): 38.0, ((9, np.int64(43), np.int64(7), 2), (35, np.int64(24), np.int64(11), 1)): 38.0, ((35, np.int64(24), np.int64(11), 1), (31, np.int64(7), np.int64(14), 0)): 38.0, ((31, np.int64(7), np.int64(14), 0), (31, np.int64(7), 35, 0)): 38.0, ((31, np.int64(96), np.int64(0), 3), (17, np.int64(47), np.int64(6), 2)): 38.0, ((17, np.int64(47), np.int64(6), 2), (35, np.int64(25), np.int64(10), 1)): 38.0, ((35, np.int64(25), np.int64(10), 1), (31, np.int64(8), np.int64(13), 0)): 38.0, ((31, np.int64(8), np.int64(13), 0), (31, np.int64(8), 35, 0)): 38.0, ((31, np.int64(96), np.int64(0), 3), (10, np.int64(45), np.int64(6), 2)): 38.0, ((10, np.int64(45), np.int64(6), 2), (31, np.int64(10), np.int64(12), 1)): 38.0, ((31, np.int64(96), np.int64(0), 3), (0, np.int64(48), np.int64(6), 2)): 38.0, ((0, np.int64(48), np.int64(6), 2), (10, np.int64(46), np.int64(7), 2)): 38.0, ((10, np.int64(46), np.int64(7), 2), (12, np.int64(11), np.int64(13), 1)): 38.0, ((12, np.int64(11), np.int64(13), 1), (31, np.int64(10), np.int64(14), 1)): 76.0, ((31, np.int64(10), np.int64(14), 1), (31, np.int64(10), 35, 1)): 90.0, ((31, np.int64(96), np.int64(0), 3), (29, np.int64(46), np.int64(6), 2)): 38.0, ((29, np.int64(46), np.int64(6), 2), (6, np.int64(25), np.int64(10), 1)): 38.0, ((6, np.int64(25), np.int64(10), 1), (12, np.int64(11), np.int64(13), 1)): 38.0, ((31, np.int64(96), np.int64(0), 3), (35, np.int64(71), np.int64(3), 2)): 38.0, ((35, np.int64(71), np.int64(3), 2), (12, np.int64(53), np.int64(7), 2)): 38.0, ((12, np.int64(53), np.int64(7), 2), (15, np.int64(51), np.int64(8), 2)): 38.0, ((15, np.int64(51), np.int64(8), 2), (31, np.int64(49), np.int64(9), 2)): 38.0, ((31, np.int64(49), np.int64(9), 2), (31, np.int64(49), 35, 2)): 38.0, ((31, np.int64(96), np.int64(0), 3), (30, np.int64(86), np.int64(2), 3)): 38.0, ((30, np.int64(86), np.int64(2), 3), (31, np.int64(79), np.int64(4), 2)): 38.0, ((31, np.int64(79), np.int64(4), 2), (31, np.int64(79), 35, 2)): 38.0, ((31, np.int64(96), np.int64(0), 3), (15, np.int64(92), np.int64(1), 3)): 38.0, ((15, np.int64(92), np.int64(1), 3), (31, np.int64(90), np.int64(2), 3)): 38.0, ((31, np.int64(90), np.int64(2), 3), (31, np.int64(90), 35, 3)): 38.0, ((31, np.int64(96), np.int64(0), 3), (12, np.int64(94), np.int64(1), 3)): 38.0, ((12, np.int64(94), np.int64(1), 3), (15, np.int64(92), np.int64(2), 3)): 38.0, ((15, np.int64(92), np.int64(2), 3), (31, np.int64(90), np.int64(3), 3)): 38.0, ((31, np.int64(90), np.int64(3), 3), (31, np.int64(90), 35, 3)): 38.0, ((31, np.int64(98), np.int64(0), 3), (8, np.int64(42), np.int64(7), 2)): 38.0, ((8, np.int64(42), np.int64(7), 2), (31, np.int64(3), np.int64(14), 0)): 38.0, ((31, np.int64(3), np.int64(14), 0), (31, np.int64(3), 35, 0)): 38.0, ((31, np.int64(98), np.int64(0), 3), (9, np.int64(45), np.int64(7), 2)): 38.0, ((9, np.int64(45), np.int64(7), 2), (31, np.int64(8), np.int64(14), 0)): 38.0, ((31, np.int64(8), np.int64(14), 0), (31, np.int64(8), 35, 0)): 76.0, ((31, np.int64(98), np.int64(0), 3), (17, np.int64(49), np.int64(6), 2)): 38.0, ((17, np.int64(49), np.int64(6), 2), (3, np.int64(27), np.int64(10), 1)): 38.0, ((3, np.int64(27), np.int64(10), 1), (31, np.int64(8), np.int64(14), 0)): 38.0, ((31, np.int64(98), np.int64(0), 3), (6, np.int64(79), np.int64(3), 2)): 38.0, ((6, np.int64(79), np.int64(3), 2), (9, np.int64(46), np.int64(7), 2)): 14.0, ((9, np.int64(46), np.int64(7), 2), (35, np.int64(27), np.int64(11), 1)): 14.0, ((35, np.int64(27), np.int64(11), 1), (31, np.int64(10), np.int64(14), 1)): 14.0, ((31, np.int64(98), np.int64(0), 3), (10, np.int64(47), np.int64(6), 2)): 38.0, ((10, np.int64(47), np.int64(6), 2), (31, np.int64(12), np.int64(12), 1)): 38.0, ((31, np.int64(12), np.int64(12), 1), (31, np.int64(12), 35, 1)): 38.0, ((31, np.int64(98), np.int64(0), 3), (0, np.int64(50), np.int64(6), 2)): 38.0, ((0, np.int64(50), np.int64(6), 2), (10, np.int64(48), np.int64(7), 2)): 38.0, ((10, np.int64(48), np.int64(7), 2), (12, np.int64(13), np.int64(13), 1)): 38.0, ((12, np.int64(13), np.int64(13), 1), (31, np.int64(12), np.int64(14), 1)): 76.0, ((31, np.int64(12), np.int64(14), 1), (31, np.int64(12), 35, 1)): 76.0, ((31, np.int64(98), np.int64(0), 3), (29, np.int64(48), np.int64(6), 2)): 38.0, ((29, np.int64(48), np.int64(6), 2), (6, np.int64(27), np.int64(10), 1)): 38.0, ((6, np.int64(27), np.int64(10), 1), (12, np.int64(13), np.int64(13), 1)): 38.0, ((31, np.int64(98), np.int64(0), 3), (3, np.int64(70), np.int64(4), 2)): 38.0, ((3, np.int64(70), np.int64(4), 2), (31, np.int64(51), np.int64(8), 2)): 38.0, ((31, np.int64(51), np.int64(8), 2), (31, np.int64(51), 35, 2)): 38.0, ((31, np.int64(98), np.int64(0), 3), (35, np.int64(73), np.int64(3), 2)): 38.0, ((35, np.int64(73), np.int64(3), 2), (31, np.int64(56), np.int64(6), 2)): 38.0, ((31, np.int64(56), np.int64(6), 2), (31, np.int64(56), 35, 2)): 38.0, ((6, np.int64(79), np.int64(3), 2), (31, np.int64(66), np.int64(6), 2)): 24.0, ((31, np.int64(66), np.int64(6), 2), (31, np.int64(66), np.int64(11), 2)): 24.0, ((31, np.int64(66), np.int64(11), 2), (31, np.int64(66), np.int64(16), 2)): 24.0, ((31, np.int64(66), np.int64(16), 2), (31, np.int64(66), np.int64(21), 2)): 24.0, ((31, np.int64(66), np.int64(21), 2), (31, np.int64(66), np.int64(26), 2)): 24.0, ((31, np.int64(66), np.int64(26), 2), (12, np.int64(65), np.int64(27), 2)): 24.0, ((12, np.int64(65), np.int64(27), 2), (32, np.int64(23), np.int64(32), 1)): 24.0, ((32, np.int64(23), np.int64(32), 1), (32, np.int64(23), 35, 1)): 24.0, ((31, np.int64(98), np.int64(0), 3), (15, np.int64(94), np.int64(1), 3)): 38.0, ((15, np.int64(94), np.int64(1), 3), (31, np.int64(92), np.int64(2), 3)): 38.0, ((31, np.int64(92), np.int64(2), 3), (31, np.int64(92), 35, 3)): 38.0, ((31, np.int64(98), np.int64(0), 3), (12, np.int64(96), np.int64(1), 3)): 38.0, ((12, np.int64(96), np.int64(1), 3), (15, np.int64(94), np.int64(2), 3)): 38.0, ((15, np.int64(94), np.int64(2), 3), (31, np.int64(92), np.int64(3), 3)): 38.0, ((31, np.int64(92), np.int64(3), 3), (31, np.int64(92), 35, 3)): 38.0, ((31, np.int64(100), np.int64(0), 3), (8, np.int64(44), np.int64(7), 2)): 38.0, ((8, np.int64(44), np.int64(7), 2), (12, np.int64(5), np.int64(14), 0)): 38.0, ((12, np.int64(5), np.int64(14), 0), (31, np.int64(4), np.int64(15), 0)): 38.0, ((31, np.int64(4), np.int64(15), 0), (31, np.int64(4), 35, 0)): 38.0, ((31, np.int64(100), np.int64(0), 3), (16, np.int64(41), np.int64(7), 2)): 38.0, ((16, np.int64(41), np.int64(7), 2), (15, np.int64(2), np.int64(14), 0)): 38.0, ((31, np.int64(100), np.int64(0), 3), (31, np.int64(100), np.int64(1), 3)): 17398.0, ((31, np.int64(100), np.int64(1), 3), (10, np.int64(65), np.int64(7), 2)): 17376.0, ((10, np.int64(65), np.int64(7), 2), (2, np.int64(63), np.int64(8), 2)): 17376.0, ((2, np.int64(63), np.int64(8), 2), (3, np.int64(9), np.int64(15), 0)): 2227.0, ((3, np.int64(9), np.int64(15), 0), (3, np.int64(9), 35, 0)): 2227.0, ((31, np.int64(100), np.int64(0), 3), (9, np.int64(47), np.int64(7), 2)): 38.0, ((9, np.int64(47), np.int64(7), 2), (15, np.int64(10), np.int64(14), 1)): 38.0, ((15, np.int64(10), np.int64(14), 1), (31, np.int64(8), np.int64(15), 0)): 38.0, ((31, np.int64(8), np.int64(15), 0), (31, np.int64(8), 35, 0)): 2265.0, ((31, np.int64(100), np.int64(0), 3), (10, np.int64(49), np.int64(6), 2)): 38.0, ((10, np.int64(49), np.int64(6), 2), (12, np.int64(14), np.int64(12), 1)): 38.0, ((12, np.int64(14), np.int64(12), 1), (31, np.int64(13), np.int64(13), 1)): 38.0, ((31, np.int64(13), np.int64(13), 1), (31, np.int64(13), 35, 1)): 38.0, ((31, np.int64(100), np.int64(0), 3), (0, np.int64(52), np.int64(6), 2)): 38.0, ((0, np.int64(52), np.int64(6), 2), (15, np.int64(18), np.int64(12), 1)): 38.0, ((15, np.int64(18), np.int64(12), 1), (31, np.int64(16), np.int64(13), 1)): 38.0, ((31, np.int64(16), np.int64(13), 1), (31, np.int64(16), 35, 1)): 38.0, ((31, np.int64(100), np.int64(0), 3), (17, np.int64(51), np.int64(6), 2)): 38.0, ((17, np.int64(51), np.int64(6), 2), (15, np.int64(15), np.int64(13), 1)): 38.0, ((15, np.int64(15), np.int64(13), 1), (31, np.int64(13), np.int64(14), 1)): 38.0, ((31, np.int64(13), np.int64(14), 1), (31, np.int64(13), 35, 1)): 38.0, ((2, np.int64(63), np.int64(8), 2), (15, np.int64(7), np.int64(15), 0)): 2227.0, ((15, np.int64(7), np.int64(15), 0), (31, np.int64(5), np.int64(16), 0)): 2227.0, ((31, np.int64(5), np.int64(16), 0), (31, np.int64(5), 35, 0)): 2227.0, ((2, np.int64(63), np.int64(8), 2), (31, np.int64(8), np.int64(15), 0)): 2227.0, ((2, np.int64(63), np.int64(8), 2), (12, np.int64(10), np.int64(15), 1)): 2227.0, ((12, np.int64(10), np.int64(15), 1), (15, np.int64(8), np.int64(16), 0)): 2227.0, ((15, np.int64(8), np.int64(16), 0), (31, np.int64(6), np.int64(17), 0)): 2227.0, ((31, np.int64(6), np.int64(17), 0), (31, np.int64(6), 35, 0)): 2227.0, ((2, np.int64(63), np.int64(8), 2), (30, np.int64(18), np.int64(14), 1)): 2227.0, ((30, np.int64(18), np.int64(14), 1), (15, np.int64(9), np.int64(16), 0)): 2227.0, ((15, np.int64(9), np.int64(16), 0), (31, np.int64(7), np.int64(17), 0)): 2227.0, ((31, np.int64(7), np.int64(17), 0), (31, np.int64(7), 35, 0)): 2227.0, ((31, np.int64(100), np.int64(0), 3), (3, np.int64(72), np.int64(4), 2)): 38.0, ((3, np.int64(72), np.int64(4), 2), (35, np.int64(49), np.int64(8), 2)): 38.0, ((35, np.int64(49), np.int64(8), 2), (12, np.int64(31), np.int64(12), 1)): 38.0, ((12, np.int64(31), np.int64(12), 1), (31, np.int64(30), np.int64(13), 1)): 38.0, ((31, np.int64(30), np.int64(13), 1), (31, np.int64(30), 35, 1)): 38.0, ((2, np.int64(63), np.int64(8), 2), (0, np.int64(56), np.int64(9), 2)): 2227.0, ((0, np.int64(56), np.int64(9), 2), (31, np.int64(23), np.int64(15), 1)): 2227.0, ((31, np.int64(23), np.int64(15), 1), (31, np.int64(23), 35, 1)): 2227.0, ((31, np.int64(100), np.int64(1), 3), (3, np.int64(81), np.int64(5), 3)): 22.0, ((3, np.int64(81), np.int64(5), 3), (11, np.int64(42), np.int64(12), 2)): 22.0, ((11, np.int64(42), np.int64(12), 2), (11, np.int64(42), np.int64(17), 2)): 22.0, ((11, np.int64(42), np.int64(17), 2), (11, np.int64(42), 35, 2)): 22.0, ((2, np.int64(63), np.int64(8), 2), (8, np.int64(22), np.int64(13), 1)): 2227.0, ((8, np.int64(22), np.int64(13), 1), (8, np.int64(22), 35, 1)): 2227.0, ((2, np.int64(63), np.int64(8), 2), (4, np.int64(25), np.int64(13), 1)): 1787.0, ((4, np.int64(25), np.int64(13), 1), (4, np.int64(25), 35, 1)): 1787.0, ((31, np.int64(100), np.int64(0), 3), (12, np.int64(98), np.int64(1), 3)): 38.0, ((12, np.int64(98), np.int64(1), 3), (6, np.int64(84), np.int64(4), 3)): 38.0, ((6, np.int64(84), np.int64(4), 3), (31, np.int64(71), np.int64(7), 2)): 38.0, ((31, np.int64(71), np.int64(7), 2), (12, np.int64(70), np.int64(8), 2)): 38.0, ((12, np.int64(70), np.int64(8), 2), (12, np.int64(70), np.int64(13), 2)): 38.0, ((12, np.int64(70), np.int64(13), 2), (12, np.int64(70), np.int64(18), 2)): 38.0, ((12, np.int64(70), np.int64(18), 2), (31, np.int64(69), np.int64(19), 2)): 38.0, ((31, np.int64(69), np.int64(19), 2), (31, np.int64(69), np.int64(24), 2)): 38.0, ((31, np.int64(69), np.int64(24), 2), (12, np.int64(68), np.int64(25), 2)): 38.0, ((12, np.int64(68), np.int64(25), 2), (12, np.int64(68), np.int64(30), 2)): 38.0, ((12, np.int64(68), np.int64(30), 2), (31, np.int64(67), np.int64(31), 2)): 38.0, ((31, np.int64(67), np.int64(31), 2), (6, np.int64(54), np.int64(34), 2)): 38.0, ((6, np.int64(54), np.int64(34), 2), (6, np.int64(54), 35, 2)): 38.0, ((31, np.int64(100), np.int64(0), 3), (15, np.int64(96), np.int64(1), 3)): 38.0, ((15, np.int64(96), np.int64(1), 3), (31, np.int64(94), np.int64(2), 3)): 38.0, ((31, np.int64(94), np.int64(2), 3), (31, np.int64(94), 35, 3)): 38.0}}
a[ 20 ] =  1.0
a[ 36 ] =  1.0
n[ 9 ] =  14.0
n[ 11 ] =  22.0
'''''''''''''''''
Gurobi Optimizer version 13.0.1 build v13.0.1rc0 (linux64 - "Debian GNU/Linux 12 (bookworm)")

CPU model: AMD EPYC 7B12, instruction set [SSE2|AVX|AVX2]
Thread count: 1 physical cores, 2 logical processors, using up to 2 threads

Non-default parameters:
MIPGap  0.02

Academic license 937859 - for non-commercial use only - registered to hp___@cornell.edu
Optimize a model with 139453 rows, 306943 columns and 802327 nonzeros (Min)
Model fingerprint: 0xdb08d07a
Model has 198010 linear objective coefficients
Variable types: 5 continuous, 306938 integer (37 binary)
Coefficient statistics:
  Matrix range     [1e+00, 3e+04]
  Objective range  [6e-01, 2e+02]
  Bounds range     [1e+00, 1e+00]
  RHS range        [2e+00, 1e+100]
Warning: Model contains large rhs
         Consider reformulating model or setting NumericFocus parameter
         to avoid numerical issues.

MIP start from previous solve did not produce a new incumbent solution
MIP start from previous solve violates constraint flow_bal_load[(26,_np.int64(6),_np.int64(16),_0)] by 22.000000000

Presolve removed 104892 rows and 167096 columns (presolve time = 5s)...
Presolve removed 112648 rows and 196682 columns
Presolve time: 8.98s
Presolved: 26805 rows, 110261 columns, 263585 nonzeros
Variable types: 0 continuous, 110261 integer (33 binary)

Root simplex log...

Iteration    Objective       Primal Inf.    Dual Inf.      Time
       0      handle free variables                         10s
    8644    6.3143521e+03   2.420458e+02   0.000000e+00     15s
   12584    7.2887095e+03   1.548077e+00   0.000000e+00     20s
   12589    7.2887173e+03   0.000000e+00   0.000000e+00     20s
   12589    7.2887173e+03   0.000000e+00   0.000000e+00     20s

Root relaxation: objective 7.288717e+03, 12589 iterations, 10.57 seconds (5.67 work units)

    Nodes    |    Current Node    |     Objective Bounds      |     Work
 Expl Unexpl |  Obj  Depth IntInf | Incumbent    BestBd   Gap | It/Node Time

     0     0 7288.71729    0   85          - 7288.71729      -     -   20s
H    0     0                    7928.1009132 7288.71729  8.06%     -   22s
H    0     0                    7927.6662100 7288.71729  8.06%     -   25s
     0     0 7339.65375    0   77 7927.66621 7339.65375  7.42%     -   30s
     0     0 7341.14521    0   90 7927.66621 7341.14521  7.40%     -   35s
     0     0 7341.31976    0   89 7927.66621 7341.31976  7.40%     -   37s
     0     0 7371.01059    0  101 7927.66621 7371.01059  7.02%     -   39s
     0     0 7371.42754    0  100 7927.66621 7371.42754  7.02%     -   42s
     0     0 7371.44193    0  102 7927.66621 7371.44193  7.02%     -   46s
     0     0 7372.76142    0  103 7927.66621 7372.76142  7.00%     -   48s
     0     0 7372.76142    0  103 7927.66621 7372.76142  7.00%     -   51s
     0     0 7372.76142    0  103 7927.66621 7372.76142  7.00%     -   51s
     0     0 7372.76142    0   97 7927.66621 7372.76142  7.00%     -   51s
     0     2 7378.36594    0   95 7927.66621 7378.36594  6.93%     -   54s
     1     3 7589.01233    1   15 7927.66621 7394.99552  6.72%   561   55s
H    2     2                    7825.8735160 7394.99552  5.51%   280   56s
H    2     2                    7825.4388128 7394.99552  5.50%   280   56s

Cutting planes:
  Implied bound: 2
  MIR: 3

Explored 10 nodes (21612 simplex iterations) in 58.94 seconds (19.49 work units)
Thread count was 2 (of 2 available processors)

Solution count 4: 7825.44 7825.87 7927.67 7928.1 

Optimal solution found (tolerance 2.00e-02)
Best objective 7.825438812785e+03, best bound 7.697666939973e+03, gap 1.6328%
Iteration:  6
Size of network:  9082  nodes,  153426  edges
Obj Value:  7825.438812785387
x_load: {((11, 14, 6, 1), (11, 69, 6, 2), 0): 22.0, ((11, 69, 6, 2), (26, 6, 11, 0), 0): 22.0, ((26, 6, 11, 0), (26, 6, 35, 0), 0): 22.0, ((9, 45, 1, 2), (9, 100, 1, 3), 0): 14.0, ((9, 100, 1, 3), (36, 41, 6, 2), 0): 14.0, ((36, 59, 6, 2), (36, 80, 6, 3), 0): 14.0, ((36, 41, 6, 2), (36, 59, 6, 2), 0): 14.0, ((35, 73, 1, 2), (9, 45, 1, 2), 0): 14.0, ((20, 0, 16, 0), (20, 0, 35, 0), 0): 14.0, ((36, 80, 6, 3), (20, 0, 16, 0), 0): 14.0, ((26, 1, 0, 0), (26, 1, 35, 0), 0): 2.0, ((31, 78, 0, 2), (31, 78, 35, 2), 0): 2.0, ((31, 96, 0, 3), (11, 14, 6, 1), 0): 22.0, ((31, 98, 0, 3), (35, 73, 1, 2), 0): 14.0}
x_ener: {((0, 62, 1, 2), (10, 62, 1, 2), 0): 8568.0, ((30, 7, 1, 0), (31, 0, 1, 0), 0): 152.0, ((12, 7, 6, 0), (31, 6, 6, 0), 1): 14.0, ((30, 8, 1, 0), (31, 6, 1, 0), 0): 38.0, ((31, 6, 6, 0), (31, 6, 35, 0), 0): 90.0, ((15, 5, 6, 0), (31, 6, 6, 0), 1): 76.0, ((30, 18, 1, 1), (31, 12, 1, 1), 0): 228.0, ((31, 8, 6, 0), (31, 8, 35, 0), 0): 72.0, ((31, 10, 6, 1), (31, 10, 35, 1), 0): 76.0, ((15, 10, 6, 1), (31, 8, 6, 0), 0): 72.0, ((31, 12, 6, 1), (31, 12, 35, 1), 0): 38.0, ((30, 26, 1, 1), (31, 21, 1, 1), 0): 76.0, ((10, 59, 1, 2), (2, 59, 1, 2), 0): 8533.0, ((2, 59, 1, 2), (0, 62, 1, 2), 0): 4284.0, ((2, 59, 1, 2), (10, 59, 1, 2), 0): 8498.0, ((6, 19, 6, 1), (35, 22, 6, 1), 0): 38.0, ((10, 62, 1, 2), (0, 62, 1, 2), 0): 4249.0, ((10, 62, 1, 2), (2, 59, 1, 2), 0): 4249.0, ((10, 62, 1, 2), (2, 62, 1, 2), 0): 70.0, ((30, 39, 1, 1), (12, 33, 1, 1), 0): 76.0, ((2, 62, 1, 2), (0, 62, 1, 2), 0): 35.0, ((2, 62, 1, 2), (10, 59, 1, 2), 0): 35.0, ((30, 35, 1, 1), (12, 29, 1, 1), 0): 38.0, ((35, 27, 6, 1), (31, 10, 6, 1), 0): 38.0, ((11, 14, 6, 1), (11, 14, 35, 1), 0): 22.0, ((30, 51, 1, 2), (35, 29, 1, 1), 0): 76.0, ((30, 42, 1, 2), (31, 35, 1, 1), 0): 38.0, ((12, 70, 6, 2), (31, 70, 6, 2), 1): 62200.0, ((30, 68, 1, 2), (31, 61, 1, 2), 0): 38.0, ((17, 44, 6, 2), (35, 22, 6, 1), 0): 38.0, ((30, 73, 1, 2), (35, 52, 1, 2), 0): 38.0, ((31, 70, 6, 2), (31, 70, 11, 2), 0): 62200.0, ((11, 69, 6, 2), (26, 6, 11, 0), 0): 22.0, ((17, 47, 6, 2), (35, 27, 6, 1), 0): 38.0, ((30, 62, 1, 2), (6, 44, 1, 2), 0): 76.0, ((8, 40, 6, 2), (31, 6, 11, 0), 0): 38.0, ((8, 80, 6, 3), (11, 69, 6, 2), 0): 22.0, ((0, 30, 6, 1), (30, 7, 11, 0), 0): 152.0, ((0, 32, 6, 1), (30, 7, 11, 0), 0): 38.0, ((0, 42, 6, 2), (12, 10, 11, 1), 0): 38.0, ((0, 51, 6, 2), (15, 20, 11, 1), 0): 114.0, ((0, 52, 6, 2), (31, 21, 11, 1), 0): 38.0, ((0, 73, 6, 2), (31, 40, 11, 2), 0): 2227.0, ((30, 7, 11, 0), (31, 0, 11, 0), 0): 228.0, ((12, 7, 11, 0), (31, 6, 11, 0), 1): 190.0, ((31, 0, 11, 0), (31, 0, 35, 0), 0): 266.0, ((10, 36, 6, 1), (31, 6, 11, 0), 0): 38.0, ((31, 6, 11, 0), (31, 6, 35, 0), 0): 2531.0, ((15, 5, 11, 0), (12, 7, 11, 0), 1): 76.0, ((10, 39, 6, 1), (12, 7, 11, 0), 0): 38.0, ((31, 8, 11, 0), (31, 8, 35, 0), 0): 76.0, ((2, 35, 6, 1), (10, 36, 6, 1), 0): 38.0, ((12, 10, 11, 1), (30, 7, 11, 0), 0): 38.0, ((15, 10, 11, 1), (31, 8, 11, 0), 0): 38.0, ((3, 23, 11, 1), (31, 6, 11, 0), 0): 2227.0, ((10, 48, 6, 2), (31, 15, 11, 1), 0): 76.0, ((10, 49, 6, 2), (0, 51, 6, 2), 1): 38.0, ((15, 20, 11, 1), (31, 18, 11, 1), 1): 2341.0, ((31, 18, 11, 1), (31, 18, 35, 1), 0): 2341.0, ((31, 21, 11, 1), (31, 21, 35, 1), 0): 2265.0, ((4, 40, 11, 2), (30, 7, 16, 0), 0): 1787.0, ((8, 39, 11, 1), (31, 0, 16, 0), 0): 2227.0, ((31, 15, 11, 1), (31, 15, 35, 1), 0): 152.0, ((10, 76, 6, 2), (2, 76, 6, 2), 0): 17376.0, ((15, 24, 11, 1), (12, 24, 11, 1), 0): 2227.0, ((31, 40, 11, 2), (31, 40, 35, 2), 0): 2227.0, ((2, 76, 6, 2), (0, 73, 6, 2), 0): 2227.0, ((2, 76, 6, 2), (3, 23, 11, 1), 0): 2227.0, ((2, 76, 6, 2), (4, 40, 11, 2), 0): 1787.0, ((2, 76, 6, 2), (8, 39, 11, 1), 0): 2227.0, ((2, 76, 6, 2), (12, 24, 11, 1), 0): 2227.0, ((2, 76, 6, 2), (15, 20, 11, 1), 0): 2227.0, ((2, 76, 6, 2), (30, 31, 11, 1), 0): 2227.0, ((2, 76, 6, 2), (31, 21, 11, 1), 0): 2227.0, ((12, 70, 11, 2), (32, 28, 16, 1), 0): 54682.0, ((31, 70, 11, 2), (12, 70, 11, 2), 1): 54682.0, ((31, 70, 11, 2), (15, 68, 11, 2), 0): 7518.0, ((30, 7, 16, 0), (31, 0, 16, 0), 0): 1787.0, ((31, 0, 16, 0), (31, 0, 21, 0), 0): 4014.0, ((8, 39, 16, 1), (31, 0, 21, 0), 0): 44.0, ((12, 70, 16, 2), (32, 28, 21, 1), 0): 5157.0, ((12, 70, 16, 2), (12, 70, 21, 2), 0): 2361.0, ((31, 70, 16, 2), (12, 70, 16, 2), 1): 7518.0, ((10, 17, 16, 1), (2, 14, 16, 1), 0): 34419056.0, ((2, 14, 16, 1), (10, 17, 16, 1), 0): 34419056.0, ((31, 0, 21, 0), (31, 0, 35, 0), 0): 113422.0, ((12, 70, 21, 2), (32, 28, 26, 1), 0): 2361.0, ((10, 17, 21, 1), (2, 14, 21, 1), 0): 7246088.0, ((2, 14, 21, 1), (10, 17, 21, 1), 0): 7246088.0, ((31, 0, 26, 0), (31, 0, 31, 0), 0): 10314.0, ((9, 0, 31, 0), (9, 0, 35, 0), 0): 14.0, ((10, 17, 26, 1), (2, 14, 26, 1), 0): 1287254.0, ((2, 14, 26, 1), (10, 17, 26, 1), 0): 1287254.0, ((31, 0, 31, 0), (31, 0, 35, 0), 0): 15036.0, ((10, 17, 31, 1), (2, 14, 31, 1), 0): 125559.0, ((2, 14, 31, 1), (10, 17, 31, 1), 0): 125559.0, ((2, 42, 6, 2), (15, 5, 11, 0), 0): 38.0, ((35, 22, 6, 1), (15, 5, 6, 0), 0): 76.0, ((12, 24, 11, 1), (31, 24, 11, 1), 1): 4454.0, ((30, 31, 11, 1), (15, 24, 11, 1), 0): 2227.0, ((31, 24, 11, 1), (31, 24, 35, 1), 0): 4454.0, ((32, 28, 16, 1), (31, 0, 21, 0), 0): 109364.0, ((32, 28, 21, 1), (31, 0, 26, 0), 0): 10314.0, ((32, 28, 26, 1), (31, 0, 31, 0), 0): 4722.0, ((3, 23, 1, 1), (31, 6, 1, 0), 0): 152.0, ((3, 24, 1, 1), (31, 6, 1, 0), 0): 76.0, ((3, 29, 1, 1), (31, 10, 1, 1), 0): 38.0, ((3, 33, 1, 1), (31, 15, 1, 1), 0): 76.0, ((3, 43, 1, 2), (31, 24, 1, 1), 0): 38.0, ((3, 44, 1, 2), (6, 24, 1, 1), 0): 38.0, ((3, 47, 1, 2), (15, 26, 1, 1), 0): 38.0, ((3, 48, 1, 2), (35, 27, 1, 1), 0): 38.0, ((3, 50, 1, 2), (31, 31, 1, 1), 0): 38.0, ((3, 51, 1, 2), (12, 33, 1, 1), 0): 76.0, ((3, 52, 1, 2), (31, 35, 1, 1), 0): 38.0, ((3, 53, 1, 2), (12, 33, 1, 1), 0): 38.0, ((3, 55, 1, 2), (31, 36, 1, 1), 0): 38.0, ((3, 66, 1, 2), (15, 44, 1, 2), 0): 76.0, ((3, 71, 1, 2), (31, 52, 1, 2), 0): 38.0, ((3, 72, 1, 2), (35, 52, 1, 2), 0): 38.0, ((3, 78, 1, 2), (15, 60, 1, 2), 0): 38.0, ((3, 100, 1, 3), (8, 80, 6, 3), 0): 22.0, ((12, 7, 1, 0), (31, 6, 1, 0), 1): 608.0, ((31, 6, 1, 0), (31, 6, 35, 0), 0): 874.0, ((15, 5, 1, 0), (12, 7, 1, 0), 1): 532.0, ((31, 8, 1, 0), (31, 8, 35, 0), 0): 76.0, ((31, 10, 1, 1), (31, 10, 35, 1), 0): 228.0, ((12, 10, 1, 1), (30, 7, 1, 0), 0): 38.0, ((31, 12, 1, 1), (31, 12, 35, 1), 0): 532.0, ((12, 13, 1, 1), (15, 12, 1, 1), 0): 38.0, ((15, 12, 1, 1), (30, 7, 1, 0), 0): 76.0, ((31, 15, 1, 1), (31, 15, 35, 1), 0): 304.0, ((15, 14, 1, 1), (31, 12, 1, 1), 0): 38.0, ((30, 21, 1, 1), (31, 15, 1, 1), 0): 76.0, ((31, 18, 1, 1), (31, 18, 35, 1), 0): 380.0, ((6, 19, 1, 1), (35, 22, 1, 1), 0): 228.0, ((12, 21, 1, 1), (31, 21, 1, 1), 1): 190.0, ((15, 20, 1, 1), (31, 18, 1, 1), 1): 190.0, ((31, 21, 1, 1), (31, 21, 35, 1), 0): 266.0, ((35, 22, 1, 1), (15, 5, 1, 0), 0): 456.0, ((6, 24, 1, 1), (31, 12, 1, 1), 0): 190.0, ((12, 24, 1, 1), (31, 24, 1, 1), 1): 418.0, ((15, 24, 1, 1), (12, 24, 1, 1), 0): 266.0, ((30, 28, 1, 1), (12, 21, 1, 1), 0): 38.0, ((31, 24, 1, 1), (31, 24, 35, 1), 0): 456.0, ((6, 13, 1, 1), (31, 0, 1, 0), 0): 38.0, ((30, 22, 1, 1), (31, 15, 1, 1), 0): 38.0, ((30, 30, 1, 1), (12, 24, 1, 1), 0): 76.0, ((6, 26, 1, 1), (31, 15, 1, 1), 0): 76.0, ((12, 17, 1, 1), (31, 18, 1, 1), 0): 152.0, ((12, 27, 1, 1), (31, 27, 1, 1), 0): 376.0, ((30, 31, 1, 1), (15, 24, 1, 1), 0): 38.0, ((31, 27, 1, 1), (31, 27, 35, 1), 0): 376.0, ((12, 19, 1, 1), (15, 20, 1, 1), 1): 38.0, ((15, 26, 1, 1), (30, 18, 1, 1), 0): 114.0, ((30, 34, 1, 1), (12, 27, 1, 1), 0): 110.0, ((31, 29, 1, 1), (31, 29, 35, 1), 0): 114.0, ((35, 27, 1, 1), (31, 10, 1, 1), 0): 190.0, ((12, 29, 1, 1), (31, 29, 1, 1), 0): 114.0, ((6, 29, 1, 1), (15, 20, 1, 1), 0): 38.0, ((15, 28, 1, 1), (12, 27, 1, 1), 0): 76.0, ((12, 30, 1, 1), (6, 19, 1, 1), 0): 38.0, ((31, 31, 1, 1), (31, 31, 35, 1), 0): 38.0, ((6, 20, 1, 1), (35, 22, 1, 1), 0): 38.0, ((6, 31, 1, 1), (12, 17, 1, 1), 0): 114.0, ((12, 33, 1, 1), (31, 32, 1, 1), 0): 228.0, ((31, 32, 1, 1), (31, 32, 35, 1), 0): 228.0, ((6, 21, 1, 1), (31, 8, 1, 0), 0): 38.0, ((31, 35, 1, 1), (31, 35, 35, 1), 0): 418.0, ((35, 29, 1, 1), (31, 12, 1, 1), 0): 76.0, ((6, 34, 1, 1), (12, 21, 1, 1), 0): 152.0, ((15, 31, 1, 1), (6, 19, 1, 1), 0): 38.0, ((35, 30, 1, 1), (31, 15, 1, 1), 0): 38.0, ((12, 35, 1, 1), (31, 35, 1, 1), 1): 304.0, ((15, 36, 1, 1), (12, 35, 1, 1), 0): 266.0, ((30, 40, 1, 2), (31, 35, 1, 1), 0): 38.0, ((31, 36, 1, 1), (31, 36, 35, 1), 0): 76.0, ((35, 33, 1, 1), (15, 20, 1, 1), 0): 38.0, ((6, 40, 1, 2), (35, 40, 1, 2), 0): 114.0, ((12, 38, 1, 1), (31, 38, 1, 1), 0): 38.0, ((30, 46, 1, 2), (31, 39, 1, 1), 0): 38.0, ((31, 39, 1, 1), (31, 39, 35, 1), 0): 76.0, ((35, 35, 1, 1), (31, 18, 1, 1), 0): 38.0, ((12, 37, 1, 1), (6, 24, 1, 1), 0): 76.0, ((12, 47, 1, 2), (31, 47, 1, 2), 0): 114.0, ((15, 44, 1, 2), (12, 44, 1, 2), 0): 114.0, ((31, 38, 1, 1), (31, 38, 35, 1), 0): 190.0, ((31, 47, 1, 2), (31, 47, 35, 2), 0): 228.0, ((35, 45, 1, 2), (12, 27, 1, 1), 0): 152.0, ((15, 46, 1, 2), (6, 34, 1, 1), 0): 76.0, ((31, 49, 1, 2), (31, 49, 35, 2), 0): 76.0, ((12, 40, 1, 2), (31, 39, 1, 1), 0): 38.0, ((12, 49, 1, 2), (31, 49, 1, 2), 0): 76.0, ((15, 37, 1, 1), (6, 24, 1, 1), 0): 38.0, ((15, 48, 1, 2), (12, 47, 1, 2), 0): 76.0, ((31, 50, 1, 2), (31, 50, 35, 2), 0): 38.0, ((35, 40, 1, 2), (15, 24, 1, 1), 0): 152.0, ((35, 47, 1, 2), (3, 24, 1, 1), 0): 38.0, ((12, 44, 1, 2), (31, 44, 1, 2), 1): 190.0, ((12, 51, 1, 2), (31, 50, 1, 2), 0): 38.0, ((15, 40, 1, 2), (31, 38, 1, 1), 0): 114.0, ((30, 58, 1, 2), (12, 51, 1, 2), 0): 38.0, ((31, 44, 1, 2), (31, 44, 35, 2), 0): 190.0, ((31, 52, 1, 2), (31, 52, 35, 2), 0): 38.0, ((6, 44, 1, 2), (35, 45, 1, 2), 0): 114.0, ((6, 53, 1, 2), (15, 40, 1, 2), 0): 76.0, ((9, 40, 6, 2), (6, 19, 6, 1), 0): 38.0, ((12, 53, 1, 2), (6, 40, 1, 2), 0): 38.0, ((31, 55, 1, 2), (31, 55, 35, 2), 0): 38.0, ((35, 52, 1, 2), (15, 36, 1, 1), 0): 152.0, ((6, 59, 1, 2), (31, 47, 1, 2), 0): 114.0, ((12, 58, 1, 2), (31, 59, 1, 2), 1): 176.0, ((15, 60, 1, 2), (12, 58, 1, 2), 1): 138.0, ((30, 66, 1, 2), (3, 51, 1, 2), 0): 76.0, ((31, 59, 1, 2), (31, 59, 35, 2), 0): 176.0, ((35, 55, 1, 2), (31, 38, 1, 1), 0): 38.0, ((9, 43, 6, 2), (12, 7, 11, 0), 0): 38.0, ((12, 70, 1, 2), (12, 70, 6, 2), 0): 62200.0, ((31, 61, 1, 2), (31, 61, 35, 2), 0): 38.0, ((35, 65, 1, 2), (6, 64, 1, 2), 0): 76.0, ((6, 79, 1, 2), (31, 70, 1, 2), 0): 38.0, ((15, 68, 1, 2), (12, 70, 1, 2), 1): 38.0, ((30, 86, 1, 3), (31, 80, 1, 3), 0): 38.0, ((31, 72, 1, 2), (31, 72, 35, 2), 0): 152.0, ((8, 44, 6, 2), (31, 6, 11, 0), 0): 38.0, ((3, 29, 6, 1), (31, 10, 6, 1), 0): 38.0, ((35, 29, 6, 1), (31, 12, 6, 1), 0): 38.0, ((17, 49, 6, 2), (3, 29, 6, 1), 0): 38.0, ((17, 51, 6, 2), (35, 29, 6, 1), 0): 38.0, ((9, 67, 11, 2), (29, 64, 11, 2), 0): 54682.0, ((29, 64, 11, 2), (32, 28, 16, 1), 0): 54682.0, ((9, 67, 16, 2), (29, 64, 16, 2), 0): 5157.0, ((15, 68, 11, 2), (15, 68, 16, 2), 0): 7518.0, ((29, 64, 16, 2), (32, 28, 21, 1), 0): 5157.0, ((15, 68, 16, 2), (31, 70, 16, 2), 1): 7518.0, ((29, 64, 21, 2), (32, 28, 26, 1), 0): 2361.0, ((28, 31, 6, 1), (26, 6, 11, 0), 0): 2.0, ((26, 6, 11, 0), (26, 6, 35, 0), 0): 26.0, ((18, 100, 1, 3), (28, 100, 1, 3), 0): 22.0, ((8, 42, 6, 2), (12, 7, 11, 0), 0): 38.0, ((28, 31, 11, 1), (28, 31, 16, 1), 0): 2.0, ((26, 33, 16, 1), (26, 33, 35, 1), 0): 22.0, ((28, 69, 11, 2), (26, 33, 16, 1), 0): 22.0, ((28, 31, 16, 1), (26, 6, 21, 0), 0): 4.0, ((26, 6, 21, 0), (26, 6, 26, 0), 0): 4.0, ((26, 12, 21, 1), (26, 12, 26, 1), 0): 16.0, ((11, 100, 11, 3), (28, 69, 11, 2), 0): 22.0, ((18, 100, 11, 3), (11, 100, 11, 3), 0): 22.0, ((26, 6, 26, 0), (26, 6, 35, 0), 0): 4.0, ((26, 12, 26, 1), (26, 12, 31, 1), 0): 16.0, ((26, 12, 31, 1), (26, 12, 35, 1), 0): 16.0, ((5, 80, 21, 3), (26, 46, 26, 2), 0): 14.0, ((5, 80, 21, 3), (5, 80, 26, 3), 0): 12.0, ((5, 80, 11, 3), (26, 46, 16, 2), 0): 2.0, ((5, 80, 11, 3), (5, 80, 16, 3), 0): 6.0, ((26, 46, 1, 2), (5, 26, 6, 1), 0): 2.0, ((26, 66, 1, 2), (28, 31, 6, 1), 0): 2.0, ((26, 66, 1, 2), (26, 66, 6, 2), 0): 4.0, ((26, 80, 1, 3), (26, 80, 6, 3), 0): 16.0, ((5, 26, 1, 1), (26, 6, 6, 0), 0): 4.0, ((5, 46, 11, 2), (5, 46, 16, 2), 0): 14.0, ((26, 6, 6, 0), (26, 6, 35, 0), 0): 6.0, ((26, 66, 6, 2), (28, 31, 11, 1), 0): 2.0, ((26, 66, 6, 2), (26, 66, 11, 2), 0): 2.0, ((26, 80, 6, 3), (5, 46, 11, 2), 0): 14.0, ((26, 80, 6, 3), (26, 80, 11, 3), 0): 2.0, ((5, 26, 6, 1), (26, 6, 11, 0), 0): 2.0, ((5, 46, 16, 2), (26, 12, 21, 1), 0): 16.0, ((5, 80, 26, 3), (26, 46, 31, 2), 0): 12.0, ((5, 80, 16, 3), (26, 46, 21, 2), 0): 6.0, ((26, 66, 11, 2), (28, 31, 16, 1), 0): 2.0, ((26, 80, 11, 3), (5, 46, 16, 2), 0): 2.0, ((26, 46, 16, 2), (26, 46, 35, 2), 0): 2.0, ((26, 46, 21, 2), (26, 46, 35, 2), 0): 6.0, ((26, 46, 26, 2), (26, 46, 31, 2), 0): 14.0, ((26, 46, 31, 2), (26, 46, 35, 2), 0): 26.0, ((6, 61, 1, 2), (30, 34, 1, 1), 0): 72.0, ((6, 64, 1, 2), (31, 51, 1, 2), 0): 152.0, ((31, 0, 1, 0), (31, 0, 35, 0), 0): 190.0, ((15, 10, 1, 1), (31, 8, 1, 0), 0): 38.0, ((15, 32, 1, 1), (6, 19, 1, 1), 0): 38.0, ((30, 19, 1, 1), (15, 10, 1, 1), 0): 38.0, ((12, 45, 1, 2), (6, 31, 1, 1), 0): 38.0, ((30, 41, 1, 2), (35, 22, 1, 1), 0): 38.0, ((12, 50, 1, 2), (35, 33, 1, 1), 0): 38.0, ((31, 51, 1, 2), (31, 51, 35, 2), 0): 152.0, ((9, 45, 1, 2), (12, 7, 6, 0), 0): 14.0, ((9, 47, 1, 2), (15, 10, 6, 1), 0): 72.0, ((35, 72, 1, 2), (31, 55, 1, 2), 0): 38.0, ((31, 70, 1, 2), (12, 70, 1, 2), 1): 62086.0, ((15, 66, 1, 2), (30, 58, 1, 2), 0): 38.0, ((35, 75, 1, 2), (9, 47, 1, 2), 0): 72.0, ((12, 77, 1, 2), (15, 76, 1, 2), 0): 76.0, ((12, 90, 1, 3), (31, 90, 1, 3), 1): 38.0, ((15, 76, 1, 2), (31, 75, 1, 2), 0): 114.0, ((15, 86, 1, 3), (3, 66, 1, 2), 0): 38.0, ((31, 90, 1, 3), (31, 90, 35, 3), 0): 38.0, ((12, 79, 1, 2), (35, 65, 1, 2), 0): 38.0, ((29, 40, 6, 2), (15, 5, 11, 0), 0): 38.0, ((29, 49, 6, 2), (31, 15, 11, 1), 0): 76.0, ((9, 45, 6, 2), (31, 8, 11, 0), 0): 38.0, ((9, 47, 6, 2), (15, 10, 11, 1), 0): 38.0, ((36, 39, 26, 1), (36, 40, 26, 2), 0): 14.0, ((36, 40, 26, 2), (36, 41, 26, 2), 0): 14.0, ((9, 100, 1, 3), (36, 41, 6, 2), 0): 14.0, ((35, 53, 1, 2), (31, 36, 1, 1), 0): 38.0, ((16, 41, 6, 2), (31, 0, 11, 0), 0): 38.0, ((36, 59, 6, 2), (36, 80, 6, 3), 0): 14.0, ((9, 100, 0, 3), (29, 100, 1, 3), 0): 14.0, ((29, 100, 1, 3), (9, 100, 1, 3), 0): 14.0, ((36, 41, 6, 2), (36, 59, 6, 2), 0): 14.0, ((36, 41, 26, 2), (9, 0, 31, 0), 0): 14.0, ((28, 31, 1, 1), (26, 6, 6, 0), 0): 2.0, ((11, 100, 0, 3), (18, 100, 1, 3), 0): 22.0, ((12, 97, 1, 3), (15, 96, 1, 3), 1): 76.0, ((12, 98, 1, 3), (3, 78, 1, 2), 0): 38.0, ((15, 74, 1, 2), (31, 72, 1, 2), 0): 152.0, ((31, 75, 1, 2), (31, 75, 35, 2), 0): 114.0, ((15, 77, 1, 2), (3, 55, 1, 2), 0): 38.0, ((31, 80, 1, 3), (31, 80, 35, 3), 0): 38.0, ((15, 96, 1, 3), (31, 96, 1, 3), 1): 190.0, ((31, 96, 1, 3), (31, 96, 35, 3), 0): 190.0, ((30, 100, 1, 3), (10, 76, 6, 2), 0): 17376.0, ((31, 98, 1, 3), (31, 98, 6, 3), 0): 2361.0, ((15, 100, 1, 3), (15, 100, 6, 3), 0): 59839.0, ((35, 73, 1, 2), (9, 45, 1, 2), 0): 14.0, ((35, 73, 1, 2), (15, 60, 1, 2), 0): 24.0, ((12, 73, 1, 2), (15, 74, 1, 2), 1): 38.0, ((12, 78, 1, 2), (6, 64, 1, 2), 0): 38.0, ((31, 98, 6, 3), (31, 98, 11, 3), 0): 2361.0, ((15, 100, 6, 3), (9, 67, 11, 2), 0): 54682.0, ((15, 100, 6, 3), (15, 100, 11, 3), 0): 5157.0, ((31, 98, 11, 3), (31, 98, 16, 3), 0): 2361.0, ((15, 100, 11, 3), (9, 67, 16, 2), 0): 5157.0, ((31, 98, 16, 3), (29, 64, 21, 2), 0): 2361.0, ((20, 40, 16, 2), (20, 49, 16, 2), 0): 14.0, ((20, 29, 16, 1), (20, 40, 16, 2), 0): 14.0, ((20, 64, 16, 2), (20, 80, 16, 3), 0): 14.0, ((28, 100, 1, 3), (28, 100, 6, 3), 0): 22.0, ((28, 100, 6, 3), (28, 100, 11, 3), 0): 22.0, ((28, 100, 11, 3), (18, 100, 11, 3), 0): 22.0, ((20, 27, 16, 1), (20, 29, 16, 1), 0): 14.0, ((20, 49, 16, 2), (24, 50, 16, 2), 0): 14.0, ((24, 50, 16, 2), (20, 64, 16, 2), 0): 14.0, ((20, 80, 16, 3), (24, 80, 16, 3), 1): 14.0, ((20, 0, 16, 0), (20, 10, 16, 1), 0): 14.0, ((20, 10, 16, 1), (20, 20, 16, 1), 0): 14.0, ((20, 20, 16, 1), (20, 27, 16, 1), 0): 14.0, ((24, 80, 16, 3), (36, 39, 26, 1), 0): 14.0, ((36, 80, 6, 3), (20, 0, 16, 0), 0): 14.0, ((26, 46, 0, 2), (5, 26, 1, 1), 0): 4.0, ((26, 46, 0, 2), (26, 46, 1, 2), 0): 2.0, ((26, 66, 0, 2), (28, 31, 1, 1), 0): 2.0, ((26, 66, 0, 2), (26, 66, 1, 2), 0): 6.0, ((26, 80, 0, 3), (26, 80, 1, 3), 0): 16.0, ((26, 100, 6, 3), (5, 80, 11, 3), 0): 8.0, ((26, 100, 6, 3), (8, 39, 16, 1), 0): 44.0, ((26, 100, 6, 3), (26, 100, 11, 3), 0): 26.0, ((26, 100, 1, 3), (26, 100, 6, 3), 0): 78.0, ((26, 100, 0, 3), (26, 100, 1, 3), 0): 78.0, ((26, 100, 11, 3), (26, 100, 16, 3), 0): 26.0, ((26, 100, 16, 3), (5, 80, 21, 3), 0): 26.0, ((31, 6, 0, 0), (12, 7, 1, 0), 0): 38.0, ((31, 6, 0, 0), (15, 5, 1, 0), 0): 38.0, ((31, 8, 0, 0), (12, 7, 1, 0), 0): 38.0, ((31, 8, 0, 0), (15, 5, 1, 0), 0): 38.0, ((31, 12, 0, 1), (12, 10, 1, 1), 0): 38.0, ((31, 15, 0, 1), (12, 13, 1, 1), 0): 38.0, ((31, 15, 0, 1), (15, 12, 1, 1), 0): 38.0, ((31, 15, 0, 1), (30, 7, 1, 0), 0): 38.0, ((31, 18, 0, 1), (12, 17, 1, 1), 0): 38.0, ((31, 18, 0, 1), (15, 14, 1, 1), 0): 38.0, ((31, 18, 0, 1), (30, 8, 1, 0), 0): 38.0, ((31, 21, 0, 1), (12, 19, 1, 1), 0): 38.0, ((31, 21, 0, 1), (15, 20, 1, 1), 0): 38.0, ((31, 24, 0, 1), (12, 24, 1, 1), 0): 38.0, ((31, 24, 0, 1), (15, 20, 1, 1), 0): 38.0, ((31, 24, 0, 1), (30, 18, 1, 1), 0): 38.0, ((31, 25, 0, 1), (12, 24, 1, 1), 0): 38.0, ((31, 25, 0, 1), (15, 24, 1, 1), 0): 38.0, ((31, 25, 0, 1), (30, 18, 1, 1), 0): 38.0, ((31, 27, 0, 1), (15, 24, 1, 1), 0): 38.0, ((31, 27, 0, 1), (30, 18, 1, 1), 0): 38.0, ((31, 29, 0, 1), (12, 27, 1, 1), 0): 38.0, ((31, 29, 0, 1), (15, 26, 1, 1), 0): 38.0, ((31, 29, 0, 1), (30, 19, 1, 1), 0): 38.0, ((31, 30, 0, 1), (12, 29, 1, 1), 0): 38.0, ((31, 30, 0, 1), (15, 26, 1, 1), 0): 38.0, ((31, 30, 0, 1), (30, 21, 1, 1), 0): 38.0, ((31, 31, 0, 1), (12, 29, 1, 1), 0): 38.0, ((31, 31, 0, 1), (15, 28, 1, 1), 0): 38.0, ((31, 31, 0, 1), (30, 21, 1, 1), 0): 38.0, ((31, 32, 0, 1), (6, 13, 1, 1), 0): 38.0, ((31, 32, 0, 1), (12, 30, 1, 1), 0): 38.0, ((31, 32, 0, 1), (15, 28, 1, 1), 0): 38.0, ((31, 32, 0, 1), (30, 22, 1, 1), 0): 38.0, ((31, 35, 0, 1), (6, 19, 1, 1), 0): 38.0, ((31, 35, 0, 1), (12, 33, 1, 1), 0): 38.0, ((31, 35, 0, 1), (15, 31, 1, 1), 0): 38.0, ((31, 35, 0, 1), (30, 26, 1, 1), 0): 38.0, ((31, 36, 0, 1), (6, 19, 1, 1), 0): 38.0, ((31, 36, 0, 1), (12, 35, 1, 1), 0): 38.0, ((31, 36, 0, 1), (15, 32, 1, 1), 0): 38.0, ((31, 36, 0, 1), (30, 26, 1, 1), 0): 38.0, ((31, 38, 0, 1), (6, 19, 1, 1), 0): 38.0, ((31, 38, 0, 1), (12, 37, 1, 1), 0): 38.0, ((31, 38, 0, 1), (15, 36, 1, 1), 0): 38.0, ((31, 38, 0, 1), (30, 28, 1, 1), 0): 38.0, ((31, 39, 0, 1), (6, 20, 1, 1), 0): 38.0, ((31, 39, 0, 1), (12, 37, 1, 1), 0): 38.0, ((31, 39, 0, 1), (15, 36, 1, 1), 0): 38.0, ((31, 39, 0, 1), (30, 30, 1, 1), 0): 38.0, ((31, 40, 0, 2), (6, 21, 1, 1), 0): 38.0, ((31, 40, 0, 2), (12, 38, 1, 1), 0): 38.0, ((31, 40, 0, 2), (15, 36, 1, 1), 0): 38.0, ((31, 40, 0, 2), (30, 30, 1, 1), 0): 38.0, ((31, 41, 0, 2), (6, 24, 1, 1), 0): 38.0, ((31, 41, 0, 2), (12, 40, 1, 2), 0): 38.0, ((31, 41, 0, 2), (15, 37, 1, 1), 0): 38.0, ((31, 41, 0, 2), (30, 31, 1, 1), 0): 38.0, ((31, 41, 0, 2), (35, 22, 1, 1), 0): 38.0, ((31, 44, 0, 2), (6, 26, 1, 1), 0): 38.0, ((31, 44, 0, 2), (12, 44, 1, 2), 0): 38.0, ((31, 44, 0, 2), (15, 40, 1, 2), 0): 38.0, ((31, 44, 0, 2), (30, 34, 1, 1), 0): 38.0, ((31, 44, 0, 2), (35, 22, 1, 1), 0): 38.0, ((31, 45, 0, 2), (6, 26, 1, 1), 0): 38.0, ((31, 45, 0, 2), (12, 44, 1, 2), 0): 38.0, ((31, 45, 0, 2), (30, 35, 1, 1), 0): 38.0, ((31, 45, 0, 2), (35, 22, 1, 1), 0): 38.0, ((31, 47, 0, 2), (3, 23, 1, 1), 0): 38.0, ((31, 47, 0, 2), (6, 29, 1, 1), 0): 38.0, ((31, 47, 0, 2), (12, 45, 1, 2), 0): 38.0, ((31, 47, 0, 2), (15, 44, 1, 2), 0): 38.0, ((31, 47, 0, 2), (30, 39, 1, 1), 0): 38.0, ((31, 47, 0, 2), (35, 22, 1, 1), 0): 38.0, ((31, 49, 0, 2), (3, 23, 1, 1), 0): 38.0, ((31, 49, 0, 2), (6, 31, 1, 1), 0): 38.0, ((31, 49, 0, 2), (12, 47, 1, 2), 0): 38.0, ((31, 49, 0, 2), (15, 46, 1, 2), 0): 38.0, ((31, 49, 0, 2), (30, 39, 1, 1), 0): 38.0, ((31, 49, 0, 2), (35, 27, 1, 1), 0): 38.0, ((31, 50, 0, 2), (3, 23, 1, 1), 0): 38.0, ((31, 50, 0, 2), (6, 31, 1, 1), 0): 38.0, ((31, 50, 0, 2), (12, 49, 1, 2), 0): 38.0, ((31, 50, 0, 2), (15, 46, 1, 2), 0): 38.0, ((31, 50, 0, 2), (30, 40, 1, 2), 0): 38.0, ((31, 50, 0, 2), (35, 27, 1, 1), 0): 38.0, ((31, 51, 0, 2), (3, 23, 1, 1), 0): 38.0, ((31, 51, 0, 2), (6, 34, 1, 1), 0): 38.0, ((31, 51, 0, 2), (12, 49, 1, 2), 0): 38.0, ((31, 51, 0, 2), (15, 48, 1, 2), 0): 38.0, ((31, 51, 0, 2), (30, 41, 1, 2), 0): 38.0, ((31, 51, 0, 2), (35, 27, 1, 1), 0): 38.0, ((31, 52, 0, 2), (3, 24, 1, 1), 0): 38.0, ((31, 52, 0, 2), (6, 34, 1, 1), 0): 38.0, ((31, 52, 0, 2), (12, 50, 1, 2), 0): 38.0, ((31, 52, 0, 2), (15, 48, 1, 2), 0): 38.0, ((31, 52, 0, 2), (30, 42, 1, 2), 0): 38.0, ((31, 52, 0, 2), (35, 27, 1, 1), 0): 38.0, ((31, 55, 0, 2), (3, 29, 1, 1), 0): 38.0, ((31, 55, 0, 2), (6, 40, 1, 2), 0): 38.0, ((31, 55, 0, 2), (12, 53, 1, 2), 0): 38.0, ((31, 55, 0, 2), (30, 46, 1, 2), 0): 38.0, ((31, 55, 0, 2), (35, 30, 1, 1), 0): 38.0, ((31, 59, 0, 2), (3, 33, 1, 1), 0): 38.0, ((31, 59, 0, 2), (6, 40, 1, 2), 0): 38.0, ((31, 59, 0, 2), (12, 58, 1, 2), 0): 38.0, ((31, 59, 0, 2), (15, 60, 1, 2), 0): 38.0, ((31, 59, 0, 2), (30, 51, 1, 2), 0): 38.0, ((31, 59, 0, 2), (35, 35, 1, 1), 0): 38.0, ((31, 61, 0, 2), (3, 33, 1, 1), 0): 38.0, ((31, 61, 0, 2), (6, 44, 1, 2), 0): 38.0, ((31, 61, 0, 2), (15, 60, 1, 2), 0): 38.0, ((31, 61, 0, 2), (30, 51, 1, 2), 0): 38.0, ((31, 61, 0, 2), (35, 40, 1, 2), 0): 38.0, ((31, 70, 0, 2), (3, 43, 1, 2), 0): 38.0, ((31, 70, 0, 2), (6, 53, 1, 2), 0): 38.0, ((31, 70, 0, 2), (12, 70, 1, 2), 0): 38.0, ((31, 70, 0, 2), (15, 66, 1, 2), 0): 38.0, ((31, 70, 0, 2), (30, 62, 1, 2), 0): 38.0, ((31, 70, 0, 2), (35, 45, 1, 2), 0): 38.0, ((31, 70, 0, 2), (31, 70, 1, 2), 0): 62048.0, ((31, 72, 0, 2), (0, 30, 6, 1), 0): 38.0, ((31, 72, 0, 2), (3, 44, 1, 2), 0): 38.0, ((31, 72, 0, 2), (6, 53, 1, 2), 0): 38.0, ((31, 72, 0, 2), (12, 70, 1, 2), 0): 38.0, ((31, 72, 0, 2), (15, 68, 1, 2), 0): 38.0, ((31, 72, 0, 2), (30, 62, 1, 2), 0): 38.0, ((31, 72, 0, 2), (35, 47, 1, 2), 0): 38.0, ((31, 75, 0, 2), (0, 30, 6, 1), 0): 38.0, ((31, 75, 0, 2), (3, 47, 1, 2), 0): 38.0, ((31, 75, 0, 2), (6, 59, 1, 2), 0): 38.0, ((31, 75, 0, 2), (12, 73, 1, 2), 0): 38.0, ((31, 75, 0, 2), (15, 74, 1, 2), 0): 38.0, ((31, 75, 0, 2), (30, 66, 1, 2), 0): 38.0, ((31, 75, 0, 2), (35, 52, 1, 2), 0): 38.0, ((31, 76, 0, 2), (0, 30, 6, 1), 0): 38.0, ((31, 76, 0, 2), (3, 48, 1, 2), 0): 38.0, ((31, 76, 0, 2), (6, 59, 1, 2), 0): 38.0, ((31, 76, 0, 2), (12, 77, 1, 2), 0): 38.0, ((31, 76, 0, 2), (15, 74, 1, 2), 0): 38.0, ((31, 76, 0, 2), (30, 66, 1, 2), 0): 38.0, ((31, 76, 0, 2), (35, 52, 1, 2), 0): 38.0, ((31, 78, 0, 2), (0, 30, 6, 1), 0): 38.0, ((31, 78, 0, 2), (3, 50, 1, 2), 0): 38.0, ((31, 78, 0, 2), (6, 59, 1, 2), 0): 38.0, ((31, 78, 0, 2), (12, 77, 1, 2), 0): 38.0, ((31, 78, 0, 2), (15, 74, 1, 2), 0): 38.0, ((31, 78, 0, 2), (30, 68, 1, 2), 0): 38.0, ((31, 78, 0, 2), (35, 53, 1, 2), 0): 38.0, ((31, 80, 0, 3), (0, 32, 6, 1), 0): 38.0, ((31, 80, 0, 3), (3, 52, 1, 2), 0): 38.0, ((31, 80, 0, 3), (6, 61, 1, 2), 0): 72.0, ((31, 80, 0, 3), (12, 78, 1, 2), 0): 38.0, ((31, 80, 0, 3), (15, 76, 1, 2), 0): 38.0, ((31, 80, 0, 3), (35, 55, 1, 2), 0): 38.0, ((31, 81, 0, 3), (3, 53, 1, 2), 0): 38.0, ((31, 81, 0, 3), (6, 64, 1, 2), 0): 38.0, ((31, 81, 0, 3), (12, 79, 1, 2), 0): 38.0, ((31, 81, 0, 3), (15, 77, 1, 2), 0): 38.0, ((31, 81, 0, 3), (30, 73, 1, 2), 0): 38.0, ((31, 90, 0, 3), (0, 42, 6, 2), 0): 38.0, ((31, 90, 0, 3), (2, 35, 6, 1), 0): 38.0, ((31, 90, 0, 3), (3, 66, 1, 2), 0): 38.0, ((31, 90, 0, 3), (9, 40, 6, 2), 0): 38.0, ((31, 90, 0, 3), (10, 39, 6, 1), 0): 38.0, ((31, 90, 0, 3), (12, 90, 1, 3), 0): 38.0, ((31, 90, 0, 3), (15, 86, 1, 3), 0): 38.0, ((31, 90, 0, 3), (17, 44, 6, 2), 0): 38.0, ((31, 90, 0, 3), (29, 40, 6, 2), 0): 38.0, ((31, 90, 0, 3), (35, 65, 1, 2), 0): 38.0, ((31, 96, 0, 3), (0, 51, 6, 2), 0): 38.0, ((31, 96, 0, 3), (2, 42, 6, 2), 0): 38.0, ((31, 96, 0, 3), (8, 40, 6, 2), 0): 38.0, ((31, 96, 0, 3), (9, 43, 6, 2), 0): 38.0, ((31, 96, 0, 3), (10, 48, 6, 2), 0): 38.0, ((31, 96, 0, 3), (11, 14, 6, 1), 0): 22.0, ((31, 96, 0, 3), (12, 97, 1, 3), 0): 38.0, ((31, 96, 0, 3), (15, 96, 1, 3), 0): 38.0, ((31, 96, 0, 3), (17, 47, 6, 2), 0): 38.0, ((31, 96, 0, 3), (29, 49, 6, 2), 0): 38.0, ((31, 96, 0, 3), (30, 86, 1, 3), 0): 38.0, ((31, 96, 0, 3), (35, 72, 1, 2), 0): 38.0, ((31, 98, 0, 3), (0, 51, 6, 2), 0): 38.0, ((31, 98, 0, 3), (3, 71, 1, 2), 0): 38.0, ((31, 98, 0, 3), (6, 79, 1, 2), 0): 38.0, ((31, 98, 0, 3), (8, 42, 6, 2), 0): 38.0, ((31, 98, 0, 3), (9, 45, 6, 2), 0): 38.0, ((31, 98, 0, 3), (10, 48, 6, 2), 0): 38.0, ((31, 98, 0, 3), (12, 97, 1, 3), 0): 38.0, ((31, 98, 0, 3), (15, 96, 1, 3), 0): 38.0, ((31, 98, 0, 3), (17, 49, 6, 2), 0): 38.0, ((31, 98, 0, 3), (29, 49, 6, 2), 0): 38.0, ((31, 98, 0, 3), (30, 100, 1, 3), 0): 17376.0, ((31, 98, 0, 3), (35, 73, 1, 2), 0): 38.0, ((31, 98, 0, 3), (31, 98, 1, 3), 0): 2361.0, ((31, 100, 0, 3), (0, 52, 6, 2), 0): 38.0, ((31, 100, 0, 3), (3, 72, 1, 2), 0): 38.0, ((31, 100, 0, 3), (3, 100, 1, 3), 0): 22.0, ((31, 100, 0, 3), (8, 44, 6, 2), 0): 38.0, ((31, 100, 0, 3), (9, 47, 6, 2), 0): 38.0, ((31, 100, 0, 3), (10, 49, 6, 2), 0): 38.0, ((31, 100, 0, 3), (12, 98, 1, 3), 0): 38.0, ((31, 100, 0, 3), (15, 96, 1, 3), 0): 38.0, ((31, 100, 0, 3), (15, 100, 1, 3), 0): 59839.0, ((31, 100, 0, 3), (16, 41, 6, 2), 0): 38.0, ((31, 100, 0, 3), (17, 51, 6, 2), 0): 38.0, ((31, 100, 0, 3), (35, 75, 1, 2), 0): 72.0}
a: {20: 1.0, 36: 1.0}
n: {9: 14.0, 11: 22.0}
{0: (34.421443, -119.684178), 1: (38.164391, -112.278183), 2: (34.4349097, -119.9212861), 3: (34.689589, -118.130371), 4: (35.400164, -119.399727), 5: (38.7747705, -119.9029911), 6: (33.9541734, -117.5556971), 7: (36.009923, -114.784826), 8: (35.3002628, -119.0381956), 9: (34.118101, -116.45646), 10: (34.4425082, -119.7812613), 11: (36.075856, -119.043996), 12: (33.8722233, -118.2654222), 13: (35.263617, -112.194139), 14: (37.72495, -113.056978), 15: (33.7885884, -118.2150827), 16: (32.596725, -117.019495), 17: (34.886448, -117.079423), 18: (35.9874334, -119.961999), 19: (35.01643, -110.675005), 20: (33.30006, -111.96835), 21: (38.786621, -112.084147), 22: (32.794671, -115.539473), 23: (36.220567, -115.125553), 24: (33.3021433, -111.9552863), 25: (33.39639, -110.76888), 26: (37.8135094, -119.8800771), 27: (37.161682, -113.434692), 28: (36.72136, -119.761165), 29: (33.8310496, -116.5452277), 30: (34.12755, -118.443664), 31: (33.899899, -118.207088), 32: (33.0390751, -117.2841996), 33: (33.3874378, -110.7609849), 34: (32.178328, -110.960207), 35: (34.02094, -117.385415), 36: (33.603063, -114.598023)}
(((26, np.int64(1), np.int64(0), 0), (26, 1, 35, 0), 0),)
(((31, np.int64(78), np.int64(0), 2), (31, 78, 35, 2), 0),)
(((31, np.int64(96), np.int64(0), 3), (11, 14, 6, 1), 0), ((11, 14, 6, 1), (11, 69, 6, 2), 0), ((11, 69, 6, 2), (26, 6, 11, 0), 0), ((26, 6, 11, 0), (26, 6, 35, 0), 0))
New edge added:  ((31, np.int64(96), np.int64(0), 3), (11, np.int64(14), np.int64(10), 1), 0)  Edge removed:  ((31, np.int64(96), np.int64(0), 3), (11, 14, 6, 1), 0)
Solution cannot be extended to a feasible solution, updating network...
{'x_load': {((26, np.int64(1), np.int64(0), 0), (26, np.int64(1), 35, 0)): 2.0, ((31, np.int64(78), np.int64(0), 2), (31, np.int64(78), 35, 2)): 2.0, ((31, np.int64(96), np.int64(0), 3), (11, np.int64(14), np.int64(10), 1)): 22.0, ((11, np.int64(14), np.int64(10), 1), (11, np.int64(69), np.int64(11), 2)): 22.0, ((11, np.int64(69), np.int64(11), 2), (26, np.int64(2), np.int64(19), 0)): 22.0, ((26, np.int64(2), np.int64(19), 0), (26, np.int64(2), 35, 0)): 22.0, ((31, np.int64(98), np.int64(0), 3), (35, np.int64(73), np.int64(3), 2)): 14.0, ((35, np.int64(73), np.int64(3), 2), (9, np.int64(45), np.int64(7), 2)): 14.0, ((9, np.int64(45), np.int64(7), 2), (9, np.int64(100), np.int64(8), 3)): 14.0, ((9, np.int64(100), np.int64(8), 3), (36, np.int64(41), np.int64(15), 2)): 14.0, ((36, np.int64(41), np.int64(15), 2), (36, np.int64(59), np.int64(17), 2)): 14.0, ((36, np.int64(59), np.int64(17), 2), (36, np.int64(80), np.int64(20), 3)): 14.0, ((36, np.int64(80), np.int64(20), 3), (20, np.int64(0), np.int64(30), 0)): 14.0, ((20, np.int64(0), np.int64(30), 0), (20, np.int64(0), 35, 0)): 14.0}, 'x_ener': {((9, np.int64(100), np.int64(0), 3), (29, np.int64(93), np.int64(2), 3)): 14.0, ((29, np.int64(93), np.int64(2), 3), (9, np.int64(86), np.int64(4), 3)): 14.0, ((9, np.int64(86), np.int64(4), 3), (36, np.int64(27), np.int64(11), 1)): 14.0, ((36, np.int64(27), np.int64(11), 1), (36, np.int64(45), np.int64(13), 2)): 14.0, ((36, np.int64(45), np.int64(13), 2), (36, np.int64(66), np.int64(16), 2)): 14.0, ((36, np.int64(66), np.int64(16), 2), (36, np.int64(66), 35, 2)): 14.0, ((11, np.int64(100), np.int64(0), 3), (18, np.int64(82), np.int64(4), 3)): 22.0, ((18, np.int64(82), np.int64(4), 3), (28, np.int64(64), np.int64(8), 2)): 22.0, ((28, np.int64(64), np.int64(8), 2), (28, np.int64(64), np.int64(13), 2)): 22.0, ((28, np.int64(64), np.int64(13), 2), (28, np.int64(64), np.int64(18), 2)): 22.0, ((28, np.int64(64), np.int64(18), 2), (18, np.int64(46), np.int64(22), 2)): 22.0, ((18, np.int64(46), np.int64(22), 2), (11, np.int64(28), np.int64(26), 1)): 22.0, ((11, np.int64(28), np.int64(26), 1), (11, np.int64(28), 35, 1)): 22.0, ((26, np.int64(46), np.int64(0), 2), (5, np.int64(12), np.int64(5), 1)): 4.0, ((5, np.int64(12), np.int64(5), 1), (5, np.int64(12), 35, 1)): 4.0, ((26, np.int64(46), np.int64(0), 2), (26, np.int64(46), np.int64(1), 2)): 2.0, ((26, np.int64(46), np.int64(1), 2), (5, np.int64(12), np.int64(6), 1)): 2.0, ((5, np.int64(12), np.int64(6), 1), (5, np.int64(12), 35, 1)): 2.0, ((26, np.int64(66), np.int64(0), 2), (28, np.int64(27), np.int64(5), 1)): 2.0, ((28, np.int64(27), np.int64(5), 1), (26, np.int64(0), np.int64(10), 0)): 2.0, ((26, np.int64(0), np.int64(10), 0), (26, np.int64(0), 35, 0)): 2.0, ((26, np.int64(66), np.int64(0), 2), (26, np.int64(66), np.int64(1), 2)): 6.0, ((26, np.int64(66), np.int64(1), 2), (28, np.int64(27), np.int64(6), 1)): 2.0, ((28, np.int64(27), np.int64(6), 1), (26, np.int64(0), np.int64(11), 0)): 2.0, ((26, np.int64(0), np.int64(11), 0), (26, np.int64(0), 35, 0)): 2.0, ((26, np.int64(66), np.int64(1), 2), (26, np.int64(66), np.int64(6), 2)): 4.0, ((26, np.int64(66), np.int64(6), 2), (28, np.int64(27), np.int64(11), 1)): 2.0, ((28, np.int64(27), np.int64(11), 1), (28, np.int64(27), np.int64(16), 1)): 2.0, ((28, np.int64(27), np.int64(16), 1), (26, np.int64(0), np.int64(21), 0)): 4.0, ((26, np.int64(0), np.int64(21), 0), (26, np.int64(0), np.int64(26), 0)): 4.0, ((26, np.int64(0), np.int64(26), 0), (26, np.int64(0), 35, 0)): 4.0, ((26, np.int64(66), np.int64(6), 2), (26, np.int64(66), np.int64(11), 2)): 2.0, ((26, np.int64(66), np.int64(11), 2), (28, np.int64(27), np.int64(16), 1)): 2.0, ((26, np.int64(80), np.int64(0), 3), (26, np.int64(80), np.int64(1), 3)): 16.0, ((26, np.int64(80), np.int64(1), 3), (26, np.int64(80), np.int64(6), 3)): 16.0, ((26, np.int64(80), np.int64(6), 3), (5, np.int64(46), np.int64(11), 2)): 14.0, ((5, np.int64(46), np.int64(11), 2), (5, np.int64(46), np.int64(16), 2)): 14.0, ((5, np.int64(46), np.int64(16), 2), (26, np.int64(12), np.int64(21), 1)): 16.0, ((26, np.int64(12), np.int64(21), 1), (26, np.int64(12), np.int64(26), 1)): 16.0, ((26, np.int64(12), np.int64(26), 1), (26, np.int64(12), np.int64(31), 1)): 16.0, ((26, np.int64(12), np.int64(31), 1), (26, np.int64(12), 35, 1)): 16.0, ((26, np.int64(80), np.int64(6), 3), (26, np.int64(80), np.int64(11), 3)): 2.0, ((26, np.int64(80), np.int64(11), 3), (5, np.int64(46), np.int64(16), 2)): 2.0, ((26, np.int64(100), np.int64(0), 3), (26, np.int64(100), np.int64(1), 3)): 78.0, ((26, np.int64(100), np.int64(1), 3), (26, np.int64(100), np.int64(6), 3)): 78.0, ((26, np.int64(100), np.int64(6), 3), (5, np.int64(77), np.int64(11), 2)): 8.0, ((5, np.int64(77), np.int64(11), 2), (26, np.int64(43), np.int64(16), 2)): 2.0, ((26, np.int64(43), np.int64(16), 2), (26, np.int64(43), 35, 2)): 2.0, ((5, np.int64(77), np.int64(11), 2), (5, np.int64(77), np.int64(16), 2)): 6.0, ((5, np.int64(77), np.int64(16), 2), (26, np.int64(43), np.int64(21), 2)): 6.0, ((26, np.int64(43), np.int64(21), 2), (26, np.int64(43), 35, 2)): 6.0, ((26, np.int64(100), np.int64(6), 3), (26, np.int64(100), np.int64(11), 3)): 26.0, ((26, np.int64(100), np.int64(11), 3), (26, np.int64(100), np.int64(16), 3)): 26.0, ((26, np.int64(100), np.int64(16), 3), (5, np.int64(77), np.int64(21), 2)): 26.0, ((5, np.int64(77), np.int64(21), 2), (26, np.int64(43), np.int64(26), 2)): 14.0, ((26, np.int64(43), np.int64(26), 2), (26, np.int64(43), np.int64(31), 2)): 14.0, ((26, np.int64(43), np.int64(31), 2), (26, np.int64(43), 35, 2)): 26.0, ((5, np.int64(77), np.int64(21), 2), (5, np.int64(77), np.int64(26), 2)): 12.0, ((5, np.int64(77), np.int64(26), 2), (26, np.int64(43), np.int64(31), 2)): 12.0, ((26, np.int64(100), np.int64(6), 3), (8, np.int64(35), np.int64(18), 1)): 44.0, ((8, np.int64(35), np.int64(18), 1), (8, np.int64(35), 35, 1)): 44.0, ((31, np.int64(6), np.int64(0), 0), (12, np.int64(4), np.int64(1), 0)): 38.0, ((12, np.int64(4), np.int64(1), 0), (31, np.int64(3), np.int64(2), 0)): 38.0, ((31, np.int64(3), np.int64(2), 0), (31, np.int64(3), 35, 0)): 38.0, ((31, np.int64(6), np.int64(0), 0), (15, np.int64(2), np.int64(1), 0)): 38.0, ((15, np.int64(2), np.int64(1), 0), (12, np.int64(0), np.int64(2), 0)): 38.0, ((12, np.int64(0), np.int64(2), 0), (12, np.int64(0), 35, 0)): 38.0, ((31, np.int64(8), np.int64(0), 0), (12, np.int64(6), np.int64(1), 0)): 38.0, ((12, np.int64(6), np.int64(1), 0), (31, np.int64(5), np.int64(2), 0)): 38.0, ((31, np.int64(5), np.int64(2), 0), (31, np.int64(5), 35, 0)): 38.0, ((31, np.int64(8), np.int64(0), 0), (15, np.int64(4), np.int64(1), 0)): 38.0, ((15, np.int64(4), np.int64(1), 0), (12, np.int64(2), np.int64(2), 0)): 38.0, ((12, np.int64(2), np.int64(2), 0), (31, np.int64(1), np.int64(3), 0)): 38.0, ((31, np.int64(1), np.int64(3), 0), (31, np.int64(1), 35, 0)): 38.0, ((31, np.int64(12), np.int64(0), 1), (12, np.int64(10), np.int64(1), 1)): 38.0, ((12, np.int64(10), np.int64(1), 1), (30, np.int64(3), np.int64(3), 0)): 38.0, ((30, np.int64(3), np.int64(3), 0), (30, np.int64(3), 35, 0)): 38.0, ((31, np.int64(15), np.int64(0), 1), (30, np.int64(5), np.int64(2), 0)): 38.0, ((30, np.int64(5), np.int64(2), 0), (30, np.int64(5), 35, 0)): 38.0, ((31, np.int64(15), np.int64(0), 1), (15, np.int64(11), np.int64(1), 1)): 38.0, ((15, np.int64(11), np.int64(1), 1), (30, np.int64(2), np.int64(3), 0)): 38.0, ((30, np.int64(2), np.int64(3), 0), (30, np.int64(2), 35, 0)): 38.0, ((31, np.int64(15), np.int64(0), 1), (12, np.int64(13), np.int64(1), 1)): 38.0, ((12, np.int64(13), np.int64(1), 1), (15, np.int64(11), np.int64(2), 1)): 38.0, ((15, np.int64(11), np.int64(2), 1), (30, np.int64(2), np.int64(4), 0)): 38.0, ((30, np.int64(2), np.int64(4), 0), (30, np.int64(2), 35, 0)): 38.0, ((31, np.int64(18), np.int64(0), 1), (30, np.int64(8), np.int64(2), 0)): 38.0, ((30, np.int64(8), np.int64(2), 0), (31, np.int64(1), np.int64(4), 0)): 38.0, ((31, np.int64(1), np.int64(4), 0), (31, np.int64(1), 35, 0)): 38.0, ((31, np.int64(18), np.int64(0), 1), (15, np.int64(14), np.int64(1), 1)): 38.0, ((15, np.int64(14), np.int64(1), 1), (31, np.int64(12), np.int64(2), 1)): 38.0, ((31, np.int64(12), np.int64(2), 1), (31, np.int64(12), 35, 1)): 38.0, ((31, np.int64(18), np.int64(0), 1), (12, np.int64(16), np.int64(1), 1)): 38.0, ((12, np.int64(16), np.int64(1), 1), (31, np.int64(15), np.int64(2), 1)): 38.0, ((31, np.int64(15), np.int64(2), 1), (31, np.int64(15), 35, 1)): 76.0, ((31, np.int64(21), np.int64(0), 1), (15, np.int64(17), np.int64(1), 1)): 38.0, ((15, np.int64(17), np.int64(1), 1), (31, np.int64(15), np.int64(2), 1)): 38.0, ((31, np.int64(21), np.int64(0), 1), (12, np.int64(19), np.int64(1), 1)): 38.0, ((12, np.int64(19), np.int64(1), 1), (15, np.int64(17), np.int64(2), 1)): 38.0, ((15, np.int64(17), np.int64(2), 1), (31, np.int64(15), np.int64(3), 1)): 38.0, ((31, np.int64(15), np.int64(3), 1), (31, np.int64(15), 35, 1)): 38.0, ((31, np.int64(24), np.int64(0), 1), (30, np.int64(14), np.int64(2), 1)): 38.0, ((30, np.int64(14), np.int64(2), 1), (31, np.int64(7), np.int64(4), 0)): 38.0, ((31, np.int64(7), np.int64(4), 0), (31, np.int64(7), 35, 0)): 38.0, ((31, np.int64(24), np.int64(0), 1), (15, np.int64(20), np.int64(1), 1)): 38.0, ((15, np.int64(20), np.int64(1), 1), (31, np.int64(18), np.int64(2), 1)): 38.0, ((31, np.int64(18), np.int64(2), 1), (31, np.int64(18), 35, 1)): 38.0, ((31, np.int64(24), np.int64(0), 1), (12, np.int64(22), np.int64(1), 1)): 38.0, ((12, np.int64(22), np.int64(1), 1), (31, np.int64(21), np.int64(2), 1)): 38.0, ((31, np.int64(21), np.int64(2), 1), (31, np.int64(21), 35, 1)): 38.0, ((31, np.int64(25), np.int64(0), 1), (30, np.int64(15), np.int64(2), 1)): 38.0, ((30, np.int64(15), np.int64(2), 1), (31, np.int64(8), np.int64(4), 0)): 38.0, ((31, np.int64(8), np.int64(4), 0), (31, np.int64(8), 35, 0)): 38.0, ((31, np.int64(25), np.int64(0), 1), (12, np.int64(23), np.int64(1), 1)): 38.0, ((12, np.int64(23), np.int64(1), 1), (31, np.int64(22), np.int64(2), 1)): 38.0, ((31, np.int64(22), np.int64(2), 1), (31, np.int64(22), 35, 1)): 38.0, ((31, np.int64(25), np.int64(0), 1), (15, np.int64(21), np.int64(1), 1)): 38.0, ((15, np.int64(21), np.int64(1), 1), (12, np.int64(19), np.int64(2), 1)): 38.0, ((12, np.int64(19), np.int64(2), 1), (31, np.int64(18), np.int64(3), 1)): 38.0, ((31, np.int64(18), np.int64(3), 1), (31, np.int64(18), 35, 1)): 38.0, ((31, np.int64(27), np.int64(0), 1), (30, np.int64(17), np.int64(2), 1)): 38.0, ((30, np.int64(17), np.int64(2), 1), (31, np.int64(10), np.int64(4), 1)): 38.0, ((31, np.int64(10), np.int64(4), 1), (31, np.int64(10), 35, 1)): 38.0, ((31, np.int64(27), np.int64(0), 1), (15, np.int64(23), np.int64(1), 1)): 38.0, ((15, np.int64(23), np.int64(1), 1), (12, np.int64(21), np.int64(2), 1)): 38.0, ((12, np.int64(21), np.int64(2), 1), (31, np.int64(20), np.int64(3), 1)): 38.0, ((31, np.int64(20), np.int64(3), 1), (31, np.int64(20), 35, 1)): 38.0, ((31, np.int64(29), np.int64(0), 1), (30, np.int64(19), np.int64(2), 1)): 38.0, ((30, np.int64(19), np.int64(2), 1), (15, np.int64(10), np.int64(4), 1)): 38.0, ((15, np.int64(10), np.int64(4), 1), (31, np.int64(8), np.int64(5), 0)): 38.0, ((31, np.int64(8), np.int64(5), 0), (31, np.int64(8), 35, 0)): 38.0, ((31, np.int64(29), np.int64(0), 1), (15, np.int64(25), np.int64(1), 1)): 38.0, ((15, np.int64(25), np.int64(1), 1), (30, np.int64(16), np.int64(3), 1)): 38.0, ((30, np.int64(16), np.int64(3), 1), (31, np.int64(9), np.int64(5), 0)): 38.0, ((31, np.int64(9), np.int64(5), 0), (31, np.int64(9), 35, 0)): 38.0, ((31, np.int64(29), np.int64(0), 1), (12, np.int64(27), np.int64(1), 1)): 38.0, ((12, np.int64(27), np.int64(1), 1), (31, np.int64(26), np.int64(2), 1)): 38.0, ((31, np.int64(26), np.int64(2), 1), (31, np.int64(26), 35, 1)): 38.0, ((31, np.int64(30), np.int64(0), 1), (15, np.int64(26), np.int64(1), 1)): 38.0, ((15, np.int64(26), np.int64(1), 1), (30, np.int64(17), np.int64(3), 1)): 38.0, ((30, np.int64(17), np.int64(3), 1), (31, np.int64(10), np.int64(5), 1)): 38.0, ((31, np.int64(10), np.int64(5), 1), (31, np.int64(10), 35, 1)): 38.0, ((31, np.int64(30), np.int64(0), 1), (30, np.int64(20), np.int64(2), 1)): 38.0, ((30, np.int64(20), np.int64(2), 1), (31, np.int64(13), np.int64(4), 1)): 38.0, ((31, np.int64(13), np.int64(4), 1), (31, np.int64(13), 35, 1)): 38.0, ((31, np.int64(30), np.int64(0), 1), (12, np.int64(28), np.int64(1), 1)): 38.0, ((12, np.int64(28), np.int64(1), 1), (31, np.int64(27), np.int64(2), 1)): 38.0, ((31, np.int64(27), np.int64(2), 1), (31, np.int64(27), 35, 1)): 38.0, ((31, np.int64(31), np.int64(0), 1), (30, np.int64(21), np.int64(2), 1)): 38.0, ((30, np.int64(21), np.int64(2), 1), (31, np.int64(14), np.int64(4), 1)): 38.0, ((31, np.int64(14), np.int64(4), 1), (31, np.int64(14), 35, 1)): 38.0, ((31, np.int64(31), np.int64(0), 1), (15, np.int64(27), np.int64(1), 1)): 38.0, ((15, np.int64(27), np.int64(1), 1), (12, np.int64(25), np.int64(2), 1)): 38.0, ((12, np.int64(25), np.int64(2), 1), (31, np.int64(24), np.int64(3), 1)): 38.0, ((31, np.int64(24), np.int64(3), 1), (31, np.int64(24), 35, 1)): 38.0, ((31, np.int64(31), np.int64(0), 1), (12, np.int64(29), np.int64(1), 1)): 38.0, ((12, np.int64(29), np.int64(1), 1), (31, np.int64(28), np.int64(2), 1)): 38.0, ((31, np.int64(28), np.int64(2), 1), (31, np.int64(28), 35, 1)): 38.0, ((31, np.int64(32), np.int64(0), 1), (12, np.int64(30), np.int64(1), 1)): 38.0, ((12, np.int64(30), np.int64(1), 1), (6, np.int64(16), np.int64(4), 1)): 38.0, ((6, np.int64(16), np.int64(4), 1), (35, np.int64(13), np.int64(5), 1)): 38.0, ((35, np.int64(13), np.int64(5), 1), (35, np.int64(13), 35, 1)): 38.0, ((31, np.int64(32), np.int64(0), 1), (30, np.int64(22), np.int64(2), 1)): 38.0, ((30, np.int64(22), np.int64(2), 1), (31, np.int64(15), np.int64(4), 1)): 38.0, ((31, np.int64(15), np.int64(4), 1), (31, np.int64(15), 35, 1)): 38.0, ((31, np.int64(32), np.int64(0), 1), (15, np.int64(28), np.int64(1), 1)): 38.0, ((15, np.int64(28), np.int64(1), 1), (12, np.int64(26), np.int64(2), 1)): 38.0, ((12, np.int64(26), np.int64(2), 1), (31, np.int64(25), np.int64(3), 1)): 38.0, ((31, np.int64(25), np.int64(3), 1), (31, np.int64(25), 35, 1)): 38.0, ((31, np.int64(32), np.int64(0), 1), (6, np.int64(13), np.int64(3), 1)): 38.0, ((6, np.int64(13), np.int64(3), 1), (31, np.int64(0), np.int64(6), 0)): 38.0, ((31, np.int64(0), np.int64(6), 0), (31, np.int64(0), 35, 0)): 38.0, ((31, np.int64(35), np.int64(0), 1), (6, np.int64(16), np.int64(3), 1)): 38.0, ((6, np.int64(16), np.int64(3), 1), (35, np.int64(13), np.int64(4), 1)): 38.0, ((35, np.int64(13), np.int64(4), 1), (35, np.int64(13), 35, 1)): 38.0, ((31, np.int64(35), np.int64(0), 1), (15, np.int64(31), np.int64(1), 1)): 38.0, ((15, np.int64(31), np.int64(1), 1), (6, np.int64(17), np.int64(4), 1)): 38.0, ((6, np.int64(17), np.int64(4), 1), (35, np.int64(14), np.int64(5), 1)): 38.0, ((35, np.int64(14), np.int64(5), 1), (35, np.int64(14), 35, 1)): 38.0, ((31, np.int64(35), np.int64(0), 1), (30, np.int64(25), np.int64(2), 1)): 38.0, ((30, np.int64(25), np.int64(2), 1), (31, np.int64(18), np.int64(4), 1)): 38.0, ((31, np.int64(18), np.int64(4), 1), (31, np.int64(18), 35, 1)): 38.0, ((31, np.int64(35), np.int64(0), 1), (12, np.int64(33), np.int64(1), 1)): 38.0, ((12, np.int64(33), np.int64(1), 1), (31, np.int64(32), np.int64(2), 1)): 38.0, ((31, np.int64(32), np.int64(2), 1), (31, np.int64(32), 35, 1)): 38.0, ((31, np.int64(36), np.int64(0), 1), (6, np.int64(17), np.int64(3), 1)): 38.0, ((6, np.int64(17), np.int64(3), 1), (35, np.int64(14), np.int64(4), 1)): 38.0, ((35, np.int64(14), np.int64(4), 1), (35, np.int64(14), 35, 1)): 38.0, ((31, np.int64(36), np.int64(0), 1), (15, np.int64(32), np.int64(1), 1)): 38.0, ((15, np.int64(32), np.int64(1), 1), (6, np.int64(18), np.int64(4), 1)): 38.0, ((6, np.int64(18), np.int64(4), 1), (35, np.int64(15), np.int64(5), 1)): 38.0, ((35, np.int64(15), np.int64(5), 1), (35, np.int64(15), 35, 1)): 38.0, ((31, np.int64(36), np.int64(0), 1), (30, np.int64(26), np.int64(2), 1)): 38.0, ((30, np.int64(26), np.int64(2), 1), (31, np.int64(19), np.int64(4), 1)): 38.0, ((31, np.int64(19), np.int64(4), 1), (31, np.int64(19), 35, 1)): 38.0, ((31, np.int64(36), np.int64(0), 1), (12, np.int64(34), np.int64(1), 1)): 38.0, ((12, np.int64(34), np.int64(1), 1), (31, np.int64(33), np.int64(2), 1)): 38.0, ((31, np.int64(33), np.int64(2), 1), (31, np.int64(33), 35, 1)): 38.0, ((31, np.int64(38), np.int64(0), 1), (6, np.int64(19), np.int64(3), 1)): 38.0, ((6, np.int64(19), np.int64(3), 1), (35, np.int64(16), np.int64(4), 1)): 38.0, ((35, np.int64(16), np.int64(4), 1), (35, np.int64(16), 35, 1)): 38.0, ((31, np.int64(38), np.int64(0), 1), (12, np.int64(36), np.int64(1), 1)): 38.0, ((12, np.int64(36), np.int64(1), 1), (6, np.int64(22), np.int64(4), 1)): 38.0, ((6, np.int64(22), np.int64(4), 1), (31, np.int64(9), np.int64(7), 0)): 38.0, ((31, np.int64(9), np.int64(7), 0), (31, np.int64(9), 35, 0)): 38.0, ((31, np.int64(38), np.int64(0), 1), (30, np.int64(28), np.int64(2), 1)): 38.0, ((30, np.int64(28), np.int64(2), 1), (12, np.int64(21), np.int64(4), 1)): 38.0, ((12, np.int64(21), np.int64(4), 1), (31, np.int64(20), np.int64(5), 1)): 38.0, ((31, np.int64(20), np.int64(5), 1), (31, np.int64(20), 35, 1)): 38.0, ((31, np.int64(38), np.int64(0), 1), (15, np.int64(34), np.int64(1), 1)): 38.0, ((15, np.int64(34), np.int64(1), 1), (12, np.int64(32), np.int64(2), 1)): 38.0, ((12, np.int64(32), np.int64(2), 1), (31, np.int64(31), np.int64(3), 1)): 38.0, ((31, np.int64(31), np.int64(3), 1), (31, np.int64(31), 35, 1)): 38.0, ((31, np.int64(39), np.int64(0), 1), (6, np.int64(20), np.int64(3), 1)): 38.0, ((6, np.int64(20), np.int64(3), 1), (35, np.int64(17), np.int64(4), 1)): 38.0, ((35, np.int64(17), np.int64(4), 1), (35, np.int64(17), 35, 1)): 38.0, ((31, np.int64(39), np.int64(0), 1), (12, np.int64(37), np.int64(1), 1)): 38.0, ((12, np.int64(37), np.int64(1), 1), (6, np.int64(23), np.int64(4), 1)): 38.0, ((6, np.int64(23), np.int64(4), 1), (31, np.int64(10), np.int64(7), 1)): 76.0, ((31, np.int64(10), np.int64(7), 1), (31, np.int64(10), 35, 1)): 76.0, ((31, np.int64(39), np.int64(0), 1), (30, np.int64(29), np.int64(2), 1)): 38.0, ((30, np.int64(29), np.int64(2), 1), (12, np.int64(22), np.int64(4), 1)): 38.0, ((12, np.int64(22), np.int64(4), 1), (31, np.int64(21), np.int64(5), 1)): 38.0, ((31, np.int64(21), np.int64(5), 1), (31, np.int64(21), 35, 1)): 38.0, ((31, np.int64(39), np.int64(0), 1), (15, np.int64(35), np.int64(1), 1)): 38.0, ((15, np.int64(35), np.int64(1), 1), (12, np.int64(33), np.int64(2), 1)): 38.0, ((12, np.int64(33), np.int64(2), 1), (31, np.int64(32), np.int64(3), 1)): 38.0, ((31, np.int64(32), np.int64(3), 1), (31, np.int64(32), 35, 1)): 38.0, ((31, np.int64(40), np.int64(0), 2), (6, np.int64(21), np.int64(3), 1)): 38.0, ((6, np.int64(21), np.int64(3), 1), (31, np.int64(8), np.int64(6), 0)): 38.0, ((31, np.int64(8), np.int64(6), 0), (31, np.int64(8), 35, 0)): 76.0, ((31, np.int64(40), np.int64(0), 2), (30, np.int64(30), np.int64(2), 1)): 38.0, ((30, np.int64(30), np.int64(2), 1), (12, np.int64(23), np.int64(4), 1)): 38.0, ((12, np.int64(23), np.int64(4), 1), (31, np.int64(22), np.int64(5), 1)): 38.0, ((31, np.int64(22), np.int64(5), 1), (31, np.int64(22), 35, 1)): 38.0, ((31, np.int64(40), np.int64(0), 2), (15, np.int64(36), np.int64(1), 1)): 38.0, ((15, np.int64(36), np.int64(1), 1), (12, np.int64(34), np.int64(2), 1)): 38.0, ((12, np.int64(34), np.int64(2), 1), (31, np.int64(33), np.int64(3), 1)): 38.0, ((31, np.int64(33), np.int64(3), 1), (31, np.int64(33), 35, 1)): 38.0, ((31, np.int64(40), np.int64(0), 2), (12, np.int64(38), np.int64(1), 1)): 38.0, ((12, np.int64(38), np.int64(1), 1), (31, np.int64(37), np.int64(2), 1)): 38.0, ((31, np.int64(37), np.int64(2), 1), (31, np.int64(37), 35, 1)): 38.0, ((31, np.int64(41), np.int64(0), 2), (35, np.int64(16), np.int64(3), 1)): 38.0, ((35, np.int64(16), np.int64(3), 1), (35, np.int64(16), 35, 1)): 38.0, ((31, np.int64(41), np.int64(0), 2), (6, np.int64(22), np.int64(3), 1)): 38.0, ((6, np.int64(22), np.int64(3), 1), (31, np.int64(9), np.int64(6), 0)): 38.0, ((31, np.int64(9), np.int64(6), 0), (31, np.int64(9), 35, 0)): 76.0, ((31, np.int64(41), np.int64(0), 2), (15, np.int64(37), np.int64(1), 1)): 38.0, ((15, np.int64(37), np.int64(1), 1), (6, np.int64(23), np.int64(4), 1)): 38.0, ((31, np.int64(41), np.int64(0), 2), (30, np.int64(31), np.int64(2), 1)): 38.0, ((30, np.int64(31), np.int64(2), 1), (15, np.int64(22), np.int64(4), 1)): 38.0, ((15, np.int64(22), np.int64(4), 1), (12, np.int64(20), np.int64(5), 1)): 38.0, ((12, np.int64(20), np.int64(5), 1), (31, np.int64(19), np.int64(6), 1)): 38.0, ((31, np.int64(19), np.int64(6), 1), (31, np.int64(19), 35, 1)): 38.0, ((31, np.int64(41), np.int64(0), 2), (12, np.int64(39), np.int64(1), 1)): 38.0, ((12, np.int64(39), np.int64(1), 1), (31, np.int64(38), np.int64(2), 1)): 38.0, ((31, np.int64(38), np.int64(2), 1), (31, np.int64(38), 35, 1)): 76.0, ((31, np.int64(44), np.int64(0), 2), (35, np.int64(19), np.int64(3), 1)): 38.0, ((35, np.int64(19), np.int64(3), 1), (15, np.int64(1), np.int64(7), 0)): 38.0, ((15, np.int64(1), np.int64(7), 0), (15, np.int64(1), 35, 0)): 38.0, ((31, np.int64(44), np.int64(0), 2), (6, np.int64(25), np.int64(3), 1)): 38.0, ((6, np.int64(25), np.int64(3), 1), (31, np.int64(12), np.int64(6), 1)): 38.0, ((31, np.int64(12), np.int64(6), 1), (31, np.int64(12), 35, 1)): 38.0, ((31, np.int64(44), np.int64(0), 2), (30, np.int64(34), np.int64(2), 1)): 38.0, ((30, np.int64(34), np.int64(2), 1), (12, np.int64(27), np.int64(4), 1)): 38.0, ((12, np.int64(27), np.int64(4), 1), (31, np.int64(26), np.int64(5), 1)): 38.0, ((31, np.int64(26), np.int64(5), 1), (31, np.int64(26), 35, 1)): 38.0, ((31, np.int64(44), np.int64(0), 2), (15, np.int64(40), np.int64(1), 2)): 38.0, ((15, np.int64(40), np.int64(1), 2), (31, np.int64(38), np.int64(2), 1)): 38.0, ((31, np.int64(44), np.int64(0), 2), (12, np.int64(42), np.int64(1), 2)): 38.0, ((12, np.int64(42), np.int64(1), 2), (31, np.int64(41), np.int64(2), 2)): 38.0, ((31, np.int64(41), np.int64(2), 2), (31, np.int64(41), 35, 2)): 38.0, ((31, np.int64(45), np.int64(0), 2), (35, np.int64(20), np.int64(3), 1)): 38.0, ((35, np.int64(20), np.int64(3), 1), (15, np.int64(2), np.int64(7), 0)): 38.0, ((15, np.int64(2), np.int64(7), 0), (12, np.int64(0), np.int64(8), 0)): 38.0, ((12, np.int64(0), np.int64(8), 0), (12, np.int64(0), 35, 0)): 38.0, ((31, np.int64(45), np.int64(0), 2), (6, np.int64(26), np.int64(3), 1)): 38.0, ((6, np.int64(26), np.int64(3), 1), (31, np.int64(13), np.int64(6), 1)): 38.0, ((31, np.int64(13), np.int64(6), 1), (31, np.int64(13), 35, 1)): 76.0, ((31, np.int64(45), np.int64(0), 2), (30, np.int64(35), np.int64(2), 1)): 38.0, ((30, np.int64(35), np.int64(2), 1), (12, np.int64(28), np.int64(4), 1)): 38.0, ((12, np.int64(28), np.int64(4), 1), (31, np.int64(27), np.int64(5), 1)): 38.0, ((31, np.int64(27), np.int64(5), 1), (31, np.int64(27), 35, 1)): 38.0, ((31, np.int64(45), np.int64(0), 2), (12, np.int64(43), np.int64(1), 2)): 38.0, ((12, np.int64(43), np.int64(1), 2), (31, np.int64(42), np.int64(2), 2)): 38.0, ((31, np.int64(42), np.int64(2), 2), (31, np.int64(42), 35, 2)): 38.0, ((31, np.int64(47), np.int64(0), 2), (3, np.int64(19), np.int64(4), 1)): 38.0, ((3, np.int64(19), np.int64(4), 1), (31, np.int64(0), np.int64(8), 0)): 38.0, ((31, np.int64(0), np.int64(8), 0), (31, np.int64(0), 35, 0)): 38.0, ((31, np.int64(47), np.int64(0), 2), (35, np.int64(22), np.int64(3), 1)): 38.0, ((35, np.int64(22), np.int64(3), 1), (15, np.int64(4), np.int64(7), 0)): 38.0, ((15, np.int64(4), np.int64(7), 0), (12, np.int64(2), np.int64(8), 0)): 38.0, ((12, np.int64(2), np.int64(8), 0), (31, np.int64(1), np.int64(9), 0)): 38.0, ((31, np.int64(1), np.int64(9), 0), (31, np.int64(1), 35, 0)): 38.0, ((31, np.int64(47), np.int64(0), 2), (6, np.int64(28), np.int64(3), 1)): 38.0, ((6, np.int64(28), np.int64(3), 1), (15, np.int64(14), np.int64(6), 1)): 38.0, ((15, np.int64(14), np.int64(6), 1), (31, np.int64(12), np.int64(7), 1)): 38.0, ((31, np.int64(12), np.int64(7), 1), (31, np.int64(12), 35, 1)): 38.0, ((31, np.int64(47), np.int64(0), 2), (12, np.int64(45), np.int64(1), 2)): 38.0, ((12, np.int64(45), np.int64(1), 2), (6, np.int64(31), np.int64(4), 1)): 38.0, ((6, np.int64(31), np.int64(4), 1), (12, np.int64(17), np.int64(7), 1)): 76.0, ((12, np.int64(17), np.int64(7), 1), (31, np.int64(16), np.int64(8), 1)): 76.0, ((31, np.int64(16), np.int64(8), 1), (31, np.int64(16), 35, 1)): 76.0, ((31, np.int64(47), np.int64(0), 2), (30, np.int64(37), np.int64(2), 1)): 38.0, ((30, np.int64(37), np.int64(2), 1), (12, np.int64(30), np.int64(4), 1)): 38.0, ((12, np.int64(30), np.int64(4), 1), (31, np.int64(29), np.int64(5), 1)): 38.0, ((31, np.int64(29), np.int64(5), 1), (31, np.int64(29), 35, 1)): 38.0, ((31, np.int64(47), np.int64(0), 2), (15, np.int64(43), np.int64(1), 2)): 38.0, ((15, np.int64(43), np.int64(1), 2), (12, np.int64(41), np.int64(2), 2)): 38.0, ((12, np.int64(41), np.int64(2), 2), (31, np.int64(40), np.int64(3), 2)): 38.0, ((31, np.int64(40), np.int64(3), 2), (31, np.int64(40), 35, 2)): 38.0, ((31, np.int64(49), np.int64(0), 2), (3, np.int64(21), np.int64(4), 1)): 38.0, ((3, np.int64(21), np.int64(4), 1), (31, np.int64(2), np.int64(8), 0)): 38.0, ((31, np.int64(2), np.int64(8), 0), (31, np.int64(2), 35, 0)): 38.0, ((31, np.int64(49), np.int64(0), 2), (35, np.int64(24), np.int64(3), 1)): 38.0, ((35, np.int64(24), np.int64(3), 1), (31, np.int64(7), np.int64(6), 0)): 38.0, ((31, np.int64(7), np.int64(6), 0), (31, np.int64(7), 35, 0)): 38.0, ((31, np.int64(49), np.int64(0), 2), (6, np.int64(30), np.int64(3), 1)): 38.0, ((6, np.int64(30), np.int64(3), 1), (12, np.int64(16), np.int64(6), 1)): 38.0, ((12, np.int64(16), np.int64(6), 1), (31, np.int64(15), np.int64(7), 1)): 38.0, ((31, np.int64(15), np.int64(7), 1), (31, np.int64(15), 35, 1)): 38.0, ((31, np.int64(49), np.int64(0), 2), (15, np.int64(45), np.int64(1), 2)): 38.0, ((15, np.int64(45), np.int64(1), 2), (6, np.int64(31), np.int64(4), 1)): 38.0, ((31, np.int64(49), np.int64(0), 2), (30, np.int64(39), np.int64(2), 1)): 38.0, ((30, np.int64(39), np.int64(2), 1), (12, np.int64(32), np.int64(4), 1)): 38.0, ((12, np.int64(32), np.int64(4), 1), (31, np.int64(31), np.int64(5), 1)): 38.0, ((31, np.int64(31), np.int64(5), 1), (31, np.int64(31), 35, 1)): 38.0, ((31, np.int64(49), np.int64(0), 2), (12, np.int64(47), np.int64(1), 2)): 38.0, ((12, np.int64(47), np.int64(1), 2), (31, np.int64(46), np.int64(2), 2)): 38.0, ((31, np.int64(46), np.int64(2), 2), (31, np.int64(46), 35, 2)): 38.0, ((31, np.int64(50), np.int64(0), 2), (3, np.int64(22), np.int64(4), 1)): 38.0, ((3, np.int64(22), np.int64(4), 1), (31, np.int64(3), np.int64(8), 0)): 38.0, ((31, np.int64(3), np.int64(8), 0), (31, np.int64(3), 35, 0)): 38.0, ((31, np.int64(50), np.int64(0), 2), (35, np.int64(25), np.int64(3), 1)): 38.0, ((35, np.int64(25), np.int64(3), 1), (31, np.int64(8), np.int64(6), 0)): 38.0, ((31, np.int64(50), np.int64(0), 2), (6, np.int64(31), np.int64(3), 1)): 38.0, ((6, np.int64(31), np.int64(3), 1), (12, np.int64(17), np.int64(6), 1)): 38.0, ((12, np.int64(17), np.int64(6), 1), (31, np.int64(16), np.int64(7), 1)): 38.0, ((31, np.int64(16), np.int64(7), 1), (31, np.int64(16), 35, 1)): 38.0, ((31, np.int64(50), np.int64(0), 2), (15, np.int64(46), np.int64(1), 2)): 38.0, ((15, np.int64(46), np.int64(1), 2), (6, np.int64(32), np.int64(4), 1)): 38.0, ((6, np.int64(32), np.int64(4), 1), (12, np.int64(18), np.int64(7), 1)): 38.0, ((12, np.int64(18), np.int64(7), 1), (31, np.int64(17), np.int64(8), 1)): 38.0, ((31, np.int64(17), np.int64(8), 1), (31, np.int64(17), 35, 1)): 38.0, ((31, np.int64(50), np.int64(0), 2), (30, np.int64(40), np.int64(2), 2)): 38.0, ((30, np.int64(40), np.int64(2), 2), (31, np.int64(33), np.int64(4), 1)): 38.0, ((31, np.int64(33), np.int64(4), 1), (31, np.int64(33), 35, 1)): 38.0, ((31, np.int64(50), np.int64(0), 2), (12, np.int64(48), np.int64(1), 2)): 38.0, ((12, np.int64(48), np.int64(1), 2), (31, np.int64(47), np.int64(2), 2)): 38.0, ((31, np.int64(47), np.int64(2), 2), (31, np.int64(47), 35, 2)): 38.0, ((31, np.int64(51), np.int64(0), 2), (3, np.int64(23), np.int64(4), 1)): 38.0, ((3, np.int64(23), np.int64(4), 1), (31, np.int64(4), np.int64(8), 0)): 38.0, ((31, np.int64(4), np.int64(8), 0), (31, np.int64(4), 35, 0)): 38.0, ((31, np.int64(51), np.int64(0), 2), (30, np.int64(41), np.int64(2), 2)): 38.0, ((30, np.int64(41), np.int64(2), 2), (35, np.int64(19), np.int64(6), 1)): 38.0, ((35, np.int64(19), np.int64(6), 1), (15, np.int64(1), np.int64(10), 0)): 38.0, ((15, np.int64(1), np.int64(10), 0), (15, np.int64(1), 35, 0)): 38.0, ((31, np.int64(51), np.int64(0), 2), (35, np.int64(26), np.int64(3), 1)): 38.0, ((35, np.int64(26), np.int64(3), 1), (31, np.int64(9), np.int64(6), 0)): 38.0, ((31, np.int64(51), np.int64(0), 2), (6, np.int64(32), np.int64(3), 1)): 38.0, ((6, np.int64(32), np.int64(3), 1), (12, np.int64(18), np.int64(6), 1)): 38.0, ((12, np.int64(18), np.int64(6), 1), (31, np.int64(17), np.int64(7), 1)): 38.0, ((31, np.int64(17), np.int64(7), 1), (31, np.int64(17), 35, 1)): 38.0, ((31, np.int64(51), np.int64(0), 2), (15, np.int64(47), np.int64(1), 2)): 38.0, ((15, np.int64(47), np.int64(1), 2), (12, np.int64(45), np.int64(2), 2)): 38.0, ((12, np.int64(45), np.int64(2), 2), (31, np.int64(44), np.int64(3), 2)): 38.0, ((31, np.int64(44), np.int64(3), 2), (31, np.int64(44), 35, 2)): 38.0, ((31, np.int64(51), np.int64(0), 2), (12, np.int64(49), np.int64(1), 2)): 38.0, ((12, np.int64(49), np.int64(1), 2), (31, np.int64(48), np.int64(2), 2)): 38.0, ((31, np.int64(48), np.int64(2), 2), (31, np.int64(48), 35, 2)): 38.0, ((31, np.int64(52), np.int64(0), 2), (3, np.int64(24), np.int64(4), 1)): 38.0, ((3, np.int64(24), np.int64(4), 1), (31, np.int64(5), np.int64(8), 0)): 38.0, ((31, np.int64(5), np.int64(8), 0), (31, np.int64(5), 35, 0)): 38.0, ((31, np.int64(52), np.int64(0), 2), (35, np.int64(27), np.int64(3), 1)): 38.0, ((35, np.int64(27), np.int64(3), 1), (31, np.int64(10), np.int64(6), 1)): 38.0, ((31, np.int64(10), np.int64(6), 1), (31, np.int64(10), 35, 1)): 38.0, ((31, np.int64(52), np.int64(0), 2), (12, np.int64(50), np.int64(1), 2)): 38.0, ((12, np.int64(50), np.int64(1), 2), (35, np.int64(32), np.int64(5), 1)): 38.0, ((35, np.int64(32), np.int64(5), 1), (15, np.int64(14), np.int64(9), 1)): 38.0, ((15, np.int64(14), np.int64(9), 1), (31, np.int64(12), np.int64(10), 1)): 38.0, ((31, np.int64(12), np.int64(10), 1), (31, np.int64(12), 35, 1)): 76.0, ((31, np.int64(52), np.int64(0), 2), (6, np.int64(33), np.int64(3), 1)): 38.0, ((6, np.int64(33), np.int64(3), 1), (12, np.int64(19), np.int64(6), 1)): 38.0, ((12, np.int64(19), np.int64(6), 1), (31, np.int64(18), np.int64(7), 1)): 38.0, ((31, np.int64(18), np.int64(7), 1), (31, np.int64(18), 35, 1)): 38.0, ((31, np.int64(52), np.int64(0), 2), (30, np.int64(42), np.int64(2), 2)): 38.0, ((30, np.int64(42), np.int64(2), 2), (31, np.int64(35), np.int64(4), 1)): 38.0, ((31, np.int64(35), np.int64(4), 1), (31, np.int64(35), 35, 1)): 38.0, ((31, np.int64(52), np.int64(0), 2), (15, np.int64(48), np.int64(1), 2)): 38.0, ((15, np.int64(48), np.int64(1), 2), (12, np.int64(46), np.int64(2), 2)): 38.0, ((12, np.int64(46), np.int64(2), 2), (31, np.int64(45), np.int64(3), 2)): 38.0, ((31, np.int64(45), np.int64(3), 2), (31, np.int64(45), 35, 2)): 38.0, ((31, np.int64(55), np.int64(0), 2), (3, np.int64(27), np.int64(4), 1)): 38.0, ((3, np.int64(27), np.int64(4), 1), (31, np.int64(8), np.int64(8), 0)): 38.0, ((31, np.int64(8), np.int64(8), 0), (31, np.int64(8), 35, 0)): 38.0, ((31, np.int64(55), np.int64(0), 2), (35, np.int64(30), np.int64(3), 1)): 38.0, ((35, np.int64(30), np.int64(3), 1), (31, np.int64(13), np.int64(6), 1)): 38.0, ((31, np.int64(55), np.int64(0), 2), (6, np.int64(36), np.int64(3), 1)): 38.0, ((6, np.int64(36), np.int64(3), 1), (35, np.int64(33), np.int64(4), 1)): 38.0, ((35, np.int64(33), np.int64(4), 1), (15, np.int64(15), np.int64(8), 1)): 38.0, ((15, np.int64(15), np.int64(8), 1), (12, np.int64(13), np.int64(9), 1)): 38.0, ((12, np.int64(13), np.int64(9), 1), (31, np.int64(12), np.int64(10), 1)): 38.0, ((31, np.int64(55), np.int64(0), 2), (12, np.int64(53), np.int64(1), 2)): 38.0, ((12, np.int64(53), np.int64(1), 2), (6, np.int64(39), np.int64(4), 1)): 38.0, ((6, np.int64(39), np.int64(4), 1), (35, np.int64(36), np.int64(5), 1)): 38.0, ((35, np.int64(36), np.int64(5), 1), (15, np.int64(18), np.int64(9), 1)): 38.0, ((15, np.int64(18), np.int64(9), 1), (12, np.int64(16), np.int64(10), 1)): 38.0, ((12, np.int64(16), np.int64(10), 1), (31, np.int64(15), np.int64(11), 1)): 38.0, ((31, np.int64(15), np.int64(11), 1), (31, np.int64(15), 35, 1)): 38.0, ((31, np.int64(55), np.int64(0), 2), (30, np.int64(45), np.int64(2), 2)): 38.0, ((30, np.int64(45), np.int64(2), 2), (31, np.int64(38), np.int64(4), 1)): 38.0, ((31, np.int64(38), np.int64(4), 1), (31, np.int64(38), 35, 1)): 38.0, ((31, np.int64(59), np.int64(0), 2), (30, np.int64(49), np.int64(2), 2)): 38.0, ((30, np.int64(49), np.int64(2), 2), (35, np.int64(27), np.int64(6), 1)): 38.0, ((35, np.int64(27), np.int64(6), 1), (31, np.int64(10), np.int64(9), 1)): 38.0, ((31, np.int64(10), np.int64(9), 1), (31, np.int64(10), 35, 1)): 38.0, ((31, np.int64(59), np.int64(0), 2), (3, np.int64(31), np.int64(4), 1)): 38.0, ((3, np.int64(31), np.int64(4), 1), (31, np.int64(12), np.int64(8), 1)): 38.0, ((31, np.int64(12), np.int64(8), 1), (31, np.int64(12), 35, 1)): 38.0, ((31, np.int64(59), np.int64(0), 2), (35, np.int64(34), np.int64(3), 1)): 38.0, ((35, np.int64(34), np.int64(3), 1), (31, np.int64(17), np.int64(6), 1)): 38.0, ((31, np.int64(17), np.int64(6), 1), (31, np.int64(17), 35, 1)): 38.0, ((31, np.int64(59), np.int64(0), 2), (6, np.int64(40), np.int64(3), 2)): 38.0, ((6, np.int64(40), np.int64(3), 2), (35, np.int64(37), np.int64(4), 1)): 38.0, ((35, np.int64(37), np.int64(4), 1), (15, np.int64(19), np.int64(8), 1)): 38.0, ((15, np.int64(19), np.int64(8), 1), (12, np.int64(17), np.int64(9), 1)): 38.0, ((12, np.int64(17), np.int64(9), 1), (31, np.int64(16), np.int64(10), 1)): 38.0, ((31, np.int64(16), np.int64(10), 1), (31, np.int64(16), 35, 1)): 38.0, ((31, np.int64(59), np.int64(0), 2), (12, np.int64(57), np.int64(1), 2)): 38.0, ((12, np.int64(57), np.int64(1), 2), (31, np.int64(56), np.int64(2), 2)): 38.0, ((31, np.int64(56), np.int64(2), 2), (31, np.int64(56), 35, 2)): 38.0, ((31, np.int64(59), np.int64(0), 2), (15, np.int64(55), np.int64(1), 2)): 38.0, ((15, np.int64(55), np.int64(1), 2), (12, np.int64(53), np.int64(2), 2)): 38.0, ((12, np.int64(53), np.int64(2), 2), (31, np.int64(52), np.int64(3), 2)): 38.0, ((31, np.int64(52), np.int64(3), 2), (31, np.int64(52), 35, 2)): 38.0, ((31, np.int64(61), np.int64(0), 2), (30, np.int64(51), np.int64(2), 2)): 38.0, ((30, np.int64(51), np.int64(2), 2), (35, np.int64(29), np.int64(6), 1)): 38.0, ((35, np.int64(29), np.int64(6), 1), (31, np.int64(12), np.int64(9), 1)): 38.0, ((31, np.int64(12), np.int64(9), 1), (31, np.int64(12), 35, 1)): 38.0, ((31, np.int64(61), np.int64(0), 2), (3, np.int64(33), np.int64(4), 1)): 38.0, ((3, np.int64(33), np.int64(4), 1), (31, np.int64(14), np.int64(8), 1)): 38.0, ((31, np.int64(14), np.int64(8), 1), (31, np.int64(14), 35, 1)): 38.0, ((31, np.int64(61), np.int64(0), 2), (35, np.int64(36), np.int64(3), 1)): 38.0, ((35, np.int64(36), np.int64(3), 1), (15, np.int64(18), np.int64(7), 1)): 38.0, ((15, np.int64(18), np.int64(7), 1), (12, np.int64(16), np.int64(8), 1)): 38.0, ((12, np.int64(16), np.int64(8), 1), (31, np.int64(15), np.int64(9), 1)): 38.0, ((31, np.int64(15), np.int64(9), 1), (31, np.int64(15), 35, 1)): 38.0, ((31, np.int64(61), np.int64(0), 2), (6, np.int64(42), np.int64(3), 2)): 38.0, ((6, np.int64(42), np.int64(3), 2), (35, np.int64(39), np.int64(4), 1)): 38.0, ((35, np.int64(39), np.int64(4), 1), (12, np.int64(21), np.int64(8), 1)): 38.0, ((12, np.int64(21), np.int64(8), 1), (31, np.int64(20), np.int64(9), 1)): 38.0, ((31, np.int64(20), np.int64(9), 1), (31, np.int64(20), 35, 1)): 38.0, ((31, np.int64(61), np.int64(0), 2), (15, np.int64(57), np.int64(1), 2)): 38.0, ((15, np.int64(57), np.int64(1), 2), (12, np.int64(55), np.int64(2), 2)): 38.0, ((12, np.int64(55), np.int64(2), 2), (31, np.int64(54), np.int64(3), 2)): 38.0, ((31, np.int64(54), np.int64(3), 2), (31, np.int64(54), 35, 2)): 38.0, ((31, np.int64(70), np.int64(0), 2), (3, np.int64(42), np.int64(4), 2)): 38.0, ((3, np.int64(42), np.int64(4), 2), (31, np.int64(23), np.int64(8), 1)): 38.0, ((31, np.int64(23), np.int64(8), 1), (31, np.int64(23), 35, 1)): 38.0, ((31, np.int64(70), np.int64(0), 2), (35, np.int64(45), np.int64(3), 2)): 38.0, ((35, np.int64(45), np.int64(3), 2), (12, np.int64(27), np.int64(7), 1)): 38.0, ((12, np.int64(27), np.int64(7), 1), (31, np.int64(26), np.int64(8), 1)): 38.0, ((31, np.int64(26), np.int64(8), 1), (31, np.int64(26), 35, 1)): 38.0, ((31, np.int64(70), np.int64(0), 2), (30, np.int64(60), np.int64(2), 2)): 38.0, ((30, np.int64(60), np.int64(2), 2), (6, np.int64(42), np.int64(6), 2)): 38.0, ((6, np.int64(42), np.int64(6), 2), (35, np.int64(39), np.int64(7), 1)): 38.0, ((35, np.int64(39), np.int64(7), 1), (12, np.int64(21), np.int64(11), 1)): 38.0, ((12, np.int64(21), np.int64(11), 1), (31, np.int64(20), np.int64(12), 1)): 38.0, ((31, np.int64(20), np.int64(12), 1), (31, np.int64(20), 35, 1)): 38.0, ((31, np.int64(70), np.int64(0), 2), (6, np.int64(51), np.int64(3), 2)): 38.0, ((6, np.int64(51), np.int64(3), 2), (15, np.int64(37), np.int64(6), 1)): 38.0, ((15, np.int64(37), np.int64(6), 1), (31, np.int64(35), np.int64(7), 1)): 38.0, ((31, np.int64(35), np.int64(7), 1), (31, np.int64(35), 35, 1)): 38.0, ((31, np.int64(70), np.int64(0), 2), (15, np.int64(66), np.int64(1), 2)): 38.0, ((15, np.int64(66), np.int64(1), 2), (30, np.int64(57), np.int64(3), 2)): 38.0, ((30, np.int64(57), np.int64(3), 2), (12, np.int64(50), np.int64(5), 2)): 38.0, ((12, np.int64(50), np.int64(5), 2), (31, np.int64(49), np.int64(6), 2)): 38.0, ((31, np.int64(49), np.int64(6), 2), (31, np.int64(49), 35, 2)): 76.0, ((31, np.int64(70), np.int64(0), 2), (12, np.int64(68), np.int64(1), 2)): 38.0, ((12, np.int64(68), np.int64(1), 2), (12, np.int64(68), np.int64(6), 2)): 38.0, ((12, np.int64(68), np.int64(6), 2), (31, np.int64(67), np.int64(7), 2)): 38.0, ((31, np.int64(67), np.int64(7), 2), (31, np.int64(67), np.int64(12), 2)): 38.0, ((31, np.int64(67), np.int64(12), 2), (12, np.int64(66), np.int64(13), 2)): 38.0, ((12, np.int64(66), np.int64(13), 2), (32, np.int64(24), np.int64(18), 1)): 38.0, ((32, np.int64(24), np.int64(18), 1), (32, np.int64(24), 35, 1)): 38.0, ((31, np.int64(70), np.int64(0), 2), (31, np.int64(70), np.int64(1), 2)): 62048.0, ((31, np.int64(70), np.int64(1), 2), (12, np.int64(69), np.int64(2), 2)): 62048.0, ((12, np.int64(69), np.int64(2), 2), (12, np.int64(69), np.int64(7), 2)): 62048.0, ((12, np.int64(69), np.int64(7), 2), (31, np.int64(68), np.int64(8), 2)): 62048.0, ((31, np.int64(68), np.int64(8), 2), (31, np.int64(68), np.int64(13), 2)): 62048.0, ((31, np.int64(68), np.int64(13), 2), (12, np.int64(67), np.int64(14), 2)): 54644.0, ((12, np.int64(67), np.int64(14), 2), (32, np.int64(25), np.int64(19), 1)): 54644.0, ((32, np.int64(25), np.int64(19), 1), (32, np.int64(25), 35, 1)): 54644.0, ((31, np.int64(68), np.int64(13), 2), (15, np.int64(66), np.int64(14), 2)): 7404.0, ((15, np.int64(66), np.int64(14), 2), (15, np.int64(66), np.int64(19), 2)): 7404.0, ((15, np.int64(66), np.int64(19), 2), (31, np.int64(64), np.int64(20), 2)): 7404.0, ((31, np.int64(64), np.int64(20), 2), (12, np.int64(63), np.int64(21), 2)): 7404.0, ((12, np.int64(63), np.int64(21), 2), (32, np.int64(21), np.int64(26), 1)): 5157.0, ((32, np.int64(21), np.int64(26), 1), (32, np.int64(21), 35, 1)): 5157.0, ((12, np.int64(63), np.int64(21), 2), (12, np.int64(63), np.int64(26), 2)): 2247.0, ((12, np.int64(63), np.int64(26), 2), (32, np.int64(21), np.int64(31), 1)): 2247.0, ((32, np.int64(21), np.int64(31), 1), (32, np.int64(21), 35, 1)): 2247.0, ((31, np.int64(72), np.int64(0), 2), (35, np.int64(47), np.int64(3), 2)): 38.0, ((35, np.int64(47), np.int64(3), 2), (3, np.int64(24), np.int64(7), 1)): 38.0, ((3, np.int64(24), np.int64(7), 1), (31, np.int64(5), np.int64(11), 0)): 38.0, ((31, np.int64(5), np.int64(11), 0), (31, np.int64(5), 35, 0)): 38.0, ((31, np.int64(72), np.int64(0), 2), (3, np.int64(44), np.int64(4), 2)): 38.0, ((3, np.int64(44), np.int64(4), 2), (6, np.int64(23), np.int64(8), 1)): 38.0, ((6, np.int64(23), np.int64(8), 1), (31, np.int64(10), np.int64(11), 1)): 38.0, ((31, np.int64(10), np.int64(11), 1), (31, np.int64(10), 35, 1)): 38.0, ((31, np.int64(72), np.int64(0), 2), (30, np.int64(62), np.int64(2), 2)): 38.0, ((30, np.int64(62), np.int64(2), 2), (6, np.int64(44), np.int64(6), 2)): 38.0, ((6, np.int64(44), np.int64(6), 2), (35, np.int64(41), np.int64(7), 2)): 38.0, ((35, np.int64(41), np.int64(7), 2), (12, np.int64(23), np.int64(11), 1)): 38.0, ((12, np.int64(23), np.int64(11), 1), (31, np.int64(22), np.int64(12), 1)): 38.0, ((31, np.int64(22), np.int64(12), 1), (31, np.int64(22), 35, 1)): 38.0, ((31, np.int64(72), np.int64(0), 2), (6, np.int64(53), np.int64(3), 2)): 38.0, ((6, np.int64(53), np.int64(3), 2), (15, np.int64(39), np.int64(6), 1)): 38.0, ((15, np.int64(39), np.int64(6), 1), (31, np.int64(37), np.int64(7), 1)): 38.0, ((31, np.int64(37), np.int64(7), 1), (31, np.int64(37), 35, 1)): 38.0, ((31, np.int64(72), np.int64(0), 2), (0, np.int64(24), np.int64(6), 1)): 38.0, ((0, np.int64(24), np.int64(6), 1), (0, np.int64(24), 35, 1)): 38.0, ((31, np.int64(72), np.int64(0), 2), (12, np.int64(70), np.int64(1), 2)): 38.0, ((12, np.int64(70), np.int64(1), 2), (12, np.int64(70), np.int64(6), 2)): 38.0, ((12, np.int64(70), np.int64(6), 2), (31, np.int64(69), np.int64(7), 2)): 38.0, ((31, np.int64(69), np.int64(7), 2), (31, np.int64(69), np.int64(12), 2)): 38.0, ((31, np.int64(69), np.int64(12), 2), (15, np.int64(67), np.int64(13), 2)): 38.0, ((15, np.int64(67), np.int64(13), 2), (15, np.int64(67), np.int64(18), 2)): 38.0, ((15, np.int64(67), np.int64(18), 2), (31, np.int64(65), np.int64(19), 2)): 38.0, ((31, np.int64(65), np.int64(19), 2), (12, np.int64(64), np.int64(20), 2)): 38.0, ((12, np.int64(64), np.int64(20), 2), (12, np.int64(64), np.int64(25), 2)): 38.0, ((12, np.int64(64), np.int64(25), 2), (32, np.int64(22), np.int64(30), 1)): 38.0, ((32, np.int64(22), np.int64(30), 1), (32, np.int64(22), 35, 1)): 38.0, ((31, np.int64(72), np.int64(0), 2), (15, np.int64(68), np.int64(1), 2)): 38.0, ((15, np.int64(68), np.int64(1), 2), (12, np.int64(66), np.int64(2), 2)): 38.0, ((12, np.int64(66), np.int64(2), 2), (12, np.int64(66), np.int64(7), 2)): 38.0, ((12, np.int64(66), np.int64(7), 2), (31, np.int64(65), np.int64(8), 2)): 38.0, ((31, np.int64(65), np.int64(8), 2), (31, np.int64(65), np.int64(13), 2)): 38.0, ((31, np.int64(65), np.int64(13), 2), (15, np.int64(63), np.int64(14), 2)): 38.0, ((15, np.int64(63), np.int64(14), 2), (15, np.int64(63), np.int64(19), 2)): 38.0, ((15, np.int64(63), np.int64(19), 2), (31, np.int64(61), np.int64(20), 2)): 38.0, ((31, np.int64(61), np.int64(20), 2), (12, np.int64(60), np.int64(21), 2)): 38.0, ((12, np.int64(60), np.int64(21), 2), (12, np.int64(60), np.int64(26), 2)): 38.0, ((12, np.int64(60), np.int64(26), 2), (32, np.int64(18), np.int64(31), 1)): 38.0, ((32, np.int64(18), np.int64(31), 1), (32, np.int64(18), 35, 1)): 38.0, ((31, np.int64(75), np.int64(0), 2), (3, np.int64(47), np.int64(4), 2)): 38.0, ((3, np.int64(47), np.int64(4), 2), (15, np.int64(25), np.int64(8), 1)): 38.0, ((15, np.int64(25), np.int64(8), 1), (30, np.int64(16), np.int64(10), 1)): 38.0, ((30, np.int64(16), np.int64(10), 1), (31, np.int64(9), np.int64(12), 0)): 38.0, ((31, np.int64(9), np.int64(12), 0), (31, np.int64(9), 35, 0)): 38.0, ((31, np.int64(75), np.int64(0), 2), (30, np.int64(65), np.int64(2), 2)): 38.0, ((30, np.int64(65), np.int64(2), 2), (3, np.int64(50), np.int64(5), 2)): 38.0, ((3, np.int64(50), np.int64(5), 2), (12, np.int64(30), np.int64(9), 1)): 38.0, ((12, np.int64(30), np.int64(9), 1), (31, np.int64(29), np.int64(10), 1)): 38.0, ((31, np.int64(29), np.int64(10), 1), (31, np.int64(29), 35, 1)): 38.0, ((31, np.int64(75), np.int64(0), 2), (35, np.int64(50), np.int64(3), 2)): 38.0, ((35, np.int64(50), np.int64(3), 2), (15, np.int64(32), np.int64(7), 1)): 38.0, ((15, np.int64(32), np.int64(7), 1), (12, np.int64(30), np.int64(8), 1)): 38.0, ((12, np.int64(30), np.int64(8), 1), (31, np.int64(29), np.int64(9), 1)): 38.0, ((31, np.int64(29), np.int64(9), 1), (31, np.int64(29), 35, 1)): 38.0, ((31, np.int64(75), np.int64(0), 2), (6, np.int64(56), np.int64(3), 2)): 38.0, ((6, np.int64(56), np.int64(3), 2), (31, np.int64(43), np.int64(6), 2)): 38.0, ((31, np.int64(43), np.int64(6), 2), (31, np.int64(43), 35, 2)): 38.0, ((31, np.int64(75), np.int64(0), 2), (15, np.int64(71), np.int64(1), 2)): 38.0, ((15, np.int64(71), np.int64(1), 2), (31, np.int64(69), np.int64(2), 2)): 38.0, ((31, np.int64(69), np.int64(2), 2), (31, np.int64(69), 35, 2)): 38.0, ((31, np.int64(75), np.int64(0), 2), (12, np.int64(73), np.int64(1), 2)): 38.0, ((12, np.int64(73), np.int64(1), 2), (15, np.int64(71), np.int64(2), 2)): 38.0, ((15, np.int64(71), np.int64(2), 2), (31, np.int64(69), np.int64(3), 2)): 38.0, ((31, np.int64(69), np.int64(3), 2), (31, np.int64(69), 35, 2)): 38.0, ((31, np.int64(75), np.int64(0), 2), (0, np.int64(27), np.int64(6), 1)): 38.0, ((0, np.int64(27), np.int64(6), 1), (30, np.int64(1), np.int64(11), 0)): 38.0, ((30, np.int64(1), np.int64(11), 0), (30, np.int64(1), 35, 0)): 38.0, ((31, np.int64(76), np.int64(0), 2), (3, np.int64(48), np.int64(4), 2)): 38.0, ((3, np.int64(48), np.int64(4), 2), (35, np.int64(25), np.int64(8), 1)): 38.0, ((35, np.int64(25), np.int64(8), 1), (31, np.int64(8), np.int64(11), 0)): 38.0, ((31, np.int64(8), np.int64(11), 0), (31, np.int64(8), 35, 0)): 38.0, ((31, np.int64(76), np.int64(0), 2), (30, np.int64(66), np.int64(2), 2)): 38.0, ((30, np.int64(66), np.int64(2), 2), (3, np.int64(51), np.int64(5), 2)): 38.0, ((3, np.int64(51), np.int64(5), 2), (12, np.int64(31), np.int64(9), 1)): 38.0, ((12, np.int64(31), np.int64(9), 1), (31, np.int64(30), np.int64(10), 1)): 38.0, ((31, np.int64(30), np.int64(10), 1), (31, np.int64(30), 35, 1)): 38.0, ((31, np.int64(76), np.int64(0), 2), (35, np.int64(51), np.int64(3), 2)): 38.0, ((35, np.int64(51), np.int64(3), 2), (15, np.int64(33), np.int64(7), 1)): 38.0, ((15, np.int64(33), np.int64(7), 1), (12, np.int64(31), np.int64(8), 1)): 38.0, ((12, np.int64(31), np.int64(8), 1), (31, np.int64(30), np.int64(9), 1)): 38.0, ((31, np.int64(30), np.int64(9), 1), (31, np.int64(30), 35, 1)): 38.0, ((31, np.int64(76), np.int64(0), 2), (6, np.int64(57), np.int64(3), 2)): 38.0, ((6, np.int64(57), np.int64(3), 2), (31, np.int64(44), np.int64(6), 2)): 38.0, ((31, np.int64(44), np.int64(6), 2), (31, np.int64(44), 35, 2)): 38.0, ((31, np.int64(76), np.int64(0), 2), (15, np.int64(72), np.int64(1), 2)): 38.0, ((15, np.int64(72), np.int64(1), 2), (31, np.int64(70), np.int64(2), 2)): 38.0, ((31, np.int64(70), np.int64(2), 2), (31, np.int64(70), 35, 2)): 38.0, ((31, np.int64(76), np.int64(0), 2), (0, np.int64(28), np.int64(6), 1)): 38.0, ((0, np.int64(28), np.int64(6), 1), (30, np.int64(2), np.int64(11), 0)): 38.0, ((30, np.int64(2), np.int64(11), 0), (30, np.int64(2), 35, 0)): 38.0, ((31, np.int64(76), np.int64(0), 2), (12, np.int64(74), np.int64(1), 2)): 38.0, ((12, np.int64(74), np.int64(1), 2), (15, np.int64(72), np.int64(2), 2)): 38.0, ((15, np.int64(72), np.int64(2), 2), (31, np.int64(70), np.int64(3), 2)): 38.0, ((31, np.int64(70), np.int64(3), 2), (31, np.int64(70), 35, 2)): 38.0, ((31, np.int64(78), np.int64(0), 2), (3, np.int64(50), np.int64(4), 2)): 38.0, ((3, np.int64(50), np.int64(4), 2), (31, np.int64(31), np.int64(8), 1)): 38.0, ((31, np.int64(31), np.int64(8), 1), (31, np.int64(31), 35, 1)): 38.0, ((31, np.int64(78), np.int64(0), 2), (35, np.int64(53), np.int64(3), 2)): 38.0, ((35, np.int64(53), np.int64(3), 2), (31, np.int64(36), np.int64(6), 1)): 38.0, ((31, np.int64(36), np.int64(6), 1), (31, np.int64(36), 35, 1)): 38.0, ((31, np.int64(78), np.int64(0), 2), (6, np.int64(59), np.int64(3), 2)): 38.0, ((6, np.int64(59), np.int64(3), 2), (31, np.int64(46), np.int64(6), 2)): 38.0, ((31, np.int64(46), np.int64(6), 2), (31, np.int64(46), 35, 2)): 38.0, ((31, np.int64(78), np.int64(0), 2), (30, np.int64(68), np.int64(2), 2)): 38.0, ((30, np.int64(68), np.int64(2), 2), (31, np.int64(61), np.int64(4), 2)): 38.0, ((31, np.int64(61), np.int64(4), 2), (31, np.int64(61), 35, 2)): 38.0, ((31, np.int64(78), np.int64(0), 2), (15, np.int64(74), np.int64(1), 2)): 38.0, ((15, np.int64(74), np.int64(1), 2), (31, np.int64(72), np.int64(2), 2)): 38.0, ((31, np.int64(72), np.int64(2), 2), (31, np.int64(72), 35, 2)): 38.0, ((31, np.int64(78), np.int64(0), 2), (0, np.int64(30), np.int64(6), 1)): 38.0, ((0, np.int64(30), np.int64(6), 1), (30, np.int64(4), np.int64(11), 0)): 38.0, ((30, np.int64(4), np.int64(11), 0), (30, np.int64(4), 35, 0)): 38.0, ((31, np.int64(78), np.int64(0), 2), (12, np.int64(76), np.int64(1), 2)): 38.0, ((12, np.int64(76), np.int64(1), 2), (15, np.int64(74), np.int64(2), 2)): 38.0, ((15, np.int64(74), np.int64(2), 2), (31, np.int64(72), np.int64(3), 2)): 38.0, ((31, np.int64(72), np.int64(3), 2), (31, np.int64(72), 35, 2)): 38.0, ((31, np.int64(80), np.int64(0), 3), (6, np.int64(61), np.int64(3), 2)): 72.0, ((6, np.int64(61), np.int64(3), 2), (30, np.int64(34), np.int64(7), 1)): 72.0, ((30, np.int64(34), np.int64(7), 1), (12, np.int64(27), np.int64(9), 1)): 72.0, ((12, np.int64(27), np.int64(9), 1), (31, np.int64(26), np.int64(10), 1)): 72.0, ((31, np.int64(26), np.int64(10), 1), (31, np.int64(26), 35, 1)): 72.0, ((31, np.int64(80), np.int64(0), 3), (3, np.int64(52), np.int64(4), 2)): 38.0, ((3, np.int64(52), np.int64(4), 2), (31, np.int64(33), np.int64(8), 1)): 38.0, ((31, np.int64(33), np.int64(8), 1), (31, np.int64(33), 35, 1)): 38.0, ((31, np.int64(80), np.int64(0), 3), (35, np.int64(55), np.int64(3), 2)): 38.0, ((35, np.int64(55), np.int64(3), 2), (31, np.int64(38), np.int64(6), 1)): 38.0, ((31, np.int64(38), np.int64(6), 1), (31, np.int64(38), 35, 1)): 38.0, ((31, np.int64(80), np.int64(0), 3), (0, np.int64(32), np.int64(6), 1)): 38.0, ((0, np.int64(32), np.int64(6), 1), (30, np.int64(6), np.int64(11), 0)): 38.0, ((30, np.int64(6), np.int64(11), 0), (30, np.int64(6), 35, 0)): 38.0, ((31, np.int64(80), np.int64(0), 3), (12, np.int64(78), np.int64(1), 2)): 38.0, ((12, np.int64(78), np.int64(1), 2), (6, np.int64(64), np.int64(4), 2)): 38.0, ((6, np.int64(64), np.int64(4), 2), (31, np.int64(51), np.int64(7), 2)): 38.0, ((31, np.int64(51), np.int64(7), 2), (31, np.int64(51), 35, 2)): 38.0, ((31, np.int64(80), np.int64(0), 3), (15, np.int64(76), np.int64(1), 2)): 38.0, ((15, np.int64(76), np.int64(1), 2), (31, np.int64(74), np.int64(2), 2)): 38.0, ((31, np.int64(74), np.int64(2), 2), (31, np.int64(74), 35, 2)): 38.0, ((31, np.int64(81), np.int64(0), 3), (3, np.int64(53), np.int64(4), 2)): 38.0, ((3, np.int64(53), np.int64(4), 2), (12, np.int64(33), np.int64(8), 1)): 38.0, ((12, np.int64(33), np.int64(8), 1), (31, np.int64(32), np.int64(9), 1)): 38.0, ((31, np.int64(32), np.int64(9), 1), (31, np.int64(32), 35, 1)): 38.0, ((31, np.int64(81), np.int64(0), 3), (30, np.int64(71), np.int64(2), 2)): 38.0, ((30, np.int64(71), np.int64(2), 2), (35, np.int64(49), np.int64(6), 2)): 38.0, ((35, np.int64(49), np.int64(6), 2), (15, np.int64(31), np.int64(10), 1)): 38.0, ((15, np.int64(31), np.int64(10), 1), (12, np.int64(29), np.int64(11), 1)): 38.0, ((12, np.int64(29), np.int64(11), 1), (31, np.int64(28), np.int64(12), 1)): 38.0, ((31, np.int64(28), np.int64(12), 1), (31, np.int64(28), 35, 1)): 38.0, ((31, np.int64(81), np.int64(0), 3), (15, np.int64(77), np.int64(1), 2)): 38.0, ((15, np.int64(77), np.int64(1), 2), (3, np.int64(55), np.int64(5), 2)): 38.0, ((3, np.int64(55), np.int64(5), 2), (31, np.int64(36), np.int64(9), 1)): 38.0, ((31, np.int64(36), np.int64(9), 1), (31, np.int64(36), 35, 1)): 38.0, ((31, np.int64(81), np.int64(0), 3), (6, np.int64(62), np.int64(3), 2)): 38.0, ((6, np.int64(62), np.int64(3), 2), (31, np.int64(49), np.int64(6), 2)): 38.0, ((31, np.int64(81), np.int64(0), 3), (12, np.int64(79), np.int64(1), 2)): 38.0, ((12, np.int64(79), np.int64(1), 2), (35, np.int64(61), np.int64(5), 2)): 38.0, ((35, np.int64(61), np.int64(5), 2), (6, np.int64(58), np.int64(6), 2)): 38.0, ((6, np.int64(58), np.int64(6), 2), (31, np.int64(45), np.int64(9), 2)): 38.0, ((31, np.int64(45), np.int64(9), 2), (31, np.int64(45), 35, 2)): 38.0, ((31, np.int64(90), np.int64(0), 3), (2, np.int64(35), np.int64(7), 1)): 38.0, ((2, np.int64(35), np.int64(7), 1), (10, np.int64(33), np.int64(8), 1)): 38.0, ((10, np.int64(33), np.int64(8), 1), (10, np.int64(33), 35, 1)): 38.0, ((31, np.int64(90), np.int64(0), 3), (10, np.int64(39), np.int64(6), 1)): 38.0, ((10, np.int64(39), np.int64(6), 1), (12, np.int64(4), np.int64(12), 0)): 38.0, ((12, np.int64(4), np.int64(12), 0), (31, np.int64(3), np.int64(13), 0)): 38.0, ((31, np.int64(3), np.int64(13), 0), (31, np.int64(3), 35, 0)): 38.0, ((31, np.int64(90), np.int64(0), 3), (17, np.int64(41), np.int64(6), 2)): 38.0, ((17, np.int64(41), np.int64(6), 2), (35, np.int64(19), np.int64(10), 1)): 38.0, ((35, np.int64(19), np.int64(10), 1), (15, np.int64(1), np.int64(14), 0)): 38.0, ((15, np.int64(1), np.int64(14), 0), (15, np.int64(1), 35, 0)): 38.0, ((31, np.int64(90), np.int64(0), 3), (29, np.int64(40), np.int64(6), 2)): 38.0, ((29, np.int64(40), np.int64(6), 2), (15, np.int64(5), np.int64(12), 0)): 38.0, ((15, np.int64(5), np.int64(12), 0), (12, np.int64(3), np.int64(13), 0)): 38.0, ((12, np.int64(3), np.int64(13), 0), (31, np.int64(2), np.int64(14), 0)): 38.0, ((31, np.int64(2), np.int64(14), 0), (31, np.int64(2), 35, 0)): 38.0, ((31, np.int64(90), np.int64(0), 3), (9, np.int64(37), np.int64(7), 1)): 38.0, ((9, np.int64(37), np.int64(7), 1), (6, np.int64(14), np.int64(11), 1)): 38.0, ((6, np.int64(14), np.int64(11), 1), (35, np.int64(11), np.int64(12), 1)): 38.0, ((35, np.int64(11), np.int64(12), 1), (35, np.int64(11), 35, 1)): 38.0, ((31, np.int64(90), np.int64(0), 3), (3, np.int64(62), np.int64(4), 2)): 38.0, ((3, np.int64(62), np.int64(4), 2), (15, np.int64(40), np.int64(8), 2)): 38.0, ((15, np.int64(40), np.int64(8), 2), (12, np.int64(38), np.int64(9), 1)): 38.0, ((12, np.int64(38), np.int64(9), 1), (31, np.int64(37), np.int64(10), 1)): 38.0, ((31, np.int64(37), np.int64(10), 1), (31, np.int64(37), 35, 1)): 38.0, ((31, np.int64(90), np.int64(0), 3), (15, np.int64(86), np.int64(1), 3)): 38.0, ((15, np.int64(86), np.int64(1), 3), (3, np.int64(64), np.int64(5), 2)): 38.0, ((3, np.int64(64), np.int64(5), 2), (15, np.int64(42), np.int64(9), 2)): 38.0, ((15, np.int64(42), np.int64(9), 2), (12, np.int64(40), np.int64(10), 2)): 38.0, ((12, np.int64(40), np.int64(10), 2), (31, np.int64(39), np.int64(11), 1)): 38.0, ((31, np.int64(39), np.int64(11), 1), (31, np.int64(39), 35, 1)): 38.0, ((31, np.int64(90), np.int64(0), 3), (0, np.int64(42), np.int64(6), 2)): 38.0, ((0, np.int64(42), np.int64(6), 2), (12, np.int64(10), np.int64(12), 1)): 38.0, ((12, np.int64(10), np.int64(12), 1), (30, np.int64(3), np.int64(14), 0)): 38.0, ((30, np.int64(3), np.int64(14), 0), (30, np.int64(3), 35, 0)): 38.0, ((31, np.int64(90), np.int64(0), 3), (35, np.int64(65), np.int64(3), 2)): 38.0, ((35, np.int64(65), np.int64(3), 2), (6, np.int64(62), np.int64(4), 2)): 38.0, ((6, np.int64(62), np.int64(4), 2), (31, np.int64(49), np.int64(7), 2)): 38.0, ((31, np.int64(49), np.int64(7), 2), (31, np.int64(49), 35, 2)): 38.0, ((31, np.int64(90), np.int64(0), 3), (12, np.int64(88), np.int64(1), 3)): 38.0, ((12, np.int64(88), np.int64(1), 3), (31, np.int64(87), np.int64(2), 3)): 38.0, ((31, np.int64(87), np.int64(2), 3), (31, np.int64(87), 35, 3)): 38.0, ((31, np.int64(96), np.int64(0), 3), (8, np.int64(40), np.int64(7), 2)): 38.0, ((8, np.int64(40), np.int64(7), 2), (31, np.int64(1), np.int64(14), 0)): 38.0, ((31, np.int64(1), np.int64(14), 0), (31, np.int64(1), 35, 0)): 38.0, ((31, np.int64(96), np.int64(0), 3), (9, np.int64(43), np.int64(7), 2)): 38.0, ((9, np.int64(43), np.int64(7), 2), (12, np.int64(5), np.int64(14), 0)): 38.0, ((12, np.int64(5), np.int64(14), 0), (31, np.int64(4), np.int64(15), 0)): 38.0, ((31, np.int64(4), np.int64(15), 0), (31, np.int64(4), 35, 0)): 38.0, ((31, np.int64(96), np.int64(0), 3), (2, np.int64(41), np.int64(7), 2)): 38.0, ((2, np.int64(41), np.int64(7), 2), (15, np.int64(2), np.int64(14), 0)): 38.0, ((15, np.int64(2), np.int64(14), 0), (12, np.int64(0), np.int64(15), 0)): 38.0, ((12, np.int64(0), np.int64(15), 0), (12, np.int64(0), 35, 0)): 38.0, ((31, np.int64(96), np.int64(0), 3), (17, np.int64(47), np.int64(6), 2)): 38.0, ((17, np.int64(47), np.int64(6), 2), (35, np.int64(25), np.int64(10), 1)): 38.0, ((35, np.int64(25), np.int64(10), 1), (31, np.int64(8), np.int64(13), 0)): 38.0, ((31, np.int64(8), np.int64(13), 0), (31, np.int64(8), 35, 0)): 38.0, ((31, np.int64(96), np.int64(0), 3), (10, np.int64(45), np.int64(6), 2)): 38.0, ((10, np.int64(45), np.int64(6), 2), (31, np.int64(10), np.int64(12), 1)): 38.0, ((31, np.int64(10), np.int64(12), 1), (31, np.int64(10), 35, 1)): 38.0, ((31, np.int64(96), np.int64(0), 3), (29, np.int64(46), np.int64(6), 2)): 38.0, ((29, np.int64(46), np.int64(6), 2), (31, np.int64(11), np.int64(12), 1)): 38.0, ((31, np.int64(11), np.int64(12), 1), (31, np.int64(11), 35, 1)): 38.0, ((31, np.int64(96), np.int64(0), 3), (0, np.int64(48), np.int64(6), 2)): 38.0, ((0, np.int64(48), np.int64(6), 2), (15, np.int64(14), np.int64(12), 1)): 38.0, ((15, np.int64(14), np.int64(12), 1), (31, np.int64(12), np.int64(13), 1)): 38.0, ((31, np.int64(12), np.int64(13), 1), (31, np.int64(12), 35, 1)): 76.0, ((31, np.int64(96), np.int64(0), 3), (35, np.int64(71), np.int64(3), 2)): 38.0, ((35, np.int64(71), np.int64(3), 2), (31, np.int64(54), np.int64(6), 2)): 38.0, ((31, np.int64(54), np.int64(6), 2), (31, np.int64(54), 35, 2)): 38.0, ((31, np.int64(96), np.int64(0), 3), (11, np.int64(14), np.int64(10), 1)): 22.0, ((11, np.int64(14), np.int64(10), 1), (11, np.int64(14), 35, 1)): 22.0, ((31, np.int64(96), np.int64(0), 3), (30, np.int64(86), np.int64(2), 3)): 38.0, ((30, np.int64(86), np.int64(2), 3), (31, np.int64(79), np.int64(4), 2)): 38.0, ((31, np.int64(79), np.int64(4), 2), (31, np.int64(79), 35, 2)): 38.0, ((31, np.int64(96), np.int64(0), 3), (15, np.int64(92), np.int64(1), 3)): 38.0, ((15, np.int64(92), np.int64(1), 3), (31, np.int64(90), np.int64(2), 3)): 38.0, ((31, np.int64(90), np.int64(2), 3), (31, np.int64(90), 35, 3)): 38.0, ((31, np.int64(96), np.int64(0), 3), (12, np.int64(94), np.int64(1), 3)): 38.0, ((12, np.int64(94), np.int64(1), 3), (15, np.int64(92), np.int64(2), 3)): 38.0, ((15, np.int64(92), np.int64(2), 3), (31, np.int64(90), np.int64(3), 3)): 38.0, ((31, np.int64(90), np.int64(3), 3), (31, np.int64(90), 35, 3)): 38.0, ((31, np.int64(98), np.int64(0), 3), (8, np.int64(42), np.int64(7), 2)): 38.0, ((8, np.int64(42), np.int64(7), 2), (12, np.int64(3), np.int64(14), 0)): 38.0, ((12, np.int64(3), np.int64(14), 0), (31, np.int64(2), np.int64(15), 0)): 38.0, ((31, np.int64(2), np.int64(15), 0), (31, np.int64(2), 35, 0)): 38.0, ((31, np.int64(98), np.int64(0), 3), (35, np.int64(73), np.int64(3), 2)): 38.0, ((35, np.int64(73), np.int64(3), 2), (9, np.int64(45), np.int64(7), 2)): 14.0, ((9, np.int64(45), np.int64(7), 2), (12, np.int64(7), np.int64(14), 0)): 14.0, ((12, np.int64(7), np.int64(14), 0), (31, np.int64(6), np.int64(15), 0)): 14.0, ((31, np.int64(6), np.int64(15), 0), (31, np.int64(6), 35, 0)): 2241.0, ((31, np.int64(98), np.int64(0), 3), (30, np.int64(91), np.int64(2), 3)): 17376.0, ((30, np.int64(91), np.int64(2), 3), (10, np.int64(63), np.int64(7), 2)): 17376.0, ((10, np.int64(63), np.int64(7), 2), (2, np.int64(61), np.int64(8), 2)): 17376.0, ((2, np.int64(61), np.int64(8), 2), (3, np.int64(7), np.int64(15), 0)): 2227.0, ((3, np.int64(7), np.int64(15), 0), (3, np.int64(7), 35, 0)): 2227.0, ((31, np.int64(98), np.int64(0), 3), (9, np.int64(45), np.int64(7), 2)): 38.0, ((9, np.int64(45), np.int64(7), 2), (31, np.int64(8), np.int64(14), 0)): 38.0, ((31, np.int64(8), np.int64(14), 0), (31, np.int64(8), 35, 0)): 76.0, ((31, np.int64(98), np.int64(0), 3), (17, np.int64(49), np.int64(6), 2)): 38.0, ((17, np.int64(49), np.int64(6), 2), (3, np.int64(27), np.int64(10), 1)): 38.0, ((3, np.int64(27), np.int64(10), 1), (31, np.int64(8), np.int64(14), 0)): 38.0, ((31, np.int64(98), np.int64(0), 3), (10, np.int64(47), np.int64(6), 2)): 38.0, ((10, np.int64(47), np.int64(6), 2), (31, np.int64(12), np.int64(12), 1)): 38.0, ((31, np.int64(12), np.int64(12), 1), (31, np.int64(12), 35, 1)): 38.0, ((31, np.int64(98), np.int64(0), 3), (29, np.int64(48), np.int64(6), 2)): 38.0, ((29, np.int64(48), np.int64(6), 2), (31, np.int64(13), np.int64(12), 1)): 38.0, ((31, np.int64(13), np.int64(12), 1), (31, np.int64(13), 35, 1)): 38.0, ((31, np.int64(98), np.int64(0), 3), (0, np.int64(50), np.int64(6), 2)): 38.0, ((0, np.int64(50), np.int64(6), 2), (15, np.int64(16), np.int64(12), 1)): 38.0, ((15, np.int64(16), np.int64(12), 1), (31, np.int64(14), np.int64(13), 1)): 38.0, ((31, np.int64(14), np.int64(13), 1), (31, np.int64(14), 35, 1)): 38.0, ((2, np.int64(61), np.int64(8), 2), (15, np.int64(5), np.int64(15), 0)): 2227.0, ((15, np.int64(5), np.int64(15), 0), (31, np.int64(3), np.int64(16), 0)): 2227.0, ((31, np.int64(3), np.int64(16), 0), (31, np.int64(3), 35, 0)): 2227.0, ((2, np.int64(61), np.int64(8), 2), (31, np.int64(6), np.int64(15), 0)): 2227.0, ((2, np.int64(61), np.int64(8), 2), (12, np.int64(8), np.int64(15), 0)): 2227.0, ((12, np.int64(8), np.int64(15), 0), (31, np.int64(7), np.int64(16), 0)): 2227.0, ((31, np.int64(7), np.int64(16), 0), (31, np.int64(7), 35, 0)): 2227.0, ((2, np.int64(61), np.int64(8), 2), (30, np.int64(16), np.int64(14), 1)): 2227.0, ((30, np.int64(16), np.int64(14), 1), (15, np.int64(7), np.int64(16), 0)): 2227.0, ((15, np.int64(7), np.int64(16), 0), (12, np.int64(5), np.int64(17), 0)): 2227.0, ((12, np.int64(5), np.int64(17), 0), (31, np.int64(4), np.int64(18), 0)): 2227.0, ((31, np.int64(4), np.int64(18), 0), (31, np.int64(4), 35, 0)): 2227.0, ((2, np.int64(61), np.int64(8), 2), (0, np.int64(54), np.int64(9), 2)): 2227.0, ((0, np.int64(54), np.int64(9), 2), (31, np.int64(21), np.int64(15), 1)): 2227.0, ((31, np.int64(21), np.int64(15), 1), (31, np.int64(21), 35, 1)): 2227.0, ((31, np.int64(98), np.int64(0), 3), (3, np.int64(70), np.int64(4), 2)): 38.0, ((3, np.int64(70), np.int64(4), 2), (31, np.int64(51), np.int64(8), 2)): 38.0, ((31, np.int64(51), np.int64(8), 2), (31, np.int64(51), 35, 2)): 38.0, ((35, np.int64(73), np.int64(3), 2), (15, np.int64(55), np.int64(7), 2)): 24.0, ((15, np.int64(55), np.int64(7), 2), (12, np.int64(53), np.int64(8), 2)): 24.0, ((12, np.int64(53), np.int64(8), 2), (31, np.int64(52), np.int64(9), 2)): 24.0, ((31, np.int64(52), np.int64(9), 2), (31, np.int64(52), 35, 2)): 24.0, ((2, np.int64(61), np.int64(8), 2), (8, np.int64(20), np.int64(13), 1)): 2227.0, ((8, np.int64(20), np.int64(13), 1), (8, np.int64(20), 35, 1)): 2227.0, ((2, np.int64(61), np.int64(8), 2), (4, np.int64(23), np.int64(13), 1)): 1787.0, ((4, np.int64(23), np.int64(13), 1), (4, np.int64(23), 35, 1)): 1787.0, ((31, np.int64(98), np.int64(0), 3), (31, np.int64(98), np.int64(1), 3)): 2361.0, ((31, np.int64(98), np.int64(1), 3), (31, np.int64(98), np.int64(6), 3)): 2361.0, ((31, np.int64(98), np.int64(6), 3), (31, np.int64(98), np.int64(11), 3)): 2361.0, ((31, np.int64(98), np.int64(11), 3), (31, np.int64(98), np.int64(16), 3)): 2361.0, ((31, np.int64(98), np.int64(16), 3), (29, np.int64(63), np.int64(22), 2)): 2361.0, ((29, np.int64(63), np.int64(22), 2), (32, np.int64(27), np.int64(27), 1)): 2361.0, ((32, np.int64(27), np.int64(27), 1), (32, np.int64(27), 35, 1)): 2361.0, ((31, np.int64(98), np.int64(0), 3), (6, np.int64(79), np.int64(3), 2)): 38.0, ((6, np.int64(79), np.int64(3), 2), (31, np.int64(66), np.int64(6), 2)): 38.0, ((31, np.int64(66), np.int64(6), 2), (12, np.int64(65), np.int64(7), 2)): 38.0, ((12, np.int64(65), np.int64(7), 2), (12, np.int64(65), np.int64(12), 2)): 38.0, ((12, np.int64(65), np.int64(12), 2), (31, np.int64(64), np.int64(13), 2)): 38.0, ((31, np.int64(64), np.int64(13), 2), (31, np.int64(64), np.int64(18), 2)): 38.0, ((31, np.int64(64), np.int64(18), 2), (15, np.int64(62), np.int64(19), 2)): 38.0, ((15, np.int64(62), np.int64(19), 2), (15, np.int64(62), np.int64(24), 2)): 38.0, ((15, np.int64(62), np.int64(24), 2), (31, np.int64(60), np.int64(25), 2)): 38.0, ((31, np.int64(60), np.int64(25), 2), (12, np.int64(59), np.int64(26), 2)): 38.0, ((12, np.int64(59), np.int64(26), 2), (12, np.int64(59), np.int64(31), 2)): 38.0, ((12, np.int64(59), np.int64(31), 2), (12, np.int64(59), 35, 2)): 38.0, ((31, np.int64(98), np.int64(0), 3), (15, np.int64(94), np.int64(1), 3)): 38.0, ((15, np.int64(94), np.int64(1), 3), (31, np.int64(92), np.int64(2), 3)): 38.0, ((31, np.int64(92), np.int64(2), 3), (31, np.int64(92), 35, 3)): 38.0, ((31, np.int64(98), np.int64(0), 3), (12, np.int64(96), np.int64(1), 3)): 38.0, ((12, np.int64(96), np.int64(1), 3), (15, np.int64(94), np.int64(2), 3)): 38.0, ((15, np.int64(94), np.int64(2), 3), (31, np.int64(92), np.int64(3), 3)): 38.0, ((31, np.int64(92), np.int64(3), 3), (31, np.int64(92), 35, 3)): 38.0, ((31, np.int64(100), np.int64(0), 3), (8, np.int64(44), np.int64(7), 2)): 38.0, ((8, np.int64(44), np.int64(7), 2), (31, np.int64(5), np.int64(14), 0)): 38.0, ((31, np.int64(5), np.int64(14), 0), (31, np.int64(5), 35, 0)): 38.0, ((31, np.int64(100), np.int64(0), 3), (9, np.int64(47), np.int64(7), 2)): 38.0, ((9, np.int64(47), np.int64(7), 2), (15, np.int64(10), np.int64(14), 1)): 110.0, ((15, np.int64(10), np.int64(14), 1), (31, np.int64(8), np.int64(15), 0)): 110.0, ((31, np.int64(8), np.int64(15), 0), (31, np.int64(8), 35, 0)): 110.0, ((31, np.int64(100), np.int64(0), 3), (35, np.int64(75), np.int64(3), 2)): 72.0, ((35, np.int64(75), np.int64(3), 2), (9, np.int64(47), np.int64(7), 2)): 72.0, ((31, np.int64(100), np.int64(0), 3), (17, np.int64(51), np.int64(6), 2)): 38.0, ((17, np.int64(51), np.int64(6), 2), (35, np.int64(29), np.int64(10), 1)): 38.0, ((35, np.int64(29), np.int64(10), 1), (31, np.int64(12), np.int64(13), 1)): 38.0, ((31, np.int64(100), np.int64(0), 3), (10, np.int64(49), np.int64(6), 2)): 38.0, ((10, np.int64(49), np.int64(6), 2), (0, np.int64(47), np.int64(7), 2)): 38.0, ((0, np.int64(47), np.int64(7), 2), (15, np.int64(13), np.int64(13), 1)): 38.0, ((15, np.int64(13), np.int64(13), 1), (31, np.int64(11), np.int64(14), 1)): 38.0, ((31, np.int64(11), np.int64(14), 1), (31, np.int64(11), 35, 1)): 38.0, ((31, np.int64(100), np.int64(0), 3), (0, np.int64(52), np.int64(6), 2)): 38.0, ((0, np.int64(52), np.int64(6), 2), (31, np.int64(19), np.int64(12), 1)): 38.0, ((31, np.int64(19), np.int64(12), 1), (31, np.int64(19), 35, 1)): 38.0, ((31, np.int64(100), np.int64(0), 3), (3, np.int64(72), np.int64(4), 2)): 38.0, ((3, np.int64(72), np.int64(4), 2), (35, np.int64(49), np.int64(8), 2)): 38.0, ((35, np.int64(49), np.int64(8), 2), (15, np.int64(31), np.int64(12), 1)): 38.0, ((15, np.int64(31), np.int64(12), 1), (12, np.int64(29), np.int64(13), 1)): 38.0, ((12, np.int64(29), np.int64(13), 1), (31, np.int64(28), np.int64(14), 1)): 38.0, ((31, np.int64(28), np.int64(14), 1), (31, np.int64(28), 35, 1)): 38.0, ((31, np.int64(100), np.int64(0), 3), (12, np.int64(98), np.int64(1), 3)): 38.0, ((12, np.int64(98), np.int64(1), 3), (3, np.int64(78), np.int64(5), 2)): 38.0, ((3, np.int64(78), np.int64(5), 2), (15, np.int64(56), np.int64(9), 2)): 38.0, ((15, np.int64(56), np.int64(9), 2), (12, np.int64(54), np.int64(10), 2)): 38.0, ((12, np.int64(54), np.int64(10), 2), (31, np.int64(53), np.int64(11), 2)): 38.0, ((31, np.int64(53), np.int64(11), 2), (31, np.int64(53), 35, 2)): 38.0, ((31, np.int64(100), np.int64(0), 3), (3, np.int64(81), np.int64(4), 3)): 22.0, ((3, np.int64(81), np.int64(4), 3), (8, np.int64(58), np.int64(9), 2)): 22.0, ((8, np.int64(58), np.int64(9), 2), (11, np.int64(39), np.int64(13), 1)): 22.0, ((11, np.int64(39), np.int64(13), 1), (11, np.int64(39), 35, 1)): 22.0, ((31, np.int64(100), np.int64(0), 3), (16, np.int64(41), np.int64(7), 2)): 38.0, ((16, np.int64(41), np.int64(7), 2), (31, np.int64(0), np.int64(14), 0)): 38.0, ((31, np.int64(0), np.int64(14), 0), (31, np.int64(0), 35, 0)): 38.0, ((31, np.int64(100), np.int64(0), 3), (15, np.int64(98), np.int64(1), 3)): 59839.0, ((15, np.int64(98), np.int64(1), 3), (15, np.int64(98), np.int64(6), 3)): 59839.0, ((15, np.int64(98), np.int64(6), 3), (9, np.int64(61), np.int64(13), 2)): 54682.0, ((9, np.int64(61), np.int64(13), 2), (29, np.int64(54), np.int64(15), 2)): 54682.0, ((29, np.int64(54), np.int64(15), 2), (32, np.int64(18), np.int64(20), 1)): 54682.0, ((32, np.int64(18), np.int64(20), 1), (32, np.int64(18), 35, 1)): 54682.0, ((15, np.int64(98), np.int64(6), 3), (15, np.int64(98), np.int64(11), 3)): 5157.0, ((15, np.int64(98), np.int64(11), 3), (9, np.int64(61), np.int64(18), 2)): 5157.0, ((9, np.int64(61), np.int64(18), 2), (29, np.int64(54), np.int64(20), 2)): 5157.0, ((29, np.int64(54), np.int64(20), 2), (32, np.int64(18), np.int64(25), 1)): 5157.0, ((32, np.int64(18), np.int64(25), 1), (32, np.int64(18), 35, 1)): 5157.0, ((31, np.int64(100), np.int64(0), 3), (15, np.int64(96), np.int64(1), 3)): 38.0, ((15, np.int64(96), np.int64(1), 3), (31, np.int64(94), np.int64(2), 3)): 38.0, ((31, np.int64(94), np.int64(2), 3), (31, np.int64(94), 35, 3)): 38.0}}
a[ 20 ] =  1.0
a[ 36 ] =  1.0
n[ 9 ] =  14.0
n[ 11 ] =  22.0
'''''''''''''''''
Gurobi Optimizer version 13.0.1 build v13.0.1rc0 (linux64 - "Debian GNU/Linux 12 (bookworm)")

CPU model: AMD EPYC 7B12, instruction set [SSE2|AVX|AVX2]
Thread count: 1 physical cores, 2 logical processors, using up to 2 threads

Non-default parameters:
MIPGap  0.02

Academic license 937859 - for non-commercial use only - registered to hp___@cornell.edu
Optimize a model with 139459 rows, 306945 columns and 805102 nonzeros (Min)
Model fingerprint: 0xf8e70036
Model has 198010 linear objective coefficients
Variable types: 5 continuous, 306940 integer (37 binary)
Coefficient statistics:
  Matrix range     [1e+00, 3e+04]
  Objective range  [6e-01, 2e+02]
  Bounds range     [1e+00, 1e+00]
  RHS range        [2e+00, 1e+100]
Warning: Model contains large rhs
         Consider reformulating model or setting NumericFocus parameter
         to avoid numerical issues.

MIP start from previous solve did not produce a new incumbent solution
MIP start from previous solve violates constraint flow_bal_load[(11,_np.int64(14),_np.int64(6),_1)] by 22.000000000

Presolve removed 106767 rows and 171365 columns (presolve time = 5s)...
Presolve removed 112655 rows and 196686 columns
Presolve time: 8.57s
Presolved: 26804 rows, 110259 columns, 263579 nonzeros
Variable types: 0 continuous, 110259 integer (33 binary)

Root simplex log...

Iteration    Objective       Primal Inf.    Dual Inf.      Time
       0      handle free variables                         10s
    9971    6.6590552e+03   1.371875e+02   0.000000e+00     15s
   12492    7.2887173e+03   0.000000e+00   0.000000e+00     18s
   12492    7.2887173e+03   0.000000e+00   0.000000e+00     18s

Root relaxation: objective 7.288717e+03, 12492 iterations, 8.10 seconds (5.87 work units)

    Nodes    |    Current Node    |     Objective Bounds      |     Work
 Expl Unexpl |  Obj  Depth IntInf | Incumbent    BestBd   Gap | It/Node Time

     0     0 7288.71729    0   80          - 7288.71729      -     -   18s
H    0     0                    7928.1009132 7288.71729  8.06%     -   19s
H    0     0                    7927.6662100 7288.71729  8.06%     -   19s
     0     0 7339.65375    0   82 7927.66621 7339.65375  7.42%     -   22s
     0     0 7339.67006    0   84 7927.66621 7339.67006  7.42%     -   24s
     0     0 7348.25835    0   96 7927.66621 7348.25835  7.31%     -   25s
     0     0 7348.32141    0   96 7927.66621 7348.32141  7.31%     -   27s
     0     0 7355.26544    0  101 7927.66621 7355.26544  7.22%     -   27s
     0     0 7361.96705    0  102 7927.66621 7361.96705  7.14%     -   29s
     0     0 7361.96705    0  104 7927.66621 7361.96705  7.14%     -   30s
     0     0 7362.74825    0  105 7927.66621 7362.74825  7.13%     -   30s
     0     0 7362.74825    0  107 7927.66621 7362.74825  7.13%     -   32s
     0     0 7362.74825    0  111 7927.66621 7362.74825  7.13%     -   33s
     0     0 7363.50662    0  109 7927.66621 7363.50662  7.12%     -   34s
     0     0 7363.50662    0  105 7927.66621 7363.50662  7.12%     -   35s
     0     0 7363.50662    0  105 7927.66621 7363.50662  7.12%     -   35s
     0     0 7363.50662    0  105 7927.66621 7363.50662  7.12%     -   35s
     0     0 7363.50662    0  107 7927.66621 7363.50662  7.12%     -   37s
     0     0 7363.50662    0  108 7927.66621 7363.50662  7.12%     -   37s
     0     0 7363.50662    0  108 7927.66621 7363.50662  7.12%     -   38s
     0     0 7363.50662    0  108 7927.66621 7363.50662  7.12%     -   39s
     0     0 7363.50662    0  113 7927.66621 7363.50662  7.12%     -   40s
     0     0 7363.50662    0  113 7927.66621 7363.50662  7.12%     -   40s
     0     0 7363.50662    0  112 7927.66621 7363.50662  7.12%     -   40s
     0     0 7363.50662    0  114 7927.66621 7363.50662  7.12%     -   41s
     0     0 7363.50662    0  118 7927.66621 7363.50662  7.12%     -   41s
     0     0 7363.50662    0  118 7927.66621 7363.50662  7.12%     -   43s
     0     0 7363.50662    0  115 7927.66621 7363.50662  7.12%     -   43s
     0     0 7363.88427    0  118 7927.66621 7363.88427  7.11%     -   43s
     0     0 7363.88427    0  120 7927.66621 7363.88427  7.11%     -   44s
     0     0 7363.88427    0  117 7927.66621 7363.88427  7.11%     -   45s
     0     0 7363.88427    0  117 7927.66621 7363.88427  7.11%     -   45s
     0     0 7363.88427    0  117 7927.66621 7363.88427  7.11%     -   46s
     0     0 7363.88427    0  117 7927.66621 7363.88427  7.11%     -   46s
H    0     0                    7825.8424658 7363.88427  5.90%     -   46s
H    0     0                    7825.7493151 7363.88427  5.90%     -   47s
H    0     0                    7825.4388128 7363.88427  5.90%     -   49s
     0     2 7367.08109    0  103 7825.43881 7367.08109  5.86%     -   51s
    17     2     cutoff    3      7825.43881 7724.99041  1.28%   147   55s

Cutting planes:
  MIR: 8

Explored 18 nodes (35786 simplex iterations) in 55.14 seconds (23.26 work units)
Thread count was 2 (of 2 available processors)

Solution count 5: 7825.44 7825.75 7825.84 ... 7928.1

Optimal solution found (tolerance 2.00e-02)
Best objective 7.825438812785e+03, best bound 7.724990410959e+03, gap 1.2836%
Iteration:  7
Size of network:  9082  nodes,  153426  edges
Obj Value:  7825.438812785387
x_load: {((11, 17, 6, 1), (11, 69, 6, 2), 0): 22.0, ((11, 69, 6, 2), (26, 6, 11, 0), 0): 22.0, ((6, 79, 1, 2), (9, 46, 1, 2), 0): 14.0, ((26, 6, 11, 0), (26, 6, 35, 0), 0): 22.0, ((9, 46, 1, 2), (9, 100, 1, 3), 0): 14.0, ((9, 100, 1, 3), (36, 41, 6, 2), 0): 14.0, ((36, 59, 6, 2), (36, 80, 6, 3), 0): 14.0, ((36, 41, 6, 2), (36, 59, 6, 2), 0): 14.0, ((20, 0, 16, 0), (20, 0, 35, 0), 0): 14.0, ((36, 80, 6, 3), (20, 0, 16, 0), 0): 14.0, ((26, 41, 0, 2), (26, 41, 35, 2), 0): 2.0, ((31, 35, 0, 1), (31, 35, 35, 1), 0): 2.0, ((31, 98, 0, 3), (6, 79, 1, 2), 0): 14.0, ((31, 98, 0, 3), (11, 17, 6, 1), 0): 22.0}
x_ener: {((0, 62, 1, 2), (10, 62, 1, 2), 0): 8568.0, ((30, 7, 1, 0), (31, 0, 1, 0), 0): 152.0, ((12, 7, 6, 0), (31, 6, 6, 0), 1): 76.0, ((31, 0, 6, 0), (31, 0, 35, 0), 0): 72.0, ((30, 8, 1, 0), (31, 6, 1, 0), 0): 38.0, ((31, 6, 6, 0), (31, 6, 35, 0), 0): 76.0, ((30, 18, 1, 1), (31, 12, 1, 1), 0): 228.0, ((31, 10, 6, 1), (31, 10, 35, 1), 0): 52.0, ((31, 12, 6, 1), (31, 12, 35, 1), 0): 38.0, ((3, 23, 6, 1), (12, 7, 6, 0), 0): 38.0, ((30, 26, 1, 1), (31, 21, 1, 1), 0): 76.0, ((31, 18, 6, 1), (31, 18, 35, 1), 0): 76.0, ((10, 59, 1, 2), (2, 59, 1, 2), 0): 8533.0, ((2, 59, 1, 2), (0, 62, 1, 2), 0): 4284.0, ((2, 59, 1, 2), (10, 59, 1, 2), 0): 8498.0, ((10, 62, 1, 2), (0, 62, 1, 2), 0): 4249.0, ((10, 62, 1, 2), (2, 59, 1, 2), 0): 4249.0, ((10, 62, 1, 2), (2, 62, 1, 2), 0): 70.0, ((30, 39, 1, 1), (31, 32, 1, 1), 0): 152.0, ((2, 62, 1, 2), (0, 62, 1, 2), 0): 35.0, ((2, 62, 1, 2), (10, 59, 1, 2), 0): 35.0, ((31, 31, 6, 1), (31, 31, 35, 1), 0): 36.0, ((3, 26, 6, 1), (12, 7, 6, 0), 0): 38.0, ((30, 35, 1, 1), (12, 29, 1, 1), 0): 38.0, ((30, 51, 1, 2), (3, 40, 1, 2), 0): 76.0, ((11, 17, 6, 1), (11, 17, 35, 1), 0): 22.0, ((30, 42, 1, 2), (31, 35, 1, 1), 0): 38.0, ((30, 68, 1, 2), (31, 61, 1, 2), 0): 76.0, ((17, 44, 6, 2), (3, 23, 6, 1), 0): 38.0, ((30, 73, 1, 2), (6, 59, 1, 2), 0): 38.0, ((11, 69, 6, 2), (26, 6, 11, 0), 0): 22.0, ((17, 47, 6, 2), (3, 26, 6, 1), 0): 38.0, ((30, 62, 1, 2), (35, 40, 1, 2), 0): 76.0, ((30, 7, 6, 0), (31, 0, 6, 0), 0): 72.0, ((8, 40, 6, 2), (31, 6, 11, 0), 0): 38.0, ((8, 80, 6, 3), (11, 69, 6, 2), 0): 22.0, ((0, 30, 6, 1), (30, 7, 11, 0), 0): 152.0, ((0, 32, 6, 1), (30, 7, 11, 0), 0): 38.0, ((0, 34, 6, 1), (31, 6, 11, 0), 0): 38.0, ((0, 42, 6, 2), (10, 40, 6, 2), 0): 38.0, ((0, 51, 6, 2), (31, 18, 11, 1), 0): 114.0, ((0, 52, 6, 2), (12, 21, 11, 1), 0): 38.0, ((0, 73, 6, 2), (2, 73, 6, 2), 1): 2227.0, ((30, 7, 11, 0), (31, 0, 11, 0), 0): 190.0, ((12, 7, 11, 0), (31, 6, 11, 0), 1): 2341.0, ((31, 0, 11, 0), (31, 0, 35, 0), 0): 228.0, ((10, 36, 6, 1), (0, 34, 6, 1), 0): 38.0, ((31, 6, 11, 0), (31, 6, 35, 0), 0): 2645.0, ((15, 5, 11, 0), (31, 6, 11, 0), 1): 152.0, ((10, 39, 6, 1), (15, 5, 11, 0), 0): 38.0, ((31, 8, 11, 0), (31, 8, 35, 0), 0): 38.0, ((2, 35, 6, 1), (10, 36, 6, 1), 0): 38.0, ((10, 40, 6, 2), (31, 6, 11, 0), 0): 38.0, ((15, 10, 11, 1), (31, 8, 11, 0), 0): 38.0, ((3, 23, 11, 1), (12, 7, 11, 0), 0): 2227.0, ((10, 48, 6, 2), (31, 15, 11, 1), 0): 76.0, ((10, 49, 6, 2), (0, 51, 6, 2), 1): 38.0, ((15, 20, 11, 1), (31, 18, 11, 1), 1): 2227.0, ((31, 18, 11, 1), (31, 18, 35, 1), 0): 2341.0, ((12, 21, 11, 1), (31, 21, 11, 1), 1): 38.0, ((31, 21, 11, 1), (31, 21, 35, 1), 0): 2265.0, ((4, 40, 11, 2), (30, 7, 16, 0), 0): 1787.0, ((8, 39, 11, 1), (31, 0, 16, 0), 0): 2227.0, ((31, 15, 11, 1), (31, 15, 35, 1), 0): 76.0, ((2, 73, 6, 2), (15, 36, 11, 1), 0): 2227.0, ((10, 76, 6, 2), (2, 76, 6, 2), 0): 17376.0, ((15, 24, 11, 1), (12, 24, 11, 1), 0): 2227.0, ((2, 76, 6, 2), (0, 73, 6, 2), 0): 2227.0, ((2, 76, 6, 2), (3, 23, 11, 1), 0): 2227.0, ((2, 76, 6, 2), (4, 40, 11, 2), 0): 1787.0, ((2, 76, 6, 2), (8, 39, 11, 1), 0): 2227.0, ((2, 76, 6, 2), (12, 24, 11, 1), 0): 2227.0, ((2, 76, 6, 2), (15, 20, 11, 1), 0): 2227.0, ((2, 76, 6, 2), (30, 31, 11, 1), 0): 2227.0, ((2, 76, 6, 2), (31, 21, 11, 1), 0): 2227.0, ((12, 70, 11, 2), (32, 28, 16, 1), 0): 54682.0, ((12, 70, 11, 2), (12, 70, 16, 2), 0): 7518.0, ((30, 7, 16, 0), (31, 0, 16, 0), 0): 1787.0, ((31, 0, 16, 0), (31, 0, 21, 0), 0): 4014.0, ((8, 39, 16, 1), (31, 0, 21, 0), 0): 44.0, ((12, 70, 16, 2), (15, 68, 16, 2), 1): 2361.0, ((12, 70, 16, 2), (32, 28, 21, 1), 0): 5157.0, ((10, 17, 16, 1), (2, 14, 16, 1), 0): 34419056.0, ((2, 14, 16, 1), (10, 17, 16, 1), 0): 34419056.0, ((31, 0, 21, 0), (31, 0, 35, 0), 0): 113422.0, ((12, 70, 21, 2), (32, 28, 26, 1), 0): 2361.0, ((10, 17, 21, 1), (2, 14, 21, 1), 0): 7246088.0, ((2, 14, 21, 1), (10, 17, 21, 1), 0): 7246088.0, ((31, 0, 26, 0), (31, 0, 31, 0), 0): 10314.0, ((9, 0, 31, 0), (9, 0, 35, 0), 0): 14.0, ((10, 17, 26, 1), (2, 14, 26, 1), 0): 1287254.0, ((2, 14, 26, 1), (10, 17, 26, 1), 0): 1287254.0, ((31, 0, 31, 0), (31, 0, 35, 0), 0): 15036.0, ((10, 17, 31, 1), (2, 14, 31, 1), 0): 125559.0, ((2, 14, 31, 1), (10, 17, 31, 1), 0): 125559.0, ((2, 42, 6, 2), (15, 5, 11, 0), 0): 38.0, ((6, 29, 6, 1), (31, 18, 6, 1), 0): 76.0, ((12, 24, 11, 1), (31, 24, 11, 1), 1): 4454.0, ((30, 31, 11, 1), (15, 24, 11, 1), 0): 2227.0, ((31, 24, 11, 1), (31, 24, 35, 1), 0): 4454.0, ((15, 36, 11, 1), (31, 35, 11, 1), 0): 2227.0, ((31, 35, 11, 1), (31, 35, 35, 1), 0): 2227.0, ((32, 28, 16, 1), (31, 0, 21, 0), 0): 109364.0, ((32, 28, 21, 1), (31, 0, 26, 0), 0): 10314.0, ((32, 28, 26, 1), (31, 0, 31, 0), 0): 4722.0, ((3, 23, 1, 1), (31, 6, 1, 0), 0): 152.0, ((3, 24, 1, 1), (12, 7, 1, 0), 0): 76.0, ((3, 29, 1, 1), (31, 10, 1, 1), 0): 38.0, ((3, 30, 1, 1), (31, 12, 1, 1), 0): 38.0, ((3, 33, 1, 1), (31, 15, 1, 1), 0): 114.0, ((3, 40, 1, 2), (15, 20, 1, 1), 0): 76.0, ((3, 43, 1, 2), (31, 24, 1, 1), 0): 76.0, ((3, 44, 1, 2), (30, 30, 1, 1), 0): 38.0, ((3, 47, 1, 2), (15, 26, 1, 1), 0): 38.0, ((3, 48, 1, 2), (6, 27, 1, 1), 0): 38.0, ((3, 50, 1, 2), (31, 31, 1, 1), 0): 38.0, ((3, 51, 1, 2), (12, 33, 1, 1), 0): 76.0, ((3, 52, 1, 2), (12, 33, 1, 1), 0): 38.0, ((3, 53, 1, 2), (12, 33, 1, 1), 0): 38.0, ((3, 58, 1, 2), (15, 36, 1, 1), 0): 38.0, ((3, 66, 1, 2), (31, 47, 1, 2), 0): 76.0, ((3, 71, 1, 2), (31, 52, 1, 2), 0): 38.0, ((3, 72, 1, 2), (35, 52, 1, 2), 0): 38.0, ((3, 100, 1, 3), (8, 80, 6, 3), 0): 22.0, ((3, 100, 1, 3), (10, 76, 6, 2), 0): 17376.0, ((12, 7, 1, 0), (31, 6, 1, 0), 1): 608.0, ((31, 6, 1, 0), (31, 6, 35, 0), 0): 798.0, ((15, 5, 1, 0), (12, 7, 1, 0), 1): 456.0, ((31, 8, 1, 0), (31, 8, 35, 0), 0): 76.0, ((31, 10, 1, 1), (31, 10, 35, 1), 0): 228.0, ((12, 10, 1, 1), (30, 7, 1, 0), 0): 38.0, ((31, 12, 1, 1), (31, 12, 35, 1), 0): 456.0, ((12, 13, 1, 1), (15, 12, 1, 1), 0): 38.0, ((15, 12, 1, 1), (30, 7, 1, 0), 0): 76.0, ((31, 15, 1, 1), (31, 15, 35, 1), 0): 456.0, ((12, 15, 1, 1), (31, 15, 1, 1), 1): 38.0, ((15, 14, 1, 1), (31, 12, 1, 1), 0): 38.0, ((30, 21, 1, 1), (31, 15, 1, 1), 0): 76.0, ((31, 18, 1, 1), (31, 18, 35, 1), 0): 418.0, ((6, 19, 1, 1), (35, 22, 1, 1), 0): 190.0, ((12, 21, 1, 1), (31, 21, 1, 1), 1): 76.0, ((15, 20, 1, 1), (31, 18, 1, 1), 1): 266.0, ((31, 21, 1, 1), (31, 21, 35, 1), 0): 152.0, ((35, 22, 1, 1), (15, 5, 1, 0), 0): 380.0, ((6, 24, 1, 1), (31, 12, 1, 1), 0): 152.0, ((12, 24, 1, 1), (31, 24, 1, 1), 1): 304.0, ((15, 24, 1, 1), (12, 24, 1, 1), 0): 228.0, ((30, 28, 1, 1), (12, 21, 1, 1), 0): 76.0, ((31, 24, 1, 1), (31, 24, 35, 1), 0): 380.0, ((6, 13, 1, 1), (31, 0, 1, 0), 0): 38.0, ((30, 22, 1, 1), (31, 15, 1, 1), 0): 76.0, ((30, 30, 1, 1), (15, 24, 1, 1), 0): 114.0, ((6, 26, 1, 1), (31, 15, 1, 1), 0): 76.0, ((12, 17, 1, 1), (31, 18, 1, 1), 0): 152.0, ((12, 27, 1, 1), (31, 27, 1, 1), 0): 342.0, ((30, 31, 1, 1), (15, 24, 1, 1), 0): 38.0, ((31, 27, 1, 1), (31, 27, 35, 1), 0): 342.0, ((12, 19, 1, 1), (15, 20, 1, 1), 1): 38.0, ((15, 26, 1, 1), (30, 18, 1, 1), 0): 114.0, ((30, 34, 1, 1), (12, 27, 1, 1), 0): 38.0, ((31, 29, 1, 1), (31, 29, 35, 1), 0): 114.0, ((35, 27, 1, 1), (31, 10, 1, 1), 0): 190.0, ((6, 27, 1, 1), (31, 15, 1, 1), 0): 38.0, ((12, 29, 1, 1), (31, 29, 1, 1), 0): 114.0, ((6, 29, 1, 1), (12, 15, 1, 1), 0): 38.0, ((15, 28, 1, 1), (12, 27, 1, 1), 0): 76.0, ((12, 30, 1, 1), (6, 19, 1, 1), 0): 38.0, ((31, 31, 1, 1), (31, 31, 35, 1), 0): 114.0, ((6, 20, 1, 1), (35, 22, 1, 1), 0): 38.0, ((6, 31, 1, 1), (12, 17, 1, 1), 0): 76.0, ((12, 33, 1, 1), (31, 32, 1, 1), 0): 190.0, ((31, 32, 1, 1), (31, 32, 35, 1), 0): 342.0, ((6, 21, 1, 1), (31, 8, 1, 0), 0): 38.0, ((31, 35, 1, 1), (31, 35, 35, 1), 0): 380.0, ((6, 34, 1, 1), (15, 20, 1, 1), 0): 76.0, ((15, 31, 1, 1), (30, 22, 1, 1), 0): 38.0, ((35, 30, 1, 1), (31, 15, 1, 1), 0): 38.0, ((12, 35, 1, 1), (31, 35, 1, 1), 1): 38.0, ((15, 36, 1, 1), (31, 35, 1, 1), 0): 266.0, ((30, 40, 1, 2), (31, 35, 1, 1), 0): 38.0, ((31, 36, 1, 1), (31, 36, 35, 1), 0): 38.0, ((6, 40, 1, 2), (12, 27, 1, 1), 0): 190.0, ((12, 38, 1, 1), (31, 38, 1, 1), 0): 38.0, ((30, 46, 1, 2), (31, 39, 1, 1), 0): 38.0, ((31, 39, 1, 1), (31, 39, 35, 1), 0): 224.0, ((35, 35, 1, 1), (12, 17, 1, 1), 0): 38.0, ((12, 37, 1, 1), (6, 24, 1, 1), 0): 76.0, ((12, 47, 1, 2), (31, 47, 1, 2), 0): 38.0, ((15, 44, 1, 2), (31, 44, 1, 2), 0): 114.0, ((31, 38, 1, 1), (31, 38, 35, 1), 0): 114.0, ((31, 47, 1, 2), (31, 47, 35, 2), 0): 342.0, ((35, 45, 1, 2), (6, 44, 1, 2), 0): 38.0, ((15, 46, 1, 2), (30, 39, 1, 1), 0): 76.0, ((31, 49, 1, 2), (31, 49, 35, 2), 0): 76.0, ((12, 40, 1, 2), (31, 39, 1, 1), 0): 186.0, ((12, 49, 1, 2), (31, 49, 1, 2), 0): 76.0, ((15, 37, 1, 1), (30, 28, 1, 1), 0): 38.0, ((15, 48, 1, 2), (31, 47, 1, 2), 0): 76.0, ((35, 40, 1, 2), (6, 40, 1, 2), 0): 114.0, ((35, 47, 1, 2), (3, 24, 1, 1), 0): 38.0, ((12, 44, 1, 2), (15, 44, 1, 2), 0): 76.0, ((15, 40, 1, 2), (31, 38, 1, 1), 0): 38.0, ((30, 58, 1, 2), (3, 43, 1, 2), 0): 38.0, ((31, 44, 1, 2), (31, 44, 35, 2), 0): 114.0, ((31, 52, 1, 2), (31, 52, 35, 2), 0): 38.0, ((6, 44, 1, 2), (31, 31, 1, 1), 0): 76.0, ((6, 53, 1, 2), (12, 40, 1, 2), 0): 76.0, ((9, 40, 6, 2), (15, 5, 11, 0), 0): 38.0, ((12, 53, 1, 2), (3, 33, 1, 1), 0): 38.0, ((31, 55, 1, 2), (31, 55, 35, 2), 0): 76.0, ((35, 52, 1, 2), (15, 36, 1, 1), 0): 114.0, ((6, 59, 1, 2), (31, 47, 1, 2), 0): 152.0, ((12, 58, 1, 2), (31, 59, 1, 2), 1): 114.0, ((15, 60, 1, 2), (12, 58, 1, 2), 1): 76.0, ((30, 66, 1, 2), (3, 51, 1, 2), 0): 76.0, ((31, 59, 1, 2), (31, 59, 35, 2), 0): 152.0, ((35, 55, 1, 2), (31, 38, 1, 1), 0): 38.0, ((9, 43, 6, 2), (31, 6, 11, 0), 0): 38.0, ((12, 70, 1, 2), (15, 68, 1, 2), 1): 76.0, ((31, 61, 1, 2), (31, 61, 35, 2), 0): 76.0, ((35, 65, 1, 2), (6, 64, 1, 2), 0): 38.0, ((6, 79, 1, 2), (9, 46, 1, 2), 0): 14.0, ((6, 79, 1, 2), (6, 79, 6, 2), 0): 54682.0, ((9, 67, 6, 2), (9, 67, 11, 2), 0): 54682.0, ((15, 68, 1, 2), (15, 68, 6, 2), 0): 62200.0, ((30, 86, 1, 3), (31, 80, 1, 3), 0): 38.0, ((31, 72, 1, 2), (31, 72, 35, 2), 0): 152.0, ((8, 44, 6, 2), (12, 7, 11, 0), 0): 38.0, ((3, 29, 6, 1), (31, 10, 6, 1), 0): 38.0, ((35, 29, 6, 1), (31, 12, 6, 1), 0): 38.0, ((17, 49, 6, 2), (3, 29, 6, 1), 0): 38.0, ((17, 51, 6, 2), (35, 29, 6, 1), 0): 38.0, ((6, 79, 6, 2), (35, 80, 6, 3), 0): 54682.0, ((9, 67, 11, 2), (29, 64, 11, 2), 0): 54682.0, ((15, 68, 6, 2), (15, 68, 11, 2), 0): 62200.0, ((29, 64, 11, 2), (32, 28, 16, 1), 0): 54682.0, ((35, 80, 6, 3), (9, 67, 6, 2), 0): 54682.0, ((9, 67, 16, 2), (29, 64, 16, 2), 0): 5157.0, ((15, 68, 11, 2), (12, 70, 11, 2), 1): 62200.0, ((29, 64, 16, 2), (32, 28, 21, 1), 0): 5157.0, ((15, 68, 16, 2), (15, 68, 21, 2), 0): 2361.0, ((29, 64, 21, 2), (32, 28, 26, 1), 0): 2361.0, ((15, 68, 21, 2), (12, 70, 21, 2), 1): 2361.0, ((4, 89, 1, 3), (11, 69, 1, 2), 0): 22.0, ((28, 31, 6, 1), (26, 6, 11, 0), 0): 2.0, ((26, 6, 11, 0), (26, 6, 35, 0), 0): 26.0, ((11, 69, 1, 2), (26, 6, 6, 0), 0): 22.0, ((8, 89, 1, 3), (4, 89, 1, 3), 0): 22.0, ((8, 42, 6, 2), (12, 7, 11, 0), 0): 38.0, ((28, 31, 11, 1), (28, 31, 16, 1), 0): 2.0, ((28, 31, 16, 1), (26, 6, 21, 0), 0): 4.0, ((26, 6, 21, 0), (26, 6, 26, 0), 0): 4.0, ((26, 12, 21, 1), (26, 12, 35, 1), 0): 16.0, ((26, 6, 26, 0), (26, 6, 31, 0), 0): 4.0, ((26, 6, 31, 0), (26, 6, 35, 0), 0): 4.0, ((5, 80, 21, 3), (26, 46, 26, 2), 0): 14.0, ((5, 80, 11, 3), (26, 46, 16, 2), 0): 2.0, ((26, 46, 1, 2), (5, 26, 6, 1), 0): 2.0, ((26, 66, 1, 2), (28, 31, 6, 1), 0): 2.0, ((26, 66, 1, 2), (26, 66, 6, 2), 0): 4.0, ((26, 80, 1, 3), (26, 80, 6, 3), 0): 16.0, ((5, 26, 1, 1), (26, 6, 6, 0), 0): 4.0, ((5, 46, 11, 2), (5, 46, 16, 2), 0): 14.0, ((26, 6, 6, 0), (26, 6, 35, 0), 0): 28.0, ((26, 66, 6, 2), (28, 31, 11, 1), 0): 2.0, ((26, 66, 6, 2), (26, 66, 11, 2), 0): 2.0, ((26, 80, 6, 3), (5, 46, 11, 2), 0): 14.0, ((26, 80, 6, 3), (26, 80, 11, 3), 0): 2.0, ((5, 26, 6, 1), (26, 6, 11, 0), 0): 2.0, ((5, 46, 16, 2), (26, 12, 21, 1), 0): 16.0, ((5, 80, 26, 3), (26, 46, 31, 2), 0): 12.0, ((5, 80, 16, 3), (26, 46, 21, 2), 0): 6.0, ((5, 80, 16, 3), (5, 80, 21, 3), 0): 14.0, ((5, 80, 6, 3), (5, 80, 11, 3), 0): 2.0, ((26, 66, 11, 2), (28, 31, 16, 1), 0): 2.0, ((26, 80, 11, 3), (5, 46, 16, 2), 0): 2.0, ((26, 46, 16, 2), (26, 46, 35, 2), 0): 2.0, ((26, 46, 21, 2), (26, 46, 35, 2), 0): 6.0, ((26, 46, 26, 2), (26, 46, 35, 2), 0): 14.0, ((26, 46, 31, 2), (26, 46, 35, 2), 0): 12.0, ((6, 61, 1, 2), (12, 40, 1, 2), 0): 72.0, ((6, 64, 1, 2), (31, 51, 1, 2), 0): 76.0, ((6, 66, 1, 2), (31, 55, 1, 2), 0): 38.0, ((6, 95, 1, 3), (31, 90, 1, 3), 0): 38.0, ((31, 0, 1, 0), (31, 0, 35, 0), 0): 190.0, ((15, 10, 1, 1), (31, 8, 1, 0), 0): 38.0, ((15, 32, 1, 1), (6, 19, 1, 1), 0): 38.0, ((30, 19, 1, 1), (15, 10, 1, 1), 0): 38.0, ((12, 45, 1, 2), (35, 27, 1, 1), 0): 38.0, ((30, 41, 1, 2), (6, 24, 1, 1), 0): 38.0, ((12, 50, 1, 2), (3, 30, 1, 1), 0): 38.0, ((31, 51, 1, 2), (31, 51, 35, 2), 0): 76.0, ((9, 46, 1, 2), (31, 10, 6, 1), 0): 14.0, ((9, 47, 1, 2), (30, 7, 6, 0), 0): 72.0, ((35, 72, 1, 2), (31, 55, 1, 2), 0): 38.0, ((31, 70, 1, 2), (15, 68, 1, 2), 0): 62086.0, ((15, 66, 1, 2), (30, 58, 1, 2), 0): 38.0, ((35, 75, 1, 2), (9, 47, 1, 2), 0): 72.0, ((12, 77, 1, 2), (15, 76, 1, 2), 0): 76.0, ((12, 90, 1, 3), (31, 90, 1, 3), 1): 38.0, ((15, 76, 1, 2), (31, 75, 1, 2), 0): 114.0, ((15, 86, 1, 3), (3, 66, 1, 2), 0): 38.0, ((31, 90, 1, 3), (6, 79, 1, 2), 0): 54658.0, ((12, 79, 1, 2), (6, 66, 1, 2), 0): 38.0, ((29, 40, 6, 2), (15, 5, 11, 0), 0): 38.0, ((29, 49, 6, 2), (6, 29, 6, 1), 0): 76.0, ((9, 45, 6, 2), (12, 7, 11, 0), 0): 38.0, ((9, 47, 6, 2), (15, 10, 11, 1), 0): 38.0, ((36, 39, 26, 1), (36, 40, 26, 2), 0): 14.0, ((36, 40, 26, 2), (36, 41, 26, 2), 0): 14.0, ((9, 100, 1, 3), (36, 41, 6, 2), 0): 14.0, ((35, 53, 1, 2), (31, 36, 1, 1), 0): 38.0, ((16, 41, 6, 2), (31, 0, 11, 0), 0): 38.0, ((36, 59, 6, 2), (36, 80, 6, 3), 0): 14.0, ((9, 100, 0, 3), (29, 100, 1, 3), 0): 14.0, ((29, 100, 1, 3), (9, 100, 1, 3), 0): 14.0, ((36, 41, 6, 2), (36, 59, 6, 2), 0): 14.0, ((36, 41, 26, 2), (9, 0, 31, 0), 0): 14.0, ((28, 31, 1, 1), (26, 6, 6, 0), 0): 2.0, ((11, 100, 0, 3), (8, 89, 1, 3), 0): 22.0, ((12, 100, 11, 3), (12, 100, 16, 3), 0): 2361.0, ((12, 97, 1, 3), (31, 96, 1, 3), 1): 190.0, ((12, 98, 1, 3), (6, 95, 1, 3), 0): 38.0, ((15, 74, 1, 2), (31, 72, 1, 2), 0): 152.0, ((31, 75, 1, 2), (31, 75, 35, 2), 0): 114.0, ((15, 77, 1, 2), (30, 68, 1, 2), 0): 38.0, ((31, 80, 1, 3), (31, 80, 35, 3), 0): 38.0, ((15, 96, 1, 3), (12, 97, 1, 3), 1): 114.0, ((31, 96, 1, 3), (31, 96, 35, 3), 0): 190.0, ((31, 100, 1, 3), (31, 100, 6, 3), 0): 7518.0, ((35, 73, 1, 2), (31, 59, 1, 2), 0): 38.0, ((12, 73, 1, 2), (15, 74, 1, 2), 1): 38.0, ((12, 78, 1, 2), (3, 58, 1, 2), 0): 38.0, ((12, 98, 16, 3), (29, 64, 21, 2), 0): 2361.0, ((12, 100, 16, 3), (15, 100, 16, 3), 0): 2361.0, ((31, 100, 6, 3), (31, 100, 11, 3), 0): 7518.0, ((30, 100, 11, 3), (9, 67, 16, 2), 0): 5157.0, ((31, 100, 11, 3), (12, 100, 11, 3), 0): 2361.0, ((31, 100, 11, 3), (30, 100, 11, 3), 0): 5157.0, ((15, 100, 16, 3), (12, 98, 16, 3), 0): 2361.0, ((20, 40, 16, 2), (20, 49, 16, 2), 0): 14.0, ((20, 29, 16, 1), (20, 40, 16, 2), 0): 14.0, ((20, 64, 16, 2), (20, 80, 16, 3), 0): 14.0, ((28, 73, 11, 2), (8, 39, 16, 1), 0): 44.0, ((20, 27, 16, 1), (20, 29, 16, 1), 0): 14.0, ((20, 49, 16, 2), (24, 50, 16, 2), 0): 14.0, ((24, 50, 16, 2), (20, 64, 16, 2), 0): 14.0, ((20, 80, 16, 3), (36, 39, 26, 1), 0): 14.0, ((20, 0, 16, 0), (20, 10, 16, 1), 0): 14.0, ((20, 10, 16, 1), (20, 20, 16, 1), 0): 14.0, ((20, 20, 16, 1), (20, 27, 16, 1), 0): 14.0, ((36, 80, 6, 3), (20, 0, 16, 0), 0): 14.0, ((26, 46, 0, 2), (5, 26, 1, 1), 0): 4.0, ((26, 46, 0, 2), (26, 46, 1, 2), 0): 2.0, ((26, 66, 0, 2), (28, 31, 1, 1), 0): 2.0, ((26, 66, 0, 2), (26, 66, 1, 2), 0): 6.0, ((26, 80, 0, 3), (26, 80, 1, 3), 0): 16.0, ((26, 100, 6, 3), (28, 73, 11, 2), 0): 44.0, ((26, 100, 6, 3), (26, 100, 11, 3), 0): 32.0, ((26, 100, 1, 3), (5, 80, 6, 3), 0): 2.0, ((26, 100, 1, 3), (26, 100, 6, 3), 0): 76.0, ((26, 100, 0, 3), (26, 100, 1, 3), 0): 78.0, ((26, 100, 11, 3), (5, 80, 16, 3), 0): 20.0, ((26, 100, 11, 3), (26, 100, 16, 3), 0): 12.0, ((26, 100, 16, 3), (26, 100, 21, 3), 0): 12.0, ((26, 100, 21, 3), (5, 80, 26, 3), 0): 12.0, ((31, 6, 0, 0), (12, 7, 1, 0), 0): 38.0, ((31, 6, 0, 0), (15, 5, 1, 0), 0): 38.0, ((31, 8, 0, 0), (12, 7, 1, 0), 0): 38.0, ((31, 8, 0, 0), (15, 5, 1, 0), 0): 38.0, ((31, 12, 0, 1), (12, 10, 1, 1), 0): 38.0, ((31, 15, 0, 1), (12, 13, 1, 1), 0): 38.0, ((31, 15, 0, 1), (15, 12, 1, 1), 0): 38.0, ((31, 15, 0, 1), (30, 7, 1, 0), 0): 38.0, ((31, 18, 0, 1), (12, 17, 1, 1), 0): 38.0, ((31, 18, 0, 1), (15, 14, 1, 1), 0): 38.0, ((31, 18, 0, 1), (30, 8, 1, 0), 0): 38.0, ((31, 21, 0, 1), (12, 19, 1, 1), 0): 38.0, ((31, 21, 0, 1), (15, 20, 1, 1), 0): 38.0, ((31, 24, 0, 1), (12, 24, 1, 1), 0): 38.0, ((31, 24, 0, 1), (15, 20, 1, 1), 0): 38.0, ((31, 24, 0, 1), (30, 18, 1, 1), 0): 38.0, ((31, 25, 0, 1), (12, 24, 1, 1), 0): 38.0, ((31, 25, 0, 1), (15, 24, 1, 1), 0): 38.0, ((31, 25, 0, 1), (30, 18, 1, 1), 0): 38.0, ((31, 27, 0, 1), (15, 24, 1, 1), 0): 38.0, ((31, 27, 0, 1), (30, 18, 1, 1), 0): 38.0, ((31, 29, 0, 1), (12, 27, 1, 1), 0): 38.0, ((31, 29, 0, 1), (15, 26, 1, 1), 0): 38.0, ((31, 29, 0, 1), (30, 19, 1, 1), 0): 38.0, ((31, 30, 0, 1), (12, 29, 1, 1), 0): 38.0, ((31, 30, 0, 1), (15, 26, 1, 1), 0): 38.0, ((31, 30, 0, 1), (30, 21, 1, 1), 0): 38.0, ((31, 31, 0, 1), (12, 29, 1, 1), 0): 38.0, ((31, 31, 0, 1), (15, 28, 1, 1), 0): 38.0, ((31, 31, 0, 1), (30, 21, 1, 1), 0): 38.0, ((31, 32, 0, 1), (6, 13, 1, 1), 0): 38.0, ((31, 32, 0, 1), (12, 30, 1, 1), 0): 38.0, ((31, 32, 0, 1), (15, 28, 1, 1), 0): 38.0, ((31, 32, 0, 1), (30, 22, 1, 1), 0): 38.0, ((31, 35, 0, 1), (6, 19, 1, 1), 0): 38.0, ((31, 35, 0, 1), (12, 33, 1, 1), 0): 38.0, ((31, 35, 0, 1), (15, 31, 1, 1), 0): 38.0, ((31, 35, 0, 1), (30, 26, 1, 1), 0): 38.0, ((31, 36, 0, 1), (6, 19, 1, 1), 0): 38.0, ((31, 36, 0, 1), (12, 35, 1, 1), 0): 38.0, ((31, 36, 0, 1), (15, 32, 1, 1), 0): 38.0, ((31, 36, 0, 1), (30, 26, 1, 1), 0): 38.0, ((31, 38, 0, 1), (6, 19, 1, 1), 0): 38.0, ((31, 38, 0, 1), (12, 37, 1, 1), 0): 38.0, ((31, 38, 0, 1), (15, 36, 1, 1), 0): 38.0, ((31, 38, 0, 1), (30, 28, 1, 1), 0): 38.0, ((31, 39, 0, 1), (6, 20, 1, 1), 0): 38.0, ((31, 39, 0, 1), (12, 37, 1, 1), 0): 38.0, ((31, 39, 0, 1), (15, 36, 1, 1), 0): 38.0, ((31, 39, 0, 1), (30, 30, 1, 1), 0): 38.0, ((31, 40, 0, 2), (6, 21, 1, 1), 0): 38.0, ((31, 40, 0, 2), (12, 38, 1, 1), 0): 38.0, ((31, 40, 0, 2), (15, 36, 1, 1), 0): 38.0, ((31, 40, 0, 2), (30, 30, 1, 1), 0): 38.0, ((31, 41, 0, 2), (6, 24, 1, 1), 0): 38.0, ((31, 41, 0, 2), (12, 40, 1, 2), 0): 38.0, ((31, 41, 0, 2), (15, 37, 1, 1), 0): 38.0, ((31, 41, 0, 2), (30, 31, 1, 1), 0): 38.0, ((31, 41, 0, 2), (35, 22, 1, 1), 0): 38.0, ((31, 44, 0, 2), (6, 26, 1, 1), 0): 38.0, ((31, 44, 0, 2), (12, 44, 1, 2), 0): 38.0, ((31, 44, 0, 2), (15, 40, 1, 2), 0): 38.0, ((31, 44, 0, 2), (30, 34, 1, 1), 0): 38.0, ((31, 44, 0, 2), (35, 22, 1, 1), 0): 38.0, ((31, 45, 0, 2), (6, 26, 1, 1), 0): 38.0, ((31, 45, 0, 2), (12, 44, 1, 2), 0): 38.0, ((31, 45, 0, 2), (30, 35, 1, 1), 0): 38.0, ((31, 45, 0, 2), (35, 22, 1, 1), 0): 38.0, ((31, 47, 0, 2), (3, 23, 1, 1), 0): 38.0, ((31, 47, 0, 2), (6, 29, 1, 1), 0): 38.0, ((31, 47, 0, 2), (12, 45, 1, 2), 0): 38.0, ((31, 47, 0, 2), (15, 44, 1, 2), 0): 38.0, ((31, 47, 0, 2), (30, 39, 1, 1), 0): 38.0, ((31, 47, 0, 2), (35, 22, 1, 1), 0): 38.0, ((31, 49, 0, 2), (3, 23, 1, 1), 0): 38.0, ((31, 49, 0, 2), (6, 31, 1, 1), 0): 38.0, ((31, 49, 0, 2), (12, 47, 1, 2), 0): 38.0, ((31, 49, 0, 2), (15, 46, 1, 2), 0): 38.0, ((31, 49, 0, 2), (30, 39, 1, 1), 0): 38.0, ((31, 49, 0, 2), (35, 27, 1, 1), 0): 38.0, ((31, 50, 0, 2), (3, 23, 1, 1), 0): 38.0, ((31, 50, 0, 2), (6, 31, 1, 1), 0): 38.0, ((31, 50, 0, 2), (12, 49, 1, 2), 0): 38.0, ((31, 50, 0, 2), (15, 46, 1, 2), 0): 38.0, ((31, 50, 0, 2), (30, 40, 1, 2), 0): 38.0, ((31, 50, 0, 2), (35, 27, 1, 1), 0): 38.0, ((31, 51, 0, 2), (3, 23, 1, 1), 0): 38.0, ((31, 51, 0, 2), (6, 34, 1, 1), 0): 38.0, ((31, 51, 0, 2), (12, 49, 1, 2), 0): 38.0, ((31, 51, 0, 2), (15, 48, 1, 2), 0): 38.0, ((31, 51, 0, 2), (30, 41, 1, 2), 0): 38.0, ((31, 51, 0, 2), (35, 27, 1, 1), 0): 38.0, ((31, 52, 0, 2), (3, 24, 1, 1), 0): 38.0, ((31, 52, 0, 2), (6, 34, 1, 1), 0): 38.0, ((31, 52, 0, 2), (12, 50, 1, 2), 0): 38.0, ((31, 52, 0, 2), (15, 48, 1, 2), 0): 38.0, ((31, 52, 0, 2), (30, 42, 1, 2), 0): 38.0, ((31, 52, 0, 2), (35, 27, 1, 1), 0): 38.0, ((31, 55, 0, 2), (3, 29, 1, 1), 0): 38.0, ((31, 55, 0, 2), (6, 40, 1, 2), 0): 38.0, ((31, 55, 0, 2), (12, 53, 1, 2), 0): 38.0, ((31, 55, 0, 2), (30, 46, 1, 2), 0): 38.0, ((31, 55, 0, 2), (35, 30, 1, 1), 0): 38.0, ((31, 59, 0, 2), (3, 33, 1, 1), 0): 38.0, ((31, 59, 0, 2), (6, 40, 1, 2), 0): 38.0, ((31, 59, 0, 2), (12, 58, 1, 2), 0): 38.0, ((31, 59, 0, 2), (15, 60, 1, 2), 0): 38.0, ((31, 59, 0, 2), (30, 51, 1, 2), 0): 38.0, ((31, 59, 0, 2), (35, 35, 1, 1), 0): 38.0, ((31, 61, 0, 2), (3, 33, 1, 1), 0): 38.0, ((31, 61, 0, 2), (6, 44, 1, 2), 0): 38.0, ((31, 61, 0, 2), (15, 60, 1, 2), 0): 38.0, ((31, 61, 0, 2), (30, 51, 1, 2), 0): 38.0, ((31, 61, 0, 2), (35, 40, 1, 2), 0): 38.0, ((31, 70, 0, 2), (3, 43, 1, 2), 0): 38.0, ((31, 70, 0, 2), (6, 53, 1, 2), 0): 38.0, ((31, 70, 0, 2), (12, 70, 1, 2), 0): 38.0, ((31, 70, 0, 2), (15, 66, 1, 2), 0): 38.0, ((31, 70, 0, 2), (30, 62, 1, 2), 0): 38.0, ((31, 70, 0, 2), (35, 45, 1, 2), 0): 38.0, ((31, 70, 0, 2), (31, 70, 1, 2), 0): 62086.0, ((31, 72, 0, 2), (0, 30, 6, 1), 0): 38.0, ((31, 72, 0, 2), (3, 44, 1, 2), 0): 38.0, ((31, 72, 0, 2), (6, 53, 1, 2), 0): 38.0, ((31, 72, 0, 2), (12, 70, 1, 2), 0): 38.0, ((31, 72, 0, 2), (15, 68, 1, 2), 0): 38.0, ((31, 72, 0, 2), (30, 62, 1, 2), 0): 38.0, ((31, 72, 0, 2), (35, 47, 1, 2), 0): 38.0, ((31, 75, 0, 2), (0, 30, 6, 1), 0): 38.0, ((31, 75, 0, 2), (3, 47, 1, 2), 0): 38.0, ((31, 75, 0, 2), (6, 59, 1, 2), 0): 38.0, ((31, 75, 0, 2), (12, 73, 1, 2), 0): 38.0, ((31, 75, 0, 2), (15, 74, 1, 2), 0): 38.0, ((31, 75, 0, 2), (30, 66, 1, 2), 0): 38.0, ((31, 75, 0, 2), (35, 52, 1, 2), 0): 38.0, ((31, 76, 0, 2), (0, 30, 6, 1), 0): 38.0, ((31, 76, 0, 2), (3, 48, 1, 2), 0): 38.0, ((31, 76, 0, 2), (6, 59, 1, 2), 0): 38.0, ((31, 76, 0, 2), (12, 77, 1, 2), 0): 38.0, ((31, 76, 0, 2), (15, 74, 1, 2), 0): 38.0, ((31, 76, 0, 2), (30, 66, 1, 2), 0): 38.0, ((31, 76, 0, 2), (35, 52, 1, 2), 0): 38.0, ((31, 78, 0, 2), (0, 30, 6, 1), 0): 38.0, ((31, 78, 0, 2), (3, 50, 1, 2), 0): 38.0, ((31, 78, 0, 2), (6, 59, 1, 2), 0): 38.0, ((31, 78, 0, 2), (12, 77, 1, 2), 0): 38.0, ((31, 78, 0, 2), (15, 74, 1, 2), 0): 38.0, ((31, 78, 0, 2), (30, 68, 1, 2), 0): 38.0, ((31, 78, 0, 2), (35, 53, 1, 2), 0): 38.0, ((31, 80, 0, 3), (0, 32, 6, 1), 0): 38.0, ((31, 80, 0, 3), (3, 52, 1, 2), 0): 38.0, ((31, 80, 0, 3), (6, 61, 1, 2), 0): 72.0, ((31, 80, 0, 3), (12, 78, 1, 2), 0): 38.0, ((31, 80, 0, 3), (15, 76, 1, 2), 0): 38.0, ((31, 80, 0, 3), (35, 55, 1, 2), 0): 38.0, ((31, 81, 0, 3), (3, 53, 1, 2), 0): 38.0, ((31, 81, 0, 3), (6, 64, 1, 2), 0): 38.0, ((31, 81, 0, 3), (12, 79, 1, 2), 0): 38.0, ((31, 81, 0, 3), (15, 77, 1, 2), 0): 38.0, ((31, 81, 0, 3), (30, 73, 1, 2), 0): 38.0, ((31, 90, 0, 3), (0, 42, 6, 2), 0): 38.0, ((31, 90, 0, 3), (2, 35, 6, 1), 0): 38.0, ((31, 90, 0, 3), (3, 66, 1, 2), 0): 38.0, ((31, 90, 0, 3), (9, 40, 6, 2), 0): 38.0, ((31, 90, 0, 3), (10, 39, 6, 1), 0): 38.0, ((31, 90, 0, 3), (12, 90, 1, 3), 0): 38.0, ((31, 90, 0, 3), (15, 86, 1, 3), 0): 38.0, ((31, 90, 0, 3), (17, 44, 6, 2), 0): 38.0, ((31, 90, 0, 3), (29, 40, 6, 2), 0): 38.0, ((31, 90, 0, 3), (35, 65, 1, 2), 0): 38.0, ((31, 90, 0, 3), (31, 90, 1, 3), 0): 54582.0, ((31, 96, 0, 3), (0, 51, 6, 2), 0): 38.0, ((31, 96, 0, 3), (2, 42, 6, 2), 0): 38.0, ((31, 96, 0, 3), (8, 40, 6, 2), 0): 38.0, ((31, 96, 0, 3), (9, 43, 6, 2), 0): 38.0, ((31, 96, 0, 3), (10, 48, 6, 2), 0): 38.0, ((31, 96, 0, 3), (12, 97, 1, 3), 0): 38.0, ((31, 96, 0, 3), (15, 96, 1, 3), 0): 38.0, ((31, 96, 0, 3), (17, 47, 6, 2), 0): 38.0, ((31, 96, 0, 3), (29, 49, 6, 2), 0): 38.0, ((31, 96, 0, 3), (30, 86, 1, 3), 0): 38.0, ((31, 96, 0, 3), (35, 72, 1, 2), 0): 38.0, ((31, 98, 0, 3), (0, 51, 6, 2), 0): 38.0, ((31, 98, 0, 3), (3, 71, 1, 2), 0): 38.0, ((31, 98, 0, 3), (6, 79, 1, 2), 0): 38.0, ((31, 98, 0, 3), (8, 42, 6, 2), 0): 38.0, ((31, 98, 0, 3), (9, 45, 6, 2), 0): 38.0, ((31, 98, 0, 3), (10, 48, 6, 2), 0): 38.0, ((31, 98, 0, 3), (11, 17, 6, 1), 0): 22.0, ((31, 98, 0, 3), (12, 97, 1, 3), 0): 38.0, ((31, 98, 0, 3), (15, 96, 1, 3), 0): 38.0, ((31, 98, 0, 3), (17, 49, 6, 2), 0): 38.0, ((31, 98, 0, 3), (29, 49, 6, 2), 0): 38.0, ((31, 98, 0, 3), (35, 73, 1, 2), 0): 38.0, ((31, 100, 0, 3), (0, 52, 6, 2), 0): 38.0, ((31, 100, 0, 3), (3, 72, 1, 2), 0): 38.0, ((31, 100, 0, 3), (3, 100, 1, 3), 0): 17398.0, ((31, 100, 0, 3), (8, 44, 6, 2), 0): 38.0, ((31, 100, 0, 3), (9, 47, 6, 2), 0): 38.0, ((31, 100, 0, 3), (10, 49, 6, 2), 0): 38.0, ((31, 100, 0, 3), (12, 98, 1, 3), 0): 38.0, ((31, 100, 0, 3), (15, 96, 1, 3), 0): 38.0, ((31, 100, 0, 3), (16, 41, 6, 2), 0): 38.0, ((31, 100, 0, 3), (17, 51, 6, 2), 0): 38.0, ((31, 100, 0, 3), (35, 75, 1, 2), 0): 72.0, ((31, 100, 0, 3), (31, 100, 1, 3), 0): 7518.0, ((31, 81, 0, 3), (35, 56, 3, 2), 0): 36.0, ((35, 56, 3, 2), (31, 31, 6, 1), 0): 36.0}
a: {20: 1.0, 36: 1.0}
n: {9: 14.0, 11: 22.0}
{0: (34.421443, -119.684178), 1: (38.164391, -112.278183), 2: (34.4349097, -119.9212861), 3: (34.689589, -118.130371), 4: (35.400164, -119.399727), 5: (38.7747705, -119.9029911), 6: (33.9541734, -117.5556971), 7: (36.009923, -114.784826), 8: (35.3002628, -119.0381956), 9: (34.118101, -116.45646), 10: (34.4425082, -119.7812613), 11: (36.075856, -119.043996), 12: (33.8722233, -118.2654222), 13: (35.263617, -112.194139), 14: (37.72495, -113.056978), 15: (33.7885884, -118.2150827), 16: (32.596725, -117.019495), 17: (34.886448, -117.079423), 18: (35.9874334, -119.961999), 19: (35.01643, -110.675005), 20: (33.30006, -111.96835), 21: (38.786621, -112.084147), 22: (32.794671, -115.539473), 23: (36.220567, -115.125553), 24: (33.3021433, -111.9552863), 25: (33.39639, -110.76888), 26: (37.8135094, -119.8800771), 27: (37.161682, -113.434692), 28: (36.72136, -119.761165), 29: (33.8310496, -116.5452277), 30: (34.12755, -118.443664), 31: (33.899899, -118.207088), 32: (33.0390751, -117.2841996), 33: (33.3874378, -110.7609849), 34: (32.178328, -110.960207), 35: (34.02094, -117.385415), 36: (33.603063, -114.598023)}
(((26, np.int64(41), np.int64(0), 2), (26, 41, 35, 2), 0),)
(((31, np.int64(35), np.int64(0), 1), (31, 35, 35, 1), 0),)
(((31, np.int64(98), np.int64(0), 3), (6, 79, 1, 2), 0), ((6, 79, 1, 2), (9, 46, 1, 2), 0), ((9, 46, 1, 2), (9, 100, 1, 3), 0), ((9, 100, 1, 3), (36, 41, 6, 2), 0), ((36, 41, 6, 2), (36, 59, 6, 2), 0), ((36, 59, 6, 2), (36, 80, 6, 3), 0), ((36, 80, 6, 3), (20, 0, 16, 0), 0), ((20, 0, 16, 0), (20, 0, 35, 0), 0))
New edge added:  ((31, np.int64(98), np.int64(0), 3), (6, np.int64(79), np.int64(3), 2), 0)  Edge removed:  ((31, np.int64(98), np.int64(0), 3), (6, 79, 1, 2), 0)
Solution cannot be extended to a feasible solution, updating network...
{'x_load': {((26, np.int64(41), np.int64(0), 2), (26, np.int64(41), 35, 2)): 2.0, ((31, np.int64(35), np.int64(0), 1), (31, np.int64(35), 35, 1)): 2.0, ((31, np.int64(98), np.int64(0), 3), (6, np.int64(79), np.int64(3), 2)): 14.0, ((6, np.int64(79), np.int64(3), 2), (9, np.int64(46), np.int64(7), 2)): 14.0, ((9, np.int64(46), np.int64(7), 2), (9, np.int64(100), np.int64(8), 3)): 14.0, ((9, np.int64(100), np.int64(8), 3), (36, np.int64(41), np.int64(15), 2)): 14.0, ((36, np.int64(41), np.int64(15), 2), (36, np.int64(59), np.int64(17), 2)): 14.0, ((36, np.int64(59), np.int64(17), 2), (36, np.int64(80), np.int64(20), 3)): 14.0, ((36, np.int64(80), np.int64(20), 3), (20, np.int64(0), np.int64(30), 0)): 14.0, ((20, np.int64(0), np.int64(30), 0), (20, np.int64(0), 35, 0)): 14.0, ((31, np.int64(98), np.int64(0), 3), (11, np.int64(16), np.int64(10), 1)): 22.0, ((11, np.int64(16), np.int64(10), 1), (11, np.int64(68), np.int64(11), 2)): 22.0, ((11, np.int64(68), np.int64(11), 2), (26, np.int64(1), np.int64(19), 0)): 22.0, ((26, np.int64(1), np.int64(19), 0), (26, np.int64(1), 35, 0)): 22.0}, 'x_ener': {((9, np.int64(100), np.int64(0), 3), (29, np.int64(93), np.int64(2), 3)): 14.0, ((29, np.int64(93), np.int64(2), 3), (9, np.int64(86), np.int64(4), 3)): 14.0, ((9, np.int64(86), np.int64(4), 3), (36, np.int64(27), np.int64(11), 1)): 14.0, ((36, np.int64(27), np.int64(11), 1), (36, np.int64(45), np.int64(13), 2)): 14.0, ((36, np.int64(45), np.int64(13), 2), (36, np.int64(66), np.int64(16), 2)): 14.0, ((36, np.int64(66), np.int64(16), 2), (36, np.int64(66), 35, 2)): 14.0, ((11, np.int64(100), np.int64(0), 3), (8, np.int64(81), np.int64(4), 3)): 22.0, ((8, np.int64(81), np.int64(4), 3), (4, np.int64(74), np.int64(6), 2)): 22.0, ((4, np.int64(74), np.int64(6), 2), (11, np.int64(48), np.int64(10), 2)): 22.0, ((11, np.int64(48), np.int64(10), 2), (11, np.int64(48), 35, 2)): 22.0, ((26, np.int64(46), np.int64(0), 2), (5, np.int64(12), np.int64(5), 1)): 4.0, ((5, np.int64(12), np.int64(5), 1), (5, np.int64(12), 35, 1)): 4.0, ((26, np.int64(46), np.int64(0), 2), (26, np.int64(46), np.int64(1), 2)): 2.0, ((26, np.int64(46), np.int64(1), 2), (5, np.int64(12), np.int64(6), 1)): 2.0, ((5, np.int64(12), np.int64(6), 1), (5, np.int64(12), 35, 1)): 2.0, ((26, np.int64(66), np.int64(0), 2), (28, np.int64(27), np.int64(5), 1)): 2.0, ((28, np.int64(27), np.int64(5), 1), (26, np.int64(0), np.int64(10), 0)): 2.0, ((26, np.int64(0), np.int64(10), 0), (26, np.int64(0), 35, 0)): 2.0, ((26, np.int64(66), np.int64(0), 2), (26, np.int64(66), np.int64(1), 2)): 6.0, ((26, np.int64(66), np.int64(1), 2), (28, np.int64(27), np.int64(6), 1)): 2.0, ((28, np.int64(27), np.int64(6), 1), (26, np.int64(0), np.int64(11), 0)): 2.0, ((26, np.int64(0), np.int64(11), 0), (26, np.int64(0), 35, 0)): 2.0, ((26, np.int64(66), np.int64(1), 2), (26, np.int64(66), np.int64(6), 2)): 4.0, ((26, np.int64(66), np.int64(6), 2), (28, np.int64(27), np.int64(11), 1)): 2.0, ((28, np.int64(27), np.int64(11), 1), (28, np.int64(27), np.int64(16), 1)): 2.0, ((28, np.int64(27), np.int64(16), 1), (26, np.int64(0), np.int64(21), 0)): 4.0, ((26, np.int64(0), np.int64(21), 0), (26, np.int64(0), np.int64(26), 0)): 4.0, ((26, np.int64(0), np.int64(26), 0), (26, np.int64(0), np.int64(31), 0)): 4.0, ((26, np.int64(0), np.int64(31), 0), (26, np.int64(0), 35, 0)): 4.0, ((26, np.int64(66), np.int64(6), 2), (26, np.int64(66), np.int64(11), 2)): 2.0, ((26, np.int64(66), np.int64(11), 2), (28, np.int64(27), np.int64(16), 1)): 2.0, ((26, np.int64(80), np.int64(0), 3), (26, np.int64(80), np.int64(1), 3)): 16.0, ((26, np.int64(80), np.int64(1), 3), (26, np.int64(80), np.int64(6), 3)): 16.0, ((26, np.int64(80), np.int64(6), 3), (5, np.int64(46), np.int64(11), 2)): 14.0, ((5, np.int64(46), np.int64(11), 2), (5, np.int64(46), np.int64(16), 2)): 14.0, ((5, np.int64(46), np.int64(16), 2), (26, np.int64(12), np.int64(21), 1)): 16.0, ((26, np.int64(12), np.int64(21), 1), (26, np.int64(12), 35, 1)): 16.0, ((26, np.int64(80), np.int64(6), 3), (26, np.int64(80), np.int64(11), 3)): 2.0, ((26, np.int64(80), np.int64(11), 3), (5, np.int64(46), np.int64(16), 2)): 2.0, ((26, np.int64(100), np.int64(0), 3), (26, np.int64(100), np.int64(1), 3)): 78.0, ((26, np.int64(100), np.int64(1), 3), (5, np.int64(77), np.int64(6), 2)): 2.0, ((5, np.int64(77), np.int64(6), 2), (5, np.int64(77), np.int64(11), 2)): 2.0, ((5, np.int64(77), np.int64(11), 2), (26, np.int64(43), np.int64(16), 2)): 2.0, ((26, np.int64(43), np.int64(16), 2), (26, np.int64(43), 35, 2)): 2.0, ((26, np.int64(100), np.int64(1), 3), (26, np.int64(100), np.int64(6), 3)): 76.0, ((26, np.int64(100), np.int64(6), 3), (26, np.int64(100), np.int64(11), 3)): 32.0, ((26, np.int64(100), np.int64(11), 3), (5, np.int64(77), np.int64(16), 2)): 20.0, ((5, np.int64(77), np.int64(16), 2), (26, np.int64(43), np.int64(21), 2)): 6.0, ((26, np.int64(43), np.int64(21), 2), (26, np.int64(43), 35, 2)): 6.0, ((5, np.int64(77), np.int64(16), 2), (5, np.int64(77), np.int64(21), 2)): 14.0, ((5, np.int64(77), np.int64(21), 2), (26, np.int64(43), np.int64(26), 2)): 14.0, ((26, np.int64(43), np.int64(26), 2), (26, np.int64(43), 35, 2)): 14.0, ((26, np.int64(100), np.int64(11), 3), (26, np.int64(100), np.int64(16), 3)): 12.0, ((26, np.int64(100), np.int64(16), 3), (26, np.int64(100), np.int64(21), 3)): 12.0, ((26, np.int64(100), np.int64(21), 3), (5, np.int64(77), np.int64(26), 2)): 12.0, ((5, np.int64(77), np.int64(26), 2), (26, np.int64(43), np.int64(31), 2)): 12.0, ((26, np.int64(43), np.int64(31), 2), (26, np.int64(43), 35, 2)): 12.0, ((26, np.int64(100), np.int64(6), 3), (28, np.int64(73), np.int64(11), 2)): 44.0, ((28, np.int64(73), np.int64(11), 2), (8, np.int64(35), np.int64(18), 1)): 44.0, ((8, np.int64(35), np.int64(18), 1), (8, np.int64(35), 35, 1)): 44.0, ((31, np.int64(6), np.int64(0), 0), (12, np.int64(4), np.int64(1), 0)): 38.0, ((12, np.int64(4), np.int64(1), 0), (31, np.int64(3), np.int64(2), 0)): 38.0, ((31, np.int64(3), np.int64(2), 0), (31, np.int64(3), 35, 0)): 38.0, ((31, np.int64(6), np.int64(0), 0), (15, np.int64(2), np.int64(1), 0)): 38.0, ((15, np.int64(2), np.int64(1), 0), (12, np.int64(0), np.int64(2), 0)): 38.0, ((12, np.int64(0), np.int64(2), 0), (12, np.int64(0), 35, 0)): 38.0, ((31, np.int64(8), np.int64(0), 0), (12, np.int64(6), np.int64(1), 0)): 38.0, ((12, np.int64(6), np.int64(1), 0), (31, np.int64(5), np.int64(2), 0)): 38.0, ((31, np.int64(5), np.int64(2), 0), (31, np.int64(5), 35, 0)): 38.0, ((31, np.int64(8), np.int64(0), 0), (15, np.int64(4), np.int64(1), 0)): 38.0, ((15, np.int64(4), np.int64(1), 0), (12, np.int64(2), np.int64(2), 0)): 38.0, ((12, np.int64(2), np.int64(2), 0), (31, np.int64(1), np.int64(3), 0)): 38.0, ((31, np.int64(1), np.int64(3), 0), (31, np.int64(1), 35, 0)): 38.0, ((31, np.int64(12), np.int64(0), 1), (12, np.int64(10), np.int64(1), 1)): 38.0, ((12, np.int64(10), np.int64(1), 1), (30, np.int64(3), np.int64(3), 0)): 38.0, ((30, np.int64(3), np.int64(3), 0), (30, np.int64(3), 35, 0)): 38.0, ((31, np.int64(15), np.int64(0), 1), (30, np.int64(5), np.int64(2), 0)): 38.0, ((30, np.int64(5), np.int64(2), 0), (30, np.int64(5), 35, 0)): 38.0, ((31, np.int64(15), np.int64(0), 1), (15, np.int64(11), np.int64(1), 1)): 38.0, ((15, np.int64(11), np.int64(1), 1), (30, np.int64(2), np.int64(3), 0)): 38.0, ((30, np.int64(2), np.int64(3), 0), (30, np.int64(2), 35, 0)): 38.0, ((31, np.int64(15), np.int64(0), 1), (12, np.int64(13), np.int64(1), 1)): 38.0, ((12, np.int64(13), np.int64(1), 1), (15, np.int64(11), np.int64(2), 1)): 38.0, ((15, np.int64(11), np.int64(2), 1), (30, np.int64(2), np.int64(4), 0)): 38.0, ((30, np.int64(2), np.int64(4), 0), (30, np.int64(2), 35, 0)): 38.0, ((31, np.int64(18), np.int64(0), 1), (30, np.int64(8), np.int64(2), 0)): 38.0, ((30, np.int64(8), np.int64(2), 0), (31, np.int64(1), np.int64(4), 0)): 38.0, ((31, np.int64(1), np.int64(4), 0), (31, np.int64(1), 35, 0)): 38.0, ((31, np.int64(18), np.int64(0), 1), (15, np.int64(14), np.int64(1), 1)): 38.0, ((15, np.int64(14), np.int64(1), 1), (31, np.int64(12), np.int64(2), 1)): 38.0, ((31, np.int64(12), np.int64(2), 1), (31, np.int64(12), 35, 1)): 38.0, ((31, np.int64(18), np.int64(0), 1), (12, np.int64(16), np.int64(1), 1)): 38.0, ((12, np.int64(16), np.int64(1), 1), (31, np.int64(15), np.int64(2), 1)): 38.0, ((31, np.int64(15), np.int64(2), 1), (31, np.int64(15), 35, 1)): 76.0, ((31, np.int64(21), np.int64(0), 1), (15, np.int64(17), np.int64(1), 1)): 38.0, ((15, np.int64(17), np.int64(1), 1), (31, np.int64(15), np.int64(2), 1)): 38.0, ((31, np.int64(21), np.int64(0), 1), (12, np.int64(19), np.int64(1), 1)): 38.0, ((12, np.int64(19), np.int64(1), 1), (15, np.int64(17), np.int64(2), 1)): 38.0, ((15, np.int64(17), np.int64(2), 1), (31, np.int64(15), np.int64(3), 1)): 38.0, ((31, np.int64(15), np.int64(3), 1), (31, np.int64(15), 35, 1)): 38.0, ((31, np.int64(24), np.int64(0), 1), (30, np.int64(14), np.int64(2), 1)): 38.0, ((30, np.int64(14), np.int64(2), 1), (31, np.int64(7), np.int64(4), 0)): 38.0, ((31, np.int64(7), np.int64(4), 0), (31, np.int64(7), 35, 0)): 38.0, ((31, np.int64(24), np.int64(0), 1), (15, np.int64(20), np.int64(1), 1)): 38.0, ((15, np.int64(20), np.int64(1), 1), (31, np.int64(18), np.int64(2), 1)): 38.0, ((31, np.int64(18), np.int64(2), 1), (31, np.int64(18), 35, 1)): 38.0, ((31, np.int64(24), np.int64(0), 1), (12, np.int64(22), np.int64(1), 1)): 38.0, ((12, np.int64(22), np.int64(1), 1), (31, np.int64(21), np.int64(2), 1)): 38.0, ((31, np.int64(21), np.int64(2), 1), (31, np.int64(21), 35, 1)): 38.0, ((31, np.int64(25), np.int64(0), 1), (30, np.int64(15), np.int64(2), 1)): 38.0, ((30, np.int64(15), np.int64(2), 1), (31, np.int64(8), np.int64(4), 0)): 38.0, ((31, np.int64(8), np.int64(4), 0), (31, np.int64(8), 35, 0)): 38.0, ((31, np.int64(25), np.int64(0), 1), (12, np.int64(23), np.int64(1), 1)): 38.0, ((12, np.int64(23), np.int64(1), 1), (31, np.int64(22), np.int64(2), 1)): 38.0, ((31, np.int64(22), np.int64(2), 1), (31, np.int64(22), 35, 1)): 38.0, ((31, np.int64(25), np.int64(0), 1), (15, np.int64(21), np.int64(1), 1)): 38.0, ((15, np.int64(21), np.int64(1), 1), (12, np.int64(19), np.int64(2), 1)): 38.0, ((12, np.int64(19), np.int64(2), 1), (31, np.int64(18), np.int64(3), 1)): 38.0, ((31, np.int64(18), np.int64(3), 1), (31, np.int64(18), 35, 1)): 38.0, ((31, np.int64(27), np.int64(0), 1), (30, np.int64(17), np.int64(2), 1)): 38.0, ((30, np.int64(17), np.int64(2), 1), (31, np.int64(10), np.int64(4), 1)): 38.0, ((31, np.int64(10), np.int64(4), 1), (31, np.int64(10), 35, 1)): 38.0, ((31, np.int64(27), np.int64(0), 1), (15, np.int64(23), np.int64(1), 1)): 38.0, ((15, np.int64(23), np.int64(1), 1), (12, np.int64(21), np.int64(2), 1)): 38.0, ((12, np.int64(21), np.int64(2), 1), (31, np.int64(20), np.int64(3), 1)): 38.0, ((31, np.int64(20), np.int64(3), 1), (31, np.int64(20), 35, 1)): 38.0, ((31, np.int64(29), np.int64(0), 1), (30, np.int64(19), np.int64(2), 1)): 38.0, ((30, np.int64(19), np.int64(2), 1), (15, np.int64(10), np.int64(4), 1)): 38.0, ((15, np.int64(10), np.int64(4), 1), (31, np.int64(8), np.int64(5), 0)): 38.0, ((31, np.int64(8), np.int64(5), 0), (31, np.int64(8), 35, 0)): 38.0, ((31, np.int64(29), np.int64(0), 1), (15, np.int64(25), np.int64(1), 1)): 38.0, ((15, np.int64(25), np.int64(1), 1), (30, np.int64(16), np.int64(3), 1)): 38.0, ((30, np.int64(16), np.int64(3), 1), (31, np.int64(9), np.int64(5), 0)): 38.0, ((31, np.int64(9), np.int64(5), 0), (31, np.int64(9), 35, 0)): 38.0, ((31, np.int64(29), np.int64(0), 1), (12, np.int64(27), np.int64(1), 1)): 38.0, ((12, np.int64(27), np.int64(1), 1), (31, np.int64(26), np.int64(2), 1)): 38.0, ((31, np.int64(26), np.int64(2), 1), (31, np.int64(26), 35, 1)): 38.0, ((31, np.int64(30), np.int64(0), 1), (15, np.int64(26), np.int64(1), 1)): 38.0, ((15, np.int64(26), np.int64(1), 1), (30, np.int64(17), np.int64(3), 1)): 38.0, ((30, np.int64(17), np.int64(3), 1), (31, np.int64(10), np.int64(5), 1)): 38.0, ((31, np.int64(10), np.int64(5), 1), (31, np.int64(10), 35, 1)): 38.0, ((31, np.int64(30), np.int64(0), 1), (30, np.int64(20), np.int64(2), 1)): 38.0, ((30, np.int64(20), np.int64(2), 1), (31, np.int64(13), np.int64(4), 1)): 38.0, ((31, np.int64(13), np.int64(4), 1), (31, np.int64(13), 35, 1)): 38.0, ((31, np.int64(30), np.int64(0), 1), (12, np.int64(28), np.int64(1), 1)): 38.0, ((12, np.int64(28), np.int64(1), 1), (31, np.int64(27), np.int64(2), 1)): 38.0, ((31, np.int64(27), np.int64(2), 1), (31, np.int64(27), 35, 1)): 38.0, ((31, np.int64(31), np.int64(0), 1), (30, np.int64(21), np.int64(2), 1)): 38.0, ((30, np.int64(21), np.int64(2), 1), (31, np.int64(14), np.int64(4), 1)): 38.0, ((31, np.int64(14), np.int64(4), 1), (31, np.int64(14), 35, 1)): 38.0, ((31, np.int64(31), np.int64(0), 1), (15, np.int64(27), np.int64(1), 1)): 38.0, ((15, np.int64(27), np.int64(1), 1), (12, np.int64(25), np.int64(2), 1)): 38.0, ((12, np.int64(25), np.int64(2), 1), (31, np.int64(24), np.int64(3), 1)): 38.0, ((31, np.int64(24), np.int64(3), 1), (31, np.int64(24), 35, 1)): 38.0, ((31, np.int64(31), np.int64(0), 1), (12, np.int64(29), np.int64(1), 1)): 38.0, ((12, np.int64(29), np.int64(1), 1), (31, np.int64(28), np.int64(2), 1)): 38.0, ((31, np.int64(28), np.int64(2), 1), (31, np.int64(28), 35, 1)): 38.0, ((31, np.int64(32), np.int64(0), 1), (12, np.int64(30), np.int64(1), 1)): 38.0, ((12, np.int64(30), np.int64(1), 1), (6, np.int64(16), np.int64(4), 1)): 38.0, ((6, np.int64(16), np.int64(4), 1), (35, np.int64(13), np.int64(5), 1)): 38.0, ((35, np.int64(13), np.int64(5), 1), (35, np.int64(13), 35, 1)): 38.0, ((31, np.int64(32), np.int64(0), 1), (30, np.int64(22), np.int64(2), 1)): 38.0, ((30, np.int64(22), np.int64(2), 1), (31, np.int64(15), np.int64(4), 1)): 38.0, ((31, np.int64(15), np.int64(4), 1), (31, np.int64(15), 35, 1)): 38.0, ((31, np.int64(32), np.int64(0), 1), (15, np.int64(28), np.int64(1), 1)): 38.0, ((15, np.int64(28), np.int64(1), 1), (12, np.int64(26), np.int64(2), 1)): 38.0, ((12, np.int64(26), np.int64(2), 1), (31, np.int64(25), np.int64(3), 1)): 38.0, ((31, np.int64(25), np.int64(3), 1), (31, np.int64(25), 35, 1)): 38.0, ((31, np.int64(32), np.int64(0), 1), (6, np.int64(13), np.int64(3), 1)): 38.0, ((6, np.int64(13), np.int64(3), 1), (31, np.int64(0), np.int64(6), 0)): 38.0, ((31, np.int64(0), np.int64(6), 0), (31, np.int64(0), 35, 0)): 38.0, ((31, np.int64(35), np.int64(0), 1), (6, np.int64(16), np.int64(3), 1)): 38.0, ((6, np.int64(16), np.int64(3), 1), (35, np.int64(13), np.int64(4), 1)): 38.0, ((35, np.int64(13), np.int64(4), 1), (35, np.int64(13), 35, 1)): 38.0, ((31, np.int64(35), np.int64(0), 1), (15, np.int64(31), np.int64(1), 1)): 38.0, ((15, np.int64(31), np.int64(1), 1), (30, np.int64(22), np.int64(3), 1)): 38.0, ((30, np.int64(22), np.int64(3), 1), (31, np.int64(15), np.int64(5), 1)): 38.0, ((31, np.int64(15), np.int64(5), 1), (31, np.int64(15), 35, 1)): 38.0, ((31, np.int64(35), np.int64(0), 1), (30, np.int64(25), np.int64(2), 1)): 38.0, ((30, np.int64(25), np.int64(2), 1), (31, np.int64(18), np.int64(4), 1)): 38.0, ((31, np.int64(18), np.int64(4), 1), (31, np.int64(18), 35, 1)): 38.0, ((31, np.int64(35), np.int64(0), 1), (12, np.int64(33), np.int64(1), 1)): 38.0, ((12, np.int64(33), np.int64(1), 1), (31, np.int64(32), np.int64(2), 1)): 38.0, ((31, np.int64(32), np.int64(2), 1), (31, np.int64(32), 35, 1)): 76.0, ((31, np.int64(36), np.int64(0), 1), (6, np.int64(17), np.int64(3), 1)): 38.0, ((6, np.int64(17), np.int64(3), 1), (35, np.int64(14), np.int64(4), 1)): 38.0, ((35, np.int64(14), np.int64(4), 1), (35, np.int64(14), 35, 1)): 38.0, ((31, np.int64(36), np.int64(0), 1), (15, np.int64(32), np.int64(1), 1)): 38.0, ((15, np.int64(32), np.int64(1), 1), (6, np.int64(18), np.int64(4), 1)): 38.0, ((6, np.int64(18), np.int64(4), 1), (35, np.int64(15), np.int64(5), 1)): 38.0, ((35, np.int64(15), np.int64(5), 1), (35, np.int64(15), 35, 1)): 38.0, ((31, np.int64(36), np.int64(0), 1), (30, np.int64(26), np.int64(2), 1)): 38.0, ((30, np.int64(26), np.int64(2), 1), (31, np.int64(19), np.int64(4), 1)): 38.0, ((31, np.int64(19), np.int64(4), 1), (31, np.int64(19), 35, 1)): 38.0, ((31, np.int64(36), np.int64(0), 1), (12, np.int64(34), np.int64(1), 1)): 38.0, ((12, np.int64(34), np.int64(1), 1), (31, np.int64(33), np.int64(2), 1)): 38.0, ((31, np.int64(33), np.int64(2), 1), (31, np.int64(33), 35, 1)): 76.0, ((31, np.int64(38), np.int64(0), 1), (6, np.int64(19), np.int64(3), 1)): 38.0, ((6, np.int64(19), np.int64(3), 1), (35, np.int64(16), np.int64(4), 1)): 38.0, ((35, np.int64(16), np.int64(4), 1), (35, np.int64(16), 35, 1)): 38.0, ((31, np.int64(38), np.int64(0), 1), (12, np.int64(36), np.int64(1), 1)): 38.0, ((12, np.int64(36), np.int64(1), 1), (6, np.int64(22), np.int64(4), 1)): 38.0, ((6, np.int64(22), np.int64(4), 1), (31, np.int64(9), np.int64(7), 0)): 38.0, ((31, np.int64(9), np.int64(7), 0), (31, np.int64(9), 35, 0)): 38.0, ((31, np.int64(38), np.int64(0), 1), (30, np.int64(28), np.int64(2), 1)): 38.0, ((30, np.int64(28), np.int64(2), 1), (12, np.int64(21), np.int64(4), 1)): 38.0, ((12, np.int64(21), np.int64(4), 1), (31, np.int64(20), np.int64(5), 1)): 38.0, ((31, np.int64(20), np.int64(5), 1), (31, np.int64(20), 35, 1)): 38.0, ((31, np.int64(38), np.int64(0), 1), (15, np.int64(34), np.int64(1), 1)): 38.0, ((15, np.int64(34), np.int64(1), 1), (31, np.int64(32), np.int64(2), 1)): 38.0, ((31, np.int64(39), np.int64(0), 1), (6, np.int64(20), np.int64(3), 1)): 38.0, ((6, np.int64(20), np.int64(3), 1), (35, np.int64(17), np.int64(4), 1)): 38.0, ((35, np.int64(17), np.int64(4), 1), (35, np.int64(17), 35, 1)): 38.0, ((31, np.int64(39), np.int64(0), 1), (12, np.int64(37), np.int64(1), 1)): 38.0, ((12, np.int64(37), np.int64(1), 1), (6, np.int64(23), np.int64(4), 1)): 38.0, ((6, np.int64(23), np.int64(4), 1), (31, np.int64(10), np.int64(7), 1)): 38.0, ((31, np.int64(10), np.int64(7), 1), (31, np.int64(10), 35, 1)): 38.0, ((31, np.int64(39), np.int64(0), 1), (30, np.int64(29), np.int64(2), 1)): 38.0, ((30, np.int64(29), np.int64(2), 1), (15, np.int64(20), np.int64(4), 1)): 38.0, ((15, np.int64(20), np.int64(4), 1), (12, np.int64(18), np.int64(5), 1)): 38.0, ((12, np.int64(18), np.int64(5), 1), (31, np.int64(17), np.int64(6), 1)): 38.0, ((31, np.int64(17), np.int64(6), 1), (31, np.int64(17), 35, 1)): 38.0, ((31, np.int64(39), np.int64(0), 1), (15, np.int64(35), np.int64(1), 1)): 38.0, ((15, np.int64(35), np.int64(1), 1), (31, np.int64(33), np.int64(2), 1)): 38.0, ((31, np.int64(40), np.int64(0), 2), (6, np.int64(21), np.int64(3), 1)): 38.0, ((6, np.int64(21), np.int64(3), 1), (31, np.int64(8), np.int64(6), 0)): 38.0, ((31, np.int64(8), np.int64(6), 0), (31, np.int64(8), 35, 0)): 76.0, ((31, np.int64(40), np.int64(0), 2), (30, np.int64(30), np.int64(2), 1)): 38.0, ((30, np.int64(30), np.int64(2), 1), (15, np.int64(21), np.int64(4), 1)): 38.0, ((15, np.int64(21), np.int64(4), 1), (12, np.int64(19), np.int64(5), 1)): 38.0, ((12, np.int64(19), np.int64(5), 1), (31, np.int64(18), np.int64(6), 1)): 38.0, ((31, np.int64(18), np.int64(6), 1), (31, np.int64(18), 35, 1)): 38.0, ((31, np.int64(40), np.int64(0), 2), (15, np.int64(36), np.int64(1), 1)): 38.0, ((15, np.int64(36), np.int64(1), 1), (31, np.int64(34), np.int64(2), 1)): 38.0, ((31, np.int64(34), np.int64(2), 1), (31, np.int64(34), 35, 1)): 38.0, ((31, np.int64(40), np.int64(0), 2), (12, np.int64(38), np.int64(1), 1)): 38.0, ((12, np.int64(38), np.int64(1), 1), (31, np.int64(37), np.int64(2), 1)): 38.0, ((31, np.int64(37), np.int64(2), 1), (31, np.int64(37), 35, 1)): 38.0, ((31, np.int64(41), np.int64(0), 2), (35, np.int64(16), np.int64(3), 1)): 38.0, ((35, np.int64(16), np.int64(3), 1), (35, np.int64(16), 35, 1)): 38.0, ((31, np.int64(41), np.int64(0), 2), (6, np.int64(22), np.int64(3), 1)): 38.0, ((6, np.int64(22), np.int64(3), 1), (31, np.int64(9), np.int64(6), 0)): 38.0, ((31, np.int64(9), np.int64(6), 0), (31, np.int64(9), 35, 0)): 76.0, ((31, np.int64(41), np.int64(0), 2), (15, np.int64(37), np.int64(1), 1)): 38.0, ((15, np.int64(37), np.int64(1), 1), (30, np.int64(28), np.int64(3), 1)): 38.0, ((30, np.int64(28), np.int64(3), 1), (12, np.int64(21), np.int64(5), 1)): 38.0, ((12, np.int64(21), np.int64(5), 1), (31, np.int64(20), np.int64(6), 1)): 38.0, ((31, np.int64(20), np.int64(6), 1), (31, np.int64(20), 35, 1)): 38.0, ((31, np.int64(41), np.int64(0), 2), (30, np.int64(31), np.int64(2), 1)): 38.0, ((30, np.int64(31), np.int64(2), 1), (15, np.int64(22), np.int64(4), 1)): 38.0, ((15, np.int64(22), np.int64(4), 1), (12, np.int64(20), np.int64(5), 1)): 38.0, ((12, np.int64(20), np.int64(5), 1), (31, np.int64(19), np.int64(6), 1)): 38.0, ((31, np.int64(19), np.int64(6), 1), (31, np.int64(19), 35, 1)): 38.0, ((31, np.int64(41), np.int64(0), 2), (12, np.int64(39), np.int64(1), 1)): 38.0, ((12, np.int64(39), np.int64(1), 1), (31, np.int64(38), np.int64(2), 1)): 38.0, ((31, np.int64(38), np.int64(2), 1), (31, np.int64(38), 35, 1)): 76.0, ((31, np.int64(44), np.int64(0), 2), (35, np.int64(19), np.int64(3), 1)): 38.0, ((35, np.int64(19), np.int64(3), 1), (15, np.int64(1), np.int64(7), 0)): 38.0, ((15, np.int64(1), np.int64(7), 0), (15, np.int64(1), 35, 0)): 38.0, ((31, np.int64(44), np.int64(0), 2), (6, np.int64(25), np.int64(3), 1)): 38.0, ((6, np.int64(25), np.int64(3), 1), (31, np.int64(12), np.int64(6), 1)): 38.0, ((31, np.int64(12), np.int64(6), 1), (31, np.int64(12), 35, 1)): 38.0, ((31, np.int64(44), np.int64(0), 2), (30, np.int64(34), np.int64(2), 1)): 38.0, ((30, np.int64(34), np.int64(2), 1), (12, np.int64(27), np.int64(4), 1)): 38.0, ((12, np.int64(27), np.int64(4), 1), (31, np.int64(26), np.int64(5), 1)): 38.0, ((31, np.int64(26), np.int64(5), 1), (31, np.int64(26), 35, 1)): 38.0, ((31, np.int64(44), np.int64(0), 2), (15, np.int64(40), np.int64(1), 2)): 38.0, ((15, np.int64(40), np.int64(1), 2), (31, np.int64(38), np.int64(2), 1)): 38.0, ((31, np.int64(44), np.int64(0), 2), (12, np.int64(42), np.int64(1), 2)): 38.0, ((12, np.int64(42), np.int64(1), 2), (15, np.int64(40), np.int64(2), 2)): 38.0, ((15, np.int64(40), np.int64(2), 2), (31, np.int64(38), np.int64(3), 1)): 38.0, ((31, np.int64(38), np.int64(3), 1), (31, np.int64(38), 35, 1)): 38.0, ((31, np.int64(45), np.int64(0), 2), (35, np.int64(20), np.int64(3), 1)): 38.0, ((35, np.int64(20), np.int64(3), 1), (15, np.int64(2), np.int64(7), 0)): 38.0, ((15, np.int64(2), np.int64(7), 0), (12, np.int64(0), np.int64(8), 0)): 38.0, ((12, np.int64(0), np.int64(8), 0), (12, np.int64(0), 35, 0)): 38.0, ((31, np.int64(45), np.int64(0), 2), (6, np.int64(26), np.int64(3), 1)): 38.0, ((6, np.int64(26), np.int64(3), 1), (31, np.int64(13), np.int64(6), 1)): 38.0, ((31, np.int64(13), np.int64(6), 1), (31, np.int64(13), 35, 1)): 76.0, ((31, np.int64(45), np.int64(0), 2), (30, np.int64(35), np.int64(2), 1)): 38.0, ((30, np.int64(35), np.int64(2), 1), (12, np.int64(28), np.int64(4), 1)): 38.0, ((12, np.int64(28), np.int64(4), 1), (31, np.int64(27), np.int64(5), 1)): 38.0, ((31, np.int64(27), np.int64(5), 1), (31, np.int64(27), 35, 1)): 38.0, ((31, np.int64(45), np.int64(0), 2), (12, np.int64(43), np.int64(1), 2)): 38.0, ((12, np.int64(43), np.int64(1), 2), (15, np.int64(41), np.int64(2), 2)): 38.0, ((15, np.int64(41), np.int64(2), 2), (31, np.int64(39), np.int64(3), 1)): 38.0, ((31, np.int64(39), np.int64(3), 1), (31, np.int64(39), 35, 1)): 38.0, ((31, np.int64(47), np.int64(0), 2), (3, np.int64(19), np.int64(4), 1)): 38.0, ((3, np.int64(19), np.int64(4), 1), (31, np.int64(0), np.int64(8), 0)): 38.0, ((31, np.int64(0), np.int64(8), 0), (31, np.int64(0), 35, 0)): 38.0, ((31, np.int64(47), np.int64(0), 2), (35, np.int64(22), np.int64(3), 1)): 38.0, ((35, np.int64(22), np.int64(3), 1), (15, np.int64(4), np.int64(7), 0)): 38.0, ((15, np.int64(4), np.int64(7), 0), (12, np.int64(2), np.int64(8), 0)): 38.0, ((12, np.int64(2), np.int64(8), 0), (31, np.int64(1), np.int64(9), 0)): 38.0, ((31, np.int64(1), np.int64(9), 0), (31, np.int64(1), 35, 0)): 38.0, ((31, np.int64(47), np.int64(0), 2), (12, np.int64(45), np.int64(1), 2)): 38.0, ((12, np.int64(45), np.int64(1), 2), (35, np.int64(27), np.int64(5), 1)): 38.0, ((35, np.int64(27), np.int64(5), 1), (31, np.int64(10), np.int64(8), 1)): 38.0, ((31, np.int64(10), np.int64(8), 1), (31, np.int64(10), 35, 1)): 38.0, ((31, np.int64(47), np.int64(0), 2), (6, np.int64(28), np.int64(3), 1)): 38.0, ((6, np.int64(28), np.int64(3), 1), (12, np.int64(14), np.int64(6), 1)): 38.0, ((12, np.int64(14), np.int64(6), 1), (31, np.int64(13), np.int64(7), 1)): 38.0, ((31, np.int64(13), np.int64(7), 1), (31, np.int64(13), 35, 1)): 38.0, ((31, np.int64(47), np.int64(0), 2), (30, np.int64(37), np.int64(2), 1)): 38.0, ((30, np.int64(37), np.int64(2), 1), (31, np.int64(30), np.int64(4), 1)): 38.0, ((31, np.int64(30), np.int64(4), 1), (31, np.int64(30), 35, 1)): 38.0, ((31, np.int64(47), np.int64(0), 2), (15, np.int64(43), np.int64(1), 2)): 38.0, ((15, np.int64(43), np.int64(1), 2), (31, np.int64(41), np.int64(2), 2)): 38.0, ((31, np.int64(41), np.int64(2), 2), (31, np.int64(41), 35, 2)): 38.0, ((31, np.int64(49), np.int64(0), 2), (3, np.int64(21), np.int64(4), 1)): 38.0, ((3, np.int64(21), np.int64(4), 1), (31, np.int64(2), np.int64(8), 0)): 38.0, ((31, np.int64(2), np.int64(8), 0), (31, np.int64(2), 35, 0)): 38.0, ((31, np.int64(49), np.int64(0), 2), (35, np.int64(24), np.int64(3), 1)): 38.0, ((35, np.int64(24), np.int64(3), 1), (31, np.int64(7), np.int64(6), 0)): 38.0, ((31, np.int64(7), np.int64(6), 0), (31, np.int64(7), 35, 0)): 38.0, ((31, np.int64(49), np.int64(0), 2), (6, np.int64(30), np.int64(3), 1)): 38.0, ((6, np.int64(30), np.int64(3), 1), (12, np.int64(16), np.int64(6), 1)): 38.0, ((12, np.int64(16), np.int64(6), 1), (31, np.int64(15), np.int64(7), 1)): 38.0, ((31, np.int64(15), np.int64(7), 1), (31, np.int64(15), 35, 1)): 38.0, ((31, np.int64(49), np.int64(0), 2), (30, np.int64(39), np.int64(2), 1)): 38.0, ((30, np.int64(39), np.int64(2), 1), (31, np.int64(32), np.int64(4), 1)): 38.0, ((31, np.int64(32), np.int64(4), 1), (31, np.int64(32), 35, 1)): 38.0, ((31, np.int64(49), np.int64(0), 2), (15, np.int64(45), np.int64(1), 2)): 38.0, ((15, np.int64(45), np.int64(1), 2), (30, np.int64(36), np.int64(3), 1)): 38.0, ((30, np.int64(36), np.int64(3), 1), (31, np.int64(29), np.int64(5), 1)): 38.0, ((31, np.int64(29), np.int64(5), 1), (31, np.int64(29), 35, 1)): 38.0, ((31, np.int64(49), np.int64(0), 2), (12, np.int64(47), np.int64(1), 2)): 38.0, ((12, np.int64(47), np.int64(1), 2), (31, np.int64(46), np.int64(2), 2)): 38.0, ((31, np.int64(46), np.int64(2), 2), (31, np.int64(46), 35, 2)): 76.0, ((31, np.int64(50), np.int64(0), 2), (3, np.int64(22), np.int64(4), 1)): 38.0, ((3, np.int64(22), np.int64(4), 1), (31, np.int64(3), np.int64(8), 0)): 38.0, ((31, np.int64(3), np.int64(8), 0), (31, np.int64(3), 35, 0)): 38.0, ((31, np.int64(50), np.int64(0), 2), (35, np.int64(25), np.int64(3), 1)): 38.0, ((35, np.int64(25), np.int64(3), 1), (31, np.int64(8), np.int64(6), 0)): 38.0, ((31, np.int64(50), np.int64(0), 2), (6, np.int64(31), np.int64(3), 1)): 38.0, ((6, np.int64(31), np.int64(3), 1), (12, np.int64(17), np.int64(6), 1)): 38.0, ((12, np.int64(17), np.int64(6), 1), (31, np.int64(16), np.int64(7), 1)): 38.0, ((31, np.int64(16), np.int64(7), 1), (31, np.int64(16), 35, 1)): 76.0, ((31, np.int64(50), np.int64(0), 2), (15, np.int64(46), np.int64(1), 2)): 38.0, ((15, np.int64(46), np.int64(1), 2), (30, np.int64(37), np.int64(3), 1)): 38.0, ((30, np.int64(37), np.int64(3), 1), (31, np.int64(30), np.int64(5), 1)): 38.0, ((31, np.int64(30), np.int64(5), 1), (31, np.int64(30), 35, 1)): 38.0, ((31, np.int64(50), np.int64(0), 2), (30, np.int64(40), np.int64(2), 2)): 38.0, ((30, np.int64(40), np.int64(2), 2), (31, np.int64(33), np.int64(4), 1)): 38.0, ((31, np.int64(33), np.int64(4), 1), (31, np.int64(33), 35, 1)): 38.0, ((31, np.int64(50), np.int64(0), 2), (12, np.int64(48), np.int64(1), 2)): 38.0, ((12, np.int64(48), np.int64(1), 2), (31, np.int64(47), np.int64(2), 2)): 38.0, ((31, np.int64(47), np.int64(2), 2), (31, np.int64(47), 35, 2)): 38.0, ((31, np.int64(51), np.int64(0), 2), (3, np.int64(23), np.int64(4), 1)): 38.0, ((3, np.int64(23), np.int64(4), 1), (31, np.int64(4), np.int64(8), 0)): 38.0, ((31, np.int64(4), np.int64(8), 0), (31, np.int64(4), 35, 0)): 38.0, ((31, np.int64(51), np.int64(0), 2), (35, np.int64(26), np.int64(3), 1)): 38.0, ((35, np.int64(26), np.int64(3), 1), (31, np.int64(9), np.int64(6), 0)): 38.0, ((31, np.int64(51), np.int64(0), 2), (30, np.int64(41), np.int64(2), 2)): 38.0, ((30, np.int64(41), np.int64(2), 2), (6, np.int64(23), np.int64(6), 1)): 38.0, ((6, np.int64(23), np.int64(6), 1), (31, np.int64(10), np.int64(9), 1)): 38.0, ((31, np.int64(10), np.int64(9), 1), (31, np.int64(10), 35, 1)): 38.0, ((31, np.int64(51), np.int64(0), 2), (6, np.int64(32), np.int64(3), 1)): 38.0, ((6, np.int64(32), np.int64(3), 1), (15, np.int64(18), np.int64(6), 1)): 38.0, ((15, np.int64(18), np.int64(6), 1), (31, np.int64(16), np.int64(7), 1)): 38.0, ((31, np.int64(51), np.int64(0), 2), (15, np.int64(47), np.int64(1), 2)): 38.0, ((15, np.int64(47), np.int64(1), 2), (31, np.int64(45), np.int64(2), 2)): 38.0, ((31, np.int64(45), np.int64(2), 2), (31, np.int64(45), 35, 2)): 38.0, ((31, np.int64(51), np.int64(0), 2), (12, np.int64(49), np.int64(1), 2)): 38.0, ((12, np.int64(49), np.int64(1), 2), (31, np.int64(48), np.int64(2), 2)): 38.0, ((31, np.int64(48), np.int64(2), 2), (31, np.int64(48), 35, 2)): 38.0, ((31, np.int64(52), np.int64(0), 2), (3, np.int64(24), np.int64(4), 1)): 38.0, ((3, np.int64(24), np.int64(4), 1), (12, np.int64(4), np.int64(8), 0)): 38.0, ((12, np.int64(4), np.int64(8), 0), (31, np.int64(3), np.int64(9), 0)): 38.0, ((31, np.int64(3), np.int64(9), 0), (31, np.int64(3), 35, 0)): 38.0, ((31, np.int64(52), np.int64(0), 2), (35, np.int64(27), np.int64(3), 1)): 38.0, ((35, np.int64(27), np.int64(3), 1), (31, np.int64(10), np.int64(6), 1)): 38.0, ((31, np.int64(10), np.int64(6), 1), (31, np.int64(10), 35, 1)): 38.0, ((31, np.int64(52), np.int64(0), 2), (12, np.int64(50), np.int64(1), 2)): 38.0, ((12, np.int64(50), np.int64(1), 2), (3, np.int64(30), np.int64(5), 1)): 38.0, ((3, np.int64(30), np.int64(5), 1), (31, np.int64(11), np.int64(9), 1)): 38.0, ((31, np.int64(11), np.int64(9), 1), (31, np.int64(11), 35, 1)): 38.0, ((31, np.int64(52), np.int64(0), 2), (6, np.int64(33), np.int64(3), 1)): 38.0, ((6, np.int64(33), np.int64(3), 1), (15, np.int64(19), np.int64(6), 1)): 38.0, ((15, np.int64(19), np.int64(6), 1), (31, np.int64(17), np.int64(7), 1)): 38.0, ((31, np.int64(17), np.int64(7), 1), (31, np.int64(17), 35, 1)): 38.0, ((31, np.int64(52), np.int64(0), 2), (30, np.int64(42), np.int64(2), 2)): 38.0, ((30, np.int64(42), np.int64(2), 2), (31, np.int64(35), np.int64(4), 1)): 38.0, ((31, np.int64(35), np.int64(4), 1), (31, np.int64(35), 35, 1)): 38.0, ((31, np.int64(52), np.int64(0), 2), (15, np.int64(48), np.int64(1), 2)): 38.0, ((15, np.int64(48), np.int64(1), 2), (31, np.int64(46), np.int64(2), 2)): 38.0, ((31, np.int64(55), np.int64(0), 2), (3, np.int64(27), np.int64(4), 1)): 38.0, ((3, np.int64(27), np.int64(4), 1), (31, np.int64(8), np.int64(8), 0)): 38.0, ((31, np.int64(8), np.int64(8), 0), (31, np.int64(8), 35, 0)): 38.0, ((31, np.int64(55), np.int64(0), 2), (35, np.int64(30), np.int64(3), 1)): 38.0, ((35, np.int64(30), np.int64(3), 1), (31, np.int64(13), np.int64(6), 1)): 38.0, ((31, np.int64(55), np.int64(0), 2), (12, np.int64(53), np.int64(1), 2)): 38.0, ((12, np.int64(53), np.int64(1), 2), (3, np.int64(33), np.int64(5), 1)): 38.0, ((3, np.int64(33), np.int64(5), 1), (31, np.int64(14), np.int64(9), 1)): 38.0, ((31, np.int64(14), np.int64(9), 1), (31, np.int64(14), 35, 1)): 38.0, ((31, np.int64(55), np.int64(0), 2), (6, np.int64(36), np.int64(3), 1)): 38.0, ((6, np.int64(36), np.int64(3), 1), (12, np.int64(22), np.int64(6), 1)): 38.0, ((12, np.int64(22), np.int64(6), 1), (31, np.int64(21), np.int64(7), 1)): 38.0, ((31, np.int64(21), np.int64(7), 1), (31, np.int64(21), 35, 1)): 38.0, ((31, np.int64(55), np.int64(0), 2), (30, np.int64(45), np.int64(2), 2)): 38.0, ((30, np.int64(45), np.int64(2), 2), (31, np.int64(38), np.int64(4), 1)): 38.0, ((31, np.int64(38), np.int64(4), 1), (31, np.int64(38), 35, 1)): 38.0, ((31, np.int64(59), np.int64(0), 2), (3, np.int64(31), np.int64(4), 1)): 38.0, ((3, np.int64(31), np.int64(4), 1), (31, np.int64(12), np.int64(8), 1)): 38.0, ((31, np.int64(12), np.int64(8), 1), (31, np.int64(12), 35, 1)): 38.0, ((31, np.int64(59), np.int64(0), 2), (35, np.int64(34), np.int64(3), 1)): 38.0, ((35, np.int64(34), np.int64(3), 1), (12, np.int64(16), np.int64(7), 1)): 38.0, ((12, np.int64(16), np.int64(7), 1), (31, np.int64(15), np.int64(8), 1)): 38.0, ((31, np.int64(15), np.int64(8), 1), (31, np.int64(15), 35, 1)): 38.0, ((31, np.int64(59), np.int64(0), 2), (30, np.int64(49), np.int64(2), 2)): 38.0, ((30, np.int64(49), np.int64(2), 2), (3, np.int64(34), np.int64(5), 1)): 38.0, ((3, np.int64(34), np.int64(5), 1), (15, np.int64(12), np.int64(9), 1)): 38.0, ((15, np.int64(12), np.int64(9), 1), (31, np.int64(10), np.int64(10), 1)): 38.0, ((31, np.int64(10), np.int64(10), 1), (31, np.int64(10), 35, 1)): 38.0, ((31, np.int64(59), np.int64(0), 2), (6, np.int64(40), np.int64(3), 2)): 38.0, ((6, np.int64(40), np.int64(3), 2), (12, np.int64(26), np.int64(6), 1)): 38.0, ((12, np.int64(26), np.int64(6), 1), (31, np.int64(25), np.int64(7), 1)): 38.0, ((31, np.int64(25), np.int64(7), 1), (31, np.int64(25), 35, 1)): 38.0, ((31, np.int64(59), np.int64(0), 2), (12, np.int64(57), np.int64(1), 2)): 38.0, ((12, np.int64(57), np.int64(1), 2), (31, np.int64(56), np.int64(2), 2)): 38.0, ((31, np.int64(56), np.int64(2), 2), (31, np.int64(56), 35, 2)): 38.0, ((31, np.int64(59), np.int64(0), 2), (15, np.int64(55), np.int64(1), 2)): 38.0, ((15, np.int64(55), np.int64(1), 2), (12, np.int64(53), np.int64(2), 2)): 38.0, ((12, np.int64(53), np.int64(2), 2), (31, np.int64(52), np.int64(3), 2)): 38.0, ((31, np.int64(52), np.int64(3), 2), (31, np.int64(52), 35, 2)): 38.0, ((31, np.int64(61), np.int64(0), 2), (3, np.int64(33), np.int64(4), 1)): 38.0, ((3, np.int64(33), np.int64(4), 1), (31, np.int64(14), np.int64(8), 1)): 38.0, ((31, np.int64(14), np.int64(8), 1), (31, np.int64(14), 35, 1)): 38.0, ((31, np.int64(61), np.int64(0), 2), (30, np.int64(51), np.int64(2), 2)): 38.0, ((30, np.int64(51), np.int64(2), 2), (3, np.int64(36), np.int64(5), 1)): 38.0, ((3, np.int64(36), np.int64(5), 1), (15, np.int64(14), np.int64(9), 1)): 38.0, ((15, np.int64(14), np.int64(9), 1), (31, np.int64(12), np.int64(10), 1)): 38.0, ((31, np.int64(12), np.int64(10), 1), (31, np.int64(12), 35, 1)): 38.0, ((31, np.int64(61), np.int64(0), 2), (35, np.int64(36), np.int64(3), 1)): 38.0, ((35, np.int64(36), np.int64(3), 1), (6, np.int64(33), np.int64(4), 1)): 38.0, ((6, np.int64(33), np.int64(4), 1), (12, np.int64(19), np.int64(7), 1)): 38.0, ((12, np.int64(19), np.int64(7), 1), (31, np.int64(18), np.int64(8), 1)): 38.0, ((31, np.int64(18), np.int64(8), 1), (31, np.int64(18), 35, 1)): 38.0, ((31, np.int64(61), np.int64(0), 2), (6, np.int64(42), np.int64(3), 2)): 38.0, ((6, np.int64(42), np.int64(3), 2), (31, np.int64(29), np.int64(6), 1)): 38.0, ((31, np.int64(29), np.int64(6), 1), (31, np.int64(29), 35, 1)): 38.0, ((31, np.int64(61), np.int64(0), 2), (15, np.int64(57), np.int64(1), 2)): 38.0, ((15, np.int64(57), np.int64(1), 2), (12, np.int64(55), np.int64(2), 2)): 38.0, ((12, np.int64(55), np.int64(2), 2), (31, np.int64(54), np.int64(3), 2)): 38.0, ((31, np.int64(54), np.int64(3), 2), (31, np.int64(54), 35, 2)): 38.0, ((31, np.int64(70), np.int64(0), 2), (3, np.int64(42), np.int64(4), 2)): 38.0, ((3, np.int64(42), np.int64(4), 2), (31, np.int64(23), np.int64(8), 1)): 38.0, ((31, np.int64(23), np.int64(8), 1), (31, np.int64(23), 35, 1)): 38.0, ((31, np.int64(70), np.int64(0), 2), (15, np.int64(66), np.int64(1), 2)): 38.0, ((15, np.int64(66), np.int64(1), 2), (30, np.int64(57), np.int64(3), 2)): 38.0, ((30, np.int64(57), np.int64(3), 2), (3, np.int64(42), np.int64(6), 2)): 38.0, ((3, np.int64(42), np.int64(6), 2), (31, np.int64(23), np.int64(10), 1)): 38.0, ((31, np.int64(23), np.int64(10), 1), (31, np.int64(23), 35, 1)): 38.0, ((31, np.int64(70), np.int64(0), 2), (30, np.int64(60), np.int64(2), 2)): 38.0, ((30, np.int64(60), np.int64(2), 2), (35, np.int64(38), np.int64(6), 1)): 38.0, ((35, np.int64(38), np.int64(6), 1), (6, np.int64(35), np.int64(7), 1)): 38.0, ((6, np.int64(35), np.int64(7), 1), (12, np.int64(21), np.int64(10), 1)): 38.0, ((12, np.int64(21), np.int64(10), 1), (31, np.int64(20), np.int64(11), 1)): 38.0, ((31, np.int64(20), np.int64(11), 1), (31, np.int64(20), 35, 1)): 38.0, ((31, np.int64(70), np.int64(0), 2), (35, np.int64(45), np.int64(3), 2)): 38.0, ((35, np.int64(45), np.int64(3), 2), (6, np.int64(42), np.int64(4), 2)): 38.0, ((6, np.int64(42), np.int64(4), 2), (31, np.int64(29), np.int64(7), 1)): 38.0, ((31, np.int64(29), np.int64(7), 1), (31, np.int64(29), 35, 1)): 38.0, ((31, np.int64(70), np.int64(0), 2), (6, np.int64(51), np.int64(3), 2)): 38.0, ((6, np.int64(51), np.int64(3), 2), (12, np.int64(37), np.int64(6), 1)): 38.0, ((12, np.int64(37), np.int64(6), 1), (31, np.int64(36), np.int64(7), 1)): 38.0, ((31, np.int64(36), np.int64(7), 1), (31, np.int64(36), 35, 1)): 38.0, ((31, np.int64(70), np.int64(0), 2), (12, np.int64(68), np.int64(1), 2)): 38.0, ((12, np.int64(68), np.int64(1), 2), (15, np.int64(66), np.int64(2), 2)): 38.0, ((15, np.int64(66), np.int64(2), 2), (15, np.int64(66), np.int64(7), 2)): 38.0, ((15, np.int64(66), np.int64(7), 2), (15, np.int64(66), np.int64(12), 2)): 38.0, ((15, np.int64(66), np.int64(12), 2), (12, np.int64(64), np.int64(13), 2)): 38.0, ((12, np.int64(64), np.int64(13), 2), (32, np.int64(22), np.int64(18), 1)): 38.0, ((32, np.int64(22), np.int64(18), 1), (32, np.int64(22), 35, 1)): 38.0, ((31, np.int64(70), np.int64(0), 2), (31, np.int64(70), np.int64(1), 2)): 62086.0, ((31, np.int64(70), np.int64(1), 2), (15, np.int64(68), np.int64(2), 2)): 62086.0, ((15, np.int64(68), np.int64(2), 2), (15, np.int64(68), np.int64(7), 2)): 62124.0, ((15, np.int64(68), np.int64(7), 2), (15, np.int64(68), np.int64(12), 2)): 62124.0, ((15, np.int64(68), np.int64(12), 2), (12, np.int64(66), np.int64(13), 2)): 62124.0, ((12, np.int64(66), np.int64(13), 2), (32, np.int64(24), np.int64(18), 1)): 54644.0, ((32, np.int64(24), np.int64(18), 1), (32, np.int64(24), 35, 1)): 54644.0, ((12, np.int64(66), np.int64(13), 2), (12, np.int64(66), np.int64(18), 2)): 7480.0, ((12, np.int64(66), np.int64(18), 2), (32, np.int64(24), np.int64(23), 1)): 5157.0, ((32, np.int64(24), np.int64(23), 1), (32, np.int64(24), 35, 1)): 5157.0, ((12, np.int64(66), np.int64(18), 2), (15, np.int64(64), np.int64(19), 2)): 2323.0, ((15, np.int64(64), np.int64(19), 2), (15, np.int64(64), np.int64(24), 2)): 2323.0, ((15, np.int64(64), np.int64(24), 2), (12, np.int64(62), np.int64(25), 2)): 2323.0, ((12, np.int64(62), np.int64(25), 2), (32, np.int64(20), np.int64(30), 1)): 2323.0, ((32, np.int64(20), np.int64(30), 1), (32, np.int64(20), 35, 1)): 2323.0, ((31, np.int64(72), np.int64(0), 2), (35, np.int64(47), np.int64(3), 2)): 38.0, ((35, np.int64(47), np.int64(3), 2), (3, np.int64(24), np.int64(7), 1)): 38.0, ((3, np.int64(24), np.int64(7), 1), (12, np.int64(4), np.int64(11), 0)): 38.0, ((12, np.int64(4), np.int64(11), 0), (31, np.int64(3), np.int64(12), 0)): 38.0, ((31, np.int64(3), np.int64(12), 0), (31, np.int64(3), 35, 0)): 38.0, ((31, np.int64(72), np.int64(0), 2), (3, np.int64(44), np.int64(4), 2)): 38.0, ((3, np.int64(44), np.int64(4), 2), (30, np.int64(29), np.int64(7), 1)): 38.0, ((30, np.int64(29), np.int64(7), 1), (15, np.int64(20), np.int64(9), 1)): 38.0, ((15, np.int64(20), np.int64(9), 1), (12, np.int64(18), np.int64(10), 1)): 38.0, ((12, np.int64(18), np.int64(10), 1), (31, np.int64(17), np.int64(11), 1)): 38.0, ((31, np.int64(17), np.int64(11), 1), (31, np.int64(17), 35, 1)): 38.0, ((31, np.int64(72), np.int64(0), 2), (30, np.int64(62), np.int64(2), 2)): 38.0, ((30, np.int64(62), np.int64(2), 2), (35, np.int64(40), np.int64(6), 2)): 38.0, ((35, np.int64(40), np.int64(6), 2), (6, np.int64(37), np.int64(7), 1)): 38.0, ((6, np.int64(37), np.int64(7), 1), (12, np.int64(23), np.int64(10), 1)): 38.0, ((12, np.int64(23), np.int64(10), 1), (31, np.int64(22), np.int64(11), 1)): 38.0, ((31, np.int64(22), np.int64(11), 1), (31, np.int64(22), 35, 1)): 38.0, ((31, np.int64(72), np.int64(0), 2), (6, np.int64(53), np.int64(3), 2)): 38.0, ((6, np.int64(53), np.int64(3), 2), (12, np.int64(39), np.int64(6), 1)): 38.0, ((12, np.int64(39), np.int64(6), 1), (31, np.int64(38), np.int64(7), 1)): 38.0, ((31, np.int64(38), np.int64(7), 1), (31, np.int64(38), 35, 1)): 38.0, ((31, np.int64(72), np.int64(0), 2), (0, np.int64(24), np.int64(6), 1)): 38.0, ((0, np.int64(24), np.int64(6), 1), (0, np.int64(24), 35, 1)): 38.0, ((31, np.int64(72), np.int64(0), 2), (15, np.int64(68), np.int64(1), 2)): 38.0, ((15, np.int64(68), np.int64(1), 2), (15, np.int64(68), np.int64(6), 2)): 38.0, ((15, np.int64(68), np.int64(6), 2), (15, np.int64(68), np.int64(11), 2)): 38.0, ((15, np.int64(68), np.int64(11), 2), (12, np.int64(66), np.int64(12), 2)): 38.0, ((12, np.int64(66), np.int64(12), 2), (12, np.int64(66), np.int64(17), 2)): 38.0, ((12, np.int64(66), np.int64(17), 2), (15, np.int64(64), np.int64(18), 2)): 38.0, ((15, np.int64(64), np.int64(18), 2), (15, np.int64(64), np.int64(23), 2)): 38.0, ((15, np.int64(64), np.int64(23), 2), (12, np.int64(62), np.int64(24), 2)): 38.0, ((12, np.int64(62), np.int64(24), 2), (32, np.int64(20), np.int64(29), 1)): 38.0, ((32, np.int64(20), np.int64(29), 1), (32, np.int64(20), 35, 1)): 38.0, ((31, np.int64(72), np.int64(0), 2), (12, np.int64(70), np.int64(1), 2)): 38.0, ((12, np.int64(70), np.int64(1), 2), (15, np.int64(68), np.int64(2), 2)): 38.0, ((31, np.int64(75), np.int64(0), 2), (3, np.int64(47), np.int64(4), 2)): 38.0, ((3, np.int64(47), np.int64(4), 2), (15, np.int64(25), np.int64(8), 1)): 38.0, ((15, np.int64(25), np.int64(8), 1), (30, np.int64(16), np.int64(10), 1)): 38.0, ((30, np.int64(16), np.int64(10), 1), (31, np.int64(9), np.int64(12), 0)): 38.0, ((31, np.int64(9), np.int64(12), 0), (31, np.int64(9), 35, 0)): 38.0, ((31, np.int64(75), np.int64(0), 2), (30, np.int64(65), np.int64(2), 2)): 38.0, ((30, np.int64(65), np.int64(2), 2), (3, np.int64(50), np.int64(5), 2)): 38.0, ((3, np.int64(50), np.int64(5), 2), (12, np.int64(30), np.int64(9), 1)): 38.0, ((12, np.int64(30), np.int64(9), 1), (31, np.int64(29), np.int64(10), 1)): 38.0, ((31, np.int64(29), np.int64(10), 1), (31, np.int64(29), 35, 1)): 38.0, ((31, np.int64(75), np.int64(0), 2), (35, np.int64(50), np.int64(3), 2)): 38.0, ((35, np.int64(50), np.int64(3), 2), (15, np.int64(32), np.int64(7), 1)): 38.0, ((15, np.int64(32), np.int64(7), 1), (31, np.int64(30), np.int64(8), 1)): 38.0, ((31, np.int64(30), np.int64(8), 1), (31, np.int64(30), 35, 1)): 38.0, ((31, np.int64(75), np.int64(0), 2), (6, np.int64(56), np.int64(3), 2)): 38.0, ((6, np.int64(56), np.int64(3), 2), (31, np.int64(43), np.int64(6), 2)): 38.0, ((31, np.int64(43), np.int64(6), 2), (31, np.int64(43), 35, 2)): 38.0, ((31, np.int64(75), np.int64(0), 2), (15, np.int64(71), np.int64(1), 2)): 38.0, ((15, np.int64(71), np.int64(1), 2), (31, np.int64(69), np.int64(2), 2)): 38.0, ((31, np.int64(69), np.int64(2), 2), (31, np.int64(69), 35, 2)): 38.0, ((31, np.int64(75), np.int64(0), 2), (12, np.int64(73), np.int64(1), 2)): 38.0, ((12, np.int64(73), np.int64(1), 2), (15, np.int64(71), np.int64(2), 2)): 38.0, ((15, np.int64(71), np.int64(2), 2), (31, np.int64(69), np.int64(3), 2)): 38.0, ((31, np.int64(69), np.int64(3), 2), (31, np.int64(69), 35, 2)): 38.0, ((31, np.int64(75), np.int64(0), 2), (0, np.int64(27), np.int64(6), 1)): 38.0, ((0, np.int64(27), np.int64(6), 1), (30, np.int64(1), np.int64(11), 0)): 38.0, ((30, np.int64(1), np.int64(11), 0), (30, np.int64(1), 35, 0)): 38.0, ((31, np.int64(76), np.int64(0), 2), (3, np.int64(48), np.int64(4), 2)): 38.0, ((3, np.int64(48), np.int64(4), 2), (6, np.int64(27), np.int64(8), 1)): 38.0, ((6, np.int64(27), np.int64(8), 1), (31, np.int64(14), np.int64(11), 1)): 38.0, ((31, np.int64(14), np.int64(11), 1), (31, np.int64(14), 35, 1)): 38.0, ((31, np.int64(76), np.int64(0), 2), (30, np.int64(66), np.int64(2), 2)): 38.0, ((30, np.int64(66), np.int64(2), 2), (3, np.int64(51), np.int64(5), 2)): 38.0, ((3, np.int64(51), np.int64(5), 2), (12, np.int64(31), np.int64(9), 1)): 38.0, ((12, np.int64(31), np.int64(9), 1), (31, np.int64(30), np.int64(10), 1)): 38.0, ((31, np.int64(30), np.int64(10), 1), (31, np.int64(30), 35, 1)): 38.0, ((31, np.int64(76), np.int64(0), 2), (35, np.int64(51), np.int64(3), 2)): 38.0, ((35, np.int64(51), np.int64(3), 2), (15, np.int64(33), np.int64(7), 1)): 38.0, ((15, np.int64(33), np.int64(7), 1), (31, np.int64(31), np.int64(8), 1)): 38.0, ((31, np.int64(31), np.int64(8), 1), (31, np.int64(31), 35, 1)): 76.0, ((31, np.int64(76), np.int64(0), 2), (6, np.int64(57), np.int64(3), 2)): 38.0, ((6, np.int64(57), np.int64(3), 2), (31, np.int64(44), np.int64(6), 2)): 38.0, ((31, np.int64(44), np.int64(6), 2), (31, np.int64(44), 35, 2)): 38.0, ((31, np.int64(76), np.int64(0), 2), (15, np.int64(72), np.int64(1), 2)): 38.0, ((15, np.int64(72), np.int64(1), 2), (31, np.int64(70), np.int64(2), 2)): 38.0, ((31, np.int64(70), np.int64(2), 2), (31, np.int64(70), 35, 2)): 38.0, ((31, np.int64(76), np.int64(0), 2), (0, np.int64(28), np.int64(6), 1)): 38.0, ((0, np.int64(28), np.int64(6), 1), (30, np.int64(2), np.int64(11), 0)): 38.0, ((30, np.int64(2), np.int64(11), 0), (30, np.int64(2), 35, 0)): 38.0, ((31, np.int64(76), np.int64(0), 2), (12, np.int64(74), np.int64(1), 2)): 38.0, ((12, np.int64(74), np.int64(1), 2), (15, np.int64(72), np.int64(2), 2)): 38.0, ((15, np.int64(72), np.int64(2), 2), (31, np.int64(70), np.int64(3), 2)): 38.0, ((31, np.int64(70), np.int64(3), 2), (31, np.int64(70), 35, 2)): 38.0, ((31, np.int64(78), np.int64(0), 2), (3, np.int64(50), np.int64(4), 2)): 38.0, ((3, np.int64(50), np.int64(4), 2), (31, np.int64(31), np.int64(8), 1)): 38.0, ((31, np.int64(78), np.int64(0), 2), (35, np.int64(53), np.int64(3), 2)): 38.0, ((35, np.int64(53), np.int64(3), 2), (31, np.int64(36), np.int64(6), 1)): 38.0, ((31, np.int64(36), np.int64(6), 1), (31, np.int64(36), 35, 1)): 38.0, ((31, np.int64(78), np.int64(0), 2), (6, np.int64(59), np.int64(3), 2)): 38.0, ((6, np.int64(59), np.int64(3), 2), (31, np.int64(46), np.int64(6), 2)): 38.0, ((31, np.int64(46), np.int64(6), 2), (31, np.int64(46), 35, 2)): 38.0, ((31, np.int64(78), np.int64(0), 2), (30, np.int64(68), np.int64(2), 2)): 38.0, ((30, np.int64(68), np.int64(2), 2), (31, np.int64(61), np.int64(4), 2)): 38.0, ((31, np.int64(61), np.int64(4), 2), (31, np.int64(61), 35, 2)): 38.0, ((31, np.int64(78), np.int64(0), 2), (15, np.int64(74), np.int64(1), 2)): 38.0, ((15, np.int64(74), np.int64(1), 2), (31, np.int64(72), np.int64(2), 2)): 38.0, ((31, np.int64(72), np.int64(2), 2), (31, np.int64(72), 35, 2)): 38.0, ((31, np.int64(78), np.int64(0), 2), (0, np.int64(30), np.int64(6), 1)): 38.0, ((0, np.int64(30), np.int64(6), 1), (30, np.int64(4), np.int64(11), 0)): 38.0, ((30, np.int64(4), np.int64(11), 0), (30, np.int64(4), 35, 0)): 38.0, ((31, np.int64(78), np.int64(0), 2), (12, np.int64(76), np.int64(1), 2)): 38.0, ((12, np.int64(76), np.int64(1), 2), (15, np.int64(74), np.int64(2), 2)): 38.0, ((15, np.int64(74), np.int64(2), 2), (31, np.int64(72), np.int64(3), 2)): 38.0, ((31, np.int64(72), np.int64(3), 2), (31, np.int64(72), 35, 2)): 38.0, ((31, np.int64(80), np.int64(0), 3), (3, np.int64(52), np.int64(4), 2)): 38.0, ((3, np.int64(52), np.int64(4), 2), (12, np.int64(32), np.int64(8), 1)): 38.0, ((12, np.int64(32), np.int64(8), 1), (31, np.int64(31), np.int64(9), 1)): 38.0, ((31, np.int64(31), np.int64(9), 1), (31, np.int64(31), 35, 1)): 38.0, ((31, np.int64(80), np.int64(0), 3), (12, np.int64(78), np.int64(1), 2)): 38.0, ((12, np.int64(78), np.int64(1), 2), (3, np.int64(58), np.int64(5), 2)): 38.0, ((3, np.int64(58), np.int64(5), 2), (15, np.int64(36), np.int64(9), 1)): 38.0, ((15, np.int64(36), np.int64(9), 1), (31, np.int64(34), np.int64(10), 1)): 38.0, ((31, np.int64(34), np.int64(10), 1), (31, np.int64(34), 35, 1)): 38.0, ((31, np.int64(80), np.int64(0), 3), (6, np.int64(61), np.int64(3), 2)): 72.0, ((6, np.int64(61), np.int64(3), 2), (12, np.int64(40), np.int64(6), 2)): 72.0, ((12, np.int64(40), np.int64(6), 2), (31, np.int64(39), np.int64(7), 1)): 72.0, ((31, np.int64(39), np.int64(7), 1), (31, np.int64(39), 35, 1)): 72.0, ((31, np.int64(80), np.int64(0), 3), (35, np.int64(55), np.int64(3), 2)): 38.0, ((35, np.int64(55), np.int64(3), 2), (31, np.int64(38), np.int64(6), 1)): 38.0, ((31, np.int64(38), np.int64(6), 1), (31, np.int64(38), 35, 1)): 38.0, ((31, np.int64(80), np.int64(0), 3), (0, np.int64(32), np.int64(6), 1)): 38.0, ((0, np.int64(32), np.int64(6), 1), (30, np.int64(6), np.int64(11), 0)): 38.0, ((30, np.int64(6), np.int64(11), 0), (30, np.int64(6), 35, 0)): 38.0, ((31, np.int64(80), np.int64(0), 3), (15, np.int64(76), np.int64(1), 2)): 38.0, ((15, np.int64(76), np.int64(1), 2), (31, np.int64(74), np.int64(2), 2)): 38.0, ((31, np.int64(74), np.int64(2), 2), (31, np.int64(74), 35, 2)): 38.0, ((31, np.int64(81), np.int64(0), 3), (35, np.int64(56), np.int64(3), 2)): 36.0, ((35, np.int64(56), np.int64(3), 2), (31, np.int64(31), np.int64(6), 1)): 36.0, ((31, np.int64(31), np.int64(6), 1), (31, np.int64(31), 35, 1)): 36.0, ((31, np.int64(81), np.int64(0), 3), (3, np.int64(53), np.int64(4), 2)): 38.0, ((3, np.int64(53), np.int64(4), 2), (12, np.int64(33), np.int64(8), 1)): 38.0, ((12, np.int64(33), np.int64(8), 1), (31, np.int64(32), np.int64(9), 1)): 38.0, ((31, np.int64(32), np.int64(9), 1), (31, np.int64(32), 35, 1)): 38.0, ((31, np.int64(81), np.int64(0), 3), (30, np.int64(71), np.int64(2), 2)): 38.0, ((30, np.int64(71), np.int64(2), 2), (6, np.int64(53), np.int64(6), 2)): 38.0, ((6, np.int64(53), np.int64(6), 2), (31, np.int64(40), np.int64(9), 2)): 38.0, ((31, np.int64(40), np.int64(9), 2), (31, np.int64(40), 35, 2)): 38.0, ((31, np.int64(81), np.int64(0), 3), (12, np.int64(79), np.int64(1), 2)): 38.0, ((12, np.int64(79), np.int64(1), 2), (6, np.int64(65), np.int64(4), 2)): 38.0, ((6, np.int64(65), np.int64(4), 2), (31, np.int64(52), np.int64(7), 2)): 38.0, ((31, np.int64(52), np.int64(7), 2), (31, np.int64(52), 35, 2)): 38.0, ((31, np.int64(81), np.int64(0), 3), (15, np.int64(77), np.int64(1), 2)): 38.0, ((15, np.int64(77), np.int64(1), 2), (30, np.int64(68), np.int64(3), 2)): 38.0, ((30, np.int64(68), np.int64(3), 2), (31, np.int64(61), np.int64(5), 2)): 38.0, ((31, np.int64(61), np.int64(5), 2), (31, np.int64(61), 35, 2)): 38.0, ((31, np.int64(81), np.int64(0), 3), (6, np.int64(62), np.int64(3), 2)): 38.0, ((6, np.int64(62), np.int64(3), 2), (31, np.int64(49), np.int64(6), 2)): 38.0, ((31, np.int64(49), np.int64(6), 2), (31, np.int64(49), 35, 2)): 38.0, ((31, np.int64(90), np.int64(0), 3), (0, np.int64(42), np.int64(6), 2)): 38.0, ((0, np.int64(42), np.int64(6), 2), (10, np.int64(40), np.int64(7), 2)): 38.0, ((10, np.int64(40), np.int64(7), 2), (31, np.int64(5), np.int64(13), 0)): 38.0, ((31, np.int64(5), np.int64(13), 0), (31, np.int64(5), 35, 0)): 38.0, ((31, np.int64(90), np.int64(0), 3), (9, np.int64(37), np.int64(7), 1)): 38.0, ((9, np.int64(37), np.int64(7), 1), (15, np.int64(0), np.int64(14), 0)): 38.0, ((15, np.int64(0), np.int64(14), 0), (15, np.int64(0), 35, 0)): 38.0, ((31, np.int64(90), np.int64(0), 3), (10, np.int64(39), np.int64(6), 1)): 38.0, ((10, np.int64(39), np.int64(6), 1), (15, np.int64(3), np.int64(13), 0)): 38.0, ((15, np.int64(3), np.int64(13), 0), (31, np.int64(1), np.int64(14), 0)): 38.0, ((31, np.int64(1), np.int64(14), 0), (31, np.int64(1), 35, 0)): 76.0, ((31, np.int64(90), np.int64(0), 3), (29, np.int64(40), np.int64(6), 2)): 38.0, ((29, np.int64(40), np.int64(6), 2), (15, np.int64(5), np.int64(12), 0)): 38.0, ((15, np.int64(5), np.int64(12), 0), (31, np.int64(3), np.int64(13), 0)): 38.0, ((31, np.int64(3), np.int64(13), 0), (31, np.int64(3), 35, 0)): 38.0, ((31, np.int64(90), np.int64(0), 3), (2, np.int64(35), np.int64(7), 1)): 38.0, ((2, np.int64(35), np.int64(7), 1), (10, np.int64(33), np.int64(8), 1)): 38.0, ((10, np.int64(33), np.int64(8), 1), (0, np.int64(31), np.int64(9), 1)): 38.0, ((0, np.int64(31), np.int64(9), 1), (0, np.int64(31), 35, 1)): 38.0, ((31, np.int64(90), np.int64(0), 3), (17, np.int64(41), np.int64(6), 2)): 38.0, ((17, np.int64(41), np.int64(6), 2), (3, np.int64(19), np.int64(10), 1)): 38.0, ((3, np.int64(19), np.int64(10), 1), (3, np.int64(19), 35, 1)): 38.0, ((31, np.int64(90), np.int64(0), 3), (31, np.int64(90), np.int64(1), 3)): 54582.0, ((31, np.int64(90), np.int64(1), 3), (6, np.int64(77), np.int64(4), 2)): 54582.0, ((6, np.int64(77), np.int64(4), 2), (9, np.int64(44), np.int64(8), 2)): 14.0, ((9, np.int64(44), np.int64(8), 2), (31, np.int64(7), np.int64(15), 0)): 14.0, ((31, np.int64(7), np.int64(15), 0), (31, np.int64(7), 35, 0)): 14.0, ((31, np.int64(90), np.int64(0), 3), (3, np.int64(62), np.int64(4), 2)): 38.0, ((3, np.int64(62), np.int64(4), 2), (31, np.int64(43), np.int64(8), 2)): 38.0, ((31, np.int64(43), np.int64(8), 2), (31, np.int64(43), 35, 2)): 38.0, ((31, np.int64(90), np.int64(0), 3), (15, np.int64(86), np.int64(1), 3)): 38.0, ((15, np.int64(86), np.int64(1), 3), (3, np.int64(64), np.int64(5), 2)): 38.0, ((3, np.int64(64), np.int64(5), 2), (31, np.int64(45), np.int64(9), 2)): 38.0, ((31, np.int64(45), np.int64(9), 2), (31, np.int64(45), 35, 2)): 38.0, ((6, np.int64(77), np.int64(4), 2), (6, np.int64(77), np.int64(9), 2)): 54568.0, ((6, np.int64(77), np.int64(9), 2), (35, np.int64(74), np.int64(10), 2)): 54568.0, ((35, np.int64(74), np.int64(10), 2), (9, np.int64(55), np.int64(14), 2)): 54568.0, ((9, np.int64(55), np.int64(14), 2), (9, np.int64(55), np.int64(19), 2)): 54568.0, ((9, np.int64(55), np.int64(19), 2), (29, np.int64(48), np.int64(21), 2)): 54568.0, ((29, np.int64(48), np.int64(21), 2), (32, np.int64(12), np.int64(26), 1)): 54568.0, ((32, np.int64(12), np.int64(26), 1), (32, np.int64(12), 35, 1)): 54568.0, ((31, np.int64(90), np.int64(0), 3), (12, np.int64(88), np.int64(1), 3)): 38.0, ((12, np.int64(88), np.int64(1), 3), (31, np.int64(87), np.int64(2), 3)): 38.0, ((31, np.int64(87), np.int64(2), 3), (6, np.int64(74), np.int64(5), 2)): 38.0, ((6, np.int64(74), np.int64(5), 2), (6, np.int64(74), np.int64(10), 2)): 38.0, ((6, np.int64(74), np.int64(10), 2), (35, np.int64(71), np.int64(11), 2)): 38.0, ((35, np.int64(71), np.int64(11), 2), (9, np.int64(52), np.int64(15), 2)): 38.0, ((9, np.int64(52), np.int64(15), 2), (9, np.int64(52), np.int64(20), 2)): 38.0, ((9, np.int64(52), np.int64(20), 2), (29, np.int64(45), np.int64(22), 2)): 5195.0, ((29, np.int64(45), np.int64(22), 2), (32, np.int64(9), np.int64(27), 0)): 5195.0, ((32, np.int64(9), np.int64(27), 0), (32, np.int64(9), 35, 0)): 5195.0, ((31, np.int64(90), np.int64(0), 3), (35, np.int64(65), np.int64(3), 2)): 38.0, ((35, np.int64(65), np.int64(3), 2), (6, np.int64(62), np.int64(4), 2)): 38.0, ((6, np.int64(62), np.int64(4), 2), (31, np.int64(49), np.int64(7), 2)): 38.0, ((31, np.int64(49), np.int64(7), 2), (31, np.int64(49), 35, 2)): 38.0, ((31, np.int64(96), np.int64(0), 3), (8, np.int64(40), np.int64(7), 2)): 38.0, ((8, np.int64(40), np.int64(7), 2), (31, np.int64(1), np.int64(14), 0)): 38.0, ((31, np.int64(96), np.int64(0), 3), (9, np.int64(43), np.int64(7), 2)): 38.0, ((9, np.int64(43), np.int64(7), 2), (31, np.int64(6), np.int64(14), 0)): 38.0, ((31, np.int64(6), np.int64(14), 0), (31, np.int64(6), 35, 0)): 38.0, ((31, np.int64(96), np.int64(0), 3), (2, np.int64(41), np.int64(7), 2)): 38.0, ((2, np.int64(41), np.int64(7), 2), (15, np.int64(2), np.int64(14), 0)): 38.0, ((15, np.int64(2), np.int64(14), 0), (31, np.int64(0), np.int64(15), 0)): 38.0, ((31, np.int64(0), np.int64(15), 0), (31, np.int64(0), 35, 0)): 38.0, ((31, np.int64(96), np.int64(0), 3), (17, np.int64(47), np.int64(6), 2)): 38.0, ((17, np.int64(47), np.int64(6), 2), (3, np.int64(25), np.int64(10), 1)): 38.0, ((3, np.int64(25), np.int64(10), 1), (12, np.int64(5), np.int64(14), 0)): 38.0, ((12, np.int64(5), np.int64(14), 0), (31, np.int64(4), np.int64(15), 0)): 76.0, ((31, np.int64(4), np.int64(15), 0), (31, np.int64(4), 35, 0)): 76.0, ((31, np.int64(96), np.int64(0), 3), (10, np.int64(45), np.int64(6), 2)): 38.0, ((10, np.int64(45), np.int64(6), 2), (31, np.int64(10), np.int64(12), 1)): 38.0, ((31, np.int64(10), np.int64(12), 1), (31, np.int64(10), 35, 1)): 38.0, ((31, np.int64(96), np.int64(0), 3), (0, np.int64(48), np.int64(6), 2)): 38.0, ((0, np.int64(48), np.int64(6), 2), (31, np.int64(15), np.int64(12), 1)): 38.0, ((31, np.int64(15), np.int64(12), 1), (31, np.int64(15), 35, 1)): 38.0, ((31, np.int64(96), np.int64(0), 3), (29, np.int64(46), np.int64(6), 2)): 38.0, ((29, np.int64(46), np.int64(6), 2), (6, np.int64(25), np.int64(10), 1)): 38.0, ((6, np.int64(25), np.int64(10), 1), (31, np.int64(12), np.int64(13), 1)): 38.0, ((31, np.int64(12), np.int64(13), 1), (31, np.int64(12), 35, 1)): 76.0, ((31, np.int64(96), np.int64(0), 3), (35, np.int64(71), np.int64(3), 2)): 38.0, ((35, np.int64(71), np.int64(3), 2), (31, np.int64(54), np.int64(6), 2)): 38.0, ((31, np.int64(54), np.int64(6), 2), (31, np.int64(54), 35, 2)): 38.0, ((31, np.int64(96), np.int64(0), 3), (30, np.int64(86), np.int64(2), 3)): 38.0, ((30, np.int64(86), np.int64(2), 3), (31, np.int64(79), np.int64(4), 2)): 38.0, ((31, np.int64(79), np.int64(4), 2), (31, np.int64(79), 35, 2)): 38.0, ((31, np.int64(96), np.int64(0), 3), (12, np.int64(94), np.int64(1), 3)): 38.0, ((12, np.int64(94), np.int64(1), 3), (31, np.int64(93), np.int64(2), 3)): 38.0, ((31, np.int64(93), np.int64(2), 3), (31, np.int64(93), 35, 3)): 38.0, ((31, np.int64(96), np.int64(0), 3), (15, np.int64(92), np.int64(1), 3)): 38.0, ((15, np.int64(92), np.int64(1), 3), (12, np.int64(90), np.int64(2), 3)): 38.0, ((12, np.int64(90), np.int64(2), 3), (31, np.int64(89), np.int64(3), 3)): 38.0, ((31, np.int64(89), np.int64(3), 3), (31, np.int64(89), 35, 3)): 38.0, ((31, np.int64(98), np.int64(0), 3), (8, np.int64(42), np.int64(7), 2)): 38.0, ((8, np.int64(42), np.int64(7), 2), (12, np.int64(3), np.int64(14), 0)): 38.0, ((12, np.int64(3), np.int64(14), 0), (31, np.int64(2), np.int64(15), 0)): 38.0, ((31, np.int64(2), np.int64(15), 0), (31, np.int64(2), 35, 0)): 38.0, ((31, np.int64(98), np.int64(0), 3), (9, np.int64(45), np.int64(7), 2)): 38.0, ((9, np.int64(45), np.int64(7), 2), (12, np.int64(7), np.int64(14), 0)): 38.0, ((12, np.int64(7), np.int64(14), 0), (31, np.int64(6), np.int64(15), 0)): 38.0, ((31, np.int64(6), np.int64(15), 0), (31, np.int64(6), 35, 0)): 38.0, ((31, np.int64(98), np.int64(0), 3), (17, np.int64(49), np.int64(6), 2)): 38.0, ((17, np.int64(49), np.int64(6), 2), (3, np.int64(27), np.int64(10), 1)): 38.0, ((3, np.int64(27), np.int64(10), 1), (31, np.int64(8), np.int64(14), 0)): 38.0, ((31, np.int64(8), np.int64(14), 0), (31, np.int64(8), 35, 0)): 38.0, ((31, np.int64(98), np.int64(0), 3), (10, np.int64(47), np.int64(6), 2)): 38.0, ((10, np.int64(47), np.int64(6), 2), (31, np.int64(12), np.int64(12), 1)): 38.0, ((31, np.int64(12), np.int64(12), 1), (31, np.int64(12), 35, 1)): 38.0, ((31, np.int64(98), np.int64(0), 3), (0, np.int64(50), np.int64(6), 2)): 38.0, ((0, np.int64(50), np.int64(6), 2), (31, np.int64(17), np.int64(12), 1)): 38.0, ((31, np.int64(17), np.int64(12), 1), (31, np.int64(17), 35, 1)): 38.0, ((31, np.int64(98), np.int64(0), 3), (29, np.int64(48), np.int64(6), 2)): 38.0, ((29, np.int64(48), np.int64(6), 2), (6, np.int64(27), np.int64(10), 1)): 38.0, ((6, np.int64(27), np.int64(10), 1), (31, np.int64(14), np.int64(13), 1)): 38.0, ((31, np.int64(14), np.int64(13), 1), (31, np.int64(14), 35, 1)): 76.0, ((31, np.int64(98), np.int64(0), 3), (3, np.int64(70), np.int64(4), 2)): 38.0, ((3, np.int64(70), np.int64(4), 2), (31, np.int64(51), np.int64(8), 2)): 38.0, ((31, np.int64(51), np.int64(8), 2), (31, np.int64(51), 35, 2)): 38.0, ((31, np.int64(98), np.int64(0), 3), (35, np.int64(73), np.int64(3), 2)): 38.0, ((35, np.int64(73), np.int64(3), 2), (31, np.int64(56), np.int64(6), 2)): 38.0, ((31, np.int64(56), np.int64(6), 2), (31, np.int64(56), 35, 2)): 38.0, ((31, np.int64(98), np.int64(0), 3), (11, np.int64(16), np.int64(10), 1)): 22.0, ((11, np.int64(16), np.int64(10), 1), (11, np.int64(16), 35, 1)): 22.0, ((31, np.int64(98), np.int64(0), 3), (6, np.int64(79), np.int64(3), 2)): 38.0, ((6, np.int64(79), np.int64(3), 2), (6, np.int64(79), np.int64(8), 2)): 38.0, ((6, np.int64(79), np.int64(8), 2), (35, np.int64(76), np.int64(9), 2)): 38.0, ((35, np.int64(76), np.int64(9), 2), (9, np.int64(57), np.int64(13), 2)): 38.0, ((9, np.int64(57), np.int64(13), 2), (9, np.int64(57), np.int64(18), 2)): 38.0, ((9, np.int64(57), np.int64(18), 2), (29, np.int64(50), np.int64(20), 2)): 38.0, ((29, np.int64(50), np.int64(20), 2), (32, np.int64(14), np.int64(25), 1)): 38.0, ((32, np.int64(14), np.int64(25), 1), (32, np.int64(14), 35, 1)): 38.0, ((31, np.int64(98), np.int64(0), 3), (12, np.int64(96), np.int64(1), 3)): 38.0, ((12, np.int64(96), np.int64(1), 3), (31, np.int64(95), np.int64(2), 3)): 38.0, ((31, np.int64(95), np.int64(2), 3), (31, np.int64(95), 35, 3)): 38.0, ((31, np.int64(98), np.int64(0), 3), (15, np.int64(94), np.int64(1), 3)): 38.0, ((15, np.int64(94), np.int64(1), 3), (12, np.int64(92), np.int64(2), 3)): 38.0, ((12, np.int64(92), np.int64(2), 3), (31, np.int64(91), np.int64(3), 3)): 38.0, ((31, np.int64(91), np.int64(3), 3), (31, np.int64(91), 35, 3)): 38.0, ((31, np.int64(100), np.int64(0), 3), (8, np.int64(44), np.int64(7), 2)): 38.0, ((8, np.int64(44), np.int64(7), 2), (12, np.int64(5), np.int64(14), 0)): 38.0, ((31, np.int64(100), np.int64(0), 3), (3, np.int64(81), np.int64(4), 3)): 17398.0, ((3, np.int64(81), np.int64(4), 3), (10, np.int64(46), np.int64(10), 2)): 17376.0, ((10, np.int64(46), np.int64(10), 2), (2, np.int64(44), np.int64(11), 2)): 17376.0, ((2, np.int64(44), np.int64(11), 2), (2, np.int64(44), 35, 2)): 11135.0, ((31, np.int64(100), np.int64(0), 3), (9, np.int64(47), np.int64(7), 2)): 38.0, ((9, np.int64(47), np.int64(7), 2), (15, np.int64(10), np.int64(14), 1)): 38.0, ((15, np.int64(10), np.int64(14), 1), (31, np.int64(8), np.int64(15), 0)): 38.0, ((31, np.int64(8), np.int64(15), 0), (31, np.int64(8), 35, 0)): 38.0, ((31, np.int64(100), np.int64(0), 3), (17, np.int64(51), np.int64(6), 2)): 38.0, ((17, np.int64(51), np.int64(6), 2), (35, np.int64(29), np.int64(10), 1)): 38.0, ((35, np.int64(29), np.int64(10), 1), (31, np.int64(12), np.int64(13), 1)): 38.0, ((31, np.int64(100), np.int64(0), 3), (10, np.int64(49), np.int64(6), 2)): 38.0, ((10, np.int64(49), np.int64(6), 2), (0, np.int64(47), np.int64(7), 2)): 38.0, ((0, np.int64(47), np.int64(7), 2), (31, np.int64(14), np.int64(13), 1)): 38.0, ((31, np.int64(100), np.int64(0), 3), (0, np.int64(52), np.int64(6), 2)): 38.0, ((0, np.int64(52), np.int64(6), 2), (12, np.int64(20), np.int64(12), 1)): 38.0, ((12, np.int64(20), np.int64(12), 1), (31, np.int64(19), np.int64(13), 1)): 38.0, ((31, np.int64(19), np.int64(13), 1), (31, np.int64(19), 35, 1)): 38.0, ((31, np.int64(100), np.int64(0), 3), (3, np.int64(72), np.int64(4), 2)): 38.0, ((3, np.int64(72), np.int64(4), 2), (35, np.int64(49), np.int64(8), 2)): 38.0, ((35, np.int64(49), np.int64(8), 2), (15, np.int64(31), np.int64(12), 1)): 38.0, ((15, np.int64(31), np.int64(12), 1), (31, np.int64(29), np.int64(13), 1)): 38.0, ((31, np.int64(29), np.int64(13), 1), (31, np.int64(29), 35, 1)): 38.0, ((2, np.int64(44), np.int64(11), 2), (0, np.int64(37), np.int64(12), 1)): 2227.0, ((0, np.int64(37), np.int64(12), 1), (2, np.int64(33), np.int64(13), 1)): 2227.0, ((2, np.int64(33), np.int64(13), 1), (2, np.int64(33), 35, 1)): 2227.0, ((3, np.int64(81), np.int64(4), 3), (8, np.int64(58), np.int64(9), 2)): 22.0, ((8, np.int64(58), np.int64(9), 2), (11, np.int64(39), np.int64(13), 1)): 22.0, ((11, np.int64(39), np.int64(13), 1), (11, np.int64(39), 35, 1)): 22.0, ((31, np.int64(100), np.int64(0), 3), (16, np.int64(41), np.int64(7), 2)): 38.0, ((16, np.int64(41), np.int64(7), 2), (31, np.int64(0), np.int64(14), 0)): 38.0, ((31, np.int64(0), np.int64(14), 0), (31, np.int64(0), 35, 0)): 38.0, ((31, np.int64(100), np.int64(0), 3), (35, np.int64(75), np.int64(3), 2)): 72.0, ((35, np.int64(75), np.int64(3), 2), (9, np.int64(47), np.int64(7), 2)): 72.0, ((9, np.int64(47), np.int64(7), 2), (30, np.int64(6), np.int64(14), 0)): 72.0, ((30, np.int64(6), np.int64(14), 0), (30, np.int64(6), 35, 0)): 72.0, ((2, np.int64(44), np.int64(11), 2), (8, np.int64(3), np.int64(16), 0)): 2227.0, ((8, np.int64(3), np.int64(16), 0), (8, np.int64(3), 35, 0)): 2227.0, ((2, np.int64(44), np.int64(11), 2), (4, np.int64(6), np.int64(16), 0)): 1787.0, ((4, np.int64(6), np.int64(16), 0), (4, np.int64(6), 35, 0)): 1787.0, ((31, np.int64(100), np.int64(0), 3), (31, np.int64(100), np.int64(1), 3)): 7518.0, ((31, np.int64(100), np.int64(1), 3), (31, np.int64(100), np.int64(6), 3)): 7518.0, ((31, np.int64(100), np.int64(6), 3), (31, np.int64(100), np.int64(11), 3)): 7518.0, ((31, np.int64(100), np.int64(11), 3), (30, np.int64(93), np.int64(13), 3)): 5157.0, ((30, np.int64(93), np.int64(13), 3), (9, np.int64(52), np.int64(20), 2)): 5157.0, ((31, np.int64(100), np.int64(11), 3), (12, np.int64(99), np.int64(12), 3)): 2361.0, ((12, np.int64(99), np.int64(12), 3), (12, np.int64(99), np.int64(17), 3)): 2361.0, ((12, np.int64(99), np.int64(17), 3), (15, np.int64(97), np.int64(18), 3)): 2361.0, ((15, np.int64(97), np.int64(18), 3), (12, np.int64(95), np.int64(19), 3)): 2361.0, ((12, np.int64(95), np.int64(19), 3), (29, np.int64(60), np.int64(26), 2)): 2361.0, ((29, np.int64(60), np.int64(26), 2), (32, np.int64(24), np.int64(31), 1)): 2361.0, ((32, np.int64(24), np.int64(31), 1), (32, np.int64(24), 35, 1)): 2361.0, ((31, np.int64(100), np.int64(0), 3), (12, np.int64(98), np.int64(1), 3)): 38.0, ((12, np.int64(98), np.int64(1), 3), (6, np.int64(84), np.int64(4), 3)): 38.0, ((6, np.int64(84), np.int64(4), 3), (31, np.int64(71), np.int64(7), 2)): 38.0, ((31, np.int64(71), np.int64(7), 2), (6, np.int64(58), np.int64(10), 2)): 38.0, ((6, np.int64(58), np.int64(10), 2), (6, np.int64(58), np.int64(15), 2)): 38.0, ((6, np.int64(58), np.int64(15), 2), (35, np.int64(55), np.int64(16), 2)): 38.0, ((35, np.int64(55), np.int64(16), 2), (9, np.int64(36), np.int64(20), 1)): 38.0, ((9, np.int64(36), np.int64(20), 1), (9, np.int64(36), np.int64(25), 1)): 38.0, ((9, np.int64(36), np.int64(25), 1), (29, np.int64(29), np.int64(27), 1)): 38.0, ((29, np.int64(29), np.int64(27), 1), (29, np.int64(29), 35, 1)): 38.0, ((31, np.int64(100), np.int64(0), 3), (15, np.int64(96), np.int64(1), 3)): 38.0, ((15, np.int64(96), np.int64(1), 3), (12, np.int64(94), np.int64(2), 3)): 38.0, ((12, np.int64(94), np.int64(2), 3), (31, np.int64(93), np.int64(3), 3)): 38.0, ((31, np.int64(93), np.int64(3), 3), (31, np.int64(93), 35, 3)): 38.0}}
a[ 20 ] =  1.0
a[ 36 ] =  1.0
n[ 9 ] =  14.0
n[ 11 ] =  22.0
'''''''''''''''''
Gurobi Optimizer version 13.0.1 build v13.0.1rc0 (linux64 - "Debian GNU/Linux 12 (bookworm)")

CPU model: AMD EPYC 7B12, instruction set [SSE2|AVX|AVX2]
Thread count: 1 physical cores, 2 logical processors, using up to 2 threads

Non-default parameters:
MIPGap  0.02

Academic license 937859 - for non-commercial use only - registered to hp___@cornell.edu
Optimize a model with 139465 rows, 306947 columns and 807877 nonzeros (Min)
Model fingerprint: 0x617aaf2c
Model has 198010 linear objective coefficients
Variable types: 5 continuous, 306942 integer (37 binary)
Coefficient statistics:
  Matrix range     [1e+00, 3e+04]
  Objective range  [6e-01, 2e+02]
  Bounds range     [1e+00, 1e+00]
  RHS range        [2e+00, 1e+100]
Warning: Model contains large rhs
         Consider reformulating model or setting NumericFocus parameter
         to avoid numerical issues.

MIP start from previous solve did not produce a new incumbent solution
MIP start from previous solve violates constraint flow_bal_load[(6,_np.int64(79),_np.int64(1),_2)] by 14.000000000

Presolve removed 105322 rows and 169185 columns (presolve time = 5s)...
Presolve removed 112636 rows and 196686 columns (presolve time = 10s)...
Presolve removed 112659 rows and 196686 columns
Presolve time: 10.49s
Presolved: 26806 rows, 110261 columns, 263585 nonzeros
Variable types: 0 continuous, 110261 integer (33 binary)

Root simplex log...

Iteration    Objective       Primal Inf.    Dual Inf.      Time
       0      handle free variables                         12s
    7153    5.9431525e+03   7.159633e+01   0.000000e+00     15s
   11433    6.7534356e+03   3.160641e+01   0.000000e+00     20s
   12813    7.2887173e+03   0.000000e+00   0.000000e+00     22s
   12813    7.2887173e+03   0.000000e+00   0.000000e+00     22s

Root relaxation: objective 7.288717e+03, 12813 iterations, 10.18 seconds (6.01 work units)

    Nodes    |    Current Node    |     Objective Bounds      |     Work
 Expl Unexpl |  Obj  Depth IntInf | Incumbent    BestBd   Gap | It/Node Time

     0     0 7288.71729    0   88          - 7288.71729      -     -   21s
H    0     0                    7928.1009132 7288.71729  8.06%     -   22s
H    0     0                    7927.6662100 7288.71729  8.06%     -   23s
     0     0 7339.65375    0   84 7927.66621 7339.65375  7.42%     -   26s
     0     0 7339.66035    0   86 7927.66621 7339.66035  7.42%     -   28s
     0     0 7348.25835    0  102 7927.66621 7348.25835  7.31%     -   30s
     0     0 7348.27637    0  102 7927.66621 7348.27637  7.31%     -   31s
     0     0 7355.26544    0  107 7927.66621 7355.26544  7.22%     -   32s
     0     0 7361.96705    0  108 7927.66621 7361.96705  7.14%     -   34s
     0     0 7361.96705    0  110 7927.66621 7361.96705  7.14%     -   34s
     0     0 7362.74825    0  113 7927.66621 7362.74825  7.13%     -   35s
     0     0 7362.74825    0  115 7927.66621 7362.74825  7.13%     -   37s
     0     0 7362.74825    0  115 7927.66621 7362.74825  7.13%     -   38s
     0     0 7362.74825    0  113 7927.66621 7362.74825  7.13%     -   40s
     0     0 7362.74825    0  114 7927.66621 7362.74825  7.13%     -   41s
     0     0 7362.74825    0  109 7927.66621 7362.74825  7.13%     -   42s
     0     0 7363.31073    0  109 7927.66621 7363.31073  7.12%     -   44s
     0     0 7363.31073    0  112 7927.66621 7363.31073  7.12%     -   45s
     0     0 7363.31073    0  111 7927.66621 7363.31073  7.12%     -   45s
     0     0 7363.31073    0  111 7927.66621 7363.31073  7.12%     -   46s
     0     0 7363.31073    0  111 7927.66621 7363.31073  7.12%     -   46s
     0     0 7363.31073    0  111 7927.66621 7363.31073  7.12%     -   46s
H    0     0                    7825.8735160 7364.52633  5.90%     -   47s
     0     2 7367.05351    0  111 7825.87352 7367.05351  5.86%     -   51s

Cutting planes:
  MIR: 9

Explored 7 nodes (27116 simplex iterations) in 53.71 seconds (20.85 work units)
Thread count was 2 (of 2 available processors)

Solution count 3: 7825.87 7927.67 7928.1 

Optimal solution found (tolerance 2.00e-02)
Best objective 7.825873515982e+03, best bound 7.688134978619e+03, gap 1.7600%
Iteration:  8
Size of network:  9082  nodes,  153426  edges
Obj Value:  7825.873515981734
x_load: {((11, 18, 6, 1), (11, 69, 6, 2), 0): 22.0, ((11, 69, 6, 2), (26, 6, 11, 0), 0): 22.0, ((26, 6, 11, 0), (26, 6, 35, 0), 0): 22.0, ((9, 47, 1, 2), (9, 100, 1, 3), 0): 12.0, ((35, 75, 1, 2), (9, 47, 1, 2), 0): 12.0, ((9, 47, 6, 2), (9, 100, 6, 3), 0): 2.0, ((9, 100, 1, 3), (36, 41, 6, 2), 0): 12.0, ((36, 41, 6, 2), (36, 80, 11, 3), 0): 12.0, ((9, 100, 6, 3), (36, 41, 11, 2), 0): 2.0, ((36, 41, 11, 2), (36, 80, 16, 3), 0): 2.0, ((20, 0, 21, 0), (20, 0, 35, 0), 0): 12.0, ((20, 0, 26, 0), (20, 0, 35, 0), 0): 2.0, ((36, 80, 11, 3), (20, 0, 21, 0), 0): 12.0, ((36, 80, 16, 3), (20, 0, 26, 0), 0): 2.0, ((26, 80, 0, 3), (26, 80, 35, 3), 0): 2.0, ((31, 8, 0, 0), (31, 8, 35, 0), 0): 2.0, ((31, 100, 0, 3), (9, 47, 6, 2), 0): 2.0, ((31, 100, 0, 3), (11, 18, 6, 1), 0): 22.0, ((31, 100, 0, 3), (35, 75, 1, 2), 0): 12.0}
x_ener: {((0, 62, 1, 2), (10, 62, 1, 2), 0): 8568.0, ((30, 7, 1, 0), (31, 0, 1, 0), 0): 152.0, ((12, 7, 6, 0), (31, 6, 6, 0), 1): 38.0, ((31, 0, 6, 0), (31, 0, 35, 0), 0): 97.0, ((30, 8, 1, 0), (12, 7, 1, 0), 0): 38.0, ((31, 6, 6, 0), (31, 6, 35, 0), 0): 76.0, ((30, 18, 1, 1), (31, 12, 1, 1), 0): 228.0, ((31, 10, 6, 1), (31, 10, 35, 1), 0): 76.0, ((31, 12, 6, 1), (31, 12, 35, 1), 0): 38.0, ((3, 23, 6, 1), (31, 6, 6, 0), 0): 38.0, ((15, 20, 6, 1), (31, 18, 6, 1), 1): 76.0, ((30, 26, 1, 1), (31, 21, 1, 1), 0): 152.0, ((31, 18, 6, 1), (31, 18, 35, 1), 0): 78.0, ((10, 59, 1, 2), (2, 59, 1, 2), 0): 8533.0, ((2, 59, 1, 2), (0, 62, 1, 2), 0): 4284.0, ((2, 59, 1, 2), (10, 59, 1, 2), 0): 8498.0, ((10, 62, 1, 2), (0, 62, 1, 2), 0): 4249.0, ((10, 62, 1, 2), (2, 59, 1, 2), 0): 4249.0, ((10, 62, 1, 2), (2, 62, 1, 2), 0): 70.0, ((11, 18, 6, 1), (11, 18, 35, 1), 0): 22.0, ((30, 39, 1, 1), (12, 33, 1, 1), 0): 76.0, ((12, 17, 6, 1), (31, 18, 6, 1), 0): 2.0, ((2, 62, 1, 2), (0, 62, 1, 2), 0): 35.0, ((2, 62, 1, 2), (10, 59, 1, 2), 0): 35.0, ((3, 26, 6, 1), (12, 7, 6, 0), 0): 38.0, ((30, 35, 1, 1), (12, 29, 1, 1), 0): 38.0, ((35, 27, 6, 1), (31, 10, 6, 1), 0): 38.0, ((30, 51, 1, 2), (6, 34, 1, 1), 0): 76.0, ((30, 42, 1, 2), (12, 35, 1, 1), 0): 38.0, ((30, 68, 1, 2), (31, 61, 1, 2), 0): 76.0, ((17, 44, 6, 2), (3, 23, 6, 1), 0): 38.0, ((30, 73, 1, 2), (3, 58, 1, 2), 0): 38.0, ((31, 70, 6, 2), (31, 70, 11, 2), 0): 62200.0, ((11, 69, 6, 2), (26, 6, 11, 0), 0): 22.0, ((17, 47, 6, 2), (3, 26, 6, 1), 0): 38.0, ((30, 62, 1, 2), (6, 44, 1, 2), 0): 76.0, ((30, 7, 6, 0), (31, 0, 6, 0), 0): 97.0, ((8, 40, 6, 2), (31, 6, 11, 0), 0): 38.0, ((8, 80, 6, 3), (11, 69, 6, 2), 0): 22.0, ((0, 30, 6, 1), (30, 7, 11, 0), 0): 152.0, ((0, 32, 6, 1), (30, 7, 11, 0), 0): 38.0, ((0, 34, 6, 1), (12, 7, 11, 0), 0): 38.0, ((0, 42, 6, 2), (12, 10, 11, 1), 0): 38.0, ((0, 51, 6, 2), (10, 49, 6, 2), 0): 76.0, ((0, 52, 6, 2), (12, 21, 11, 1), 0): 38.0, ((0, 73, 6, 2), (31, 40, 11, 2), 0): 2227.0, ((30, 7, 11, 0), (31, 0, 11, 0), 0): 228.0, ((12, 7, 11, 0), (31, 6, 11, 0), 1): 342.0, ((31, 0, 11, 0), (31, 0, 35, 0), 0): 228.0, ((10, 36, 6, 1), (0, 34, 6, 1), 0): 38.0, ((31, 6, 11, 0), (31, 6, 35, 0), 0): 2607.0, ((15, 5, 11, 0), (12, 7, 11, 0), 1): 76.0, ((10, 39, 6, 1), (12, 7, 11, 0), 0): 38.0, ((31, 8, 11, 0), (31, 8, 35, 0), 0): 38.0, ((2, 35, 6, 1), (10, 36, 6, 1), 0): 38.0, ((12, 10, 11, 1), (30, 7, 11, 0), 0): 38.0, ((31, 10, 11, 1), (31, 10, 35, 1), 0): 4.0, ((15, 10, 11, 1), (31, 8, 11, 0), 0): 38.0, ((3, 23, 11, 1), (31, 6, 11, 0), 0): 2227.0, ((10, 48, 6, 2), (31, 15, 11, 1), 0): 76.0, ((10, 49, 6, 2), (31, 15, 11, 1), 0): 114.0, ((15, 20, 11, 1), (31, 18, 11, 1), 1): 2227.0, ((31, 18, 11, 1), (31, 18, 35, 1), 0): 2227.0, ((12, 21, 11, 1), (31, 21, 11, 1), 1): 38.0, ((31, 21, 11, 1), (31, 21, 35, 1), 0): 2265.0, ((4, 40, 11, 2), (30, 7, 16, 0), 0): 1787.0, ((8, 39, 11, 1), (31, 0, 16, 0), 0): 2271.0, ((31, 15, 11, 1), (31, 15, 35, 1), 0): 190.0, ((10, 76, 6, 2), (2, 76, 6, 2), 0): 17376.0, ((15, 24, 11, 1), (31, 24, 11, 1), 0): 4454.0, ((31, 40, 11, 2), (31, 40, 35, 2), 0): 2227.0, ((2, 76, 6, 2), (0, 73, 6, 2), 0): 2227.0, ((2, 76, 6, 2), (3, 23, 11, 1), 0): 2227.0, ((2, 76, 6, 2), (4, 40, 11, 2), 0): 1787.0, ((2, 76, 6, 2), (8, 39, 11, 1), 0): 2227.0, ((2, 76, 6, 2), (12, 24, 11, 1), 0): 2227.0, ((2, 76, 6, 2), (15, 20, 11, 1), 0): 2227.0, ((2, 76, 6, 2), (30, 31, 11, 1), 0): 2227.0, ((2, 76, 6, 2), (31, 21, 11, 1), 0): 2227.0, ((12, 70, 11, 2), (32, 28, 16, 1), 0): 54682.0, ((12, 70, 11, 2), (12, 70, 16, 2), 0): 7518.0, ((15, 60, 11, 2), (31, 59, 11, 2), 1): 9.0, ((31, 70, 11, 2), (12, 70, 11, 2), 1): 62200.0, ((30, 7, 16, 0), (31, 0, 16, 0), 0): 1787.0, ((31, 0, 16, 0), (31, 0, 21, 0), 0): 4058.0, ((3, 43, 16, 2), (31, 24, 16, 1), 0): 10.0, ((12, 70, 16, 2), (31, 70, 16, 2), 1): 2361.0, ((12, 70, 16, 2), (32, 28, 21, 1), 0): 5157.0, ((31, 70, 16, 2), (31, 70, 21, 2), 0): 2361.0, ((10, 17, 16, 1), (2, 14, 16, 1), 0): 34419056.0, ((2, 14, 16, 1), (10, 17, 16, 1), 0): 34419056.0, ((31, 0, 21, 0), (31, 0, 35, 0), 0): 113422.0, ((12, 70, 21, 2), (32, 28, 26, 1), 0): 2361.0, ((31, 70, 21, 2), (12, 70, 21, 2), 1): 2361.0, ((10, 17, 21, 1), (2, 14, 21, 1), 0): 7246088.0, ((2, 14, 21, 1), (10, 17, 21, 1), 0): 7246088.0, ((31, 0, 26, 0), (31, 0, 31, 0), 0): 10314.0, ((9, 0, 31, 0), (9, 0, 35, 0), 0): 14.0, ((10, 17, 26, 1), (2, 14, 26, 1), 0): 1287254.0, ((2, 14, 26, 1), (10, 17, 26, 1), 0): 1287254.0, ((31, 0, 31, 0), (31, 0, 35, 0), 0): 15036.0, ((10, 17, 31, 1), (2, 14, 31, 1), 0): 125559.0, ((2, 14, 31, 1), (10, 17, 31, 1), 0): 125559.0, ((2, 42, 6, 2), (12, 7, 11, 0), 0): 38.0, ((6, 29, 6, 1), (15, 20, 6, 1), 0): 76.0, ((12, 24, 11, 1), (15, 24, 11, 1), 1): 4454.0, ((30, 31, 11, 1), (12, 24, 11, 1), 0): 2227.0, ((31, 24, 11, 1), (31, 24, 35, 1), 0): 4454.0, ((12, 58, 11, 2), (15, 60, 11, 2), 1): 9.0, ((32, 28, 16, 1), (31, 0, 21, 0), 0): 109364.0, ((31, 59, 11, 2), (31, 59, 35, 2), 0): 9.0, ((31, 24, 16, 1), (31, 24, 35, 1), 0): 10.0, ((32, 28, 21, 1), (31, 0, 26, 0), 0): 10314.0, ((32, 28, 26, 1), (31, 0, 31, 0), 0): 4722.0, ((31, 59, 21, 2), (31, 59, 35, 2), 0): 8.0, ((3, 23, 1, 1), (31, 6, 1, 0), 0): 152.0, ((3, 24, 1, 1), (31, 6, 1, 0), 0): 38.0, ((3, 26, 1, 1), (31, 8, 1, 0), 0): 38.0, ((3, 29, 1, 1), (31, 10, 1, 1), 0): 38.0, ((3, 30, 1, 1), (31, 12, 1, 1), 0): 38.0, ((3, 33, 1, 1), (31, 15, 1, 1), 0): 114.0, ((3, 43, 1, 2), (15, 24, 1, 1), 0): 38.0, ((3, 44, 1, 2), (6, 24, 1, 1), 0): 38.0, ((3, 47, 1, 2), (15, 26, 1, 1), 0): 38.0, ((3, 48, 1, 2), (6, 27, 1, 1), 0): 38.0, ((3, 50, 1, 2), (31, 31, 1, 1), 0): 38.0, ((3, 51, 1, 2), (12, 33, 1, 1), 0): 76.0, ((3, 52, 1, 2), (12, 33, 1, 1), 0): 38.0, ((3, 53, 1, 2), (31, 35, 1, 1), 0): 38.0, ((3, 58, 1, 2), (31, 39, 1, 1), 0): 76.0, ((3, 66, 1, 2), (15, 44, 1, 2), 0): 76.0, ((3, 71, 1, 2), (31, 52, 1, 2), 0): 38.0, ((3, 72, 1, 2), (35, 52, 1, 2), 0): 38.0, ((3, 100, 1, 3), (8, 80, 6, 3), 0): 22.0, ((3, 100, 1, 3), (10, 76, 6, 2), 0): 17376.0, ((12, 7, 1, 0), (31, 6, 1, 0), 1): 190.0, ((31, 6, 1, 0), (31, 6, 35, 0), 0): 684.0, ((15, 5, 1, 0), (12, 7, 1, 0), 1): 76.0, ((31, 8, 1, 0), (31, 8, 35, 0), 0): 114.0, ((31, 10, 1, 1), (31, 10, 35, 1), 0): 190.0, ((12, 10, 1, 1), (30, 7, 1, 0), 0): 38.0, ((31, 12, 1, 1), (31, 12, 35, 1), 0): 494.0, ((12, 13, 1, 1), (15, 12, 1, 1), 0): 38.0, ((15, 12, 1, 1), (30, 7, 1, 0), 0): 76.0, ((31, 15, 1, 1), (31, 15, 35, 1), 0): 456.0, ((12, 15, 1, 1), (31, 15, 1, 1), 1): 38.0, ((15, 14, 1, 1), (31, 12, 1, 1), 0): 38.0, ((30, 21, 1, 1), (31, 15, 1, 1), 0): 76.0, ((31, 18, 1, 1), (31, 18, 35, 1), 0): 266.0, ((6, 19, 1, 1), (35, 22, 1, 1), 0): 114.0, ((12, 21, 1, 1), (31, 21, 1, 1), 1): 228.0, ((15, 20, 1, 1), (31, 18, 1, 1), 1): 228.0, ((31, 21, 1, 1), (31, 21, 35, 1), 0): 380.0, ((35, 22, 1, 1), (31, 6, 1, 0), 0): 304.0, ((6, 24, 1, 1), (31, 12, 1, 1), 0): 114.0, ((12, 24, 1, 1), (15, 24, 1, 1), 1): 190.0, ((15, 24, 1, 1), (31, 24, 1, 1), 0): 456.0, ((30, 28, 1, 1), (12, 21, 1, 1), 0): 76.0, ((31, 24, 1, 1), (31, 24, 35, 1), 0): 494.0, ((6, 13, 1, 1), (31, 0, 1, 0), 0): 38.0, ((30, 22, 1, 1), (31, 15, 1, 1), 0): 76.0, ((30, 30, 1, 1), (15, 24, 1, 1), 0): 152.0, ((6, 26, 1, 1), (31, 15, 1, 1), 0): 76.0, ((12, 17, 1, 1), (31, 18, 1, 1), 0): 38.0, ((12, 27, 1, 1), (31, 27, 1, 1), 0): 38.0, ((30, 31, 1, 1), (31, 24, 1, 1), 0): 38.0, ((31, 27, 1, 1), (31, 27, 35, 1), 0): 152.0, ((12, 19, 1, 1), (15, 20, 1, 1), 1): 38.0, ((15, 26, 1, 1), (30, 18, 1, 1), 0): 114.0, ((30, 34, 1, 1), (31, 27, 1, 1), 0): 38.0, ((31, 29, 1, 1), (31, 29, 35, 1), 0): 304.0, ((35, 27, 1, 1), (31, 10, 1, 1), 0): 152.0, ((6, 27, 1, 1), (31, 15, 1, 1), 0): 38.0, ((12, 29, 1, 1), (31, 29, 1, 1), 0): 152.0, ((6, 29, 1, 1), (12, 15, 1, 1), 0): 38.0, ((15, 28, 1, 1), (31, 27, 1, 1), 0): 76.0, ((12, 30, 1, 1), (30, 26, 1, 1), 0): 38.0, ((31, 31, 1, 1), (31, 31, 35, 1), 0): 38.0, ((6, 20, 1, 1), (35, 22, 1, 1), 0): 38.0, ((6, 31, 1, 1), (15, 20, 1, 1), 0): 76.0, ((12, 33, 1, 1), (31, 32, 1, 1), 0): 228.0, ((15, 30, 1, 1), (12, 29, 1, 1), 0): 38.0, ((31, 32, 1, 1), (31, 32, 35, 1), 0): 228.0, ((35, 28, 1, 1), (31, 12, 1, 1), 0): 76.0, ((6, 21, 1, 1), (31, 8, 1, 0), 0): 38.0, ((31, 35, 1, 1), (31, 35, 35, 1), 0): 418.0, ((6, 34, 1, 1), (12, 21, 1, 1), 0): 152.0, ((15, 31, 1, 1), (30, 22, 1, 1), 0): 38.0, ((35, 30, 1, 1), (31, 15, 1, 1), 0): 38.0, ((12, 35, 1, 1), (31, 35, 1, 1), 1): 342.0, ((15, 36, 1, 1), (12, 35, 1, 1), 0): 228.0, ((30, 40, 1, 2), (31, 35, 1, 1), 0): 38.0, ((6, 40, 1, 2), (35, 40, 1, 2), 0): 76.0, ((12, 38, 1, 1), (31, 38, 1, 1), 0): 38.0, ((30, 46, 1, 2), (31, 39, 1, 1), 0): 38.0, ((31, 39, 1, 1), (31, 39, 35, 1), 0): 228.0, ((35, 35, 1, 1), (15, 20, 1, 1), 0): 38.0, ((12, 37, 1, 1), (30, 30, 1, 1), 0): 76.0, ((12, 47, 1, 2), (31, 47, 1, 2), 0): 114.0, ((15, 44, 1, 2), (31, 44, 1, 2), 0): 190.0, ((31, 38, 1, 1), (31, 38, 35, 1), 0): 114.0, ((31, 47, 1, 2), (31, 47, 35, 2), 0): 228.0, ((35, 45, 1, 2), (31, 29, 1, 1), 0): 152.0, ((15, 46, 1, 2), (35, 28, 1, 1), 0): 76.0, ((31, 49, 1, 2), (31, 49, 35, 2), 0): 114.0, ((12, 40, 1, 2), (31, 39, 1, 1), 0): 114.0, ((12, 49, 1, 2), (31, 49, 1, 2), 0): 114.0, ((15, 37, 1, 1), (30, 28, 1, 1), 0): 38.0, ((15, 48, 1, 2), (12, 47, 1, 2), 0): 76.0, ((35, 40, 1, 2), (12, 24, 1, 1), 0): 114.0, ((35, 47, 1, 2), (15, 30, 1, 1), 0): 38.0, ((12, 44, 1, 2), (15, 44, 1, 2), 0): 76.0, ((15, 40, 1, 2), (31, 38, 1, 1), 0): 38.0, ((15, 50, 1, 2), (12, 49, 1, 2), 0): 38.0, ((30, 58, 1, 2), (15, 50, 1, 2), 0): 38.0, ((31, 44, 1, 2), (31, 44, 35, 2), 0): 190.0, ((31, 52, 1, 2), (31, 52, 35, 2), 0): 38.0, ((6, 44, 1, 2), (35, 45, 1, 2), 0): 114.0, ((6, 53, 1, 2), (12, 40, 1, 2), 0): 76.0, ((9, 40, 6, 2), (12, 7, 11, 0), 0): 38.0, ((12, 53, 1, 2), (3, 33, 1, 1), 0): 38.0, ((31, 55, 1, 2), (31, 55, 35, 2), 0): 38.0, ((35, 52, 1, 2), (15, 36, 1, 1), 0): 114.0, ((6, 59, 1, 2), (31, 47, 1, 2), 0): 114.0, ((12, 58, 1, 2), (31, 59, 1, 2), 1): 235.0, ((15, 60, 1, 2), (12, 58, 1, 2), 1): 159.0, ((30, 66, 1, 2), (3, 51, 1, 2), 0): 76.0, ((31, 59, 1, 2), (31, 59, 35, 2), 0): 235.0, ((35, 55, 1, 2), (31, 38, 1, 1), 0): 38.0, ((9, 43, 6, 2), (35, 27, 6, 1), 0): 38.0, ((12, 70, 1, 2), (15, 68, 1, 2), 1): 76.0, ((31, 61, 1, 2), (31, 61, 35, 2), 0): 76.0, ((35, 65, 1, 2), (6, 64, 1, 2), 0): 76.0, ((6, 69, 1, 2), (15, 60, 1, 2), 0): 83.0, ((15, 68, 1, 2), (31, 70, 1, 2), 1): 114.0, ((30, 86, 1, 3), (31, 80, 1, 3), 0): 38.0, ((31, 72, 1, 2), (31, 72, 35, 2), 0): 152.0, ((8, 44, 6, 2), (15, 5, 11, 0), 0): 38.0, ((3, 29, 6, 1), (31, 10, 6, 1), 0): 38.0, ((35, 29, 6, 1), (31, 12, 6, 1), 0): 38.0, ((17, 49, 6, 2), (3, 29, 6, 1), 0): 38.0, ((17, 51, 6, 2), (35, 29, 6, 1), 0): 38.0, ((9, 67, 11, 2), (29, 64, 11, 2), 0): 54682.0, ((29, 64, 11, 2), (32, 28, 16, 1), 0): 54682.0, ((3, 100, 11, 3), (9, 67, 16, 2), 0): 5157.0, ((6, 69, 11, 2), (12, 58, 11, 2), 0): 9.0, ((9, 67, 16, 2), (29, 64, 16, 2), 0): 5157.0, ((29, 64, 16, 2), (32, 28, 21, 1), 0): 5157.0, ((9, 67, 21, 2), (29, 64, 21, 2), 0): 2361.0, ((29, 64, 21, 2), (32, 28, 26, 1), 0): 2361.0, ((6, 69, 21, 2), (31, 59, 21, 2), 0): 8.0, ((28, 31, 6, 1), (26, 6, 11, 0), 0): 2.0, ((26, 6, 11, 0), (26, 6, 35, 0), 0): 26.0, ((26, 33, 11, 1), (26, 33, 35, 1), 0): 22.0, ((28, 61, 6, 2), (26, 33, 11, 1), 0): 22.0, ((8, 42, 6, 2), (12, 7, 11, 0), 0): 38.0, ((28, 31, 11, 1), (28, 31, 16, 1), 0): 2.0, ((28, 31, 16, 1), (26, 6, 21, 0), 0): 4.0, ((26, 6, 21, 0), (26, 6, 35, 0), 0): 4.0, ((26, 12, 21, 1), (26, 12, 26, 1), 0): 16.0, ((26, 12, 26, 1), (26, 12, 31, 1), 0): 16.0, ((26, 6, 31, 0), (26, 6, 35, 0), 0): 6.0, ((26, 12, 31, 1), (26, 12, 35, 1), 0): 16.0, ((5, 80, 21, 3), (26, 46, 26, 2), 0): 14.0, ((5, 80, 11, 3), (26, 46, 16, 2), 0): 2.0, ((26, 46, 1, 2), (5, 26, 6, 1), 0): 2.0, ((26, 66, 1, 2), (28, 31, 6, 1), 0): 2.0, ((26, 66, 1, 2), (26, 66, 6, 2), 0): 4.0, ((26, 80, 1, 3), (26, 80, 6, 3), 0): 16.0, ((5, 26, 1, 1), (26, 6, 6, 0), 0): 4.0, ((5, 46, 11, 2), (5, 46, 16, 2), 0): 14.0, ((26, 6, 6, 0), (26, 6, 35, 0), 0): 6.0, ((26, 66, 6, 2), (28, 31, 11, 1), 0): 2.0, ((26, 66, 6, 2), (26, 66, 11, 2), 0): 2.0, ((26, 80, 6, 3), (5, 46, 11, 2), 0): 14.0, ((26, 80, 6, 3), (26, 80, 11, 3), 0): 2.0, ((5, 26, 6, 1), (26, 6, 11, 0), 0): 2.0, ((5, 46, 16, 2), (26, 12, 21, 1), 0): 16.0, ((5, 80, 26, 3), (26, 46, 31, 2), 0): 12.0, ((5, 80, 16, 3), (26, 46, 21, 2), 0): 6.0, ((5, 80, 16, 3), (5, 80, 21, 3), 0): 14.0, ((26, 66, 11, 2), (28, 31, 16, 1), 0): 2.0, ((26, 80, 11, 3), (5, 46, 16, 2), 0): 2.0, ((26, 46, 16, 2), (26, 46, 35, 2), 0): 2.0, ((26, 46, 21, 2), (5, 26, 26, 1), 0): 6.0, ((26, 46, 26, 2), (26, 46, 31, 2), 0): 14.0, ((5, 26, 26, 1), (26, 6, 31, 0), 0): 6.0, ((26, 46, 31, 2), (26, 46, 35, 2), 0): 26.0, ((6, 64, 1, 2), (31, 51, 1, 2), 0): 114.0, ((31, 0, 1, 0), (31, 0, 35, 0), 0): 190.0, ((15, 10, 1, 1), (31, 8, 1, 0), 0): 38.0, ((15, 32, 1, 1), (30, 26, 1, 1), 0): 38.0, ((30, 19, 1, 1), (15, 10, 1, 1), 0): 38.0, ((12, 45, 1, 2), (3, 26, 1, 1), 0): 38.0, ((30, 41, 1, 2), (6, 24, 1, 1), 0): 38.0, ((32, 38, 1, 1), (32, 38, 6, 1), 0): 4.0, ((12, 50, 1, 2), (3, 30, 1, 1), 0): 38.0, ((31, 51, 1, 2), (31, 51, 35, 2), 0): 114.0, ((9, 47, 1, 2), (30, 7, 6, 0), 0): 97.0, ((35, 72, 1, 2), (31, 55, 1, 2), 0): 38.0, ((31, 70, 1, 2), (31, 70, 6, 2), 0): 62200.0, ((15, 66, 1, 2), (30, 58, 1, 2), 0): 38.0, ((32, 58, 1, 2), (12, 17, 6, 1), 0): 2.0, ((35, 74, 1, 2), (6, 69, 1, 2), 0): 83.0, ((35, 74, 1, 2), (35, 74, 6, 2), 0): 9.0, ((35, 75, 1, 2), (9, 47, 1, 2), 0): 97.0, ((12, 77, 1, 2), (15, 76, 1, 2), 0): 76.0, ((12, 90, 1, 3), (31, 90, 1, 3), 1): 38.0, ((15, 76, 1, 2), (31, 75, 1, 2), 0): 114.0, ((15, 86, 1, 3), (3, 66, 1, 2), 0): 38.0, ((31, 90, 1, 3), (31, 90, 35, 3), 0): 38.0, ((36, 39, 11, 1), (36, 40, 11, 2), 0): 2.0, ((12, 79, 1, 2), (35, 65, 1, 2), 0): 38.0, ((32, 38, 6, 1), (31, 10, 11, 1), 0): 4.0, ((29, 40, 6, 2), (12, 7, 11, 0), 0): 38.0, ((29, 49, 6, 2), (6, 29, 6, 1), 0): 76.0, ((9, 45, 6, 2), (12, 7, 11, 0), 0): 38.0, ((9, 47, 6, 2), (15, 10, 11, 1), 0): 38.0, ((35, 74, 6, 2), (35, 74, 11, 2), 0): 9.0, ((35, 74, 11, 2), (6, 69, 11, 2), 0): 9.0, ((36, 39, 21, 1), (36, 40, 21, 2), 0): 12.0, ((35, 74, 16, 2), (3, 43, 16, 2), 0): 10.0, ((35, 74, 16, 2), (35, 74, 21, 2), 0): 8.0, ((35, 74, 21, 2), (6, 69, 21, 2), 0): 8.0, ((36, 40, 11, 2), (36, 40, 16, 2), 0): 2.0, ((36, 40, 16, 2), (36, 40, 21, 2), 0): 2.0, ((36, 40, 21, 2), (36, 40, 26, 2), 0): 14.0, ((36, 40, 26, 2), (36, 41, 26, 2), 0): 14.0, ((9, 100, 1, 3), (36, 41, 6, 2), 0): 12.0, ((35, 53, 1, 2), (12, 35, 1, 1), 0): 38.0, ((16, 41, 6, 2), (15, 5, 11, 0), 0): 38.0, ((36, 59, 6, 2), (36, 59, 11, 2), 0): 12.0, ((9, 100, 0, 3), (29, 100, 1, 3), 0): 14.0, ((29, 100, 1, 3), (9, 100, 1, 3), 0): 12.0, ((29, 100, 1, 3), (29, 100, 6, 3), 0): 2.0, ((36, 41, 6, 2), (36, 59, 6, 2), 0): 12.0, ((9, 100, 6, 3), (36, 41, 11, 2), 0): 2.0, ((36, 59, 11, 2), (36, 80, 11, 3), 0): 12.0, ((29, 100, 6, 3), (9, 100, 6, 3), 0): 2.0, ((36, 41, 11, 2), (36, 80, 16, 3), 0): 2.0, ((36, 41, 26, 2), (9, 0, 31, 0), 0): 14.0, ((11, 80, 0, 3), (28, 61, 1, 2), 0): 22.0, ((28, 31, 1, 1), (26, 6, 6, 0), 0): 2.0, ((28, 61, 1, 2), (28, 61, 6, 2), 0): 22.0, ((12, 98, 6, 3), (9, 67, 11, 2), 0): 54682.0, ((12, 100, 11, 3), (31, 100, 11, 3), 0): 7536.0, ((12, 97, 1, 3), (15, 96, 1, 3), 1): 76.0, ((12, 98, 1, 3), (12, 98, 6, 3), 0): 54682.0, ((12, 100, 1, 3), (12, 100, 6, 3), 0): 7536.0, ((15, 74, 1, 2), (31, 72, 1, 2), 0): 152.0, ((31, 75, 1, 2), (31, 75, 35, 2), 0): 114.0, ((15, 77, 1, 2), (30, 68, 1, 2), 0): 38.0, ((31, 80, 1, 3), (31, 80, 35, 3), 0): 38.0, ((15, 96, 1, 3), (31, 96, 1, 3), 1): 190.0, ((31, 96, 1, 3), (31, 96, 35, 3), 0): 190.0, ((15, 100, 1, 3), (12, 98, 1, 3), 0): 54644.0, ((15, 100, 1, 3), (35, 74, 1, 2), 0): 92.0, ((31, 100, 1, 3), (12, 100, 1, 3), 0): 7536.0, ((35, 73, 1, 2), (12, 58, 1, 2), 0): 38.0, ((12, 73, 1, 2), (15, 74, 1, 2), 1): 38.0, ((12, 78, 1, 2), (3, 58, 1, 2), 0): 38.0, ((12, 98, 11, 3), (12, 98, 16, 3), 0): 2361.0, ((12, 98, 16, 3), (9, 67, 21, 2), 0): 2361.0, ((12, 100, 6, 3), (12, 100, 11, 3), 0): 7536.0, ((15, 100, 11, 3), (12, 98, 11, 3), 0): 2361.0, ((15, 100, 11, 3), (15, 100, 16, 3), 0): 18.0, ((31, 100, 11, 3), (3, 100, 11, 3), 0): 5157.0, ((31, 100, 11, 3), (15, 100, 11, 3), 0): 2379.0, ((15, 100, 16, 3), (35, 74, 16, 2), 0): 18.0, ((20, 7, 26, 0), (20, 10, 26, 1), 0): 2.0, ((32, 59, 1, 2), (16, 48, 1, 2), 0): 4.0, ((16, 48, 1, 2), (32, 38, 1, 1), 0): 4.0, ((20, 4, 21, 0), (20, 10, 21, 1), 0): 12.0, ((20, 27, 26, 1), (24, 27, 26, 1), 1): 14.0, ((24, 27, 26, 1), (33, 4, 31, 0), 0): 14.0, ((25, 4, 31, 0), (25, 4, 35, 0), 0): 14.0, ((33, 4, 31, 0), (25, 4, 31, 0), 1): 14.0, ((24, 80, 1, 3), (36, 39, 11, 1), 0): 2.0, ((20, 80, 11, 3), (24, 80, 11, 3), 1): 12.0, ((24, 80, 11, 3), (36, 39, 21, 1), 0): 12.0, ((20, 0, 21, 0), (20, 4, 21, 0), 0): 12.0, ((20, 10, 21, 1), (24, 10, 21, 1), 1): 12.0, ((24, 10, 21, 1), (24, 10, 26, 1), 0): 12.0, ((20, 0, 26, 0), (20, 7, 26, 0), 0): 2.0, ((20, 10, 26, 1), (20, 27, 26, 1), 0): 14.0, ((24, 10, 26, 1), (20, 10, 26, 1), 1): 12.0, ((36, 80, 11, 3), (20, 0, 21, 0), 0): 12.0, ((36, 80, 16, 3), (20, 0, 26, 0), 0): 2.0, ((25, 100, 1, 3), (33, 100, 1, 3), 1): 12.0, ((25, 100, 0, 3), (24, 80, 1, 3), 0): 2.0, ((25, 100, 0, 3), (25, 100, 1, 3), 0): 12.0, ((33, 100, 1, 3), (33, 100, 6, 3), 0): 12.0, ((33, 100, 6, 3), (20, 80, 11, 3), 0): 12.0, ((26, 46, 0, 2), (5, 26, 1, 1), 0): 4.0, ((26, 46, 0, 2), (26, 46, 1, 2), 0): 2.0, ((26, 66, 0, 2), (28, 31, 1, 1), 0): 2.0, ((26, 66, 0, 2), (26, 66, 1, 2), 0): 6.0, ((26, 80, 0, 3), (26, 80, 1, 3), 0): 16.0, ((26, 100, 6, 3), (5, 80, 11, 3), 0): 2.0, ((26, 100, 6, 3), (26, 100, 11, 3), 0): 32.0, ((26, 100, 1, 3), (8, 39, 11, 1), 0): 44.0, ((26, 100, 1, 3), (26, 100, 6, 3), 0): 34.0, ((26, 100, 0, 3), (26, 100, 1, 3), 0): 78.0, ((26, 100, 11, 3), (5, 80, 16, 3), 0): 20.0, ((26, 100, 11, 3), (26, 100, 16, 3), 0): 12.0, ((26, 100, 16, 3), (26, 100, 21, 3), 0): 12.0, ((26, 100, 21, 3), (5, 80, 26, 3), 0): 12.0, ((31, 6, 0, 0), (12, 7, 1, 0), 0): 38.0, ((31, 6, 0, 0), (15, 5, 1, 0), 0): 38.0, ((31, 8, 0, 0), (12, 7, 1, 0), 0): 38.0, ((31, 8, 0, 0), (15, 5, 1, 0), 0): 38.0, ((31, 12, 0, 1), (12, 10, 1, 1), 0): 38.0, ((31, 15, 0, 1), (12, 13, 1, 1), 0): 38.0, ((31, 15, 0, 1), (15, 12, 1, 1), 0): 38.0, ((31, 15, 0, 1), (30, 7, 1, 0), 0): 38.0, ((31, 18, 0, 1), (12, 17, 1, 1), 0): 38.0, ((31, 18, 0, 1), (15, 14, 1, 1), 0): 38.0, ((31, 18, 0, 1), (30, 8, 1, 0), 0): 38.0, ((31, 21, 0, 1), (12, 19, 1, 1), 0): 38.0, ((31, 21, 0, 1), (15, 20, 1, 1), 0): 38.0, ((31, 24, 0, 1), (12, 24, 1, 1), 0): 38.0, ((31, 24, 0, 1), (15, 20, 1, 1), 0): 38.0, ((31, 24, 0, 1), (30, 18, 1, 1), 0): 38.0, ((31, 25, 0, 1), (12, 24, 1, 1), 0): 38.0, ((31, 25, 0, 1), (15, 24, 1, 1), 0): 38.0, ((31, 25, 0, 1), (30, 18, 1, 1), 0): 38.0, ((31, 27, 0, 1), (15, 24, 1, 1), 0): 38.0, ((31, 27, 0, 1), (30, 18, 1, 1), 0): 38.0, ((31, 29, 0, 1), (12, 27, 1, 1), 0): 38.0, ((31, 29, 0, 1), (15, 26, 1, 1), 0): 38.0, ((31, 29, 0, 1), (30, 19, 1, 1), 0): 38.0, ((31, 30, 0, 1), (12, 29, 1, 1), 0): 38.0, ((31, 30, 0, 1), (15, 26, 1, 1), 0): 38.0, ((31, 30, 0, 1), (30, 21, 1, 1), 0): 38.0, ((31, 31, 0, 1), (12, 29, 1, 1), 0): 38.0, ((31, 31, 0, 1), (15, 28, 1, 1), 0): 38.0, ((31, 31, 0, 1), (30, 21, 1, 1), 0): 38.0, ((31, 32, 0, 1), (6, 13, 1, 1), 0): 38.0, ((31, 32, 0, 1), (12, 30, 1, 1), 0): 38.0, ((31, 32, 0, 1), (15, 28, 1, 1), 0): 38.0, ((31, 32, 0, 1), (30, 22, 1, 1), 0): 38.0, ((31, 35, 0, 1), (6, 19, 1, 1), 0): 38.0, ((31, 35, 0, 1), (12, 33, 1, 1), 0): 38.0, ((31, 35, 0, 1), (15, 31, 1, 1), 0): 38.0, ((31, 35, 0, 1), (30, 26, 1, 1), 0): 38.0, ((31, 36, 0, 1), (6, 19, 1, 1), 0): 38.0, ((31, 36, 0, 1), (12, 35, 1, 1), 0): 38.0, ((31, 36, 0, 1), (15, 32, 1, 1), 0): 38.0, ((31, 36, 0, 1), (30, 26, 1, 1), 0): 38.0, ((31, 38, 0, 1), (6, 19, 1, 1), 0): 38.0, ((31, 38, 0, 1), (12, 37, 1, 1), 0): 38.0, ((31, 38, 0, 1), (15, 36, 1, 1), 0): 38.0, ((31, 38, 0, 1), (30, 28, 1, 1), 0): 38.0, ((31, 39, 0, 1), (6, 20, 1, 1), 0): 38.0, ((31, 39, 0, 1), (12, 37, 1, 1), 0): 38.0, ((31, 39, 0, 1), (15, 36, 1, 1), 0): 38.0, ((31, 39, 0, 1), (30, 30, 1, 1), 0): 38.0, ((31, 40, 0, 2), (6, 21, 1, 1), 0): 38.0, ((31, 40, 0, 2), (12, 38, 1, 1), 0): 38.0, ((31, 40, 0, 2), (15, 36, 1, 1), 0): 38.0, ((31, 40, 0, 2), (30, 30, 1, 1), 0): 38.0, ((31, 41, 0, 2), (6, 24, 1, 1), 0): 38.0, ((31, 41, 0, 2), (12, 40, 1, 2), 0): 38.0, ((31, 41, 0, 2), (15, 37, 1, 1), 0): 38.0, ((31, 41, 0, 2), (30, 31, 1, 1), 0): 38.0, ((31, 41, 0, 2), (35, 22, 1, 1), 0): 38.0, ((31, 44, 0, 2), (6, 26, 1, 1), 0): 38.0, ((31, 44, 0, 2), (12, 44, 1, 2), 0): 38.0, ((31, 44, 0, 2), (15, 40, 1, 2), 0): 38.0, ((31, 44, 0, 2), (30, 34, 1, 1), 0): 38.0, ((31, 44, 0, 2), (35, 22, 1, 1), 0): 38.0, ((31, 45, 0, 2), (6, 26, 1, 1), 0): 38.0, ((31, 45, 0, 2), (12, 44, 1, 2), 0): 38.0, ((31, 45, 0, 2), (30, 35, 1, 1), 0): 38.0, ((31, 45, 0, 2), (35, 22, 1, 1), 0): 38.0, ((31, 47, 0, 2), (3, 23, 1, 1), 0): 38.0, ((31, 47, 0, 2), (6, 29, 1, 1), 0): 38.0, ((31, 47, 0, 2), (12, 45, 1, 2), 0): 38.0, ((31, 47, 0, 2), (15, 44, 1, 2), 0): 38.0, ((31, 47, 0, 2), (30, 39, 1, 1), 0): 38.0, ((31, 47, 0, 2), (35, 22, 1, 1), 0): 38.0, ((31, 49, 0, 2), (3, 23, 1, 1), 0): 38.0, ((31, 49, 0, 2), (6, 31, 1, 1), 0): 38.0, ((31, 49, 0, 2), (12, 47, 1, 2), 0): 38.0, ((31, 49, 0, 2), (15, 46, 1, 2), 0): 38.0, ((31, 49, 0, 2), (30, 39, 1, 1), 0): 38.0, ((31, 49, 0, 2), (35, 27, 1, 1), 0): 38.0, ((31, 50, 0, 2), (3, 23, 1, 1), 0): 38.0, ((31, 50, 0, 2), (6, 31, 1, 1), 0): 38.0, ((31, 50, 0, 2), (12, 49, 1, 2), 0): 38.0, ((31, 50, 0, 2), (15, 46, 1, 2), 0): 38.0, ((31, 50, 0, 2), (30, 40, 1, 2), 0): 38.0, ((31, 50, 0, 2), (35, 27, 1, 1), 0): 38.0, ((31, 51, 0, 2), (3, 23, 1, 1), 0): 38.0, ((31, 51, 0, 2), (6, 34, 1, 1), 0): 38.0, ((31, 51, 0, 2), (12, 49, 1, 2), 0): 38.0, ((31, 51, 0, 2), (15, 48, 1, 2), 0): 38.0, ((31, 51, 0, 2), (30, 41, 1, 2), 0): 38.0, ((31, 51, 0, 2), (35, 27, 1, 1), 0): 38.0, ((31, 52, 0, 2), (3, 24, 1, 1), 0): 38.0, ((31, 52, 0, 2), (6, 34, 1, 1), 0): 38.0, ((31, 52, 0, 2), (12, 50, 1, 2), 0): 38.0, ((31, 52, 0, 2), (15, 48, 1, 2), 0): 38.0, ((31, 52, 0, 2), (30, 42, 1, 2), 0): 38.0, ((31, 52, 0, 2), (35, 27, 1, 1), 0): 38.0, ((31, 55, 0, 2), (3, 29, 1, 1), 0): 38.0, ((31, 55, 0, 2), (6, 40, 1, 2), 0): 38.0, ((31, 55, 0, 2), (12, 53, 1, 2), 0): 38.0, ((31, 55, 0, 2), (30, 46, 1, 2), 0): 38.0, ((31, 55, 0, 2), (35, 30, 1, 1), 0): 38.0, ((31, 59, 0, 2), (3, 33, 1, 1), 0): 38.0, ((31, 59, 0, 2), (6, 40, 1, 2), 0): 38.0, ((31, 59, 0, 2), (12, 58, 1, 2), 0): 38.0, ((31, 59, 0, 2), (15, 60, 1, 2), 0): 38.0, ((31, 59, 0, 2), (30, 51, 1, 2), 0): 38.0, ((31, 59, 0, 2), (35, 35, 1, 1), 0): 38.0, ((31, 61, 0, 2), (3, 33, 1, 1), 0): 38.0, ((31, 61, 0, 2), (6, 44, 1, 2), 0): 38.0, ((31, 61, 0, 2), (15, 60, 1, 2), 0): 38.0, ((31, 61, 0, 2), (30, 51, 1, 2), 0): 38.0, ((31, 61, 0, 2), (35, 40, 1, 2), 0): 38.0, ((31, 70, 0, 2), (3, 43, 1, 2), 0): 38.0, ((31, 70, 0, 2), (6, 53, 1, 2), 0): 38.0, ((31, 70, 0, 2), (12, 70, 1, 2), 0): 38.0, ((31, 70, 0, 2), (15, 66, 1, 2), 0): 38.0, ((31, 70, 0, 2), (30, 62, 1, 2), 0): 38.0, ((31, 70, 0, 2), (35, 45, 1, 2), 0): 38.0, ((31, 70, 0, 2), (31, 70, 1, 2), 0): 62086.0, ((31, 72, 0, 2), (0, 30, 6, 1), 0): 38.0, ((31, 72, 0, 2), (3, 44, 1, 2), 0): 38.0, ((31, 72, 0, 2), (6, 53, 1, 2), 0): 38.0, ((31, 72, 0, 2), (12, 70, 1, 2), 0): 38.0, ((31, 72, 0, 2), (15, 68, 1, 2), 0): 38.0, ((31, 72, 0, 2), (30, 62, 1, 2), 0): 38.0, ((31, 72, 0, 2), (35, 47, 1, 2), 0): 38.0, ((31, 75, 0, 2), (0, 30, 6, 1), 0): 38.0, ((31, 75, 0, 2), (3, 47, 1, 2), 0): 38.0, ((31, 75, 0, 2), (6, 59, 1, 2), 0): 38.0, ((31, 75, 0, 2), (12, 73, 1, 2), 0): 38.0, ((31, 75, 0, 2), (15, 74, 1, 2), 0): 38.0, ((31, 75, 0, 2), (30, 66, 1, 2), 0): 38.0, ((31, 75, 0, 2), (35, 52, 1, 2), 0): 38.0, ((31, 76, 0, 2), (0, 30, 6, 1), 0): 38.0, ((31, 76, 0, 2), (3, 48, 1, 2), 0): 38.0, ((31, 76, 0, 2), (6, 59, 1, 2), 0): 38.0, ((31, 76, 0, 2), (12, 77, 1, 2), 0): 38.0, ((31, 76, 0, 2), (15, 74, 1, 2), 0): 38.0, ((31, 76, 0, 2), (30, 66, 1, 2), 0): 38.0, ((31, 76, 0, 2), (35, 52, 1, 2), 0): 38.0, ((31, 78, 0, 2), (0, 30, 6, 1), 0): 38.0, ((31, 78, 0, 2), (3, 50, 1, 2), 0): 38.0, ((31, 78, 0, 2), (6, 59, 1, 2), 0): 38.0, ((31, 78, 0, 2), (12, 77, 1, 2), 0): 38.0, ((31, 78, 0, 2), (15, 74, 1, 2), 0): 38.0, ((31, 78, 0, 2), (30, 68, 1, 2), 0): 38.0, ((31, 78, 0, 2), (35, 53, 1, 2), 0): 38.0, ((31, 80, 0, 3), (0, 32, 6, 1), 0): 38.0, ((31, 80, 0, 3), (3, 52, 1, 2), 0): 38.0, ((31, 80, 0, 3), (12, 78, 1, 2), 0): 38.0, ((31, 80, 0, 3), (15, 76, 1, 2), 0): 38.0, ((31, 80, 0, 3), (35, 55, 1, 2), 0): 38.0, ((31, 81, 0, 3), (3, 53, 1, 2), 0): 38.0, ((31, 81, 0, 3), (6, 64, 1, 2), 0): 38.0, ((31, 81, 0, 3), (12, 79, 1, 2), 0): 38.0, ((31, 81, 0, 3), (15, 77, 1, 2), 0): 38.0, ((31, 81, 0, 3), (30, 73, 1, 2), 0): 38.0, ((31, 90, 0, 3), (0, 42, 6, 2), 0): 38.0, ((31, 90, 0, 3), (2, 35, 6, 1), 0): 38.0, ((31, 90, 0, 3), (3, 66, 1, 2), 0): 38.0, ((31, 90, 0, 3), (9, 40, 6, 2), 0): 38.0, ((31, 90, 0, 3), (10, 39, 6, 1), 0): 38.0, ((31, 90, 0, 3), (12, 90, 1, 3), 0): 38.0, ((31, 90, 0, 3), (15, 86, 1, 3), 0): 38.0, ((31, 90, 0, 3), (17, 44, 6, 2), 0): 38.0, ((31, 90, 0, 3), (29, 40, 6, 2), 0): 38.0, ((31, 90, 0, 3), (35, 65, 1, 2), 0): 38.0, ((31, 96, 0, 3), (0, 51, 6, 2), 0): 38.0, ((31, 96, 0, 3), (2, 42, 6, 2), 0): 38.0, ((31, 96, 0, 3), (8, 40, 6, 2), 0): 38.0, ((31, 96, 0, 3), (9, 43, 6, 2), 0): 38.0, ((31, 96, 0, 3), (10, 48, 6, 2), 0): 38.0, ((31, 96, 0, 3), (12, 97, 1, 3), 0): 38.0, ((31, 96, 0, 3), (15, 96, 1, 3), 0): 38.0, ((31, 96, 0, 3), (17, 47, 6, 2), 0): 38.0, ((31, 96, 0, 3), (29, 49, 6, 2), 0): 38.0, ((31, 96, 0, 3), (30, 86, 1, 3), 0): 38.0, ((31, 96, 0, 3), (35, 72, 1, 2), 0): 38.0, ((31, 98, 0, 3), (0, 51, 6, 2), 0): 38.0, ((31, 98, 0, 3), (3, 71, 1, 2), 0): 38.0, ((31, 98, 0, 3), (8, 42, 6, 2), 0): 38.0, ((31, 98, 0, 3), (9, 45, 6, 2), 0): 38.0, ((31, 98, 0, 3), (10, 48, 6, 2), 0): 38.0, ((31, 98, 0, 3), (12, 97, 1, 3), 0): 38.0, ((31, 98, 0, 3), (15, 96, 1, 3), 0): 38.0, ((31, 98, 0, 3), (17, 49, 6, 2), 0): 38.0, ((31, 98, 0, 3), (29, 49, 6, 2), 0): 38.0, ((31, 98, 0, 3), (32, 58, 1, 2), 0): 2.0, ((31, 98, 0, 3), (35, 73, 1, 2), 0): 38.0, ((31, 100, 0, 3), (0, 52, 6, 2), 0): 38.0, ((31, 100, 0, 3), (3, 72, 1, 2), 0): 38.0, ((31, 100, 0, 3), (3, 100, 1, 3), 0): 17398.0, ((31, 100, 0, 3), (8, 44, 6, 2), 0): 38.0, ((31, 100, 0, 3), (9, 47, 6, 2), 0): 38.0, ((31, 100, 0, 3), (10, 49, 6, 2), 0): 38.0, ((31, 100, 0, 3), (11, 18, 6, 1), 0): 22.0, ((31, 100, 0, 3), (12, 98, 1, 3), 0): 38.0, ((31, 100, 0, 3), (15, 96, 1, 3), 0): 38.0, ((31, 100, 0, 3), (15, 100, 1, 3), 0): 54736.0, ((31, 100, 0, 3), (16, 41, 6, 2), 0): 38.0, ((31, 100, 0, 3), (17, 51, 6, 2), 0): 38.0, ((31, 100, 0, 3), (32, 59, 1, 2), 0): 4.0, ((31, 100, 0, 3), (35, 75, 1, 2), 0): 97.0, ((31, 100, 0, 3), (31, 100, 1, 3), 0): 7536.0}
a: {20: 1.0, 36: 1.0}
n: {9: 14.0, 11: 22.0, 25: 14.0}
{0: (34.421443, -119.684178), 1: (38.164391, -112.278183), 2: (34.4349097, -119.9212861), 3: (34.689589, -118.130371), 4: (35.400164, -119.399727), 5: (38.7747705, -119.9029911), 6: (33.9541734, -117.5556971), 7: (36.009923, -114.784826), 8: (35.3002628, -119.0381956), 9: (34.118101, -116.45646), 10: (34.4425082, -119.7812613), 11: (36.075856, -119.043996), 12: (33.8722233, -118.2654222), 13: (35.263617, -112.194139), 14: (37.72495, -113.056978), 15: (33.7885884, -118.2150827), 16: (32.596725, -117.019495), 17: (34.886448, -117.079423), 18: (35.9874334, -119.961999), 19: (35.01643, -110.675005), 20: (33.30006, -111.96835), 21: (38.786621, -112.084147), 22: (32.794671, -115.539473), 23: (36.220567, -115.125553), 24: (33.3021433, -111.9552863), 25: (33.39639, -110.76888), 26: (37.8135094, -119.8800771), 27: (37.161682, -113.434692), 28: (36.72136, -119.761165), 29: (33.8310496, -116.5452277), 30: (34.12755, -118.443664), 31: (33.899899, -118.207088), 32: (33.0390751, -117.2841996), 33: (33.3874378, -110.7609849), 34: (32.178328, -110.960207), 35: (34.02094, -117.385415), 36: (33.603063, -114.598023)}
(((26, np.int64(80), np.int64(0), 3), (26, 80, 35, 3), 0),)
(((31, np.int64(8), np.int64(0), 0), (31, 8, 35, 0), 0),)
(((31, np.int64(100), np.int64(0), 3), (9, 47, 6, 2), 0), ((9, 47, 6, 2), (9, 100, 6, 3), 0), ((9, 100, 6, 3), (36, 41, 11, 2), 0), ((36, 41, 11, 2), (36, 80, 16, 3), 0), ((36, 80, 16, 3), (20, 0, 26, 0), 0), ((20, 0, 26, 0), (20, 0, 35, 0), 0))
New edge added:  ((31, np.int64(100), np.int64(0), 3), (9, np.int64(47), np.int64(7), 2), 0)  Edge removed:  ((31, np.int64(100), np.int64(0), 3), (9, 47, 6, 2), 0)
Solution cannot be extended to a feasible solution, updating network...
{'x_load': {((26, np.int64(80), np.int64(0), 3), (26, np.int64(80), 35, 3)): 2.0, ((31, np.int64(8), np.int64(0), 0), (31, np.int64(8), 35, 0)): 2.0, ((31, np.int64(100), np.int64(0), 3), (9, np.int64(47), np.int64(7), 2)): 2.0, ((9, np.int64(47), np.int64(7), 2), (9, np.int64(100), np.int64(8), 3)): 14.0, ((9, np.int64(100), np.int64(8), 3), (36, np.int64(41), np.int64(15), 2)): 14.0, ((36, np.int64(41), np.int64(15), 2), (36, np.int64(80), np.int64(20), 3)): 14.0, ((36, np.int64(80), np.int64(20), 3), (20, np.int64(0), np.int64(30), 0)): 14.0, ((20, np.int64(0), np.int64(30), 0), (20, np.int64(0), 35, 0)): 14.0, ((31, np.int64(100), np.int64(0), 3), (35, np.int64(75), np.int64(3), 2)): 12.0, ((35, np.int64(75), np.int64(3), 2), (9, np.int64(47), np.int64(7), 2)): 12.0, ((31, np.int64(100), np.int64(0), 3), (11, np.int64(18), np.int64(10), 1)): 22.0, ((11, np.int64(18), np.int64(10), 1), (11, np.int64(69), np.int64(11), 2)): 22.0, ((11, np.int64(69), np.int64(11), 2), (26, np.int64(2), np.int64(19), 0)): 22.0, ((26, np.int64(2), np.int64(19), 0), (26, np.int64(2), 35, 0)): 22.0}, 'x_ener': {((9, np.int64(100), np.int64(0), 3), (29, np.int64(93), np.int64(2), 3)): 14.0, ((29, np.int64(93), np.int64(2), 3), (29, np.int64(93), np.int64(7), 3)): 2.0, ((29, np.int64(93), np.int64(7), 3), (9, np.int64(86), np.int64(9), 3)): 2.0, ((9, np.int64(86), np.int64(9), 3), (36, np.int64(27), np.int64(16), 1)): 2.0, ((36, np.int64(27), np.int64(16), 1), (36, np.int64(66), np.int64(21), 2)): 2.0, ((36, np.int64(66), np.int64(21), 2), (36, np.int64(66), 35, 2)): 14.0, ((29, np.int64(93), np.int64(2), 3), (9, np.int64(86), np.int64(4), 3)): 12.0, ((9, np.int64(86), np.int64(4), 3), (36, np.int64(27), np.int64(11), 1)): 12.0, ((36, np.int64(27), np.int64(11), 1), (36, np.int64(45), np.int64(13), 2)): 12.0, ((36, np.int64(45), np.int64(13), 2), (36, np.int64(45), np.int64(18), 2)): 12.0, ((36, np.int64(45), np.int64(18), 2), (36, np.int64(66), np.int64(21), 2)): 12.0, ((11, np.int64(80), np.int64(0), 3), (28, np.int64(59), np.int64(4), 2)): 22.0, ((28, np.int64(59), np.int64(4), 2), (28, np.int64(59), np.int64(9), 2)): 22.0, ((28, np.int64(59), np.int64(9), 2), (26, np.int64(20), np.int64(14), 1)): 22.0, ((26, np.int64(20), np.int64(14), 1), (26, np.int64(20), 35, 1)): 22.0, ((25, np.int64(100), np.int64(0), 3), (24, np.int64(75), np.int64(5), 2)): 2.0, ((24, np.int64(75), np.int64(5), 2), (36, np.int64(19), np.int64(15), 1)): 2.0, ((36, np.int64(19), np.int64(15), 1), (36, np.int64(20), np.int64(16), 1)): 2.0, ((36, np.int64(20), np.int64(16), 1), (36, np.int64(20), np.int64(21), 1)): 2.0, ((36, np.int64(20), np.int64(21), 1), (36, np.int64(20), np.int64(26), 1)): 2.0, ((36, np.int64(20), np.int64(26), 1), (36, np.int64(20), np.int64(31), 1)): 2.0, ((36, np.int64(20), np.int64(31), 1), (36, np.int64(21), np.int64(32), 1)): 2.0, ((36, np.int64(21), np.int64(32), 1), (36, np.int64(21), 35, 1)): 2.0, ((25, np.int64(100), np.int64(0), 3), (25, np.int64(100), np.int64(1), 3)): 12.0, ((25, np.int64(100), np.int64(1), 3), (33, np.int64(100), np.int64(2), 3)): 12.0, ((33, np.int64(100), np.int64(2), 3), (33, np.int64(100), np.int64(7), 3)): 12.0, ((33, np.int64(100), np.int64(7), 3), (20, np.int64(75), np.int64(12), 2)): 12.0, ((20, np.int64(75), np.int64(12), 2), (24, np.int64(75), np.int64(13), 2)): 12.0, ((24, np.int64(75), np.int64(13), 2), (36, np.int64(19), np.int64(23), 1)): 12.0, ((36, np.int64(19), np.int64(23), 1), (36, np.int64(20), np.int64(24), 1)): 12.0, ((36, np.int64(20), np.int64(24), 1), (36, np.int64(20), np.int64(29), 1)): 12.0, ((36, np.int64(20), np.int64(29), 1), (36, np.int64(21), np.int64(30), 1)): 12.0, ((36, np.int64(21), np.int64(30), 1), (36, np.int64(21), 35, 1)): 12.0, ((26, np.int64(46), np.int64(0), 2), (5, np.int64(12), np.int64(5), 1)): 4.0, ((5, np.int64(12), np.int64(5), 1), (5, np.int64(12), 35, 1)): 4.0, ((26, np.int64(46), np.int64(0), 2), (26, np.int64(46), np.int64(1), 2)): 2.0, ((26, np.int64(46), np.int64(1), 2), (5, np.int64(12), np.int64(6), 1)): 2.0, ((5, np.int64(12), np.int64(6), 1), (5, np.int64(12), 35, 1)): 2.0, ((26, np.int64(66), np.int64(0), 2), (28, np.int64(27), np.int64(5), 1)): 2.0, ((28, np.int64(27), np.int64(5), 1), (26, np.int64(0), np.int64(10), 0)): 2.0, ((26, np.int64(0), np.int64(10), 0), (26, np.int64(0), 35, 0)): 2.0, ((26, np.int64(66), np.int64(0), 2), (26, np.int64(66), np.int64(1), 2)): 6.0, ((26, np.int64(66), np.int64(1), 2), (28, np.int64(27), np.int64(6), 1)): 2.0, ((28, np.int64(27), np.int64(6), 1), (26, np.int64(0), np.int64(11), 0)): 2.0, ((26, np.int64(0), np.int64(11), 0), (26, np.int64(0), 35, 0)): 2.0, ((26, np.int64(66), np.int64(1), 2), (26, np.int64(66), np.int64(6), 2)): 4.0, ((26, np.int64(66), np.int64(6), 2), (28, np.int64(27), np.int64(11), 1)): 2.0, ((28, np.int64(27), np.int64(11), 1), (28, np.int64(27), np.int64(16), 1)): 2.0, ((28, np.int64(27), np.int64(16), 1), (26, np.int64(0), np.int64(21), 0)): 4.0, ((26, np.int64(0), np.int64(21), 0), (26, np.int64(0), 35, 0)): 4.0, ((26, np.int64(66), np.int64(6), 2), (26, np.int64(66), np.int64(11), 2)): 2.0, ((26, np.int64(66), np.int64(11), 2), (28, np.int64(27), np.int64(16), 1)): 2.0, ((26, np.int64(80), np.int64(0), 3), (26, np.int64(80), np.int64(1), 3)): 16.0, ((26, np.int64(80), np.int64(1), 3), (26, np.int64(80), np.int64(6), 3)): 16.0, ((26, np.int64(80), np.int64(6), 3), (5, np.int64(46), np.int64(11), 2)): 14.0, ((5, np.int64(46), np.int64(11), 2), (5, np.int64(46), np.int64(16), 2)): 14.0, ((5, np.int64(46), np.int64(16), 2), (26, np.int64(12), np.int64(21), 1)): 16.0, ((26, np.int64(12), np.int64(21), 1), (26, np.int64(12), np.int64(26), 1)): 16.0, ((26, np.int64(12), np.int64(26), 1), (26, np.int64(12), np.int64(31), 1)): 16.0, ((26, np.int64(12), np.int64(31), 1), (26, np.int64(12), 35, 1)): 16.0, ((26, np.int64(80), np.int64(6), 3), (26, np.int64(80), np.int64(11), 3)): 2.0, ((26, np.int64(80), np.int64(11), 3), (5, np.int64(46), np.int64(16), 2)): 2.0, ((26, np.int64(100), np.int64(0), 3), (26, np.int64(100), np.int64(1), 3)): 78.0, ((26, np.int64(100), np.int64(1), 3), (26, np.int64(100), np.int64(6), 3)): 34.0, ((26, np.int64(100), np.int64(6), 3), (26, np.int64(100), np.int64(11), 3)): 32.0, ((26, np.int64(100), np.int64(11), 3), (5, np.int64(77), np.int64(16), 2)): 20.0, ((5, np.int64(77), np.int64(16), 2), (26, np.int64(43), np.int64(21), 2)): 6.0, ((26, np.int64(43), np.int64(21), 2), (5, np.int64(9), np.int64(26), 0)): 6.0, ((5, np.int64(9), np.int64(26), 0), (5, np.int64(9), 35, 0)): 6.0, ((26, np.int64(100), np.int64(6), 3), (5, np.int64(77), np.int64(11), 2)): 2.0, ((5, np.int64(77), np.int64(11), 2), (26, np.int64(43), np.int64(16), 2)): 2.0, ((26, np.int64(43), np.int64(16), 2), (26, np.int64(43), 35, 2)): 2.0, ((5, np.int64(77), np.int64(16), 2), (5, np.int64(77), np.int64(21), 2)): 14.0, ((5, np.int64(77), np.int64(21), 2), (26, np.int64(43), np.int64(26), 2)): 14.0, ((26, np.int64(43), np.int64(26), 2), (26, np.int64(43), np.int64(31), 2)): 14.0, ((26, np.int64(43), np.int64(31), 2), (26, np.int64(43), 35, 2)): 26.0, ((26, np.int64(100), np.int64(11), 3), (26, np.int64(100), np.int64(16), 3)): 12.0, ((26, np.int64(100), np.int64(16), 3), (26, np.int64(100), np.int64(21), 3)): 12.0, ((26, np.int64(100), np.int64(21), 3), (5, np.int64(77), np.int64(26), 2)): 12.0, ((5, np.int64(77), np.int64(26), 2), (26, np.int64(43), np.int64(31), 2)): 12.0, ((26, np.int64(100), np.int64(1), 3), (8, np.int64(35), np.int64(13), 1)): 44.0, ((8, np.int64(35), np.int64(13), 1), (8, np.int64(35), 35, 1)): 44.0, ((31, np.int64(6), np.int64(0), 0), (12, np.int64(4), np.int64(1), 0)): 38.0, ((12, np.int64(4), np.int64(1), 0), (31, np.int64(3), np.int64(2), 0)): 38.0, ((31, np.int64(3), np.int64(2), 0), (31, np.int64(3), 35, 0)): 38.0, ((31, np.int64(6), np.int64(0), 0), (15, np.int64(2), np.int64(1), 0)): 38.0, ((15, np.int64(2), np.int64(1), 0), (12, np.int64(0), np.int64(2), 0)): 38.0, ((12, np.int64(0), np.int64(2), 0), (12, np.int64(0), 35, 0)): 38.0, ((31, np.int64(8), np.int64(0), 0), (12, np.int64(6), np.int64(1), 0)): 38.0, ((12, np.int64(6), np.int64(1), 0), (31, np.int64(5), np.int64(2), 0)): 38.0, ((31, np.int64(5), np.int64(2), 0), (31, np.int64(5), 35, 0)): 38.0, ((31, np.int64(8), np.int64(0), 0), (15, np.int64(4), np.int64(1), 0)): 38.0, ((15, np.int64(4), np.int64(1), 0), (12, np.int64(2), np.int64(2), 0)): 38.0, ((12, np.int64(2), np.int64(2), 0), (31, np.int64(1), np.int64(3), 0)): 38.0, ((31, np.int64(1), np.int64(3), 0), (31, np.int64(1), 35, 0)): 38.0, ((31, np.int64(12), np.int64(0), 1), (12, np.int64(10), np.int64(1), 1)): 38.0, ((12, np.int64(10), np.int64(1), 1), (30, np.int64(3), np.int64(3), 0)): 38.0, ((30, np.int64(3), np.int64(3), 0), (30, np.int64(3), 35, 0)): 38.0, ((31, np.int64(15), np.int64(0), 1), (30, np.int64(5), np.int64(2), 0)): 38.0, ((30, np.int64(5), np.int64(2), 0), (30, np.int64(5), 35, 0)): 38.0, ((31, np.int64(15), np.int64(0), 1), (15, np.int64(11), np.int64(1), 1)): 38.0, ((15, np.int64(11), np.int64(1), 1), (30, np.int64(2), np.int64(3), 0)): 38.0, ((30, np.int64(2), np.int64(3), 0), (30, np.int64(2), 35, 0)): 38.0, ((31, np.int64(15), np.int64(0), 1), (12, np.int64(13), np.int64(1), 1)): 38.0, ((12, np.int64(13), np.int64(1), 1), (15, np.int64(11), np.int64(2), 1)): 38.0, ((15, np.int64(11), np.int64(2), 1), (30, np.int64(2), np.int64(4), 0)): 38.0, ((30, np.int64(2), np.int64(4), 0), (30, np.int64(2), 35, 0)): 38.0, ((31, np.int64(18), np.int64(0), 1), (30, np.int64(8), np.int64(2), 0)): 38.0, ((30, np.int64(8), np.int64(2), 0), (12, np.int64(1), np.int64(4), 0)): 38.0, ((12, np.int64(1), np.int64(4), 0), (31, np.int64(0), np.int64(5), 0)): 38.0, ((31, np.int64(0), np.int64(5), 0), (31, np.int64(0), 35, 0)): 38.0, ((31, np.int64(18), np.int64(0), 1), (15, np.int64(14), np.int64(1), 1)): 38.0, ((15, np.int64(14), np.int64(1), 1), (31, np.int64(12), np.int64(2), 1)): 38.0, ((31, np.int64(12), np.int64(2), 1), (31, np.int64(12), 35, 1)): 38.0, ((31, np.int64(18), np.int64(0), 1), (12, np.int64(16), np.int64(1), 1)): 38.0, ((12, np.int64(16), np.int64(1), 1), (31, np.int64(15), np.int64(2), 1)): 38.0, ((31, np.int64(15), np.int64(2), 1), (31, np.int64(15), 35, 1)): 76.0, ((31, np.int64(21), np.int64(0), 1), (15, np.int64(17), np.int64(1), 1)): 38.0, ((15, np.int64(17), np.int64(1), 1), (31, np.int64(15), np.int64(2), 1)): 38.0, ((31, np.int64(21), np.int64(0), 1), (12, np.int64(19), np.int64(1), 1)): 38.0, ((12, np.int64(19), np.int64(1), 1), (15, np.int64(17), np.int64(2), 1)): 38.0, ((15, np.int64(17), np.int64(2), 1), (31, np.int64(15), np.int64(3), 1)): 38.0, ((31, np.int64(15), np.int64(3), 1), (31, np.int64(15), 35, 1)): 38.0, ((31, np.int64(24), np.int64(0), 1), (30, np.int64(14), np.int64(2), 1)): 38.0, ((30, np.int64(14), np.int64(2), 1), (31, np.int64(7), np.int64(4), 0)): 38.0, ((31, np.int64(7), np.int64(4), 0), (31, np.int64(7), 35, 0)): 38.0, ((31, np.int64(24), np.int64(0), 1), (15, np.int64(20), np.int64(1), 1)): 38.0, ((15, np.int64(20), np.int64(1), 1), (31, np.int64(18), np.int64(2), 1)): 38.0, ((31, np.int64(18), np.int64(2), 1), (31, np.int64(18), 35, 1)): 38.0, ((31, np.int64(24), np.int64(0), 1), (12, np.int64(22), np.int64(1), 1)): 38.0, ((12, np.int64(22), np.int64(1), 1), (15, np.int64(20), np.int64(2), 1)): 38.0, ((15, np.int64(20), np.int64(2), 1), (31, np.int64(18), np.int64(3), 1)): 38.0, ((31, np.int64(18), np.int64(3), 1), (31, np.int64(18), 35, 1)): 38.0, ((31, np.int64(25), np.int64(0), 1), (30, np.int64(15), np.int64(2), 1)): 38.0, ((30, np.int64(15), np.int64(2), 1), (31, np.int64(8), np.int64(4), 0)): 38.0, ((31, np.int64(8), np.int64(4), 0), (31, np.int64(8), 35, 0)): 38.0, ((31, np.int64(25), np.int64(0), 1), (15, np.int64(21), np.int64(1), 1)): 38.0, ((15, np.int64(21), np.int64(1), 1), (31, np.int64(19), np.int64(2), 1)): 38.0, ((31, np.int64(19), np.int64(2), 1), (31, np.int64(19), 35, 1)): 38.0, ((31, np.int64(25), np.int64(0), 1), (12, np.int64(23), np.int64(1), 1)): 38.0, ((12, np.int64(23), np.int64(1), 1), (15, np.int64(21), np.int64(2), 1)): 38.0, ((15, np.int64(21), np.int64(2), 1), (31, np.int64(19), np.int64(3), 1)): 38.0, ((31, np.int64(19), np.int64(3), 1), (31, np.int64(19), 35, 1)): 38.0, ((31, np.int64(27), np.int64(0), 1), (30, np.int64(17), np.int64(2), 1)): 38.0, ((30, np.int64(17), np.int64(2), 1), (31, np.int64(10), np.int64(4), 1)): 38.0, ((31, np.int64(10), np.int64(4), 1), (31, np.int64(10), 35, 1)): 38.0, ((31, np.int64(27), np.int64(0), 1), (15, np.int64(23), np.int64(1), 1)): 38.0, ((15, np.int64(23), np.int64(1), 1), (31, np.int64(21), np.int64(2), 1)): 38.0, ((31, np.int64(21), np.int64(2), 1), (31, np.int64(21), 35, 1)): 38.0, ((31, np.int64(29), np.int64(0), 1), (30, np.int64(19), np.int64(2), 1)): 38.0, ((30, np.int64(19), np.int64(2), 1), (15, np.int64(10), np.int64(4), 1)): 38.0, ((15, np.int64(10), np.int64(4), 1), (31, np.int64(8), np.int64(5), 0)): 38.0, ((31, np.int64(8), np.int64(5), 0), (31, np.int64(8), 35, 0)): 38.0, ((31, np.int64(29), np.int64(0), 1), (15, np.int64(25), np.int64(1), 1)): 38.0, ((15, np.int64(25), np.int64(1), 1), (30, np.int64(16), np.int64(3), 1)): 38.0, ((30, np.int64(16), np.int64(3), 1), (31, np.int64(9), np.int64(5), 0)): 38.0, ((31, np.int64(9), np.int64(5), 0), (31, np.int64(9), 35, 0)): 38.0, ((31, np.int64(29), np.int64(0), 1), (12, np.int64(27), np.int64(1), 1)): 38.0, ((12, np.int64(27), np.int64(1), 1), (31, np.int64(26), np.int64(2), 1)): 38.0, ((31, np.int64(26), np.int64(2), 1), (31, np.int64(26), 35, 1)): 76.0, ((31, np.int64(30), np.int64(0), 1), (15, np.int64(26), np.int64(1), 1)): 38.0, ((15, np.int64(26), np.int64(1), 1), (30, np.int64(17), np.int64(3), 1)): 38.0, ((30, np.int64(17), np.int64(3), 1), (31, np.int64(10), np.int64(5), 1)): 38.0, ((31, np.int64(10), np.int64(5), 1), (31, np.int64(10), 35, 1)): 38.0, ((31, np.int64(30), np.int64(0), 1), (30, np.int64(20), np.int64(2), 1)): 38.0, ((30, np.int64(20), np.int64(2), 1), (31, np.int64(13), np.int64(4), 1)): 38.0, ((31, np.int64(13), np.int64(4), 1), (31, np.int64(13), 35, 1)): 38.0, ((31, np.int64(30), np.int64(0), 1), (12, np.int64(28), np.int64(1), 1)): 38.0, ((12, np.int64(28), np.int64(1), 1), (31, np.int64(27), np.int64(2), 1)): 38.0, ((31, np.int64(27), np.int64(2), 1), (31, np.int64(27), 35, 1)): 38.0, ((31, np.int64(31), np.int64(0), 1), (30, np.int64(21), np.int64(2), 1)): 38.0, ((30, np.int64(21), np.int64(2), 1), (31, np.int64(14), np.int64(4), 1)): 38.0, ((31, np.int64(14), np.int64(4), 1), (31, np.int64(14), 35, 1)): 38.0, ((31, np.int64(31), np.int64(0), 1), (15, np.int64(27), np.int64(1), 1)): 38.0, ((15, np.int64(27), np.int64(1), 1), (31, np.int64(25), np.int64(2), 1)): 38.0, ((31, np.int64(25), np.int64(2), 1), (31, np.int64(25), 35, 1)): 38.0, ((31, np.int64(31), np.int64(0), 1), (12, np.int64(29), np.int64(1), 1)): 38.0, ((12, np.int64(29), np.int64(1), 1), (31, np.int64(28), np.int64(2), 1)): 38.0, ((31, np.int64(28), np.int64(2), 1), (31, np.int64(28), 35, 1)): 38.0, ((31, np.int64(32), np.int64(0), 1), (30, np.int64(22), np.int64(2), 1)): 38.0, ((30, np.int64(22), np.int64(2), 1), (31, np.int64(15), np.int64(4), 1)): 38.0, ((31, np.int64(15), np.int64(4), 1), (31, np.int64(15), 35, 1)): 38.0, ((31, np.int64(32), np.int64(0), 1), (12, np.int64(30), np.int64(1), 1)): 38.0, ((12, np.int64(30), np.int64(1), 1), (30, np.int64(23), np.int64(3), 1)): 38.0, ((30, np.int64(23), np.int64(3), 1), (31, np.int64(16), np.int64(5), 1)): 76.0, ((31, np.int64(16), np.int64(5), 1), (31, np.int64(16), 35, 1)): 76.0, ((31, np.int64(32), np.int64(0), 1), (15, np.int64(28), np.int64(1), 1)): 38.0, ((15, np.int64(28), np.int64(1), 1), (31, np.int64(26), np.int64(2), 1)): 38.0, ((31, np.int64(32), np.int64(0), 1), (6, np.int64(13), np.int64(3), 1)): 38.0, ((6, np.int64(13), np.int64(3), 1), (31, np.int64(0), np.int64(6), 0)): 38.0, ((31, np.int64(0), np.int64(6), 0), (31, np.int64(0), 35, 0)): 38.0, ((31, np.int64(35), np.int64(0), 1), (6, np.int64(16), np.int64(3), 1)): 38.0, ((6, np.int64(16), np.int64(3), 1), (35, np.int64(13), np.int64(4), 1)): 38.0, ((35, np.int64(13), np.int64(4), 1), (35, np.int64(13), 35, 1)): 38.0, ((31, np.int64(35), np.int64(0), 1), (15, np.int64(31), np.int64(1), 1)): 38.0, ((15, np.int64(31), np.int64(1), 1), (30, np.int64(22), np.int64(3), 1)): 38.0, ((30, np.int64(22), np.int64(3), 1), (31, np.int64(15), np.int64(5), 1)): 38.0, ((31, np.int64(15), np.int64(5), 1), (31, np.int64(15), 35, 1)): 38.0, ((31, np.int64(35), np.int64(0), 1), (30, np.int64(25), np.int64(2), 1)): 38.0, ((30, np.int64(25), np.int64(2), 1), (31, np.int64(18), np.int64(4), 1)): 38.0, ((31, np.int64(18), np.int64(4), 1), (31, np.int64(18), 35, 1)): 38.0, ((31, np.int64(35), np.int64(0), 1), (12, np.int64(33), np.int64(1), 1)): 38.0, ((12, np.int64(33), np.int64(1), 1), (31, np.int64(32), np.int64(2), 1)): 38.0, ((31, np.int64(32), np.int64(2), 1), (31, np.int64(32), 35, 1)): 38.0, ((31, np.int64(36), np.int64(0), 1), (6, np.int64(17), np.int64(3), 1)): 38.0, ((6, np.int64(17), np.int64(3), 1), (35, np.int64(14), np.int64(4), 1)): 38.0, ((35, np.int64(14), np.int64(4), 1), (35, np.int64(14), 35, 1)): 38.0, ((31, np.int64(36), np.int64(0), 1), (30, np.int64(26), np.int64(2), 1)): 38.0, ((30, np.int64(26), np.int64(2), 1), (31, np.int64(19), np.int64(4), 1)): 38.0, ((31, np.int64(19), np.int64(4), 1), (31, np.int64(19), 35, 1)): 38.0, ((31, np.int64(36), np.int64(0), 1), (15, np.int64(32), np.int64(1), 1)): 38.0, ((15, np.int64(32), np.int64(1), 1), (30, np.int64(23), np.int64(3), 1)): 38.0, ((31, np.int64(36), np.int64(0), 1), (12, np.int64(34), np.int64(1), 1)): 38.0, ((12, np.int64(34), np.int64(1), 1), (31, np.int64(33), np.int64(2), 1)): 38.0, ((31, np.int64(33), np.int64(2), 1), (31, np.int64(33), 35, 1)): 38.0, ((31, np.int64(38), np.int64(0), 1), (6, np.int64(19), np.int64(3), 1)): 38.0, ((6, np.int64(19), np.int64(3), 1), (35, np.int64(16), np.int64(4), 1)): 38.0, ((35, np.int64(16), np.int64(4), 1), (35, np.int64(16), 35, 1)): 38.0, ((31, np.int64(38), np.int64(0), 1), (30, np.int64(28), np.int64(2), 1)): 38.0, ((30, np.int64(28), np.int64(2), 1), (12, np.int64(21), np.int64(4), 1)): 38.0, ((12, np.int64(21), np.int64(4), 1), (31, np.int64(20), np.int64(5), 1)): 38.0, ((31, np.int64(20), np.int64(5), 1), (31, np.int64(20), 35, 1)): 38.0, ((31, np.int64(38), np.int64(0), 1), (12, np.int64(36), np.int64(1), 1)): 38.0, ((12, np.int64(36), np.int64(1), 1), (30, np.int64(29), np.int64(3), 1)): 38.0, ((30, np.int64(29), np.int64(3), 1), (15, np.int64(20), np.int64(5), 1)): 38.0, ((15, np.int64(20), np.int64(5), 1), (31, np.int64(18), np.int64(6), 1)): 38.0, ((31, np.int64(18), np.int64(6), 1), (31, np.int64(18), 35, 1)): 38.0, ((31, np.int64(38), np.int64(0), 1), (15, np.int64(34), np.int64(1), 1)): 38.0, ((15, np.int64(34), np.int64(1), 1), (12, np.int64(32), np.int64(2), 1)): 38.0, ((12, np.int64(32), np.int64(2), 1), (31, np.int64(31), np.int64(3), 1)): 38.0, ((31, np.int64(31), np.int64(3), 1), (31, np.int64(31), 35, 1)): 38.0, ((31, np.int64(39), np.int64(0), 1), (6, np.int64(20), np.int64(3), 1)): 38.0, ((6, np.int64(20), np.int64(3), 1), (35, np.int64(17), np.int64(4), 1)): 38.0, ((35, np.int64(17), np.int64(4), 1), (31, np.int64(0), np.int64(7), 0)): 38.0, ((31, np.int64(0), np.int64(7), 0), (31, np.int64(0), 35, 0)): 38.0, ((31, np.int64(39), np.int64(0), 1), (30, np.int64(29), np.int64(2), 1)): 38.0, ((30, np.int64(29), np.int64(2), 1), (15, np.int64(20), np.int64(4), 1)): 38.0, ((15, np.int64(20), np.int64(4), 1), (31, np.int64(18), np.int64(5), 1)): 38.0, ((31, np.int64(18), np.int64(5), 1), (31, np.int64(18), 35, 1)): 38.0, ((31, np.int64(39), np.int64(0), 1), (12, np.int64(37), np.int64(1), 1)): 38.0, ((12, np.int64(37), np.int64(1), 1), (30, np.int64(30), np.int64(3), 1)): 38.0, ((30, np.int64(30), np.int64(3), 1), (15, np.int64(21), np.int64(5), 1)): 38.0, ((15, np.int64(21), np.int64(5), 1), (31, np.int64(19), np.int64(6), 1)): 38.0, ((31, np.int64(19), np.int64(6), 1), (31, np.int64(19), 35, 1)): 38.0, ((31, np.int64(39), np.int64(0), 1), (15, np.int64(35), np.int64(1), 1)): 38.0, ((15, np.int64(35), np.int64(1), 1), (12, np.int64(33), np.int64(2), 1)): 38.0, ((12, np.int64(33), np.int64(2), 1), (31, np.int64(32), np.int64(3), 1)): 38.0, ((31, np.int64(32), np.int64(3), 1), (31, np.int64(32), 35, 1)): 38.0, ((31, np.int64(40), np.int64(0), 2), (6, np.int64(21), np.int64(3), 1)): 38.0, ((6, np.int64(21), np.int64(3), 1), (31, np.int64(8), np.int64(6), 0)): 38.0, ((31, np.int64(8), np.int64(6), 0), (31, np.int64(8), 35, 0)): 76.0, ((31, np.int64(40), np.int64(0), 2), (30, np.int64(30), np.int64(2), 1)): 38.0, ((30, np.int64(30), np.int64(2), 1), (15, np.int64(21), np.int64(4), 1)): 38.0, ((15, np.int64(21), np.int64(4), 1), (31, np.int64(19), np.int64(5), 1)): 38.0, ((31, np.int64(19), np.int64(5), 1), (31, np.int64(19), 35, 1)): 38.0, ((31, np.int64(40), np.int64(0), 2), (15, np.int64(36), np.int64(1), 1)): 38.0, ((15, np.int64(36), np.int64(1), 1), (12, np.int64(34), np.int64(2), 1)): 38.0, ((12, np.int64(34), np.int64(2), 1), (31, np.int64(33), np.int64(3), 1)): 38.0, ((31, np.int64(33), np.int64(3), 1), (31, np.int64(33), 35, 1)): 38.0, ((31, np.int64(40), np.int64(0), 2), (12, np.int64(38), np.int64(1), 1)): 38.0, ((12, np.int64(38), np.int64(1), 1), (31, np.int64(37), np.int64(2), 1)): 38.0, ((31, np.int64(37), np.int64(2), 1), (31, np.int64(37), 35, 1)): 38.0, ((31, np.int64(41), np.int64(0), 2), (35, np.int64(16), np.int64(3), 1)): 38.0, ((35, np.int64(16), np.int64(3), 1), (35, np.int64(16), 35, 1)): 38.0, ((31, np.int64(41), np.int64(0), 2), (6, np.int64(22), np.int64(3), 1)): 38.0, ((6, np.int64(22), np.int64(3), 1), (31, np.int64(9), np.int64(6), 0)): 38.0, ((31, np.int64(9), np.int64(6), 0), (31, np.int64(9), 35, 0)): 76.0, ((31, np.int64(41), np.int64(0), 2), (15, np.int64(37), np.int64(1), 1)): 38.0, ((15, np.int64(37), np.int64(1), 1), (30, np.int64(28), np.int64(3), 1)): 38.0, ((30, np.int64(28), np.int64(3), 1), (12, np.int64(21), np.int64(5), 1)): 38.0, ((12, np.int64(21), np.int64(5), 1), (31, np.int64(20), np.int64(6), 1)): 38.0, ((31, np.int64(20), np.int64(6), 1), (31, np.int64(20), 35, 1)): 38.0, ((31, np.int64(41), np.int64(0), 2), (30, np.int64(31), np.int64(2), 1)): 38.0, ((30, np.int64(31), np.int64(2), 1), (31, np.int64(24), np.int64(4), 1)): 38.0, ((31, np.int64(24), np.int64(4), 1), (31, np.int64(24), 35, 1)): 38.0, ((31, np.int64(41), np.int64(0), 2), (12, np.int64(39), np.int64(1), 1)): 38.0, ((12, np.int64(39), np.int64(1), 1), (31, np.int64(38), np.int64(2), 1)): 38.0, ((31, np.int64(38), np.int64(2), 1), (31, np.int64(38), 35, 1)): 76.0, ((31, np.int64(44), np.int64(0), 2), (35, np.int64(19), np.int64(3), 1)): 38.0, ((35, np.int64(19), np.int64(3), 1), (31, np.int64(2), np.int64(6), 0)): 38.0, ((31, np.int64(2), np.int64(6), 0), (31, np.int64(2), 35, 0)): 38.0, ((31, np.int64(44), np.int64(0), 2), (6, np.int64(25), np.int64(3), 1)): 38.0, ((6, np.int64(25), np.int64(3), 1), (31, np.int64(12), np.int64(6), 1)): 38.0, ((31, np.int64(12), np.int64(6), 1), (31, np.int64(12), 35, 1)): 38.0, ((31, np.int64(44), np.int64(0), 2), (30, np.int64(34), np.int64(2), 1)): 38.0, ((30, np.int64(34), np.int64(2), 1), (31, np.int64(27), np.int64(4), 1)): 38.0, ((31, np.int64(27), np.int64(4), 1), (31, np.int64(27), 35, 1)): 38.0, ((31, np.int64(44), np.int64(0), 2), (15, np.int64(40), np.int64(1), 2)): 38.0, ((15, np.int64(40), np.int64(1), 2), (31, np.int64(38), np.int64(2), 1)): 38.0, ((31, np.int64(44), np.int64(0), 2), (12, np.int64(42), np.int64(1), 2)): 38.0, ((12, np.int64(42), np.int64(1), 2), (15, np.int64(40), np.int64(2), 2)): 38.0, ((15, np.int64(40), np.int64(2), 2), (31, np.int64(38), np.int64(3), 1)): 38.0, ((31, np.int64(38), np.int64(3), 1), (31, np.int64(38), 35, 1)): 38.0, ((31, np.int64(45), np.int64(0), 2), (35, np.int64(20), np.int64(3), 1)): 38.0, ((35, np.int64(20), np.int64(3), 1), (31, np.int64(3), np.int64(6), 0)): 38.0, ((31, np.int64(3), np.int64(6), 0), (31, np.int64(3), 35, 0)): 38.0, ((31, np.int64(45), np.int64(0), 2), (6, np.int64(26), np.int64(3), 1)): 38.0, ((6, np.int64(26), np.int64(3), 1), (31, np.int64(13), np.int64(6), 1)): 38.0, ((31, np.int64(13), np.int64(6), 1), (31, np.int64(13), 35, 1)): 76.0, ((31, np.int64(45), np.int64(0), 2), (30, np.int64(35), np.int64(2), 1)): 38.0, ((30, np.int64(35), np.int64(2), 1), (12, np.int64(28), np.int64(4), 1)): 38.0, ((12, np.int64(28), np.int64(4), 1), (31, np.int64(27), np.int64(5), 1)): 38.0, ((31, np.int64(27), np.int64(5), 1), (31, np.int64(27), 35, 1)): 38.0, ((31, np.int64(45), np.int64(0), 2), (12, np.int64(43), np.int64(1), 2)): 38.0, ((12, np.int64(43), np.int64(1), 2), (15, np.int64(41), np.int64(2), 2)): 38.0, ((15, np.int64(41), np.int64(2), 2), (31, np.int64(39), np.int64(3), 1)): 38.0, ((31, np.int64(39), np.int64(3), 1), (31, np.int64(39), 35, 1)): 38.0, ((31, np.int64(47), np.int64(0), 2), (3, np.int64(19), np.int64(4), 1)): 38.0, ((3, np.int64(19), np.int64(4), 1), (31, np.int64(0), np.int64(8), 0)): 38.0, ((31, np.int64(0), np.int64(8), 0), (31, np.int64(0), 35, 0)): 38.0, ((31, np.int64(47), np.int64(0), 2), (35, np.int64(22), np.int64(3), 1)): 38.0, ((35, np.int64(22), np.int64(3), 1), (31, np.int64(5), np.int64(6), 0)): 38.0, ((31, np.int64(5), np.int64(6), 0), (31, np.int64(5), 35, 0)): 38.0, ((31, np.int64(47), np.int64(0), 2), (12, np.int64(45), np.int64(1), 2)): 38.0, ((12, np.int64(45), np.int64(1), 2), (3, np.int64(25), np.int64(5), 1)): 38.0, ((3, np.int64(25), np.int64(5), 1), (31, np.int64(6), np.int64(9), 0)): 38.0, ((31, np.int64(6), np.int64(9), 0), (31, np.int64(6), 35, 0)): 38.0, ((31, np.int64(47), np.int64(0), 2), (6, np.int64(28), np.int64(3), 1)): 38.0, ((6, np.int64(28), np.int64(3), 1), (12, np.int64(14), np.int64(6), 1)): 38.0, ((12, np.int64(14), np.int64(6), 1), (31, np.int64(13), np.int64(7), 1)): 38.0, ((31, np.int64(13), np.int64(7), 1), (31, np.int64(13), 35, 1)): 38.0, ((31, np.int64(47), np.int64(0), 2), (30, np.int64(37), np.int64(2), 1)): 38.0, ((30, np.int64(37), np.int64(2), 1), (12, np.int64(30), np.int64(4), 1)): 38.0, ((12, np.int64(30), np.int64(4), 1), (31, np.int64(29), np.int64(5), 1)): 38.0, ((31, np.int64(29), np.int64(5), 1), (31, np.int64(29), 35, 1)): 38.0, ((31, np.int64(47), np.int64(0), 2), (15, np.int64(43), np.int64(1), 2)): 38.0, ((15, np.int64(43), np.int64(1), 2), (31, np.int64(41), np.int64(2), 2)): 38.0, ((31, np.int64(41), np.int64(2), 2), (31, np.int64(41), 35, 2)): 38.0, ((31, np.int64(49), np.int64(0), 2), (3, np.int64(21), np.int64(4), 1)): 38.0, ((3, np.int64(21), np.int64(4), 1), (31, np.int64(2), np.int64(8), 0)): 38.0, ((31, np.int64(2), np.int64(8), 0), (31, np.int64(2), 35, 0)): 38.0, ((31, np.int64(49), np.int64(0), 2), (35, np.int64(24), np.int64(3), 1)): 38.0, ((35, np.int64(24), np.int64(3), 1), (31, np.int64(7), np.int64(6), 0)): 38.0, ((31, np.int64(7), np.int64(6), 0), (31, np.int64(7), 35, 0)): 38.0, ((31, np.int64(49), np.int64(0), 2), (15, np.int64(45), np.int64(1), 2)): 38.0, ((15, np.int64(45), np.int64(1), 2), (35, np.int64(27), np.int64(5), 1)): 38.0, ((35, np.int64(27), np.int64(5), 1), (31, np.int64(10), np.int64(8), 1)): 38.0, ((31, np.int64(10), np.int64(8), 1), (31, np.int64(10), 35, 1)): 38.0, ((31, np.int64(49), np.int64(0), 2), (6, np.int64(30), np.int64(3), 1)): 38.0, ((6, np.int64(30), np.int64(3), 1), (15, np.int64(16), np.int64(6), 1)): 38.0, ((15, np.int64(16), np.int64(6), 1), (31, np.int64(14), np.int64(7), 1)): 38.0, ((31, np.int64(14), np.int64(7), 1), (31, np.int64(14), 35, 1)): 38.0, ((31, np.int64(49), np.int64(0), 2), (30, np.int64(39), np.int64(2), 1)): 38.0, ((30, np.int64(39), np.int64(2), 1), (12, np.int64(32), np.int64(4), 1)): 38.0, ((12, np.int64(32), np.int64(4), 1), (31, np.int64(31), np.int64(5), 1)): 38.0, ((31, np.int64(31), np.int64(5), 1), (31, np.int64(31), 35, 1)): 38.0, ((31, np.int64(49), np.int64(0), 2), (12, np.int64(47), np.int64(1), 2)): 38.0, ((12, np.int64(47), np.int64(1), 2), (31, np.int64(46), np.int64(2), 2)): 38.0, ((31, np.int64(46), np.int64(2), 2), (31, np.int64(46), 35, 2)): 38.0, ((31, np.int64(50), np.int64(0), 2), (3, np.int64(22), np.int64(4), 1)): 38.0, ((3, np.int64(22), np.int64(4), 1), (31, np.int64(3), np.int64(8), 0)): 38.0, ((31, np.int64(3), np.int64(8), 0), (31, np.int64(3), 35, 0)): 38.0, ((31, np.int64(50), np.int64(0), 2), (35, np.int64(25), np.int64(3), 1)): 38.0, ((35, np.int64(25), np.int64(3), 1), (31, np.int64(8), np.int64(6), 0)): 38.0, ((31, np.int64(50), np.int64(0), 2), (15, np.int64(46), np.int64(1), 2)): 38.0, ((15, np.int64(46), np.int64(1), 2), (35, np.int64(28), np.int64(5), 1)): 38.0, ((35, np.int64(28), np.int64(5), 1), (31, np.int64(11), np.int64(8), 1)): 38.0, ((31, np.int64(11), np.int64(8), 1), (31, np.int64(11), 35, 1)): 38.0, ((31, np.int64(50), np.int64(0), 2), (6, np.int64(31), np.int64(3), 1)): 38.0, ((6, np.int64(31), np.int64(3), 1), (15, np.int64(17), np.int64(6), 1)): 38.0, ((15, np.int64(17), np.int64(6), 1), (31, np.int64(15), np.int64(7), 1)): 38.0, ((31, np.int64(15), np.int64(7), 1), (31, np.int64(15), 35, 1)): 38.0, ((31, np.int64(50), np.int64(0), 2), (30, np.int64(40), np.int64(2), 2)): 38.0, ((30, np.int64(40), np.int64(2), 2), (31, np.int64(33), np.int64(4), 1)): 38.0, ((31, np.int64(33), np.int64(4), 1), (31, np.int64(33), 35, 1)): 38.0, ((31, np.int64(50), np.int64(0), 2), (12, np.int64(48), np.int64(1), 2)): 38.0, ((12, np.int64(48), np.int64(1), 2), (31, np.int64(47), np.int64(2), 2)): 38.0, ((31, np.int64(47), np.int64(2), 2), (31, np.int64(47), 35, 2)): 38.0, ((31, np.int64(51), np.int64(0), 2), (3, np.int64(23), np.int64(4), 1)): 38.0, ((3, np.int64(23), np.int64(4), 1), (31, np.int64(4), np.int64(8), 0)): 38.0, ((31, np.int64(4), np.int64(8), 0), (31, np.int64(4), 35, 0)): 38.0, ((31, np.int64(51), np.int64(0), 2), (35, np.int64(26), np.int64(3), 1)): 38.0, ((35, np.int64(26), np.int64(3), 1), (31, np.int64(9), np.int64(6), 0)): 38.0, ((31, np.int64(51), np.int64(0), 2), (30, np.int64(41), np.int64(2), 2)): 38.0, ((30, np.int64(41), np.int64(2), 2), (6, np.int64(23), np.int64(6), 1)): 38.0, ((6, np.int64(23), np.int64(6), 1), (31, np.int64(10), np.int64(9), 1)): 38.0, ((31, np.int64(10), np.int64(9), 1), (31, np.int64(10), 35, 1)): 38.0, ((31, np.int64(51), np.int64(0), 2), (6, np.int64(32), np.int64(3), 1)): 38.0, ((6, np.int64(32), np.int64(3), 1), (12, np.int64(18), np.int64(6), 1)): 38.0, ((12, np.int64(18), np.int64(6), 1), (31, np.int64(17), np.int64(7), 1)): 38.0, ((31, np.int64(17), np.int64(7), 1), (31, np.int64(17), 35, 1)): 38.0, ((31, np.int64(51), np.int64(0), 2), (15, np.int64(47), np.int64(1), 2)): 38.0, ((15, np.int64(47), np.int64(1), 2), (12, np.int64(45), np.int64(2), 2)): 38.0, ((12, np.int64(45), np.int64(2), 2), (31, np.int64(44), np.int64(3), 2)): 38.0, ((31, np.int64(44), np.int64(3), 2), (31, np.int64(44), 35, 2)): 38.0, ((31, np.int64(51), np.int64(0), 2), (12, np.int64(49), np.int64(1), 2)): 38.0, ((12, np.int64(49), np.int64(1), 2), (31, np.int64(48), np.int64(2), 2)): 38.0, ((31, np.int64(48), np.int64(2), 2), (31, np.int64(48), 35, 2)): 38.0, ((31, np.int64(52), np.int64(0), 2), (3, np.int64(24), np.int64(4), 1)): 38.0, ((3, np.int64(24), np.int64(4), 1), (31, np.int64(5), np.int64(8), 0)): 38.0, ((31, np.int64(5), np.int64(8), 0), (31, np.int64(5), 35, 0)): 38.0, ((31, np.int64(52), np.int64(0), 2), (35, np.int64(27), np.int64(3), 1)): 38.0, ((35, np.int64(27), np.int64(3), 1), (31, np.int64(10), np.int64(6), 1)): 38.0, ((31, np.int64(10), np.int64(6), 1), (31, np.int64(10), 35, 1)): 38.0, ((31, np.int64(52), np.int64(0), 2), (12, np.int64(50), np.int64(1), 2)): 38.0, ((12, np.int64(50), np.int64(1), 2), (3, np.int64(30), np.int64(5), 1)): 38.0, ((3, np.int64(30), np.int64(5), 1), (31, np.int64(11), np.int64(9), 1)): 38.0, ((31, np.int64(11), np.int64(9), 1), (31, np.int64(11), 35, 1)): 38.0, ((31, np.int64(52), np.int64(0), 2), (6, np.int64(33), np.int64(3), 1)): 38.0, ((6, np.int64(33), np.int64(3), 1), (12, np.int64(19), np.int64(6), 1)): 38.0, ((12, np.int64(19), np.int64(6), 1), (31, np.int64(18), np.int64(7), 1)): 38.0, ((31, np.int64(18), np.int64(7), 1), (31, np.int64(18), 35, 1)): 38.0, ((31, np.int64(52), np.int64(0), 2), (30, np.int64(42), np.int64(2), 2)): 38.0, ((30, np.int64(42), np.int64(2), 2), (12, np.int64(35), np.int64(4), 1)): 38.0, ((12, np.int64(35), np.int64(4), 1), (31, np.int64(34), np.int64(5), 1)): 38.0, ((31, np.int64(34), np.int64(5), 1), (31, np.int64(34), 35, 1)): 38.0, ((31, np.int64(52), np.int64(0), 2), (15, np.int64(48), np.int64(1), 2)): 38.0, ((15, np.int64(48), np.int64(1), 2), (12, np.int64(46), np.int64(2), 2)): 38.0, ((12, np.int64(46), np.int64(2), 2), (31, np.int64(45), np.int64(3), 2)): 38.0, ((31, np.int64(45), np.int64(3), 2), (31, np.int64(45), 35, 2)): 38.0, ((31, np.int64(55), np.int64(0), 2), (3, np.int64(27), np.int64(4), 1)): 38.0, ((3, np.int64(27), np.int64(4), 1), (31, np.int64(8), np.int64(8), 0)): 38.0, ((31, np.int64(8), np.int64(8), 0), (31, np.int64(8), 35, 0)): 38.0, ((31, np.int64(55), np.int64(0), 2), (35, np.int64(30), np.int64(3), 1)): 38.0, ((35, np.int64(30), np.int64(3), 1), (31, np.int64(13), np.int64(6), 1)): 38.0, ((31, np.int64(55), np.int64(0), 2), (12, np.int64(53), np.int64(1), 2)): 38.0, ((12, np.int64(53), np.int64(1), 2), (3, np.int64(33), np.int64(5), 1)): 38.0, ((3, np.int64(33), np.int64(5), 1), (31, np.int64(14), np.int64(9), 1)): 38.0, ((31, np.int64(14), np.int64(9), 1), (31, np.int64(14), 35, 1)): 76.0, ((31, np.int64(55), np.int64(0), 2), (6, np.int64(36), np.int64(3), 1)): 38.0, ((6, np.int64(36), np.int64(3), 1), (35, np.int64(33), np.int64(4), 1)): 38.0, ((35, np.int64(33), np.int64(4), 1), (12, np.int64(15), np.int64(8), 1)): 38.0, ((12, np.int64(15), np.int64(8), 1), (15, np.int64(13), np.int64(9), 1)): 38.0, ((15, np.int64(13), np.int64(9), 1), (31, np.int64(11), np.int64(10), 1)): 38.0, ((31, np.int64(11), np.int64(10), 1), (31, np.int64(11), 35, 1)): 38.0, ((31, np.int64(55), np.int64(0), 2), (30, np.int64(45), np.int64(2), 2)): 38.0, ((30, np.int64(45), np.int64(2), 2), (31, np.int64(38), np.int64(4), 1)): 38.0, ((31, np.int64(38), np.int64(4), 1), (31, np.int64(38), 35, 1)): 38.0, ((31, np.int64(59), np.int64(0), 2), (3, np.int64(31), np.int64(4), 1)): 38.0, ((3, np.int64(31), np.int64(4), 1), (31, np.int64(12), np.int64(8), 1)): 38.0, ((31, np.int64(12), np.int64(8), 1), (31, np.int64(12), 35, 1)): 38.0, ((31, np.int64(59), np.int64(0), 2), (35, np.int64(34), np.int64(3), 1)): 38.0, ((35, np.int64(34), np.int64(3), 1), (15, np.int64(16), np.int64(7), 1)): 38.0, ((15, np.int64(16), np.int64(7), 1), (31, np.int64(14), np.int64(8), 1)): 38.0, ((31, np.int64(14), np.int64(8), 1), (31, np.int64(14), 35, 1)): 76.0, ((31, np.int64(59), np.int64(0), 2), (30, np.int64(49), np.int64(2), 2)): 38.0, ((30, np.int64(49), np.int64(2), 2), (6, np.int64(31), np.int64(6), 1)): 38.0, ((6, np.int64(31), np.int64(6), 1), (12, np.int64(17), np.int64(9), 1)): 38.0, ((12, np.int64(17), np.int64(9), 1), (31, np.int64(16), np.int64(10), 1)): 38.0, ((31, np.int64(16), np.int64(10), 1), (31, np.int64(16), 35, 1)): 38.0, ((31, np.int64(59), np.int64(0), 2), (6, np.int64(40), np.int64(3), 2)): 38.0, ((6, np.int64(40), np.int64(3), 2), (35, np.int64(37), np.int64(4), 1)): 38.0, ((35, np.int64(37), np.int64(4), 1), (12, np.int64(19), np.int64(8), 1)): 38.0, ((12, np.int64(19), np.int64(8), 1), (15, np.int64(17), np.int64(9), 1)): 38.0, ((15, np.int64(17), np.int64(9), 1), (31, np.int64(15), np.int64(10), 1)): 38.0, ((31, np.int64(15), np.int64(10), 1), (31, np.int64(15), 35, 1)): 38.0, ((31, np.int64(59), np.int64(0), 2), (12, np.int64(57), np.int64(1), 2)): 38.0, ((12, np.int64(57), np.int64(1), 2), (31, np.int64(56), np.int64(2), 2)): 38.0, ((31, np.int64(56), np.int64(2), 2), (31, np.int64(56), 35, 2)): 38.0, ((31, np.int64(59), np.int64(0), 2), (15, np.int64(55), np.int64(1), 2)): 38.0, ((15, np.int64(55), np.int64(1), 2), (12, np.int64(53), np.int64(2), 2)): 38.0, ((12, np.int64(53), np.int64(2), 2), (31, np.int64(52), np.int64(3), 2)): 38.0, ((31, np.int64(52), np.int64(3), 2), (31, np.int64(52), 35, 2)): 38.0, ((31, np.int64(61), np.int64(0), 2), (3, np.int64(33), np.int64(4), 1)): 38.0, ((3, np.int64(33), np.int64(4), 1), (31, np.int64(14), np.int64(8), 1)): 38.0, ((31, np.int64(61), np.int64(0), 2), (30, np.int64(51), np.int64(2), 2)): 38.0, ((30, np.int64(51), np.int64(2), 2), (6, np.int64(33), np.int64(6), 1)): 38.0, ((6, np.int64(33), np.int64(6), 1), (12, np.int64(19), np.int64(9), 1)): 38.0, ((12, np.int64(19), np.int64(9), 1), (31, np.int64(18), np.int64(10), 1)): 38.0, ((31, np.int64(18), np.int64(10), 1), (31, np.int64(18), 35, 1)): 38.0, ((31, np.int64(61), np.int64(0), 2), (35, np.int64(36), np.int64(3), 1)): 38.0, ((35, np.int64(36), np.int64(3), 1), (12, np.int64(18), np.int64(7), 1)): 38.0, ((12, np.int64(18), np.int64(7), 1), (15, np.int64(16), np.int64(8), 1)): 38.0, ((15, np.int64(16), np.int64(8), 1), (31, np.int64(14), np.int64(9), 1)): 38.0, ((31, np.int64(61), np.int64(0), 2), (6, np.int64(42), np.int64(3), 2)): 38.0, ((6, np.int64(42), np.int64(3), 2), (35, np.int64(39), np.int64(4), 1)): 38.0, ((35, np.int64(39), np.int64(4), 1), (31, np.int64(22), np.int64(7), 1)): 38.0, ((31, np.int64(22), np.int64(7), 1), (31, np.int64(22), 35, 1)): 38.0, ((31, np.int64(61), np.int64(0), 2), (15, np.int64(57), np.int64(1), 2)): 38.0, ((15, np.int64(57), np.int64(1), 2), (12, np.int64(55), np.int64(2), 2)): 38.0, ((12, np.int64(55), np.int64(2), 2), (31, np.int64(54), np.int64(3), 2)): 38.0, ((31, np.int64(54), np.int64(3), 2), (31, np.int64(54), 35, 2)): 38.0, ((31, np.int64(70), np.int64(0), 2), (3, np.int64(42), np.int64(4), 2)): 38.0, ((3, np.int64(42), np.int64(4), 2), (15, np.int64(20), np.int64(8), 1)): 38.0, ((15, np.int64(20), np.int64(8), 1), (31, np.int64(18), np.int64(9), 1)): 38.0, ((31, np.int64(18), np.int64(9), 1), (31, np.int64(18), 35, 1)): 38.0, ((31, np.int64(70), np.int64(0), 2), (35, np.int64(45), np.int64(3), 2)): 38.0, ((35, np.int64(45), np.int64(3), 2), (31, np.int64(28), np.int64(6), 1)): 38.0, ((31, np.int64(28), np.int64(6), 1), (31, np.int64(28), 35, 1)): 38.0, ((31, np.int64(70), np.int64(0), 2), (30, np.int64(60), np.int64(2), 2)): 38.0, ((30, np.int64(60), np.int64(2), 2), (6, np.int64(42), np.int64(6), 2)): 38.0, ((6, np.int64(42), np.int64(6), 2), (35, np.int64(39), np.int64(7), 1)): 38.0, ((35, np.int64(39), np.int64(7), 1), (31, np.int64(22), np.int64(10), 1)): 38.0, ((31, np.int64(22), np.int64(10), 1), (31, np.int64(22), 35, 1)): 38.0, ((31, np.int64(70), np.int64(0), 2), (6, np.int64(51), np.int64(3), 2)): 38.0, ((6, np.int64(51), np.int64(3), 2), (12, np.int64(37), np.int64(6), 1)): 38.0, ((12, np.int64(37), np.int64(6), 1), (31, np.int64(36), np.int64(7), 1)): 38.0, ((31, np.int64(36), np.int64(7), 1), (31, np.int64(36), 35, 1)): 38.0, ((31, np.int64(70), np.int64(0), 2), (15, np.int64(66), np.int64(1), 2)): 38.0, ((15, np.int64(66), np.int64(1), 2), (30, np.int64(57), np.int64(3), 2)): 38.0, ((30, np.int64(57), np.int64(3), 2), (15, np.int64(48), np.int64(5), 2)): 38.0, ((15, np.int64(48), np.int64(5), 2), (12, np.int64(46), np.int64(6), 2)): 38.0, ((12, np.int64(46), np.int64(6), 2), (31, np.int64(45), np.int64(7), 2)): 38.0, ((31, np.int64(45), np.int64(7), 2), (31, np.int64(45), 35, 2)): 38.0, ((31, np.int64(70), np.int64(0), 2), (31, np.int64(70), np.int64(1), 2)): 62086.0, ((31, np.int64(70), np.int64(1), 2), (31, np.int64(70), np.int64(6), 2)): 62086.0, ((31, np.int64(70), np.int64(6), 2), (31, np.int64(70), np.int64(11), 2)): 62086.0, ((31, np.int64(70), np.int64(11), 2), (12, np.int64(69), np.int64(12), 2)): 62086.0, ((12, np.int64(69), np.int64(12), 2), (32, np.int64(27), np.int64(17), 1)): 54682.0, ((32, np.int64(27), np.int64(17), 1), (32, np.int64(27), 35, 1)): 54682.0, ((12, np.int64(69), np.int64(12), 2), (12, np.int64(69), np.int64(17), 2)): 7404.0, ((12, np.int64(69), np.int64(17), 2), (32, np.int64(27), np.int64(22), 1)): 5157.0, ((32, np.int64(27), np.int64(22), 1), (32, np.int64(27), 35, 1)): 5157.0, ((12, np.int64(69), np.int64(17), 2), (31, np.int64(68), np.int64(18), 2)): 2247.0, ((31, np.int64(68), np.int64(18), 2), (31, np.int64(68), np.int64(23), 2)): 2247.0, ((31, np.int64(68), np.int64(23), 2), (12, np.int64(67), np.int64(24), 2)): 2247.0, ((12, np.int64(67), np.int64(24), 2), (32, np.int64(25), np.int64(29), 1)): 2247.0, ((32, np.int64(25), np.int64(29), 1), (32, np.int64(25), 35, 1)): 2247.0, ((31, np.int64(70), np.int64(0), 2), (12, np.int64(68), np.int64(1), 2)): 38.0, ((12, np.int64(68), np.int64(1), 2), (15, np.int64(66), np.int64(2), 2)): 38.0, ((15, np.int64(66), np.int64(2), 2), (31, np.int64(64), np.int64(3), 2)): 38.0, ((31, np.int64(64), np.int64(3), 2), (31, np.int64(64), np.int64(8), 2)): 38.0, ((31, np.int64(64), np.int64(8), 2), (31, np.int64(64), np.int64(13), 2)): 38.0, ((31, np.int64(64), np.int64(13), 2), (12, np.int64(63), np.int64(14), 2)): 38.0, ((12, np.int64(63), np.int64(14), 2), (12, np.int64(63), np.int64(19), 2)): 38.0, ((12, np.int64(63), np.int64(19), 2), (31, np.int64(62), np.int64(20), 2)): 38.0, ((31, np.int64(62), np.int64(20), 2), (31, np.int64(62), np.int64(25), 2)): 38.0, ((31, np.int64(62), np.int64(25), 2), (12, np.int64(61), np.int64(26), 2)): 38.0, ((12, np.int64(61), np.int64(26), 2), (32, np.int64(19), np.int64(31), 1)): 38.0, ((32, np.int64(19), np.int64(31), 1), (32, np.int64(19), 35, 1)): 38.0, ((31, np.int64(72), np.int64(0), 2), (3, np.int64(44), np.int64(4), 2)): 38.0, ((3, np.int64(44), np.int64(4), 2), (6, np.int64(23), np.int64(8), 1)): 38.0, ((6, np.int64(23), np.int64(8), 1), (31, np.int64(10), np.int64(11), 1)): 38.0, ((31, np.int64(10), np.int64(11), 1), (31, np.int64(10), 35, 1)): 38.0, ((31, np.int64(72), np.int64(0), 2), (30, np.int64(62), np.int64(2), 2)): 38.0, ((30, np.int64(62), np.int64(2), 2), (6, np.int64(44), np.int64(6), 2)): 38.0, ((6, np.int64(44), np.int64(6), 2), (35, np.int64(41), np.int64(7), 2)): 38.0, ((35, np.int64(41), np.int64(7), 2), (31, np.int64(24), np.int64(10), 1)): 38.0, ((31, np.int64(24), np.int64(10), 1), (31, np.int64(24), 35, 1)): 38.0, ((31, np.int64(72), np.int64(0), 2), (35, np.int64(47), np.int64(3), 2)): 38.0, ((35, np.int64(47), np.int64(3), 2), (15, np.int64(29), np.int64(7), 1)): 38.0, ((15, np.int64(29), np.int64(7), 1), (12, np.int64(27), np.int64(8), 1)): 38.0, ((12, np.int64(27), np.int64(8), 1), (31, np.int64(26), np.int64(9), 1)): 38.0, ((31, np.int64(26), np.int64(9), 1), (31, np.int64(26), 35, 1)): 38.0, ((31, np.int64(72), np.int64(0), 2), (6, np.int64(53), np.int64(3), 2)): 38.0, ((6, np.int64(53), np.int64(3), 2), (12, np.int64(39), np.int64(6), 1)): 38.0, ((12, np.int64(39), np.int64(6), 1), (31, np.int64(38), np.int64(7), 1)): 38.0, ((31, np.int64(38), np.int64(7), 1), (31, np.int64(38), 35, 1)): 38.0, ((31, np.int64(72), np.int64(0), 2), (0, np.int64(24), np.int64(6), 1)): 38.0, ((0, np.int64(24), np.int64(6), 1), (0, np.int64(24), 35, 1)): 38.0, ((31, np.int64(72), np.int64(0), 2), (15, np.int64(68), np.int64(1), 2)): 38.0, ((15, np.int64(68), np.int64(1), 2), (31, np.int64(66), np.int64(2), 2)): 38.0, ((31, np.int64(66), np.int64(2), 2), (31, np.int64(66), np.int64(7), 2)): 38.0, ((31, np.int64(66), np.int64(7), 2), (31, np.int64(66), np.int64(12), 2)): 38.0, ((31, np.int64(66), np.int64(12), 2), (12, np.int64(65), np.int64(13), 2)): 38.0, ((12, np.int64(65), np.int64(13), 2), (12, np.int64(65), np.int64(18), 2)): 38.0, ((12, np.int64(65), np.int64(18), 2), (31, np.int64(64), np.int64(19), 2)): 38.0, ((31, np.int64(64), np.int64(19), 2), (31, np.int64(64), np.int64(24), 2)): 38.0, ((31, np.int64(64), np.int64(24), 2), (12, np.int64(63), np.int64(25), 2)): 38.0, ((12, np.int64(63), np.int64(25), 2), (32, np.int64(21), np.int64(30), 1)): 38.0, ((32, np.int64(21), np.int64(30), 1), (32, np.int64(21), 35, 1)): 38.0, ((31, np.int64(72), np.int64(0), 2), (12, np.int64(70), np.int64(1), 2)): 38.0, ((12, np.int64(70), np.int64(1), 2), (15, np.int64(68), np.int64(2), 2)): 38.0, ((15, np.int64(68), np.int64(2), 2), (31, np.int64(66), np.int64(3), 2)): 38.0, ((31, np.int64(66), np.int64(3), 2), (31, np.int64(66), np.int64(8), 2)): 38.0, ((31, np.int64(66), np.int64(8), 2), (31, np.int64(66), np.int64(13), 2)): 38.0, ((31, np.int64(66), np.int64(13), 2), (12, np.int64(65), np.int64(14), 2)): 38.0, ((12, np.int64(65), np.int64(14), 2), (12, np.int64(65), np.int64(19), 2)): 38.0, ((12, np.int64(65), np.int64(19), 2), (31, np.int64(64), np.int64(20), 2)): 38.0, ((31, np.int64(64), np.int64(20), 2), (31, np.int64(64), np.int64(25), 2)): 38.0, ((31, np.int64(64), np.int64(25), 2), (12, np.int64(63), np.int64(26), 2)): 38.0, ((12, np.int64(63), np.int64(26), 2), (32, np.int64(21), np.int64(31), 1)): 38.0, ((32, np.int64(21), np.int64(31), 1), (32, np.int64(21), 35, 1)): 38.0, ((31, np.int64(75), np.int64(0), 2), (3, np.int64(47), np.int64(4), 2)): 38.0, ((3, np.int64(47), np.int64(4), 2), (15, np.int64(25), np.int64(8), 1)): 38.0, ((15, np.int64(25), np.int64(8), 1), (30, np.int64(16), np.int64(10), 1)): 38.0, ((30, np.int64(16), np.int64(10), 1), (31, np.int64(9), np.int64(12), 0)): 38.0, ((31, np.int64(9), np.int64(12), 0), (31, np.int64(9), 35, 0)): 38.0, ((31, np.int64(75), np.int64(0), 2), (30, np.int64(65), np.int64(2), 2)): 38.0, ((30, np.int64(65), np.int64(2), 2), (3, np.int64(50), np.int64(5), 2)): 38.0, ((3, np.int64(50), np.int64(5), 2), (12, np.int64(30), np.int64(9), 1)): 38.0, ((12, np.int64(30), np.int64(9), 1), (31, np.int64(29), np.int64(10), 1)): 38.0, ((31, np.int64(29), np.int64(10), 1), (31, np.int64(29), 35, 1)): 38.0, ((31, np.int64(75), np.int64(0), 2), (35, np.int64(50), np.int64(3), 2)): 38.0, ((35, np.int64(50), np.int64(3), 2), (15, np.int64(32), np.int64(7), 1)): 38.0, ((15, np.int64(32), np.int64(7), 1), (12, np.int64(30), np.int64(8), 1)): 38.0, ((12, np.int64(30), np.int64(8), 1), (31, np.int64(29), np.int64(9), 1)): 38.0, ((31, np.int64(29), np.int64(9), 1), (31, np.int64(29), 35, 1)): 38.0, ((31, np.int64(75), np.int64(0), 2), (6, np.int64(56), np.int64(3), 2)): 38.0, ((6, np.int64(56), np.int64(3), 2), (31, np.int64(43), np.int64(6), 2)): 38.0, ((31, np.int64(43), np.int64(6), 2), (31, np.int64(43), 35, 2)): 38.0, ((31, np.int64(75), np.int64(0), 2), (15, np.int64(71), np.int64(1), 2)): 38.0, ((15, np.int64(71), np.int64(1), 2), (31, np.int64(69), np.int64(2), 2)): 38.0, ((31, np.int64(69), np.int64(2), 2), (31, np.int64(69), 35, 2)): 38.0, ((31, np.int64(75), np.int64(0), 2), (12, np.int64(73), np.int64(1), 2)): 38.0, ((12, np.int64(73), np.int64(1), 2), (15, np.int64(71), np.int64(2), 2)): 38.0, ((15, np.int64(71), np.int64(2), 2), (31, np.int64(69), np.int64(3), 2)): 38.0, ((31, np.int64(69), np.int64(3), 2), (31, np.int64(69), 35, 2)): 38.0, ((31, np.int64(75), np.int64(0), 2), (0, np.int64(27), np.int64(6), 1)): 38.0, ((0, np.int64(27), np.int64(6), 1), (30, np.int64(1), np.int64(11), 0)): 38.0, ((30, np.int64(1), np.int64(11), 0), (30, np.int64(1), 35, 0)): 38.0, ((31, np.int64(76), np.int64(0), 2), (3, np.int64(48), np.int64(4), 2)): 38.0, ((3, np.int64(48), np.int64(4), 2), (6, np.int64(27), np.int64(8), 1)): 38.0, ((6, np.int64(27), np.int64(8), 1), (31, np.int64(14), np.int64(11), 1)): 38.0, ((31, np.int64(14), np.int64(11), 1), (31, np.int64(14), 35, 1)): 40.0, ((31, np.int64(76), np.int64(0), 2), (30, np.int64(66), np.int64(2), 2)): 38.0, ((30, np.int64(66), np.int64(2), 2), (3, np.int64(51), np.int64(5), 2)): 38.0, ((3, np.int64(51), np.int64(5), 2), (12, np.int64(31), np.int64(9), 1)): 38.0, ((12, np.int64(31), np.int64(9), 1), (31, np.int64(30), np.int64(10), 1)): 38.0, ((31, np.int64(30), np.int64(10), 1), (31, np.int64(30), 35, 1)): 38.0, ((31, np.int64(76), np.int64(0), 2), (35, np.int64(51), np.int64(3), 2)): 38.0, ((35, np.int64(51), np.int64(3), 2), (15, np.int64(33), np.int64(7), 1)): 38.0, ((15, np.int64(33), np.int64(7), 1), (12, np.int64(31), np.int64(8), 1)): 38.0, ((12, np.int64(31), np.int64(8), 1), (31, np.int64(30), np.int64(9), 1)): 38.0, ((31, np.int64(30), np.int64(9), 1), (31, np.int64(30), 35, 1)): 38.0, ((31, np.int64(76), np.int64(0), 2), (6, np.int64(57), np.int64(3), 2)): 38.0, ((6, np.int64(57), np.int64(3), 2), (31, np.int64(44), np.int64(6), 2)): 38.0, ((31, np.int64(44), np.int64(6), 2), (31, np.int64(44), 35, 2)): 38.0, ((31, np.int64(76), np.int64(0), 2), (15, np.int64(72), np.int64(1), 2)): 38.0, ((15, np.int64(72), np.int64(1), 2), (31, np.int64(70), np.int64(2), 2)): 38.0, ((31, np.int64(70), np.int64(2), 2), (31, np.int64(70), 35, 2)): 38.0, ((31, np.int64(76), np.int64(0), 2), (0, np.int64(28), np.int64(6), 1)): 38.0, ((0, np.int64(28), np.int64(6), 1), (30, np.int64(2), np.int64(11), 0)): 38.0, ((30, np.int64(2), np.int64(11), 0), (30, np.int64(2), 35, 0)): 38.0, ((31, np.int64(76), np.int64(0), 2), (12, np.int64(74), np.int64(1), 2)): 38.0, ((12, np.int64(74), np.int64(1), 2), (15, np.int64(72), np.int64(2), 2)): 38.0, ((15, np.int64(72), np.int64(2), 2), (31, np.int64(70), np.int64(3), 2)): 38.0, ((31, np.int64(70), np.int64(3), 2), (31, np.int64(70), 35, 2)): 38.0, ((31, np.int64(78), np.int64(0), 2), (3, np.int64(50), np.int64(4), 2)): 38.0, ((3, np.int64(50), np.int64(4), 2), (31, np.int64(31), np.int64(8), 1)): 38.0, ((31, np.int64(31), np.int64(8), 1), (31, np.int64(31), 35, 1)): 38.0, ((31, np.int64(78), np.int64(0), 2), (35, np.int64(53), np.int64(3), 2)): 38.0, ((35, np.int64(53), np.int64(3), 2), (12, np.int64(35), np.int64(7), 1)): 38.0, ((12, np.int64(35), np.int64(7), 1), (31, np.int64(34), np.int64(8), 1)): 38.0, ((31, np.int64(34), np.int64(8), 1), (31, np.int64(34), 35, 1)): 76.0, ((31, np.int64(78), np.int64(0), 2), (6, np.int64(59), np.int64(3), 2)): 38.0, ((6, np.int64(59), np.int64(3), 2), (31, np.int64(46), np.int64(6), 2)): 38.0, ((31, np.int64(46), np.int64(6), 2), (31, np.int64(46), 35, 2)): 38.0, ((31, np.int64(78), np.int64(0), 2), (30, np.int64(68), np.int64(2), 2)): 38.0, ((30, np.int64(68), np.int64(2), 2), (31, np.int64(61), np.int64(4), 2)): 38.0, ((31, np.int64(61), np.int64(4), 2), (31, np.int64(61), 35, 2)): 38.0, ((31, np.int64(78), np.int64(0), 2), (15, np.int64(74), np.int64(1), 2)): 38.0, ((15, np.int64(74), np.int64(1), 2), (31, np.int64(72), np.int64(2), 2)): 38.0, ((31, np.int64(72), np.int64(2), 2), (31, np.int64(72), 35, 2)): 38.0, ((31, np.int64(78), np.int64(0), 2), (0, np.int64(30), np.int64(6), 1)): 38.0, ((0, np.int64(30), np.int64(6), 1), (30, np.int64(4), np.int64(11), 0)): 38.0, ((30, np.int64(4), np.int64(11), 0), (30, np.int64(4), 35, 0)): 38.0, ((31, np.int64(78), np.int64(0), 2), (12, np.int64(76), np.int64(1), 2)): 38.0, ((12, np.int64(76), np.int64(1), 2), (15, np.int64(74), np.int64(2), 2)): 38.0, ((15, np.int64(74), np.int64(2), 2), (31, np.int64(72), np.int64(3), 2)): 38.0, ((31, np.int64(72), np.int64(3), 2), (31, np.int64(72), 35, 2)): 38.0, ((31, np.int64(80), np.int64(0), 3), (3, np.int64(52), np.int64(4), 2)): 38.0, ((3, np.int64(52), np.int64(4), 2), (12, np.int64(32), np.int64(8), 1)): 38.0, ((12, np.int64(32), np.int64(8), 1), (31, np.int64(31), np.int64(9), 1)): 38.0, ((31, np.int64(31), np.int64(9), 1), (31, np.int64(31), 35, 1)): 38.0, ((31, np.int64(80), np.int64(0), 3), (12, np.int64(78), np.int64(1), 2)): 38.0, ((12, np.int64(78), np.int64(1), 2), (3, np.int64(58), np.int64(5), 2)): 38.0, ((3, np.int64(58), np.int64(5), 2), (31, np.int64(39), np.int64(9), 1)): 38.0, ((31, np.int64(39), np.int64(9), 1), (31, np.int64(39), 35, 1)): 38.0, ((31, np.int64(80), np.int64(0), 3), (35, np.int64(55), np.int64(3), 2)): 38.0, ((35, np.int64(55), np.int64(3), 2), (31, np.int64(38), np.int64(6), 1)): 38.0, ((31, np.int64(38), np.int64(6), 1), (31, np.int64(38), 35, 1)): 38.0, ((31, np.int64(80), np.int64(0), 3), (0, np.int64(32), np.int64(6), 1)): 38.0, ((0, np.int64(32), np.int64(6), 1), (30, np.int64(6), np.int64(11), 0)): 38.0, ((30, np.int64(6), np.int64(11), 0), (30, np.int64(6), 35, 0)): 38.0, ((31, np.int64(80), np.int64(0), 3), (15, np.int64(76), np.int64(1), 2)): 38.0, ((15, np.int64(76), np.int64(1), 2), (31, np.int64(74), np.int64(2), 2)): 38.0, ((31, np.int64(74), np.int64(2), 2), (31, np.int64(74), 35, 2)): 38.0, ((31, np.int64(81), np.int64(0), 3), (3, np.int64(53), np.int64(4), 2)): 38.0, ((3, np.int64(53), np.int64(4), 2), (31, np.int64(34), np.int64(8), 1)): 38.0, ((31, np.int64(81), np.int64(0), 3), (30, np.int64(71), np.int64(2), 2)): 38.0, ((30, np.int64(71), np.int64(2), 2), (3, np.int64(56), np.int64(5), 2)): 38.0, ((3, np.int64(56), np.int64(5), 2), (31, np.int64(37), np.int64(9), 1)): 38.0, ((31, np.int64(37), np.int64(9), 1), (31, np.int64(37), 35, 1)): 38.0, ((31, np.int64(81), np.int64(0), 3), (15, np.int64(77), np.int64(1), 2)): 38.0, ((15, np.int64(77), np.int64(1), 2), (30, np.int64(68), np.int64(3), 2)): 38.0, ((30, np.int64(68), np.int64(3), 2), (31, np.int64(61), np.int64(5), 2)): 38.0, ((31, np.int64(61), np.int64(5), 2), (31, np.int64(61), 35, 2)): 38.0, ((31, np.int64(81), np.int64(0), 3), (6, np.int64(62), np.int64(3), 2)): 38.0, ((6, np.int64(62), np.int64(3), 2), (31, np.int64(49), np.int64(6), 2)): 38.0, ((31, np.int64(49), np.int64(6), 2), (31, np.int64(49), 35, 2)): 38.0, ((31, np.int64(81), np.int64(0), 3), (12, np.int64(79), np.int64(1), 2)): 38.0, ((12, np.int64(79), np.int64(1), 2), (35, np.int64(61), np.int64(5), 2)): 38.0, ((35, np.int64(61), np.int64(5), 2), (6, np.int64(58), np.int64(6), 2)): 38.0, ((6, np.int64(58), np.int64(6), 2), (31, np.int64(45), np.int64(9), 2)): 38.0, ((31, np.int64(45), np.int64(9), 2), (31, np.int64(45), 35, 2)): 38.0, ((31, np.int64(90), np.int64(0), 3), (9, np.int64(37), np.int64(7), 1)): 38.0, ((9, np.int64(37), np.int64(7), 1), (9, np.int64(37), 35, 1)): 38.0, ((31, np.int64(90), np.int64(0), 3), (10, np.int64(39), np.int64(6), 1)): 38.0, ((10, np.int64(39), np.int64(6), 1), (12, np.int64(4), np.int64(12), 0)): 38.0, ((12, np.int64(4), np.int64(12), 0), (31, np.int64(3), np.int64(13), 0)): 38.0, ((31, np.int64(3), np.int64(13), 0), (31, np.int64(3), 35, 0)): 38.0, ((31, np.int64(90), np.int64(0), 3), (17, np.int64(41), np.int64(6), 2)): 38.0, ((17, np.int64(41), np.int64(6), 2), (3, np.int64(19), np.int64(10), 1)): 38.0, ((3, np.int64(19), np.int64(10), 1), (31, np.int64(0), np.int64(14), 0)): 38.0, ((31, np.int64(0), np.int64(14), 0), (31, np.int64(0), 35, 0)): 38.0, ((31, np.int64(90), np.int64(0), 3), (29, np.int64(40), np.int64(6), 2)): 38.0, ((29, np.int64(40), np.int64(6), 2), (12, np.int64(5), np.int64(13), 0)): 38.0, ((12, np.int64(5), np.int64(13), 0), (31, np.int64(4), np.int64(14), 0)): 38.0, ((31, np.int64(4), np.int64(14), 0), (31, np.int64(4), 35, 0)): 38.0, ((31, np.int64(90), np.int64(0), 3), (2, np.int64(35), np.int64(7), 1)): 38.0, ((2, np.int64(35), np.int64(7), 1), (10, np.int64(33), np.int64(8), 1)): 38.0, ((10, np.int64(33), np.int64(8), 1), (0, np.int64(31), np.int64(9), 1)): 38.0, ((0, np.int64(31), np.int64(9), 1), (0, np.int64(31), 35, 1)): 38.0, ((31, np.int64(90), np.int64(0), 3), (3, np.int64(62), np.int64(4), 2)): 38.0, ((3, np.int64(62), np.int64(4), 2), (15, np.int64(40), np.int64(8), 2)): 38.0, ((15, np.int64(40), np.int64(8), 2), (31, np.int64(38), np.int64(9), 1)): 38.0, ((31, np.int64(38), np.int64(9), 1), (31, np.int64(38), 35, 1)): 38.0, ((31, np.int64(90), np.int64(0), 3), (15, np.int64(86), np.int64(1), 3)): 38.0, ((15, np.int64(86), np.int64(1), 3), (3, np.int64(64), np.int64(5), 2)): 38.0, ((3, np.int64(64), np.int64(5), 2), (15, np.int64(42), np.int64(9), 2)): 38.0, ((15, np.int64(42), np.int64(9), 2), (31, np.int64(40), np.int64(10), 2)): 38.0, ((31, np.int64(40), np.int64(10), 2), (31, np.int64(40), 35, 2)): 38.0, ((31, np.int64(90), np.int64(0), 3), (0, np.int64(42), np.int64(6), 2)): 38.0, ((0, np.int64(42), np.int64(6), 2), (12, np.int64(10), np.int64(12), 1)): 38.0, ((12, np.int64(10), np.int64(12), 1), (30, np.int64(3), np.int64(14), 0)): 38.0, ((30, np.int64(3), np.int64(14), 0), (30, np.int64(3), 35, 0)): 38.0, ((31, np.int64(90), np.int64(0), 3), (35, np.int64(65), np.int64(3), 2)): 38.0, ((35, np.int64(65), np.int64(3), 2), (6, np.int64(62), np.int64(4), 2)): 38.0, ((6, np.int64(62), np.int64(4), 2), (31, np.int64(49), np.int64(7), 2)): 38.0, ((31, np.int64(49), np.int64(7), 2), (31, np.int64(49), 35, 2)): 38.0, ((31, np.int64(90), np.int64(0), 3), (12, np.int64(88), np.int64(1), 3)): 38.0, ((12, np.int64(88), np.int64(1), 3), (31, np.int64(87), np.int64(2), 3)): 38.0, ((31, np.int64(87), np.int64(2), 3), (31, np.int64(87), 35, 3)): 38.0, ((31, np.int64(96), np.int64(0), 3), (8, np.int64(40), np.int64(7), 2)): 38.0, ((8, np.int64(40), np.int64(7), 2), (31, np.int64(1), np.int64(14), 0)): 38.0, ((31, np.int64(1), np.int64(14), 0), (31, np.int64(1), 35, 0)): 38.0, ((31, np.int64(96), np.int64(0), 3), (2, np.int64(41), np.int64(7), 2)): 38.0, ((2, np.int64(41), np.int64(7), 2), (12, np.int64(4), np.int64(14), 0)): 38.0, ((12, np.int64(4), np.int64(14), 0), (31, np.int64(3), np.int64(15), 0)): 38.0, ((31, np.int64(3), np.int64(15), 0), (31, np.int64(3), 35, 0)): 38.0, ((31, np.int64(96), np.int64(0), 3), (17, np.int64(47), np.int64(6), 2)): 38.0, ((17, np.int64(47), np.int64(6), 2), (3, np.int64(25), np.int64(10), 1)): 38.0, ((3, np.int64(25), np.int64(10), 1), (12, np.int64(5), np.int64(14), 0)): 38.0, ((12, np.int64(5), np.int64(14), 0), (31, np.int64(4), np.int64(15), 0)): 38.0, ((31, np.int64(4), np.int64(15), 0), (31, np.int64(4), 35, 0)): 38.0, ((31, np.int64(96), np.int64(0), 3), (9, np.int64(43), np.int64(7), 2)): 38.0, ((9, np.int64(43), np.int64(7), 2), (35, np.int64(24), np.int64(11), 1)): 38.0, ((35, np.int64(24), np.int64(11), 1), (31, np.int64(7), np.int64(14), 0)): 38.0, ((31, np.int64(7), np.int64(14), 0), (31, np.int64(7), 35, 0)): 38.0, ((31, np.int64(96), np.int64(0), 3), (10, np.int64(45), np.int64(6), 2)): 38.0, ((10, np.int64(45), np.int64(6), 2), (31, np.int64(10), np.int64(12), 1)): 38.0, ((31, np.int64(10), np.int64(12), 1), (31, np.int64(10), 35, 1)): 38.0, ((31, np.int64(96), np.int64(0), 3), (0, np.int64(48), np.int64(6), 2)): 38.0, ((0, np.int64(48), np.int64(6), 2), (10, np.int64(46), np.int64(7), 2)): 38.0, ((10, np.int64(46), np.int64(7), 2), (31, np.int64(11), np.int64(13), 1)): 38.0, ((31, np.int64(11), np.int64(13), 1), (31, np.int64(11), 35, 1)): 38.0, ((31, np.int64(96), np.int64(0), 3), (29, np.int64(46), np.int64(6), 2)): 38.0, ((29, np.int64(46), np.int64(6), 2), (6, np.int64(25), np.int64(10), 1)): 38.0, ((6, np.int64(25), np.int64(10), 1), (15, np.int64(11), np.int64(13), 1)): 38.0, ((15, np.int64(11), np.int64(13), 1), (31, np.int64(9), np.int64(14), 0)): 38.0, ((31, np.int64(9), np.int64(14), 0), (31, np.int64(9), 35, 0)): 38.0, ((31, np.int64(96), np.int64(0), 3), (35, np.int64(71), np.int64(3), 2)): 38.0, ((35, np.int64(71), np.int64(3), 2), (31, np.int64(54), np.int64(6), 2)): 38.0, ((31, np.int64(54), np.int64(6), 2), (31, np.int64(54), 35, 2)): 38.0, ((31, np.int64(96), np.int64(0), 3), (30, np.int64(86), np.int64(2), 3)): 38.0, ((30, np.int64(86), np.int64(2), 3), (31, np.int64(79), np.int64(4), 2)): 38.0, ((31, np.int64(79), np.int64(4), 2), (31, np.int64(79), 35, 2)): 38.0, ((31, np.int64(96), np.int64(0), 3), (15, np.int64(92), np.int64(1), 3)): 38.0, ((15, np.int64(92), np.int64(1), 3), (31, np.int64(90), np.int64(2), 3)): 38.0, ((31, np.int64(90), np.int64(2), 3), (31, np.int64(90), 35, 3)): 38.0, ((31, np.int64(96), np.int64(0), 3), (12, np.int64(94), np.int64(1), 3)): 38.0, ((12, np.int64(94), np.int64(1), 3), (15, np.int64(92), np.int64(2), 3)): 38.0, ((15, np.int64(92), np.int64(2), 3), (31, np.int64(90), np.int64(3), 3)): 38.0, ((31, np.int64(90), np.int64(3), 3), (31, np.int64(90), 35, 3)): 38.0, ((31, np.int64(98), np.int64(0), 3), (8, np.int64(42), np.int64(7), 2)): 38.0, ((8, np.int64(42), np.int64(7), 2), (12, np.int64(3), np.int64(14), 0)): 38.0, ((12, np.int64(3), np.int64(14), 0), (31, np.int64(2), np.int64(15), 0)): 38.0, ((31, np.int64(2), np.int64(15), 0), (31, np.int64(2), 35, 0)): 38.0, ((31, np.int64(98), np.int64(0), 3), (9, np.int64(45), np.int64(7), 2)): 38.0, ((9, np.int64(45), np.int64(7), 2), (12, np.int64(7), np.int64(14), 0)): 38.0, ((12, np.int64(7), np.int64(14), 0), (31, np.int64(6), np.int64(15), 0)): 38.0, ((31, np.int64(6), np.int64(15), 0), (31, np.int64(6), 35, 0)): 38.0, ((31, np.int64(98), np.int64(0), 3), (17, np.int64(49), np.int64(6), 2)): 38.0, ((17, np.int64(49), np.int64(6), 2), (3, np.int64(27), np.int64(10), 1)): 38.0, ((3, np.int64(27), np.int64(10), 1), (31, np.int64(8), np.int64(14), 0)): 38.0, ((31, np.int64(8), np.int64(14), 0), (31, np.int64(8), 35, 0)): 38.0, ((31, np.int64(98), np.int64(0), 3), (10, np.int64(47), np.int64(6), 2)): 38.0, ((10, np.int64(47), np.int64(6), 2), (31, np.int64(12), np.int64(12), 1)): 38.0, ((31, np.int64(12), np.int64(12), 1), (31, np.int64(12), 35, 1)): 38.0, ((31, np.int64(98), np.int64(0), 3), (0, np.int64(50), np.int64(6), 2)): 38.0, ((0, np.int64(50), np.int64(6), 2), (10, np.int64(48), np.int64(7), 2)): 38.0, ((10, np.int64(48), np.int64(7), 2), (31, np.int64(13), np.int64(13), 1)): 38.0, ((31, np.int64(13), np.int64(13), 1), (31, np.int64(13), 35, 1)): 38.0, ((31, np.int64(98), np.int64(0), 3), (32, np.int64(57), np.int64(5), 2)): 2.0, ((32, np.int64(57), np.int64(5), 2), (12, np.int64(15), np.int64(10), 1)): 2.0, ((12, np.int64(15), np.int64(10), 1), (31, np.int64(14), np.int64(11), 1)): 2.0, ((31, np.int64(98), np.int64(0), 3), (29, np.int64(48), np.int64(6), 2)): 38.0, ((29, np.int64(48), np.int64(6), 2), (6, np.int64(27), np.int64(10), 1)): 38.0, ((6, np.int64(27), np.int64(10), 1), (15, np.int64(13), np.int64(13), 1)): 38.0, ((15, np.int64(13), np.int64(13), 1), (31, np.int64(11), np.int64(14), 1)): 38.0, ((31, np.int64(11), np.int64(14), 1), (31, np.int64(11), 35, 1)): 38.0, ((31, np.int64(98), np.int64(0), 3), (3, np.int64(70), np.int64(4), 2)): 38.0, ((3, np.int64(70), np.int64(4), 2), (31, np.int64(51), np.int64(8), 2)): 38.0, ((31, np.int64(51), np.int64(8), 2), (31, np.int64(51), 35, 2)): 38.0, ((31, np.int64(98), np.int64(0), 3), (35, np.int64(73), np.int64(3), 2)): 38.0, ((35, np.int64(73), np.int64(3), 2), (12, np.int64(55), np.int64(7), 2)): 38.0, ((12, np.int64(55), np.int64(7), 2), (31, np.int64(54), np.int64(8), 2)): 38.0, ((31, np.int64(54), np.int64(8), 2), (31, np.int64(54), 35, 2)): 38.0, ((31, np.int64(98), np.int64(0), 3), (15, np.int64(94), np.int64(1), 3)): 38.0, ((15, np.int64(94), np.int64(1), 3), (31, np.int64(92), np.int64(2), 3)): 38.0, ((31, np.int64(92), np.int64(2), 3), (31, np.int64(92), 35, 3)): 38.0, ((31, np.int64(98), np.int64(0), 3), (12, np.int64(96), np.int64(1), 3)): 38.0, ((12, np.int64(96), np.int64(1), 3), (15, np.int64(94), np.int64(2), 3)): 38.0, ((15, np.int64(94), np.int64(2), 3), (31, np.int64(92), np.int64(3), 3)): 38.0, ((31, np.int64(92), np.int64(3), 3), (31, np.int64(92), 35, 3)): 38.0, ((31, np.int64(100), np.int64(0), 3), (8, np.int64(44), np.int64(7), 2)): 38.0, ((8, np.int64(44), np.int64(7), 2), (15, np.int64(2), np.int64(15), 0)): 38.0, ((15, np.int64(2), np.int64(15), 0), (12, np.int64(0), np.int64(16), 0)): 38.0, ((12, np.int64(0), np.int64(16), 0), (12, np.int64(0), 35, 0)): 38.0, ((31, np.int64(100), np.int64(0), 3), (16, np.int64(41), np.int64(7), 2)): 38.0, ((16, np.int64(41), np.int64(7), 2), (15, np.int64(2), np.int64(14), 0)): 38.0, ((15, np.int64(2), np.int64(14), 0), (12, np.int64(0), np.int64(15), 0)): 38.0, ((12, np.int64(0), np.int64(15), 0), (12, np.int64(0), 35, 0)): 38.0, ((31, np.int64(100), np.int64(0), 3), (3, np.int64(81), np.int64(4), 3)): 17398.0, ((3, np.int64(81), np.int64(4), 3), (10, np.int64(46), np.int64(10), 2)): 17376.0, ((10, np.int64(46), np.int64(10), 2), (2, np.int64(44), np.int64(11), 2)): 17376.0, ((2, np.int64(44), np.int64(11), 2), (2, np.int64(44), 35, 2)): 11135.0, ((31, np.int64(100), np.int64(0), 3), (9, np.int64(47), np.int64(7), 2)): 38.0, ((9, np.int64(47), np.int64(7), 2), (15, np.int64(10), np.int64(14), 1)): 38.0, ((15, np.int64(10), np.int64(14), 1), (31, np.int64(8), np.int64(15), 0)): 38.0, ((31, np.int64(8), np.int64(15), 0), (31, np.int64(8), 35, 0)): 38.0, ((31, np.int64(100), np.int64(0), 3), (32, np.int64(59), np.int64(5), 2)): 4.0, ((32, np.int64(59), np.int64(5), 2), (16, np.int64(47), np.int64(8), 2)): 4.0, ((16, np.int64(47), np.int64(8), 2), (32, np.int64(35), np.int64(11), 1)): 4.0, ((32, np.int64(35), np.int64(11), 1), (32, np.int64(35), np.int64(16), 1)): 4.0, ((32, np.int64(35), np.int64(16), 1), (31, np.int64(7), np.int64(21), 0)): 4.0, ((31, np.int64(7), np.int64(21), 0), (31, np.int64(7), 35, 0)): 4.0, ((31, np.int64(100), np.int64(0), 3), (17, np.int64(51), np.int64(6), 2)): 38.0, ((17, np.int64(51), np.int64(6), 2), (35, np.int64(29), np.int64(10), 1)): 38.0, ((35, np.int64(29), np.int64(10), 1), (31, np.int64(12), np.int64(13), 1)): 38.0, ((31, np.int64(12), np.int64(13), 1), (31, np.int64(12), 35, 1)): 38.0, ((31, np.int64(100), np.int64(0), 3), (10, np.int64(49), np.int64(6), 2)): 38.0, ((10, np.int64(49), np.int64(6), 2), (31, np.int64(14), np.int64(12), 1)): 38.0, ((31, np.int64(14), np.int64(12), 1), (31, np.int64(14), 35, 1)): 38.0, ((31, np.int64(100), np.int64(0), 3), (0, np.int64(52), np.int64(6), 2)): 38.0, ((0, np.int64(52), np.int64(6), 2), (12, np.int64(20), np.int64(12), 1)): 38.0, ((12, np.int64(20), np.int64(12), 1), (31, np.int64(19), np.int64(13), 1)): 38.0, ((31, np.int64(19), np.int64(13), 1), (31, np.int64(19), 35, 1)): 38.0, ((31, np.int64(100), np.int64(0), 3), (31, np.int64(100), np.int64(1), 3)): 7536.0, ((31, np.int64(100), np.int64(1), 3), (12, np.int64(99), np.int64(2), 3)): 7536.0, ((12, np.int64(99), np.int64(2), 3), (12, np.int64(99), np.int64(7), 3)): 7536.0, ((12, np.int64(99), np.int64(7), 3), (12, np.int64(99), np.int64(12), 3)): 7536.0, ((12, np.int64(99), np.int64(12), 3), (31, np.int64(98), np.int64(13), 3)): 7536.0, ((31, np.int64(98), np.int64(13), 3), (15, np.int64(96), np.int64(14), 3)): 2379.0, ((15, np.int64(96), np.int64(14), 3), (15, np.int64(96), np.int64(19), 3)): 18.0, ((15, np.int64(96), np.int64(19), 3), (35, np.int64(70), np.int64(23), 2)): 18.0, ((35, np.int64(70), np.int64(23), 2), (3, np.int64(37), np.int64(27), 1)): 10.0, ((3, np.int64(37), np.int64(27), 1), (31, np.int64(18), np.int64(31), 1)): 10.0, ((31, np.int64(18), np.int64(31), 1), (31, np.int64(18), 35, 1)): 10.0, ((31, np.int64(100), np.int64(0), 3), (3, np.int64(72), np.int64(4), 2)): 38.0, ((3, np.int64(72), np.int64(4), 2), (35, np.int64(49), np.int64(8), 2)): 38.0, ((35, np.int64(49), np.int64(8), 2), (15, np.int64(31), np.int64(12), 1)): 38.0, ((15, np.int64(31), np.int64(12), 1), (12, np.int64(29), np.int64(13), 1)): 38.0, ((12, np.int64(29), np.int64(13), 1), (31, np.int64(28), np.int64(14), 1)): 38.0, ((31, np.int64(28), np.int64(14), 1), (31, np.int64(28), 35, 1)): 38.0, ((2, np.int64(44), np.int64(11), 2), (0, np.int64(37), np.int64(12), 1)): 2227.0, ((0, np.int64(37), np.int64(12), 1), (31, np.int64(4), np.int64(18), 0)): 2227.0, ((31, np.int64(4), np.int64(18), 0), (31, np.int64(4), 35, 0)): 2227.0, ((31, np.int64(100), np.int64(0), 3), (15, np.int64(98), np.int64(1), 3)): 54736.0, ((15, np.int64(98), np.int64(1), 3), (35, np.int64(72), np.int64(5), 2)): 92.0, ((35, np.int64(72), np.int64(5), 2), (6, np.int64(67), np.int64(6), 2)): 83.0, ((6, np.int64(67), np.int64(6), 2), (15, np.int64(53), np.int64(9), 2)): 83.0, ((15, np.int64(53), np.int64(9), 2), (12, np.int64(51), np.int64(10), 2)): 83.0, ((12, np.int64(51), np.int64(10), 2), (31, np.int64(50), np.int64(11), 2)): 83.0, ((31, np.int64(50), np.int64(11), 2), (31, np.int64(50), 35, 2)): 83.0, ((35, np.int64(72), np.int64(5), 2), (35, np.int64(72), np.int64(10), 2)): 9.0, ((35, np.int64(72), np.int64(10), 2), (35, np.int64(72), np.int64(15), 2)): 9.0, ((35, np.int64(72), np.int64(15), 2), (6, np.int64(67), np.int64(16), 2)): 9.0, ((6, np.int64(67), np.int64(16), 2), (12, np.int64(53), np.int64(19), 2)): 9.0, ((12, np.int64(53), np.int64(19), 2), (15, np.int64(51), np.int64(20), 2)): 9.0, ((15, np.int64(51), np.int64(20), 2), (31, np.int64(49), np.int64(21), 2)): 9.0, ((31, np.int64(49), np.int64(21), 2), (31, np.int64(49), 35, 2)): 9.0, ((35, np.int64(70), np.int64(23), 2), (35, np.int64(70), np.int64(28), 2)): 8.0, ((35, np.int64(70), np.int64(28), 2), (6, np.int64(65), np.int64(29), 2)): 8.0, ((6, np.int64(65), np.int64(29), 2), (31, np.int64(52), np.int64(32), 2)): 8.0, ((31, np.int64(52), np.int64(32), 2), (31, np.int64(52), 35, 2)): 8.0, ((31, np.int64(100), np.int64(0), 3), (11, np.int64(18), np.int64(10), 1)): 22.0, ((11, np.int64(18), np.int64(10), 1), (11, np.int64(18), 35, 1)): 22.0, ((3, np.int64(81), np.int64(4), 3), (8, np.int64(58), np.int64(9), 2)): 22.0, ((8, np.int64(58), np.int64(9), 2), (11, np.int64(39), np.int64(13), 1)): 22.0, ((11, np.int64(39), np.int64(13), 1), (11, np.int64(39), 35, 1)): 22.0, ((31, np.int64(100), np.int64(0), 3), (35, np.int64(75), np.int64(3), 2)): 97.0, ((35, np.int64(75), np.int64(3), 2), (9, np.int64(47), np.int64(7), 2)): 97.0, ((9, np.int64(47), np.int64(7), 2), (30, np.int64(6), np.int64(14), 0)): 97.0, ((30, np.int64(6), np.int64(14), 0), (30, np.int64(6), 35, 0)): 97.0, ((2, np.int64(44), np.int64(11), 2), (8, np.int64(3), np.int64(16), 0)): 2227.0, ((8, np.int64(3), np.int64(16), 0), (8, np.int64(3), 35, 0)): 2227.0, ((31, np.int64(100), np.int64(0), 3), (12, np.int64(98), np.int64(1), 3)): 38.0, ((12, np.int64(98), np.int64(1), 3), (12, np.int64(98), np.int64(6), 3)): 38.0, ((12, np.int64(98), np.int64(6), 3), (9, np.int64(60), np.int64(13), 2)): 38.0, ((9, np.int64(60), np.int64(13), 2), (29, np.int64(53), np.int64(15), 2)): 38.0, ((29, np.int64(53), np.int64(15), 2), (32, np.int64(17), np.int64(20), 1)): 38.0, ((32, np.int64(17), np.int64(20), 1), (32, np.int64(17), 35, 1)): 38.0, ((2, np.int64(44), np.int64(11), 2), (4, np.int64(6), np.int64(16), 0)): 1787.0, ((4, np.int64(6), np.int64(16), 0), (4, np.int64(6), 35, 0)): 1787.0, ((15, np.int64(98), np.int64(1), 3), (12, np.int64(96), np.int64(2), 3)): 54644.0, ((12, np.int64(96), np.int64(2), 3), (12, np.int64(96), np.int64(7), 3)): 54644.0, ((12, np.int64(96), np.int64(7), 3), (9, np.int64(58), np.int64(14), 2)): 54644.0, ((9, np.int64(58), np.int64(14), 2), (29, np.int64(51), np.int64(16), 2)): 54644.0, ((29, np.int64(51), np.int64(16), 2), (32, np.int64(15), np.int64(21), 1)): 54644.0, ((32, np.int64(15), np.int64(21), 1), (32, np.int64(15), 35, 1)): 54644.0, ((31, np.int64(98), np.int64(13), 3), (3, np.int64(79), np.int64(17), 2)): 5157.0, ((3, np.int64(79), np.int64(17), 2), (9, np.int64(42), np.int64(24), 2)): 5157.0, ((9, np.int64(42), np.int64(24), 2), (29, np.int64(35), np.int64(26), 1)): 5157.0, ((29, np.int64(35), np.int64(26), 1), (29, np.int64(35), 35, 1)): 5157.0, ((15, np.int64(96), np.int64(14), 3), (12, np.int64(94), np.int64(15), 3)): 2361.0, ((12, np.int64(94), np.int64(15), 3), (12, np.int64(94), np.int64(20), 3)): 2361.0, ((12, np.int64(94), np.int64(20), 3), (9, np.int64(56), np.int64(27), 2)): 2361.0, ((9, np.int64(56), np.int64(27), 2), (29, np.int64(49), np.int64(29), 2)): 2361.0, ((29, np.int64(49), np.int64(29), 2), (32, np.int64(13), np.int64(34), 1)): 2361.0, ((32, np.int64(13), np.int64(34), 1), (32, np.int64(13), 35, 1)): 2361.0, ((31, np.int64(100), np.int64(0), 3), (15, np.int64(96), np.int64(1), 3)): 38.0, ((15, np.int64(96), np.int64(1), 3), (31, np.int64(94), np.int64(2), 3)): 38.0, ((31, np.int64(94), np.int64(2), 3), (31, np.int64(94), 35, 3)): 38.0}}
a[ 20 ] =  1.0
a[ 36 ] =  1.0
n[ 9 ] =  14.0
n[ 11 ] =  22.0
n[ 25 ] =  14.0
'''''''''''''''''
Gurobi Optimizer version 13.0.1 build v13.0.1rc0 (linux64 - "Debian GNU/Linux 12 (bookworm)")

CPU model: AMD EPYC 7B12, instruction set [SSE2|AVX|AVX2]
Thread count: 1 physical cores, 2 logical processors, using up to 2 threads

Non-default parameters:
MIPGap  0.02

Academic license 937859 - for non-commercial use only - registered to hp___@cornell.edu
Optimize a model with 140318 rows, 308529 columns and 814751 nonzeros (Min)
Model fingerprint: 0x26240d44
Model has 199205 linear objective coefficients
Variable types: 5 continuous, 308524 integer (37 binary)
Coefficient statistics:
  Matrix range     [1e+00, 3e+04]
  Objective range  [6e-01, 2e+02]
  Bounds range     [1e+00, 1e+00]
  RHS range        [2e+00, 1e+100]
Warning: Model contains large rhs
         Consider reformulating model or setting NumericFocus parameter
         to avoid numerical issues.

MIP start from previous solve did not produce a new incumbent solution
MIP start from previous solve violates constraint flow_bal_load[(9,_np.int64(47),_np.int64(6),_2)] by 2.000000000

Presolve removed 102466 rows and 155830 columns (presolve time = 5s)...
Presolve removed 113192 rows and 197521 columns (presolve time = 10s)...
Presolve removed 113502 rows and 198233 columns
Presolve time: 11.31s
Presolved: 26816 rows, 110296 columns, 263673 nonzeros
Variable types: 0 continuous, 110296 integer (33 binary)

Root simplex log...

Iteration    Objective       Primal Inf.    Dual Inf.      Time
       0      handle free variables                         13s
    5146    5.5699661e+03   2.073612e+03   0.000000e+00     15s
   10286    6.6843652e+03   6.119568e+01   0.000000e+00     20s
   12593    7.2887173e+03   0.000000e+00   0.000000e+00     23s
   12593    7.2887173e+03   0.000000e+00   0.000000e+00     23s

Root relaxation: objective 7.288717e+03, 12593 iterations, 10.94 seconds (6.05 work units)

    Nodes    |    Current Node    |     Objective Bounds      |     Work
 Expl Unexpl |  Obj  Depth IntInf | Incumbent    BestBd   Gap | It/Node Time

     0     0 7288.71729    0   86          - 7288.71729      -     -   23s
H    0     0                    7928.1009132 7288.71729  8.06%     -   24s
H    0     0                    7927.6662100 7288.71729  8.06%     -   26s
     0     0 7339.65375    0   87 7927.66621 7339.65375  7.42%     -   28s
H    0     0                    7825.4388128 7339.71823  6.21%     -   28s
     0     0 7348.25835    0   99 7825.43881 7348.25835  6.10%     -   31s
     0     0 7355.26544    0  101 7825.43881 7355.26544  6.01%     -   33s
     0     0 7361.96705    0  103 7825.43881 7361.96705  5.92%     -   36s
     0     0 7361.96705    0  105 7825.43881 7361.96705  5.92%     -   36s
     0     0 7361.96705    0  107 7825.43881 7361.96705  5.92%     -   37s
     0     0 7362.49914    0  107 7825.43881 7362.49914  5.92%     -   39s
     0     0 7362.49914    0  109 7825.43881 7362.49914  5.92%     -   41s
     0     0 7362.49914    0  112 7825.43881 7362.49914  5.92%     -   42s
     0     0 7362.49914    0  111 7825.43881 7362.49914  5.92%     -   42s
     0     0 7362.49914    0  113 7825.43881 7362.49914  5.92%     -   46s
     0     0 7362.49914    0  111 7825.43881 7362.49914  5.92%     -   46s
H    0     0                    7825.4386360 7362.49914  5.92%     -   48s
     0     0 7362.49914    0  110 7825.43864 7362.49914  5.92%     -   48s
     0     0 7362.49914    0  110 7825.43864 7362.49914  5.92%     -   48s
     0     0 7362.49914    0  110 7825.43864 7362.49914  5.92%     -   49s
     0     0 7362.49914    0  112 7825.43864 7362.49914  5.92%     -   49s
     0     0 7362.49914    0  115 7825.43864 7362.49914  5.92%     -   49s
     0     0 7363.39142    0  115 7825.43864 7363.39142  5.90%     -   50s
     0     0 7363.39142    0  115 7825.43864 7363.39142  5.90%     -   52s
     0     0 7363.39142    0  115 7825.43864 7363.39142  5.90%     -   52s
     0     0 7363.39142    0  115 7825.43864 7363.39142  5.90%     -   52s
     0     0 7363.39142    0  115 7825.43864 7363.39142  5.90%     -   53s
     0     0 7363.39142    0  115 7825.43864 7363.39142  5.90%     -   53s
     0     0 7363.39142    0  101 7825.43864 7363.39142  5.90%     -   53s
     0     2 7363.41576    0  101 7825.43864 7363.41576  5.90%     -   58s
     8     2 7704.39074    2   10 7825.43864 7704.39074  1.55%  95.1   60s

Cutting planes:
  MIR: 6

Explored 9 nodes (30155 simplex iterations) in 60.29 seconds (21.59 work units)
Thread count was 2 (of 2 available processors)

Solution count 4: 7825.44 7825.44 7927.67 7928.1 

Optimal solution found (tolerance 2.00e-02)
Best objective 7.825438636356e+03, best bound 7.704390737117e+03, gap 1.5469%
Iteration:  9
Size of network:  9111  nodes,  154216  edges
Obj Value:  7825.438636356303
x_load: {((11, 18, 6, 1), (11, 69, 6, 2), 0): 22.0, ((11, 69, 6, 2), (26, 6, 11, 0), 0): 22.0, ((26, 6, 11, 0), (26, 6, 35, 0), 0): 22.0, ((9, 47, 1, 2), (9, 100, 1, 3), 0): 14.0, ((35, 75, 1, 2), (9, 47, 1, 2), 0): 14.0, ((9, 100, 1, 3), (36, 41, 6, 2), 0): 14.0, ((36, 59, 6, 2), (36, 80, 6, 3), 0): 14.0, ((36, 41, 6, 2), (36, 59, 6, 2), 0): 14.0, ((20, 0, 16, 0), (20, 0, 35, 0), 0): 14.0, ((36, 80, 6, 3), (20, 0, 16, 0), 0): 14.0, ((26, 6, 0, 0), (26, 6, 35, 0), 0): 2.0, ((31, 40, 0, 2), (31, 40, 35, 2), 0): 2.0, ((31, 100, 0, 3), (11, 18, 6, 1), 0): 22.0, ((31, 100, 0, 3), (35, 75, 1, 2), 0): 14.0}
x_ener: {((0, 62, 1, 2), (10, 62, 1, 2), 0): 8568.0, ((30, 7, 1, 0), (31, 0, 1, 0), 0): 152.0, ((12, 7, 6, 0), (31, 6, 6, 0), 1): 76.0, ((30, 8, 1, 0), (12, 7, 1, 0), 0): 38.0, ((31, 6, 6, 0), (31, 6, 35, 0), 0): 76.0, ((15, 5, 6, 0), (12, 7, 6, 0), 1): 76.0, ((30, 18, 1, 1), (31, 12, 1, 1), 0): 228.0, ((31, 8, 6, 0), (31, 8, 35, 0), 0): 14.0, ((31, 10, 6, 1), (31, 10, 35, 1), 0): 38.0, ((15, 10, 6, 1), (31, 8, 6, 0), 0): 14.0, ((31, 12, 6, 1), (31, 12, 35, 1), 0): 38.0, ((30, 26, 1, 1), (31, 21, 1, 1), 0): 76.0, ((31, 18, 6, 1), (31, 18, 35, 1), 0): 76.0, ((10, 59, 1, 2), (2, 59, 1, 2), 0): 8533.0, ((2, 59, 1, 2), (0, 62, 1, 2), 0): 4284.0, ((2, 59, 1, 2), (10, 59, 1, 2), 0): 8498.0, ((10, 62, 1, 2), (0, 62, 1, 2), 0): 4249.0, ((10, 62, 1, 2), (2, 59, 1, 2), 0): 4249.0, ((10, 62, 1, 2), (2, 62, 1, 2), 0): 70.0, ((11, 18, 6, 1), (11, 18, 11, 1), 0): 22.0, ((30, 39, 1, 1), (12, 33, 1, 1), 0): 76.0, ((2, 62, 1, 2), (0, 62, 1, 2), 0): 35.0, ((2, 62, 1, 2), (10, 59, 1, 2), 0): 35.0, ((30, 35, 1, 1), (31, 29, 1, 1), 0): 114.0, ((35, 27, 6, 1), (31, 10, 6, 1), 0): 38.0, ((30, 51, 1, 2), (35, 29, 1, 1), 0): 76.0, ((30, 42, 1, 2), (12, 35, 1, 1), 0): 38.0, ((35, 33, 6, 1), (31, 18, 6, 1), 0): 76.0, ((12, 70, 6, 2), (31, 70, 6, 2), 1): 62200.0, ((30, 68, 1, 2), (31, 61, 1, 2), 0): 38.0, ((17, 44, 6, 2), (35, 22, 6, 1), 0): 38.0, ((30, 73, 1, 2), (35, 52, 1, 2), 0): 38.0, ((31, 70, 6, 2), (31, 70, 11, 2), 0): 62200.0, ((11, 69, 6, 2), (26, 6, 11, 0), 0): 22.0, ((17, 47, 6, 2), (31, 15, 11, 1), 0): 38.0, ((30, 62, 1, 2), (35, 40, 1, 2), 0): 76.0, ((30, 78, 1, 2), (15, 74, 1, 2), 0): 38.0, ((0, 40, 6, 2), (31, 8, 11, 0), 0): 38.0, ((8, 40, 6, 2), (31, 6, 11, 0), 0): 38.0, ((0, 30, 6, 1), (30, 7, 11, 0), 0): 152.0, ((0, 32, 6, 1), (30, 7, 11, 0), 0): 38.0, ((0, 42, 6, 2), (10, 40, 6, 2), 0): 38.0, ((0, 51, 6, 2), (10, 49, 6, 2), 0): 76.0, ((0, 52, 6, 2), (15, 20, 11, 1), 0): 38.0, ((0, 73, 6, 2), (2, 73, 6, 2), 1): 2227.0, ((30, 7, 11, 0), (31, 0, 11, 0), 0): 190.0, ((12, 7, 11, 0), (31, 6, 11, 0), 1): 152.0, ((31, 0, 11, 0), (31, 0, 35, 0), 0): 190.0, ((10, 36, 6, 1), (31, 6, 11, 0), 0): 38.0, ((31, 6, 11, 0), (31, 6, 35, 0), 0): 2553.0, ((15, 5, 11, 0), (31, 6, 11, 0), 1): 76.0, ((10, 39, 6, 1), (12, 7, 11, 0), 0): 38.0, ((31, 8, 11, 0), (31, 8, 35, 0), 0): 76.0, ((2, 35, 6, 1), (10, 36, 6, 1), 0): 38.0, ((10, 40, 6, 2), (0, 40, 6, 2), 0): 38.0, ((3, 23, 11, 1), (31, 6, 11, 0), 0): 2249.0, ((10, 48, 6, 2), (31, 15, 11, 1), 0): 76.0, ((10, 49, 6, 2), (12, 15, 11, 1), 0): 114.0, ((15, 20, 11, 1), (31, 18, 11, 1), 1): 2265.0, ((31, 18, 11, 1), (31, 18, 35, 1), 0): 2265.0, ((31, 21, 11, 1), (31, 21, 35, 1), 0): 2227.0, ((4, 40, 11, 2), (30, 7, 16, 0), 0): 1787.0, ((8, 39, 11, 1), (31, 0, 16, 0), 0): 2249.0, ((11, 18, 11, 1), (11, 18, 35, 1), 0): 22.0, ((12, 15, 11, 1), (31, 15, 11, 1), 1): 152.0, ((31, 15, 11, 1), (31, 15, 35, 1), 0): 266.0, ((2, 73, 6, 2), (31, 35, 11, 1), 0): 2227.0, ((10, 76, 6, 2), (2, 76, 6, 2), 0): 17376.0, ((15, 24, 11, 1), (31, 24, 11, 1), 0): 2227.0, ((2, 76, 6, 2), (0, 73, 6, 2), 0): 2227.0, ((2, 76, 6, 2), (3, 23, 11, 1), 0): 2227.0, ((2, 76, 6, 2), (4, 40, 11, 2), 0): 1787.0, ((2, 76, 6, 2), (8, 39, 11, 1), 0): 2227.0, ((2, 76, 6, 2), (12, 24, 11, 1), 0): 2227.0, ((2, 76, 6, 2), (15, 20, 11, 1), 0): 2227.0, ((2, 76, 6, 2), (30, 31, 11, 1), 0): 2227.0, ((2, 76, 6, 2), (31, 21, 11, 1), 0): 2227.0, ((12, 70, 11, 2), (32, 28, 16, 1), 0): 54682.0, ((12, 70, 11, 2), (12, 70, 16, 2), 0): 7518.0, ((31, 70, 11, 2), (12, 70, 11, 2), 1): 62200.0, ((30, 7, 16, 0), (31, 0, 16, 0), 0): 1787.0, ((31, 0, 16, 0), (31, 0, 35, 0), 0): 4036.0, ((12, 70, 16, 2), (31, 70, 16, 2), 1): 2361.0, ((12, 70, 16, 2), (32, 28, 21, 1), 0): 5157.0, ((31, 70, 16, 2), (31, 70, 21, 2), 0): 2361.0, ((10, 17, 16, 1), (2, 14, 16, 1), 0): 34419056.0, ((2, 14, 16, 1), (10, 17, 16, 1), 0): 34419056.0, ((31, 0, 21, 0), (31, 0, 26, 0), 0): 109364.0, ((12, 70, 21, 2), (32, 28, 26, 1), 0): 2361.0, ((31, 70, 21, 2), (12, 70, 21, 2), 1): 2361.0, ((10, 17, 21, 1), (2, 14, 21, 1), 0): 7246088.0, ((2, 14, 21, 1), (10, 17, 21, 1), 0): 7246088.0, ((31, 0, 26, 0), (31, 0, 35, 0), 0): 119678.0, ((9, 0, 31, 0), (9, 0, 35, 0), 0): 14.0, ((10, 17, 26, 1), (2, 14, 26, 1), 0): 1287254.0, ((2, 14, 26, 1), (10, 17, 26, 1), 0): 1287254.0, ((31, 0, 31, 0), (31, 0, 35, 0), 0): 4722.0, ((10, 17, 31, 1), (2, 14, 31, 1), 0): 125559.0, ((2, 14, 31, 1), (10, 17, 31, 1), 0): 125559.0, ((2, 42, 6, 2), (15, 5, 11, 0), 0): 38.0, ((35, 22, 6, 1), (15, 5, 6, 0), 0): 76.0, ((8, 45, 6, 2), (3, 23, 11, 1), 0): 22.0, ((12, 24, 11, 1), (15, 24, 11, 1), 1): 2227.0, ((30, 31, 11, 1), (31, 24, 11, 1), 0): 2227.0, ((31, 24, 11, 1), (31, 24, 35, 1), 0): 4454.0, ((31, 35, 11, 1), (31, 35, 35, 1), 0): 2227.0, ((32, 28, 16, 1), (31, 0, 21, 0), 0): 109364.0, ((32, 28, 21, 1), (31, 0, 26, 0), 0): 10314.0, ((32, 28, 26, 1), (31, 0, 31, 0), 0): 4722.0, ((3, 23, 1, 1), (31, 6, 1, 0), 0): 152.0, ((3, 24, 1, 1), (31, 6, 1, 0), 0): 152.0, ((3, 26, 1, 1), (12, 7, 1, 0), 0): 38.0, ((3, 29, 1, 1), (31, 10, 1, 1), 0): 38.0, ((3, 33, 1, 1), (31, 15, 1, 1), 0): 76.0, ((3, 43, 1, 2), (15, 24, 1, 1), 0): 38.0, ((3, 44, 1, 2), (6, 24, 1, 1), 0): 38.0, ((3, 47, 1, 2), (15, 26, 1, 1), 0): 38.0, ((3, 48, 1, 2), (6, 27, 1, 1), 0): 38.0, ((3, 50, 1, 2), (31, 31, 1, 1), 0): 38.0, ((3, 52, 1, 2), (12, 33, 1, 1), 0): 38.0, ((3, 53, 1, 2), (31, 35, 1, 1), 0): 38.0, ((3, 55, 1, 2), (15, 36, 1, 1), 0): 38.0, ((3, 66, 1, 2), (12, 47, 1, 2), 0): 76.0, ((3, 71, 1, 2), (31, 52, 1, 2), 0): 38.0, ((3, 72, 1, 2), (35, 52, 1, 2), 0): 38.0, ((3, 78, 1, 2), (15, 60, 1, 2), 0): 38.0, ((3, 100, 1, 3), (11, 69, 6, 2), 0): 22.0, ((12, 7, 1, 0), (31, 6, 1, 0), 1): 646.0, ((31, 6, 1, 0), (31, 6, 35, 0), 0): 950.0, ((15, 5, 1, 0), (12, 7, 1, 0), 1): 494.0, ((31, 8, 1, 0), (31, 8, 35, 0), 0): 76.0, ((31, 10, 1, 1), (31, 10, 35, 1), 0): 190.0, ((12, 10, 1, 1), (30, 7, 1, 0), 0): 38.0, ((31, 12, 1, 1), (31, 12, 35, 1), 0): 494.0, ((12, 13, 1, 1), (15, 12, 1, 1), 0): 38.0, ((15, 12, 1, 1), (30, 7, 1, 0), 0): 76.0, ((31, 15, 1, 1), (31, 15, 35, 1), 0): 342.0, ((12, 15, 1, 1), (31, 15, 1, 1), 1): 38.0, ((15, 14, 1, 1), (31, 12, 1, 1), 0): 38.0, ((30, 21, 1, 1), (31, 15, 1, 1), 0): 76.0, ((31, 18, 1, 1), (31, 18, 35, 1), 0): 342.0, ((6, 19, 1, 1), (35, 22, 1, 1), 0): 228.0, ((12, 21, 1, 1), (31, 21, 1, 1), 1): 114.0, ((15, 20, 1, 1), (31, 18, 1, 1), 1): 190.0, ((31, 21, 1, 1), (31, 21, 35, 1), 0): 190.0, ((35, 22, 1, 1), (15, 5, 1, 0), 0): 418.0, ((6, 24, 1, 1), (31, 12, 1, 1), 0): 152.0, ((12, 24, 1, 1), (15, 24, 1, 1), 1): 76.0, ((15, 24, 1, 1), (31, 24, 1, 1), 0): 342.0, ((30, 28, 1, 1), (12, 21, 1, 1), 0): 38.0, ((31, 24, 1, 1), (31, 24, 35, 1), 0): 608.0, ((6, 13, 1, 1), (31, 0, 1, 0), 0): 38.0, ((30, 22, 1, 1), (12, 15, 1, 1), 0): 38.0, ((30, 30, 1, 1), (15, 24, 1, 1), 0): 152.0, ((6, 26, 1, 1), (31, 15, 1, 1), 0): 76.0, ((12, 17, 1, 1), (31, 18, 1, 1), 0): 38.0, ((12, 27, 1, 1), (31, 27, 1, 1), 0): 76.0, ((30, 31, 1, 1), (31, 24, 1, 1), 0): 38.0, ((31, 27, 1, 1), (31, 27, 35, 1), 0): 152.0, ((12, 19, 1, 1), (15, 20, 1, 1), 1): 38.0, ((15, 26, 1, 1), (30, 18, 1, 1), 0): 114.0, ((30, 34, 1, 1), (12, 27, 1, 1), 0): 38.0, ((31, 29, 1, 1), (31, 29, 35, 1), 0): 228.0, ((35, 27, 1, 1), (31, 10, 1, 1), 0): 152.0, ((6, 27, 1, 1), (31, 15, 1, 1), 0): 38.0, ((12, 29, 1, 1), (31, 29, 1, 1), 0): 114.0, ((6, 29, 1, 1), (31, 18, 1, 1), 0): 38.0, ((15, 28, 1, 1), (31, 27, 1, 1), 0): 76.0, ((12, 30, 1, 1), (6, 19, 1, 1), 0): 38.0, ((31, 31, 1, 1), (31, 31, 35, 1), 0): 190.0, ((6, 20, 1, 1), (35, 22, 1, 1), 0): 38.0, ((6, 31, 1, 1), (15, 20, 1, 1), 0): 76.0, ((12, 33, 1, 1), (31, 32, 1, 1), 0): 152.0, ((15, 30, 1, 1), (12, 29, 1, 1), 0): 38.0, ((31, 32, 1, 1), (31, 32, 35, 1), 0): 152.0, ((6, 21, 1, 1), (31, 8, 1, 0), 0): 38.0, ((31, 35, 1, 1), (31, 35, 35, 1), 0): 494.0, ((35, 29, 1, 1), (31, 12, 1, 1), 0): 76.0, ((6, 34, 1, 1), (12, 21, 1, 1), 0): 76.0, ((15, 31, 1, 1), (6, 19, 1, 1), 0): 38.0, ((35, 30, 1, 1), (31, 15, 1, 1), 0): 38.0, ((12, 35, 1, 1), (31, 35, 1, 1), 1): 418.0, ((15, 36, 1, 1), (12, 35, 1, 1), 0): 342.0, ((30, 40, 1, 2), (31, 35, 1, 1), 0): 38.0, ((35, 33, 1, 1), (31, 18, 1, 1), 0): 38.0, ((6, 40, 1, 2), (35, 40, 1, 2), 0): 114.0, ((12, 38, 1, 1), (31, 38, 1, 1), 0): 38.0, ((30, 46, 1, 2), (31, 39, 1, 1), 0): 38.0, ((31, 39, 1, 1), (31, 39, 35, 1), 0): 76.0, ((35, 35, 1, 1), (31, 18, 1, 1), 0): 38.0, ((12, 37, 1, 1), (30, 30, 1, 1), 0): 76.0, ((12, 47, 1, 2), (31, 47, 1, 2), 0): 114.0, ((15, 44, 1, 2), (12, 44, 1, 2), 0): 38.0, ((31, 38, 1, 1), (31, 38, 35, 1), 0): 114.0, ((31, 47, 1, 2), (31, 47, 35, 2), 0): 304.0, ((35, 45, 1, 2), (6, 44, 1, 2), 0): 114.0, ((15, 46, 1, 2), (3, 24, 1, 1), 0): 76.0, ((31, 49, 1, 2), (31, 49, 35, 2), 0): 190.0, ((12, 40, 1, 2), (31, 39, 1, 1), 0): 38.0, ((12, 49, 1, 2), (31, 49, 1, 2), 0): 76.0, ((15, 37, 1, 1), (6, 24, 1, 1), 0): 38.0, ((15, 48, 1, 2), (31, 47, 1, 2), 0): 76.0, ((35, 40, 1, 2), (31, 24, 1, 1), 0): 228.0, ((35, 47, 1, 2), (3, 24, 1, 1), 0): 38.0, ((12, 44, 1, 2), (31, 44, 1, 2), 1): 114.0, ((15, 40, 1, 2), (31, 38, 1, 1), 0): 38.0, ((31, 44, 1, 2), (31, 44, 35, 2), 0): 114.0, ((31, 52, 1, 2), (31, 52, 35, 2), 0): 38.0, ((35, 48, 1, 2), (15, 30, 1, 1), 0): 38.0, ((6, 44, 1, 2), (31, 31, 1, 1), 0): 152.0, ((6, 53, 1, 2), (30, 35, 1, 1), 0): 76.0, ((9, 40, 6, 2), (12, 7, 11, 0), 0): 38.0, ((12, 53, 1, 2), (6, 40, 1, 2), 0): 38.0, ((31, 55, 1, 2), (31, 55, 35, 2), 0): 38.0, ((35, 52, 1, 2), (15, 36, 1, 1), 0): 152.0, ((6, 59, 1, 2), (31, 47, 1, 2), 0): 114.0, ((12, 58, 1, 2), (31, 59, 1, 2), 1): 152.0, ((15, 60, 1, 2), (12, 58, 1, 2), 1): 114.0, ((30, 66, 1, 2), (35, 45, 1, 2), 0): 76.0, ((31, 59, 1, 2), (31, 59, 35, 2), 0): 190.0, ((35, 55, 1, 2), (31, 38, 1, 1), 0): 38.0, ((9, 43, 6, 2), (35, 27, 6, 1), 0): 38.0, ((12, 70, 1, 2), (12, 70, 6, 2), 0): 62200.0, ((31, 61, 1, 2), (31, 61, 35, 2), 0): 38.0, ((35, 65, 1, 2), (31, 49, 1, 2), 0): 114.0, ((15, 68, 1, 2), (12, 70, 1, 2), 1): 62124.0, ((30, 86, 1, 3), (31, 80, 1, 3), 0): 38.0, ((31, 72, 1, 2), (31, 72, 35, 2), 0): 190.0, ((8, 44, 6, 2), (12, 7, 11, 0), 0): 38.0, ((3, 100, 6, 3), (9, 67, 11, 2), 0): 54682.0, ((35, 29, 6, 1), (31, 12, 6, 1), 0): 38.0, ((17, 49, 6, 2), (12, 15, 11, 1), 0): 38.0, ((17, 51, 6, 2), (35, 29, 6, 1), 0): 38.0, ((9, 67, 11, 2), (29, 64, 11, 2), 0): 54682.0, ((29, 64, 11, 2), (32, 28, 16, 1), 0): 54682.0, ((9, 67, 16, 2), (9, 67, 21, 2), 0): 2361.0, ((29, 64, 16, 2), (9, 67, 16, 2), 0): 2361.0, ((29, 64, 16, 2), (32, 28, 21, 1), 0): 5157.0, ((6, 79, 16, 2), (35, 80, 16, 3), 0): 7518.0, ((9, 67, 21, 2), (29, 64, 21, 2), 0): 2361.0, ((29, 64, 21, 2), (32, 28, 26, 1), 0): 2361.0, ((35, 80, 16, 3), (29, 64, 16, 2), 0): 7518.0, ((28, 31, 6, 1), (26, 6, 11, 0), 0): 2.0, ((26, 6, 11, 0), (26, 6, 35, 0), 0): 26.0, ((11, 100, 1, 3), (18, 100, 1, 3), 0): 22.0, ((18, 100, 1, 3), (18, 100, 6, 3), 0): 22.0, ((8, 42, 6, 2), (12, 7, 11, 0), 0): 38.0, ((28, 31, 11, 1), (26, 6, 16, 0), 0): 2.0, ((26, 6, 16, 0), (26, 6, 35, 0), 0): 2.0, ((18, 100, 6, 3), (11, 73, 6, 2), 0): 22.0, ((28, 31, 16, 1), (26, 6, 21, 0), 0): 2.0, ((26, 6, 21, 0), (26, 6, 26, 0), 0): 2.0, ((26, 12, 21, 1), (26, 12, 26, 1), 0): 16.0, ((26, 6, 26, 0), (26, 6, 35, 0), 0): 2.0, ((26, 12, 26, 1), (26, 12, 35, 1), 0): 16.0, ((5, 80, 21, 3), (26, 46, 26, 2), 0): 14.0, ((5, 80, 21, 3), (5, 80, 26, 3), 0): 12.0, ((5, 80, 11, 3), (26, 46, 16, 2), 0): 2.0, ((26, 46, 1, 2), (5, 26, 6, 1), 0): 2.0, ((26, 66, 1, 2), (28, 31, 6, 1), 0): 2.0, ((26, 66, 1, 2), (26, 66, 6, 2), 0): 4.0, ((26, 80, 1, 3), (26, 80, 6, 3), 0): 16.0, ((5, 26, 1, 1), (26, 6, 6, 0), 0): 4.0, ((5, 46, 11, 2), (5, 46, 16, 2), 0): 14.0, ((26, 6, 6, 0), (26, 6, 35, 0), 0): 6.0, ((26, 66, 6, 2), (28, 31, 11, 1), 0): 2.0, ((26, 66, 6, 2), (26, 66, 11, 2), 0): 2.0, ((26, 80, 6, 3), (5, 46, 11, 2), 0): 14.0, ((26, 80, 6, 3), (26, 80, 11, 3), 0): 2.0, ((5, 26, 6, 1), (26, 6, 11, 0), 0): 2.0, ((5, 46, 16, 2), (26, 12, 21, 1), 0): 16.0, ((5, 80, 26, 3), (26, 46, 31, 2), 0): 12.0, ((5, 80, 16, 3), (26, 46, 21, 2), 0): 6.0, ((5, 80, 16, 3), (5, 80, 21, 3), 0): 26.0, ((26, 66, 11, 2), (28, 31, 16, 1), 0): 2.0, ((26, 80, 11, 3), (5, 46, 16, 2), 0): 2.0, ((26, 46, 16, 2), (26, 46, 35, 2), 0): 2.0, ((26, 46, 21, 2), (26, 46, 35, 2), 0): 6.0, ((26, 46, 26, 2), (26, 46, 31, 2), 0): 14.0, ((26, 46, 31, 2), (26, 46, 35, 2), 0): 26.0, ((6, 64, 1, 2), (35, 65, 1, 2), 1): 76.0, ((31, 0, 1, 0), (31, 0, 35, 0), 0): 190.0, ((15, 10, 1, 1), (31, 8, 1, 0), 0): 38.0, ((15, 32, 1, 1), (6, 19, 1, 1), 0): 38.0, ((30, 19, 1, 1), (15, 10, 1, 1), 0): 38.0, ((12, 45, 1, 2), (3, 26, 1, 1), 0): 38.0, ((30, 41, 1, 2), (6, 24, 1, 1), 0): 38.0, ((12, 50, 1, 2), (35, 33, 1, 1), 0): 38.0, ((9, 47, 1, 2), (15, 10, 6, 1), 0): 14.0, ((35, 72, 1, 2), (31, 55, 1, 2), 0): 38.0, ((31, 70, 1, 2), (15, 68, 1, 2), 0): 62086.0, ((15, 66, 1, 2), (35, 48, 1, 2), 0): 38.0, ((35, 75, 1, 2), (9, 47, 1, 2), 0): 14.0, ((12, 77, 1, 2), (31, 76, 1, 2), 0): 114.0, ((12, 90, 1, 3), (12, 90, 6, 3), 0): 7518.0, ((15, 76, 1, 2), (12, 77, 1, 2), 0): 38.0, ((15, 86, 1, 3), (30, 78, 1, 2), 0): 38.0, ((31, 76, 1, 2), (31, 76, 35, 2), 0): 114.0, ((31, 90, 1, 3), (12, 90, 1, 3), 1): 7480.0, ((12, 79, 1, 2), (3, 66, 1, 2), 0): 38.0, ((29, 40, 6, 2), (35, 22, 6, 1), 0): 38.0, ((29, 49, 6, 2), (35, 33, 6, 1), 0): 76.0, ((9, 45, 6, 2), (31, 8, 11, 0), 0): 38.0, ((12, 90, 6, 3), (12, 90, 11, 3), 0): 7518.0, ((12, 90, 11, 3), (12, 90, 16, 3), 0): 7518.0, ((12, 90, 16, 3), (6, 79, 16, 2), 0): 7518.0, ((36, 39, 26, 1), (36, 40, 26, 2), 0): 14.0, ((36, 40, 26, 2), (36, 41, 26, 2), 0): 14.0, ((9, 100, 1, 3), (36, 41, 6, 2), 0): 14.0, ((35, 53, 1, 2), (15, 36, 1, 1), 0): 38.0, ((16, 41, 6, 2), (15, 5, 11, 0), 0): 38.0, ((36, 59, 6, 2), (36, 80, 6, 3), 0): 14.0, ((9, 100, 0, 3), (9, 100, 1, 3), 0): 14.0, ((36, 41, 6, 2), (36, 59, 6, 2), 0): 14.0, ((36, 41, 26, 2), (9, 0, 31, 0), 0): 14.0, ((28, 31, 1, 1), (26, 6, 6, 0), 0): 2.0, ((11, 100, 0, 3), (11, 100, 1, 3), 0): 22.0, ((11, 73, 6, 2), (8, 45, 6, 2), 0): 22.0, ((12, 97, 1, 3), (31, 96, 1, 3), 1): 190.0, ((12, 98, 1, 3), (3, 78, 1, 2), 0): 38.0, ((12, 100, 1, 3), (12, 100, 6, 3), 0): 54682.0, ((15, 74, 1, 2), (31, 72, 1, 2), 0): 190.0, ((15, 77, 1, 2), (3, 55, 1, 2), 0): 38.0, ((31, 80, 1, 3), (31, 80, 35, 3), 0): 38.0, ((15, 96, 1, 3), (12, 97, 1, 3), 1): 114.0, ((31, 96, 1, 3), (31, 96, 35, 3), 0): 190.0, ((31, 100, 1, 3), (3, 100, 1, 3), 0): 22.0, ((31, 100, 1, 3), (10, 76, 6, 2), 0): 17376.0, ((31, 100, 1, 3), (12, 100, 1, 3), 0): 54682.0, ((35, 73, 1, 2), (31, 59, 1, 2), 0): 38.0, ((12, 73, 1, 2), (15, 74, 1, 2), 1): 38.0, ((12, 78, 1, 2), (6, 64, 1, 2), 0): 38.0, ((12, 100, 6, 3), (31, 100, 6, 3), 0): 54682.0, ((31, 100, 6, 3), (3, 100, 6, 3), 0): 54682.0, ((20, 7, 16, 0), (20, 9, 16, 0), 0): 14.0, ((20, 9, 16, 0), (20, 10, 16, 1), 0): 14.0, ((20, 40, 16, 2), (20, 49, 16, 2), 0): 14.0, ((20, 29, 16, 1), (20, 40, 16, 2), 0): 14.0, ((20, 64, 16, 2), (20, 80, 16, 3), 0): 14.0, ((20, 27, 16, 1), (20, 29, 16, 1), 0): 14.0, ((20, 49, 16, 2), (24, 50, 16, 2), 0): 14.0, ((24, 50, 16, 2), (20, 64, 16, 2), 0): 14.0, ((20, 80, 16, 3), (24, 80, 16, 3), 1): 14.0, ((20, 0, 16, 0), (20, 7, 16, 0), 0): 14.0, ((20, 10, 16, 1), (20, 27, 16, 1), 0): 14.0, ((24, 80, 16, 3), (36, 39, 26, 1), 0): 14.0, ((36, 80, 6, 3), (20, 0, 16, 0), 0): 14.0, ((26, 46, 0, 2), (5, 26, 1, 1), 0): 4.0, ((26, 46, 0, 2), (26, 46, 1, 2), 0): 2.0, ((26, 66, 0, 2), (28, 31, 1, 1), 0): 2.0, ((26, 66, 0, 2), (26, 66, 1, 2), 0): 6.0, ((26, 80, 0, 3), (26, 80, 1, 3), 0): 16.0, ((26, 100, 6, 3), (5, 80, 11, 3), 0): 2.0, ((26, 100, 6, 3), (26, 100, 11, 3), 0): 32.0, ((26, 100, 1, 3), (8, 39, 11, 1), 0): 22.0, ((26, 100, 1, 3), (26, 100, 6, 3), 0): 34.0, ((26, 100, 0, 3), (26, 100, 1, 3), 0): 56.0, ((26, 100, 11, 3), (5, 80, 16, 3), 0): 32.0, ((31, 6, 0, 0), (12, 7, 1, 0), 0): 38.0, ((31, 6, 0, 0), (15, 5, 1, 0), 0): 38.0, ((31, 8, 0, 0), (12, 7, 1, 0), 0): 38.0, ((31, 8, 0, 0), (15, 5, 1, 0), 0): 38.0, ((31, 12, 0, 1), (12, 10, 1, 1), 0): 38.0, ((31, 15, 0, 1), (12, 13, 1, 1), 0): 38.0, ((31, 15, 0, 1), (15, 12, 1, 1), 0): 38.0, ((31, 15, 0, 1), (30, 7, 1, 0), 0): 38.0, ((31, 18, 0, 1), (12, 17, 1, 1), 0): 38.0, ((31, 18, 0, 1), (15, 14, 1, 1), 0): 38.0, ((31, 18, 0, 1), (30, 8, 1, 0), 0): 38.0, ((31, 21, 0, 1), (12, 19, 1, 1), 0): 38.0, ((31, 21, 0, 1), (15, 20, 1, 1), 0): 38.0, ((31, 24, 0, 1), (12, 24, 1, 1), 0): 38.0, ((31, 24, 0, 1), (15, 20, 1, 1), 0): 38.0, ((31, 24, 0, 1), (30, 18, 1, 1), 0): 38.0, ((31, 25, 0, 1), (12, 24, 1, 1), 0): 38.0, ((31, 25, 0, 1), (15, 24, 1, 1), 0): 38.0, ((31, 25, 0, 1), (30, 18, 1, 1), 0): 38.0, ((31, 27, 0, 1), (15, 24, 1, 1), 0): 38.0, ((31, 27, 0, 1), (30, 18, 1, 1), 0): 38.0, ((31, 29, 0, 1), (12, 27, 1, 1), 0): 38.0, ((31, 29, 0, 1), (15, 26, 1, 1), 0): 38.0, ((31, 29, 0, 1), (30, 19, 1, 1), 0): 38.0, ((31, 30, 0, 1), (12, 29, 1, 1), 0): 38.0, ((31, 30, 0, 1), (15, 26, 1, 1), 0): 38.0, ((31, 30, 0, 1), (30, 21, 1, 1), 0): 38.0, ((31, 31, 0, 1), (12, 29, 1, 1), 0): 38.0, ((31, 31, 0, 1), (15, 28, 1, 1), 0): 38.0, ((31, 31, 0, 1), (30, 21, 1, 1), 0): 38.0, ((31, 32, 0, 1), (6, 13, 1, 1), 0): 38.0, ((31, 32, 0, 1), (12, 30, 1, 1), 0): 38.0, ((31, 32, 0, 1), (15, 28, 1, 1), 0): 38.0, ((31, 32, 0, 1), (30, 22, 1, 1), 0): 38.0, ((31, 35, 0, 1), (6, 19, 1, 1), 0): 38.0, ((31, 35, 0, 1), (12, 33, 1, 1), 0): 38.0, ((31, 35, 0, 1), (15, 31, 1, 1), 0): 38.0, ((31, 35, 0, 1), (30, 26, 1, 1), 0): 38.0, ((31, 36, 0, 1), (6, 19, 1, 1), 0): 38.0, ((31, 36, 0, 1), (12, 35, 1, 1), 0): 38.0, ((31, 36, 0, 1), (15, 32, 1, 1), 0): 38.0, ((31, 36, 0, 1), (30, 26, 1, 1), 0): 38.0, ((31, 38, 0, 1), (6, 19, 1, 1), 0): 38.0, ((31, 38, 0, 1), (12, 37, 1, 1), 0): 38.0, ((31, 38, 0, 1), (15, 36, 1, 1), 0): 38.0, ((31, 38, 0, 1), (30, 28, 1, 1), 0): 38.0, ((31, 39, 0, 1), (6, 20, 1, 1), 0): 38.0, ((31, 39, 0, 1), (12, 37, 1, 1), 0): 38.0, ((31, 39, 0, 1), (15, 36, 1, 1), 0): 38.0, ((31, 39, 0, 1), (30, 30, 1, 1), 0): 38.0, ((31, 40, 0, 2), (6, 21, 1, 1), 0): 38.0, ((31, 40, 0, 2), (12, 38, 1, 1), 0): 38.0, ((31, 40, 0, 2), (15, 36, 1, 1), 0): 38.0, ((31, 40, 0, 2), (30, 30, 1, 1), 0): 38.0, ((31, 41, 0, 2), (6, 24, 1, 1), 0): 38.0, ((31, 41, 0, 2), (12, 40, 1, 2), 0): 38.0, ((31, 41, 0, 2), (15, 37, 1, 1), 0): 38.0, ((31, 41, 0, 2), (30, 31, 1, 1), 0): 38.0, ((31, 41, 0, 2), (35, 22, 1, 1), 0): 38.0, ((31, 44, 0, 2), (6, 26, 1, 1), 0): 38.0, ((31, 44, 0, 2), (12, 44, 1, 2), 0): 38.0, ((31, 44, 0, 2), (15, 40, 1, 2), 0): 38.0, ((31, 44, 0, 2), (30, 34, 1, 1), 0): 38.0, ((31, 44, 0, 2), (35, 22, 1, 1), 0): 38.0, ((31, 45, 0, 2), (6, 26, 1, 1), 0): 38.0, ((31, 45, 0, 2), (12, 44, 1, 2), 0): 38.0, ((31, 45, 0, 2), (30, 35, 1, 1), 0): 38.0, ((31, 45, 0, 2), (35, 22, 1, 1), 0): 38.0, ((31, 47, 0, 2), (3, 23, 1, 1), 0): 38.0, ((31, 47, 0, 2), (6, 29, 1, 1), 0): 38.0, ((31, 47, 0, 2), (12, 45, 1, 2), 0): 38.0, ((31, 47, 0, 2), (15, 44, 1, 2), 0): 38.0, ((31, 47, 0, 2), (30, 39, 1, 1), 0): 38.0, ((31, 47, 0, 2), (35, 22, 1, 1), 0): 38.0, ((31, 49, 0, 2), (3, 23, 1, 1), 0): 38.0, ((31, 49, 0, 2), (6, 31, 1, 1), 0): 38.0, ((31, 49, 0, 2), (12, 47, 1, 2), 0): 38.0, ((31, 49, 0, 2), (15, 46, 1, 2), 0): 38.0, ((31, 49, 0, 2), (30, 39, 1, 1), 0): 38.0, ((31, 49, 0, 2), (35, 27, 1, 1), 0): 38.0, ((31, 50, 0, 2), (3, 23, 1, 1), 0): 38.0, ((31, 50, 0, 2), (6, 31, 1, 1), 0): 38.0, ((31, 50, 0, 2), (12, 49, 1, 2), 0): 38.0, ((31, 50, 0, 2), (15, 46, 1, 2), 0): 38.0, ((31, 50, 0, 2), (30, 40, 1, 2), 0): 38.0, ((31, 50, 0, 2), (35, 27, 1, 1), 0): 38.0, ((31, 51, 0, 2), (3, 23, 1, 1), 0): 38.0, ((31, 51, 0, 2), (6, 34, 1, 1), 0): 38.0, ((31, 51, 0, 2), (12, 49, 1, 2), 0): 38.0, ((31, 51, 0, 2), (15, 48, 1, 2), 0): 38.0, ((31, 51, 0, 2), (30, 41, 1, 2), 0): 38.0, ((31, 51, 0, 2), (35, 27, 1, 1), 0): 38.0, ((31, 52, 0, 2), (3, 24, 1, 1), 0): 38.0, ((31, 52, 0, 2), (6, 34, 1, 1), 0): 38.0, ((31, 52, 0, 2), (12, 50, 1, 2), 0): 38.0, ((31, 52, 0, 2), (15, 48, 1, 2), 0): 38.0, ((31, 52, 0, 2), (30, 42, 1, 2), 0): 38.0, ((31, 52, 0, 2), (35, 27, 1, 1), 0): 38.0, ((31, 55, 0, 2), (3, 29, 1, 1), 0): 38.0, ((31, 55, 0, 2), (6, 40, 1, 2), 0): 38.0, ((31, 55, 0, 2), (12, 53, 1, 2), 0): 38.0, ((31, 55, 0, 2), (30, 46, 1, 2), 0): 38.0, ((31, 55, 0, 2), (35, 30, 1, 1), 0): 38.0, ((31, 59, 0, 2), (3, 33, 1, 1), 0): 38.0, ((31, 59, 0, 2), (6, 40, 1, 2), 0): 38.0, ((31, 59, 0, 2), (12, 58, 1, 2), 0): 38.0, ((31, 59, 0, 2), (15, 60, 1, 2), 0): 38.0, ((31, 59, 0, 2), (30, 51, 1, 2), 0): 38.0, ((31, 59, 0, 2), (35, 35, 1, 1), 0): 38.0, ((31, 61, 0, 2), (3, 33, 1, 1), 0): 38.0, ((31, 61, 0, 2), (6, 44, 1, 2), 0): 38.0, ((31, 61, 0, 2), (15, 60, 1, 2), 0): 38.0, ((31, 61, 0, 2), (30, 51, 1, 2), 0): 38.0, ((31, 61, 0, 2), (35, 40, 1, 2), 0): 38.0, ((31, 70, 0, 2), (3, 43, 1, 2), 0): 38.0, ((31, 70, 0, 2), (6, 53, 1, 2), 0): 38.0, ((31, 70, 0, 2), (12, 70, 1, 2), 0): 38.0, ((31, 70, 0, 2), (15, 66, 1, 2), 0): 38.0, ((31, 70, 0, 2), (30, 62, 1, 2), 0): 38.0, ((31, 70, 0, 2), (35, 45, 1, 2), 0): 38.0, ((31, 70, 0, 2), (31, 70, 1, 2), 0): 62086.0, ((31, 72, 0, 2), (0, 30, 6, 1), 0): 38.0, ((31, 72, 0, 2), (3, 44, 1, 2), 0): 38.0, ((31, 72, 0, 2), (6, 53, 1, 2), 0): 38.0, ((31, 72, 0, 2), (12, 70, 1, 2), 0): 38.0, ((31, 72, 0, 2), (15, 68, 1, 2), 0): 38.0, ((31, 72, 0, 2), (30, 62, 1, 2), 0): 38.0, ((31, 72, 0, 2), (35, 47, 1, 2), 0): 38.0, ((31, 75, 0, 2), (0, 30, 6, 1), 0): 38.0, ((31, 75, 0, 2), (3, 47, 1, 2), 0): 38.0, ((31, 75, 0, 2), (6, 59, 1, 2), 0): 38.0, ((31, 75, 0, 2), (12, 73, 1, 2), 0): 38.0, ((31, 75, 0, 2), (15, 74, 1, 2), 0): 38.0, ((31, 75, 0, 2), (30, 66, 1, 2), 0): 38.0, ((31, 75, 0, 2), (35, 52, 1, 2), 0): 38.0, ((31, 76, 0, 2), (0, 30, 6, 1), 0): 38.0, ((31, 76, 0, 2), (3, 48, 1, 2), 0): 38.0, ((31, 76, 0, 2), (6, 59, 1, 2), 0): 38.0, ((31, 76, 0, 2), (12, 77, 1, 2), 0): 38.0, ((31, 76, 0, 2), (15, 74, 1, 2), 0): 38.0, ((31, 76, 0, 2), (30, 66, 1, 2), 0): 38.0, ((31, 76, 0, 2), (35, 52, 1, 2), 0): 38.0, ((31, 78, 0, 2), (0, 30, 6, 1), 0): 38.0, ((31, 78, 0, 2), (3, 50, 1, 2), 0): 38.0, ((31, 78, 0, 2), (6, 59, 1, 2), 0): 38.0, ((31, 78, 0, 2), (12, 77, 1, 2), 0): 38.0, ((31, 78, 0, 2), (15, 74, 1, 2), 0): 38.0, ((31, 78, 0, 2), (30, 68, 1, 2), 0): 38.0, ((31, 78, 0, 2), (35, 53, 1, 2), 0): 38.0, ((31, 80, 0, 3), (0, 32, 6, 1), 0): 38.0, ((31, 80, 0, 3), (3, 52, 1, 2), 0): 38.0, ((31, 80, 0, 3), (12, 78, 1, 2), 0): 38.0, ((31, 80, 0, 3), (15, 76, 1, 2), 0): 38.0, ((31, 80, 0, 3), (35, 55, 1, 2), 0): 38.0, ((31, 81, 0, 3), (3, 53, 1, 2), 0): 38.0, ((31, 81, 0, 3), (6, 64, 1, 2), 0): 38.0, ((31, 81, 0, 3), (12, 79, 1, 2), 0): 38.0, ((31, 81, 0, 3), (15, 77, 1, 2), 0): 38.0, ((31, 81, 0, 3), (30, 73, 1, 2), 0): 38.0, ((31, 90, 0, 3), (0, 42, 6, 2), 0): 38.0, ((31, 90, 0, 3), (2, 35, 6, 1), 0): 38.0, ((31, 90, 0, 3), (3, 66, 1, 2), 0): 38.0, ((31, 90, 0, 3), (9, 40, 6, 2), 0): 38.0, ((31, 90, 0, 3), (10, 39, 6, 1), 0): 38.0, ((31, 90, 0, 3), (12, 90, 1, 3), 0): 38.0, ((31, 90, 0, 3), (15, 86, 1, 3), 0): 38.0, ((31, 90, 0, 3), (17, 44, 6, 2), 0): 38.0, ((31, 90, 0, 3), (29, 40, 6, 2), 0): 38.0, ((31, 90, 0, 3), (35, 65, 1, 2), 0): 38.0, ((31, 90, 0, 3), (31, 90, 1, 3), 0): 7480.0, ((31, 96, 0, 3), (0, 51, 6, 2), 0): 38.0, ((31, 96, 0, 3), (2, 42, 6, 2), 0): 38.0, ((31, 96, 0, 3), (8, 40, 6, 2), 0): 38.0, ((31, 96, 0, 3), (9, 43, 6, 2), 0): 38.0, ((31, 96, 0, 3), (10, 48, 6, 2), 0): 38.0, ((31, 96, 0, 3), (12, 97, 1, 3), 0): 38.0, ((31, 96, 0, 3), (15, 96, 1, 3), 0): 38.0, ((31, 96, 0, 3), (17, 47, 6, 2), 0): 38.0, ((31, 96, 0, 3), (29, 49, 6, 2), 0): 38.0, ((31, 96, 0, 3), (30, 86, 1, 3), 0): 38.0, ((31, 96, 0, 3), (35, 72, 1, 2), 0): 38.0, ((31, 98, 0, 3), (0, 51, 6, 2), 0): 38.0, ((31, 98, 0, 3), (3, 71, 1, 2), 0): 38.0, ((31, 98, 0, 3), (8, 42, 6, 2), 0): 38.0, ((31, 98, 0, 3), (9, 45, 6, 2), 0): 38.0, ((31, 98, 0, 3), (10, 48, 6, 2), 0): 38.0, ((31, 98, 0, 3), (12, 97, 1, 3), 0): 38.0, ((31, 98, 0, 3), (15, 96, 1, 3), 0): 38.0, ((31, 98, 0, 3), (17, 49, 6, 2), 0): 38.0, ((31, 98, 0, 3), (29, 49, 6, 2), 0): 38.0, ((31, 98, 0, 3), (35, 73, 1, 2), 0): 38.0, ((31, 100, 0, 3), (0, 52, 6, 2), 0): 38.0, ((31, 100, 0, 3), (3, 72, 1, 2), 0): 38.0, ((31, 100, 0, 3), (8, 44, 6, 2), 0): 38.0, ((31, 100, 0, 3), (10, 49, 6, 2), 0): 38.0, ((31, 100, 0, 3), (11, 18, 6, 1), 0): 22.0, ((31, 100, 0, 3), (12, 98, 1, 3), 0): 38.0, ((31, 100, 0, 3), (15, 96, 1, 3), 0): 38.0, ((31, 100, 0, 3), (16, 41, 6, 2), 0): 38.0, ((31, 100, 0, 3), (17, 51, 6, 2), 0): 38.0, ((31, 100, 0, 3), (35, 75, 1, 2), 0): 14.0, ((31, 100, 0, 3), (31, 100, 1, 3), 0): 72080.0}
a: {20: 0.9999992272406063, 36: 1.0}
n: {9: 14.0, 11: 22.0}
{0: (34.421443, -119.684178), 1: (38.164391, -112.278183), 2: (34.4349097, -119.9212861), 3: (34.689589, -118.130371), 4: (35.400164, -119.399727), 5: (38.7747705, -119.9029911), 6: (33.9541734, -117.5556971), 7: (36.009923, -114.784826), 8: (35.3002628, -119.0381956), 9: (34.118101, -116.45646), 10: (34.4425082, -119.7812613), 11: (36.075856, -119.043996), 12: (33.8722233, -118.2654222), 13: (35.263617, -112.194139), 14: (37.72495, -113.056978), 15: (33.7885884, -118.2150827), 16: (32.596725, -117.019495), 17: (34.886448, -117.079423), 18: (35.9874334, -119.961999), 19: (35.01643, -110.675005), 20: (33.30006, -111.96835), 21: (38.786621, -112.084147), 22: (32.794671, -115.539473), 23: (36.220567, -115.125553), 24: (33.3021433, -111.9552863), 25: (33.39639, -110.76888), 26: (37.8135094, -119.8800771), 27: (37.161682, -113.434692), 28: (36.72136, -119.761165), 29: (33.8310496, -116.5452277), 30: (34.12755, -118.443664), 31: (33.899899, -118.207088), 32: (33.0390751, -117.2841996), 33: (33.3874378, -110.7609849), 34: (32.178328, -110.960207), 35: (34.02094, -117.385415), 36: (33.603063, -114.598023)}
(((26, np.int64(6), np.int64(0), 0), (26, 6, 35, 0), 0),)
(((31, np.int64(40), np.int64(0), 2), (31, 40, 35, 2), 0),)
(((31, np.int64(100), np.int64(0), 3), (35, 75, 1, 2), 0), ((35, 75, 1, 2), (9, 47, 1, 2), 0), ((9, 47, 1, 2), (9, 100, 1, 3), 0), ((9, 100, 1, 3), (36, 41, 6, 2), 0), ((36, 41, 6, 2), (36, 59, 6, 2), 0), ((36, 59, 6, 2), (36, 80, 6, 3), 0), ((36, 80, 6, 3), (20, 0, 16, 0), 0), ((20, 0, 16, 0), (20, 0, 35, 0), 0))
New edge added:  ((31, np.int64(100), np.int64(0), 3), (35, np.int64(75), np.int64(3), 2), 0)  Edge removed:  ((31, np.int64(100), np.int64(0), 3), (35, 75, 1, 2), 0)
Solution cannot be extended to a feasible solution, updating network...
{'x_load': {((26, np.int64(6), np.int64(0), 0), (26, np.int64(6), 35, 0)): 2.0, ((31, np.int64(40), np.int64(0), 2), (31, np.int64(40), 35, 2)): 2.0, ((31, np.int64(100), np.int64(0), 3), (35, np.int64(75), np.int64(3), 2)): 14.0, ((35, np.int64(75), np.int64(3), 2), (9, np.int64(47), np.int64(7), 2)): 14.0, ((9, np.int64(47), np.int64(7), 2), (9, np.int64(100), np.int64(8), 3)): 14.0, ((9, np.int64(100), np.int64(8), 3), (36, np.int64(41), np.int64(15), 2)): 14.0, ((36, np.int64(41), np.int64(15), 2), (36, np.int64(59), np.int64(17), 2)): 14.0, ((36, np.int64(59), np.int64(17), 2), (36, np.int64(80), np.int64(20), 3)): 14.0, ((36, np.int64(80), np.int64(20), 3), (20, np.int64(0), np.int64(30), 0)): 14.0, ((20, np.int64(0), np.int64(30), 0), (20, np.int64(0), 35, 0)): 14.0, ((31, np.int64(100), np.int64(0), 3), (11, np.int64(18), np.int64(10), 1)): 22.0, ((11, np.int64(18), np.int64(10), 1), (11, np.int64(69), np.int64(11), 2)): 22.0, ((11, np.int64(69), np.int64(11), 2), (26, np.int64(2), np.int64(19), 0)): 22.0, ((26, np.int64(2), np.int64(19), 0), (26, np.int64(2), 35, 0)): 22.0}, 'x_ener': {((9, np.int64(100), np.int64(0), 3), (9, np.int64(100), np.int64(1), 3)): 14.0, ((9, np.int64(100), np.int64(1), 3), (36, np.int64(41), np.int64(8), 2)): 14.0, ((36, np.int64(41), np.int64(8), 2), (36, np.int64(59), np.int64(10), 2)): 14.0, ((36, np.int64(59), np.int64(10), 2), (36, np.int64(80), np.int64(13), 3)): 14.0, ((36, np.int64(80), np.int64(13), 3), (20, np.int64(0), np.int64(23), 0)): 14.0, ((20, np.int64(0), np.int64(23), 0), (20, np.int64(7), np.int64(24), 0)): 14.0, ((20, np.int64(7), np.int64(24), 0), (20, np.int64(9), np.int64(25), 0)): 14.0, ((20, np.int64(9), np.int64(25), 0), (20, np.int64(10), np.int64(26), 1)): 14.0, ((20, np.int64(10), np.int64(26), 1), (20, np.int64(27), np.int64(29), 1)): 14.0, ((20, np.int64(27), np.int64(29), 1), (20, np.int64(29), np.int64(30), 1)): 14.0, ((20, np.int64(29), np.int64(30), 1), (20, np.int64(40), np.int64(32), 2)): 14.0, ((20, np.int64(40), np.int64(32), 2), (20, np.int64(49), np.int64(33), 2)): 14.0, ((20, np.int64(49), np.int64(33), 2), (24, np.int64(49), np.int64(34), 2)): 14.0, ((24, np.int64(49), np.int64(34), 2), (20, np.int64(49), np.int64(35), 2)): 14.0, ((11, np.int64(100), np.int64(0), 3), (11, np.int64(100), np.int64(1), 3)): 22.0, ((11, np.int64(100), np.int64(1), 3), (18, np.int64(82), np.int64(5), 3)): 22.0, ((18, np.int64(82), np.int64(5), 3), (18, np.int64(82), np.int64(10), 3)): 22.0, ((18, np.int64(82), np.int64(10), 3), (11, np.int64(55), np.int64(14), 2)): 22.0, ((11, np.int64(55), np.int64(14), 2), (8, np.int64(27), np.int64(18), 1)): 22.0, ((8, np.int64(27), np.int64(18), 1), (3, np.int64(4), np.int64(23), 0)): 22.0, ((3, np.int64(4), np.int64(23), 0), (3, np.int64(4), 35, 0)): 22.0, ((26, np.int64(46), np.int64(0), 2), (5, np.int64(12), np.int64(5), 1)): 4.0, ((5, np.int64(12), np.int64(5), 1), (5, np.int64(12), 35, 1)): 4.0, ((26, np.int64(46), np.int64(0), 2), (26, np.int64(46), np.int64(1), 2)): 2.0, ((26, np.int64(46), np.int64(1), 2), (5, np.int64(12), np.int64(6), 1)): 2.0, ((5, np.int64(12), np.int64(6), 1), (5, np.int64(12), 35, 1)): 2.0, ((26, np.int64(66), np.int64(0), 2), (28, np.int64(27), np.int64(5), 1)): 2.0, ((28, np.int64(27), np.int64(5), 1), (26, np.int64(0), np.int64(10), 0)): 2.0, ((26, np.int64(0), np.int64(10), 0), (26, np.int64(0), 35, 0)): 2.0, ((26, np.int64(66), np.int64(0), 2), (26, np.int64(66), np.int64(1), 2)): 6.0, ((26, np.int64(66), np.int64(1), 2), (28, np.int64(27), np.int64(6), 1)): 2.0, ((28, np.int64(27), np.int64(6), 1), (26, np.int64(0), np.int64(11), 0)): 2.0, ((26, np.int64(0), np.int64(11), 0), (26, np.int64(0), 35, 0)): 2.0, ((26, np.int64(66), np.int64(1), 2), (26, np.int64(66), np.int64(6), 2)): 4.0, ((26, np.int64(66), np.int64(6), 2), (28, np.int64(27), np.int64(11), 1)): 2.0, ((28, np.int64(27), np.int64(11), 1), (26, np.int64(0), np.int64(16), 0)): 2.0, ((26, np.int64(0), np.int64(16), 0), (26, np.int64(0), 35, 0)): 2.0, ((26, np.int64(66), np.int64(6), 2), (26, np.int64(66), np.int64(11), 2)): 2.0, ((26, np.int64(66), np.int64(11), 2), (28, np.int64(27), np.int64(16), 1)): 2.0, ((28, np.int64(27), np.int64(16), 1), (26, np.int64(0), np.int64(21), 0)): 2.0, ((26, np.int64(0), np.int64(21), 0), (26, np.int64(0), np.int64(26), 0)): 2.0, ((26, np.int64(0), np.int64(26), 0), (26, np.int64(0), 35, 0)): 2.0, ((26, np.int64(80), np.int64(0), 3), (26, np.int64(80), np.int64(1), 3)): 16.0, ((26, np.int64(80), np.int64(1), 3), (26, np.int64(80), np.int64(6), 3)): 16.0, ((26, np.int64(80), np.int64(6), 3), (5, np.int64(46), np.int64(11), 2)): 14.0, ((5, np.int64(46), np.int64(11), 2), (5, np.int64(46), np.int64(16), 2)): 14.0, ((5, np.int64(46), np.int64(16), 2), (26, np.int64(12), np.int64(21), 1)): 16.0, ((26, np.int64(12), np.int64(21), 1), (26, np.int64(12), np.int64(26), 1)): 16.0, ((26, np.int64(12), np.int64(26), 1), (26, np.int64(12), 35, 1)): 16.0, ((26, np.int64(80), np.int64(6), 3), (26, np.int64(80), np.int64(11), 3)): 2.0, ((26, np.int64(80), np.int64(11), 3), (5, np.int64(46), np.int64(16), 2)): 2.0, ((26, np.int64(100), np.int64(0), 3), (26, np.int64(100), np.int64(1), 3)): 56.0, ((26, np.int64(100), np.int64(1), 3), (26, np.int64(100), np.int64(6), 3)): 34.0, ((26, np.int64(100), np.int64(6), 3), (5, np.int64(77), np.int64(11), 2)): 2.0, ((5, np.int64(77), np.int64(11), 2), (26, np.int64(43), np.int64(16), 2)): 2.0, ((26, np.int64(43), np.int64(16), 2), (26, np.int64(43), 35, 2)): 2.0, ((26, np.int64(100), np.int64(6), 3), (26, np.int64(100), np.int64(11), 3)): 32.0, ((26, np.int64(100), np.int64(11), 3), (5, np.int64(77), np.int64(16), 2)): 32.0, ((5, np.int64(77), np.int64(16), 2), (26, np.int64(43), np.int64(21), 2)): 6.0, ((26, np.int64(43), np.int64(21), 2), (26, np.int64(43), 35, 2)): 6.0, ((5, np.int64(77), np.int64(16), 2), (5, np.int64(77), np.int64(21), 2)): 26.0, ((5, np.int64(77), np.int64(21), 2), (26, np.int64(43), np.int64(26), 2)): 14.0, ((26, np.int64(43), np.int64(26), 2), (26, np.int64(43), np.int64(31), 2)): 14.0, ((26, np.int64(43), np.int64(31), 2), (26, np.int64(43), 35, 2)): 26.0, ((5, np.int64(77), np.int64(21), 2), (5, np.int64(77), np.int64(26), 2)): 12.0, ((5, np.int64(77), np.int64(26), 2), (26, np.int64(43), np.int64(31), 2)): 12.0, ((26, np.int64(100), np.int64(1), 3), (8, np.int64(35), np.int64(13), 1)): 22.0, ((8, np.int64(35), np.int64(13), 1), (8, np.int64(35), 35, 1)): 22.0, ((31, np.int64(6), np.int64(0), 0), (12, np.int64(4), np.int64(1), 0)): 38.0, ((12, np.int64(4), np.int64(1), 0), (31, np.int64(3), np.int64(2), 0)): 38.0, ((31, np.int64(3), np.int64(2), 0), (31, np.int64(3), 35, 0)): 38.0, ((31, np.int64(6), np.int64(0), 0), (15, np.int64(2), np.int64(1), 0)): 38.0, ((15, np.int64(2), np.int64(1), 0), (12, np.int64(0), np.int64(2), 0)): 38.0, ((12, np.int64(0), np.int64(2), 0), (12, np.int64(0), 35, 0)): 38.0, ((31, np.int64(8), np.int64(0), 0), (12, np.int64(6), np.int64(1), 0)): 38.0, ((12, np.int64(6), np.int64(1), 0), (31, np.int64(5), np.int64(2), 0)): 38.0, ((31, np.int64(5), np.int64(2), 0), (31, np.int64(5), 35, 0)): 38.0, ((31, np.int64(8), np.int64(0), 0), (15, np.int64(4), np.int64(1), 0)): 38.0, ((15, np.int64(4), np.int64(1), 0), (12, np.int64(2), np.int64(2), 0)): 38.0, ((12, np.int64(2), np.int64(2), 0), (31, np.int64(1), np.int64(3), 0)): 38.0, ((31, np.int64(1), np.int64(3), 0), (31, np.int64(1), 35, 0)): 38.0, ((31, np.int64(12), np.int64(0), 1), (12, np.int64(10), np.int64(1), 1)): 38.0, ((12, np.int64(10), np.int64(1), 1), (30, np.int64(3), np.int64(3), 0)): 38.0, ((30, np.int64(3), np.int64(3), 0), (30, np.int64(3), 35, 0)): 38.0, ((31, np.int64(15), np.int64(0), 1), (30, np.int64(5), np.int64(2), 0)): 38.0, ((30, np.int64(5), np.int64(2), 0), (30, np.int64(5), 35, 0)): 38.0, ((31, np.int64(15), np.int64(0), 1), (15, np.int64(11), np.int64(1), 1)): 38.0, ((15, np.int64(11), np.int64(1), 1), (30, np.int64(2), np.int64(3), 0)): 38.0, ((30, np.int64(2), np.int64(3), 0), (30, np.int64(2), 35, 0)): 38.0, ((31, np.int64(15), np.int64(0), 1), (12, np.int64(13), np.int64(1), 1)): 38.0, ((12, np.int64(13), np.int64(1), 1), (15, np.int64(11), np.int64(2), 1)): 38.0, ((15, np.int64(11), np.int64(2), 1), (30, np.int64(2), np.int64(4), 0)): 38.0, ((30, np.int64(2), np.int64(4), 0), (30, np.int64(2), 35, 0)): 38.0, ((31, np.int64(18), np.int64(0), 1), (30, np.int64(8), np.int64(2), 0)): 38.0, ((30, np.int64(8), np.int64(2), 0), (12, np.int64(1), np.int64(4), 0)): 38.0, ((12, np.int64(1), np.int64(4), 0), (31, np.int64(0), np.int64(5), 0)): 38.0, ((31, np.int64(0), np.int64(5), 0), (31, np.int64(0), 35, 0)): 38.0, ((31, np.int64(18), np.int64(0), 1), (15, np.int64(14), np.int64(1), 1)): 38.0, ((15, np.int64(14), np.int64(1), 1), (31, np.int64(12), np.int64(2), 1)): 38.0, ((31, np.int64(12), np.int64(2), 1), (31, np.int64(12), 35, 1)): 38.0, ((31, np.int64(18), np.int64(0), 1), (12, np.int64(16), np.int64(1), 1)): 38.0, ((12, np.int64(16), np.int64(1), 1), (31, np.int64(15), np.int64(2), 1)): 38.0, ((31, np.int64(15), np.int64(2), 1), (31, np.int64(15), 35, 1)): 76.0, ((31, np.int64(21), np.int64(0), 1), (15, np.int64(17), np.int64(1), 1)): 38.0, ((15, np.int64(17), np.int64(1), 1), (31, np.int64(15), np.int64(2), 1)): 38.0, ((31, np.int64(21), np.int64(0), 1), (12, np.int64(19), np.int64(1), 1)): 38.0, ((12, np.int64(19), np.int64(1), 1), (15, np.int64(17), np.int64(2), 1)): 38.0, ((15, np.int64(17), np.int64(2), 1), (31, np.int64(15), np.int64(3), 1)): 38.0, ((31, np.int64(15), np.int64(3), 1), (31, np.int64(15), 35, 1)): 38.0, ((31, np.int64(24), np.int64(0), 1), (30, np.int64(14), np.int64(2), 1)): 38.0, ((30, np.int64(14), np.int64(2), 1), (31, np.int64(7), np.int64(4), 0)): 38.0, ((31, np.int64(7), np.int64(4), 0), (31, np.int64(7), 35, 0)): 38.0, ((31, np.int64(24), np.int64(0), 1), (15, np.int64(20), np.int64(1), 1)): 38.0, ((15, np.int64(20), np.int64(1), 1), (31, np.int64(18), np.int64(2), 1)): 38.0, ((31, np.int64(18), np.int64(2), 1), (31, np.int64(18), 35, 1)): 38.0, ((31, np.int64(24), np.int64(0), 1), (12, np.int64(22), np.int64(1), 1)): 38.0, ((12, np.int64(22), np.int64(1), 1), (15, np.int64(20), np.int64(2), 1)): 38.0, ((15, np.int64(20), np.int64(2), 1), (31, np.int64(18), np.int64(3), 1)): 38.0, ((31, np.int64(18), np.int64(3), 1), (31, np.int64(18), 35, 1)): 38.0, ((31, np.int64(25), np.int64(0), 1), (30, np.int64(15), np.int64(2), 1)): 38.0, ((30, np.int64(15), np.int64(2), 1), (31, np.int64(8), np.int64(4), 0)): 38.0, ((31, np.int64(8), np.int64(4), 0), (31, np.int64(8), 35, 0)): 38.0, ((31, np.int64(25), np.int64(0), 1), (15, np.int64(21), np.int64(1), 1)): 38.0, ((15, np.int64(21), np.int64(1), 1), (31, np.int64(19), np.int64(2), 1)): 38.0, ((31, np.int64(19), np.int64(2), 1), (31, np.int64(19), 35, 1)): 38.0, ((31, np.int64(25), np.int64(0), 1), (12, np.int64(23), np.int64(1), 1)): 38.0, ((12, np.int64(23), np.int64(1), 1), (15, np.int64(21), np.int64(2), 1)): 38.0, ((15, np.int64(21), np.int64(2), 1), (31, np.int64(19), np.int64(3), 1)): 38.0, ((31, np.int64(19), np.int64(3), 1), (31, np.int64(19), 35, 1)): 38.0, ((31, np.int64(27), np.int64(0), 1), (30, np.int64(17), np.int64(2), 1)): 38.0, ((30, np.int64(17), np.int64(2), 1), (31, np.int64(10), np.int64(4), 1)): 38.0, ((31, np.int64(10), np.int64(4), 1), (31, np.int64(10), 35, 1)): 38.0, ((31, np.int64(27), np.int64(0), 1), (15, np.int64(23), np.int64(1), 1)): 38.0, ((15, np.int64(23), np.int64(1), 1), (31, np.int64(21), np.int64(2), 1)): 38.0, ((31, np.int64(21), np.int64(2), 1), (31, np.int64(21), 35, 1)): 38.0, ((31, np.int64(29), np.int64(0), 1), (30, np.int64(19), np.int64(2), 1)): 38.0, ((30, np.int64(19), np.int64(2), 1), (15, np.int64(10), np.int64(4), 1)): 38.0, ((15, np.int64(10), np.int64(4), 1), (31, np.int64(8), np.int64(5), 0)): 38.0, ((31, np.int64(8), np.int64(5), 0), (31, np.int64(8), 35, 0)): 38.0, ((31, np.int64(29), np.int64(0), 1), (15, np.int64(25), np.int64(1), 1)): 38.0, ((15, np.int64(25), np.int64(1), 1), (30, np.int64(16), np.int64(3), 1)): 38.0, ((30, np.int64(16), np.int64(3), 1), (31, np.int64(9), np.int64(5), 0)): 38.0, ((31, np.int64(9), np.int64(5), 0), (31, np.int64(9), 35, 0)): 38.0, ((31, np.int64(29), np.int64(0), 1), (12, np.int64(27), np.int64(1), 1)): 38.0, ((12, np.int64(27), np.int64(1), 1), (31, np.int64(26), np.int64(2), 1)): 38.0, ((31, np.int64(26), np.int64(2), 1), (31, np.int64(26), 35, 1)): 76.0, ((31, np.int64(30), np.int64(0), 1), (15, np.int64(26), np.int64(1), 1)): 38.0, ((15, np.int64(26), np.int64(1), 1), (30, np.int64(17), np.int64(3), 1)): 38.0, ((30, np.int64(17), np.int64(3), 1), (31, np.int64(10), np.int64(5), 1)): 38.0, ((31, np.int64(10), np.int64(5), 1), (31, np.int64(10), 35, 1)): 38.0, ((31, np.int64(30), np.int64(0), 1), (30, np.int64(20), np.int64(2), 1)): 38.0, ((30, np.int64(20), np.int64(2), 1), (31, np.int64(13), np.int64(4), 1)): 38.0, ((31, np.int64(13), np.int64(4), 1), (31, np.int64(13), 35, 1)): 38.0, ((31, np.int64(30), np.int64(0), 1), (12, np.int64(28), np.int64(1), 1)): 38.0, ((12, np.int64(28), np.int64(1), 1), (31, np.int64(27), np.int64(2), 1)): 38.0, ((31, np.int64(27), np.int64(2), 1), (31, np.int64(27), 35, 1)): 38.0, ((31, np.int64(31), np.int64(0), 1), (30, np.int64(21), np.int64(2), 1)): 38.0, ((30, np.int64(21), np.int64(2), 1), (31, np.int64(14), np.int64(4), 1)): 38.0, ((31, np.int64(14), np.int64(4), 1), (31, np.int64(14), 35, 1)): 38.0, ((31, np.int64(31), np.int64(0), 1), (15, np.int64(27), np.int64(1), 1)): 38.0, ((15, np.int64(27), np.int64(1), 1), (31, np.int64(25), np.int64(2), 1)): 38.0, ((31, np.int64(25), np.int64(2), 1), (31, np.int64(25), 35, 1)): 38.0, ((31, np.int64(31), np.int64(0), 1), (12, np.int64(29), np.int64(1), 1)): 38.0, ((12, np.int64(29), np.int64(1), 1), (31, np.int64(28), np.int64(2), 1)): 38.0, ((31, np.int64(28), np.int64(2), 1), (31, np.int64(28), 35, 1)): 38.0, ((31, np.int64(32), np.int64(0), 1), (12, np.int64(30), np.int64(1), 1)): 38.0, ((12, np.int64(30), np.int64(1), 1), (6, np.int64(16), np.int64(4), 1)): 38.0, ((6, np.int64(16), np.int64(4), 1), (35, np.int64(13), np.int64(5), 1)): 38.0, ((35, np.int64(13), np.int64(5), 1), (35, np.int64(13), 35, 1)): 38.0, ((31, np.int64(32), np.int64(0), 1), (30, np.int64(22), np.int64(2), 1)): 38.0, ((30, np.int64(22), np.int64(2), 1), (12, np.int64(15), np.int64(4), 1)): 38.0, ((12, np.int64(15), np.int64(4), 1), (31, np.int64(14), np.int64(5), 1)): 38.0, ((31, np.int64(14), np.int64(5), 1), (31, np.int64(14), 35, 1)): 38.0, ((31, np.int64(32), np.int64(0), 1), (15, np.int64(28), np.int64(1), 1)): 38.0, ((15, np.int64(28), np.int64(1), 1), (31, np.int64(26), np.int64(2), 1)): 38.0, ((31, np.int64(32), np.int64(0), 1), (6, np.int64(13), np.int64(3), 1)): 38.0, ((6, np.int64(13), np.int64(3), 1), (31, np.int64(0), np.int64(6), 0)): 38.0, ((31, np.int64(0), np.int64(6), 0), (31, np.int64(0), 35, 0)): 38.0, ((31, np.int64(35), np.int64(0), 1), (6, np.int64(16), np.int64(3), 1)): 38.0, ((6, np.int64(16), np.int64(3), 1), (35, np.int64(13), np.int64(4), 1)): 38.0, ((35, np.int64(13), np.int64(4), 1), (35, np.int64(13), 35, 1)): 38.0, ((31, np.int64(35), np.int64(0), 1), (15, np.int64(31), np.int64(1), 1)): 38.0, ((15, np.int64(31), np.int64(1), 1), (6, np.int64(17), np.int64(4), 1)): 38.0, ((6, np.int64(17), np.int64(4), 1), (35, np.int64(14), np.int64(5), 1)): 38.0, ((35, np.int64(14), np.int64(5), 1), (35, np.int64(14), 35, 1)): 38.0, ((31, np.int64(35), np.int64(0), 1), (30, np.int64(25), np.int64(2), 1)): 38.0, ((30, np.int64(25), np.int64(2), 1), (31, np.int64(18), np.int64(4), 1)): 38.0, ((31, np.int64(18), np.int64(4), 1), (31, np.int64(18), 35, 1)): 38.0, ((31, np.int64(35), np.int64(0), 1), (12, np.int64(33), np.int64(1), 1)): 38.0, ((12, np.int64(33), np.int64(1), 1), (31, np.int64(32), np.int64(2), 1)): 38.0, ((31, np.int64(32), np.int64(2), 1), (31, np.int64(32), 35, 1)): 38.0, ((31, np.int64(36), np.int64(0), 1), (6, np.int64(17), np.int64(3), 1)): 38.0, ((6, np.int64(17), np.int64(3), 1), (35, np.int64(14), np.int64(4), 1)): 38.0, ((35, np.int64(14), np.int64(4), 1), (35, np.int64(14), 35, 1)): 38.0, ((31, np.int64(36), np.int64(0), 1), (15, np.int64(32), np.int64(1), 1)): 38.0, ((15, np.int64(32), np.int64(1), 1), (6, np.int64(18), np.int64(4), 1)): 38.0, ((6, np.int64(18), np.int64(4), 1), (35, np.int64(15), np.int64(5), 1)): 38.0, ((35, np.int64(15), np.int64(5), 1), (35, np.int64(15), 35, 1)): 38.0, ((31, np.int64(36), np.int64(0), 1), (30, np.int64(26), np.int64(2), 1)): 38.0, ((30, np.int64(26), np.int64(2), 1), (31, np.int64(19), np.int64(4), 1)): 38.0, ((31, np.int64(19), np.int64(4), 1), (31, np.int64(19), 35, 1)): 38.0, ((31, np.int64(36), np.int64(0), 1), (12, np.int64(34), np.int64(1), 1)): 38.0, ((12, np.int64(34), np.int64(1), 1), (31, np.int64(33), np.int64(2), 1)): 38.0, ((31, np.int64(33), np.int64(2), 1), (31, np.int64(33), 35, 1)): 38.0, ((31, np.int64(38), np.int64(0), 1), (6, np.int64(19), np.int64(3), 1)): 38.0, ((6, np.int64(19), np.int64(3), 1), (35, np.int64(16), np.int64(4), 1)): 38.0, ((35, np.int64(16), np.int64(4), 1), (35, np.int64(16), 35, 1)): 38.0, ((31, np.int64(38), np.int64(0), 1), (30, np.int64(28), np.int64(2), 1)): 38.0, ((30, np.int64(28), np.int64(2), 1), (12, np.int64(21), np.int64(4), 1)): 38.0, ((12, np.int64(21), np.int64(4), 1), (31, np.int64(20), np.int64(5), 1)): 38.0, ((31, np.int64(20), np.int64(5), 1), (31, np.int64(20), 35, 1)): 38.0, ((31, np.int64(38), np.int64(0), 1), (12, np.int64(36), np.int64(1), 1)): 38.0, ((12, np.int64(36), np.int64(1), 1), (30, np.int64(29), np.int64(3), 1)): 38.0, ((30, np.int64(29), np.int64(3), 1), (15, np.int64(20), np.int64(5), 1)): 38.0, ((15, np.int64(20), np.int64(5), 1), (31, np.int64(18), np.int64(6), 1)): 38.0, ((31, np.int64(18), np.int64(6), 1), (31, np.int64(18), 35, 1)): 38.0, ((31, np.int64(38), np.int64(0), 1), (15, np.int64(34), np.int64(1), 1)): 38.0, ((15, np.int64(34), np.int64(1), 1), (12, np.int64(32), np.int64(2), 1)): 38.0, ((12, np.int64(32), np.int64(2), 1), (31, np.int64(31), np.int64(3), 1)): 38.0, ((31, np.int64(31), np.int64(3), 1), (31, np.int64(31), 35, 1)): 38.0, ((31, np.int64(39), np.int64(0), 1), (6, np.int64(20), np.int64(3), 1)): 38.0, ((6, np.int64(20), np.int64(3), 1), (35, np.int64(17), np.int64(4), 1)): 38.0, ((35, np.int64(17), np.int64(4), 1), (35, np.int64(17), 35, 1)): 38.0, ((31, np.int64(39), np.int64(0), 1), (30, np.int64(29), np.int64(2), 1)): 38.0, ((30, np.int64(29), np.int64(2), 1), (15, np.int64(20), np.int64(4), 1)): 38.0, ((15, np.int64(20), np.int64(4), 1), (31, np.int64(18), np.int64(5), 1)): 38.0, ((31, np.int64(18), np.int64(5), 1), (31, np.int64(18), 35, 1)): 38.0, ((31, np.int64(39), np.int64(0), 1), (12, np.int64(37), np.int64(1), 1)): 38.0, ((12, np.int64(37), np.int64(1), 1), (30, np.int64(30), np.int64(3), 1)): 38.0, ((30, np.int64(30), np.int64(3), 1), (15, np.int64(21), np.int64(5), 1)): 38.0, ((15, np.int64(21), np.int64(5), 1), (31, np.int64(19), np.int64(6), 1)): 38.0, ((31, np.int64(19), np.int64(6), 1), (31, np.int64(19), 35, 1)): 76.0, ((31, np.int64(39), np.int64(0), 1), (15, np.int64(35), np.int64(1), 1)): 38.0, ((15, np.int64(35), np.int64(1), 1), (12, np.int64(33), np.int64(2), 1)): 38.0, ((12, np.int64(33), np.int64(2), 1), (31, np.int64(32), np.int64(3), 1)): 38.0, ((31, np.int64(32), np.int64(3), 1), (31, np.int64(32), 35, 1)): 38.0, ((31, np.int64(40), np.int64(0), 2), (6, np.int64(21), np.int64(3), 1)): 38.0, ((6, np.int64(21), np.int64(3), 1), (31, np.int64(8), np.int64(6), 0)): 38.0, ((31, np.int64(8), np.int64(6), 0), (31, np.int64(8), 35, 0)): 76.0, ((31, np.int64(40), np.int64(0), 2), (30, np.int64(30), np.int64(2), 1)): 38.0, ((30, np.int64(30), np.int64(2), 1), (15, np.int64(21), np.int64(4), 1)): 38.0, ((15, np.int64(21), np.int64(4), 1), (31, np.int64(19), np.int64(5), 1)): 38.0, ((31, np.int64(19), np.int64(5), 1), (31, np.int64(19), 35, 1)): 38.0, ((31, np.int64(40), np.int64(0), 2), (15, np.int64(36), np.int64(1), 1)): 38.0, ((15, np.int64(36), np.int64(1), 1), (12, np.int64(34), np.int64(2), 1)): 38.0, ((12, np.int64(34), np.int64(2), 1), (31, np.int64(33), np.int64(3), 1)): 38.0, ((31, np.int64(33), np.int64(3), 1), (31, np.int64(33), 35, 1)): 38.0, ((31, np.int64(40), np.int64(0), 2), (12, np.int64(38), np.int64(1), 1)): 38.0, ((12, np.int64(38), np.int64(1), 1), (31, np.int64(37), np.int64(2), 1)): 38.0, ((31, np.int64(37), np.int64(2), 1), (31, np.int64(37), 35, 1)): 38.0, ((31, np.int64(41), np.int64(0), 2), (35, np.int64(16), np.int64(3), 1)): 38.0, ((35, np.int64(16), np.int64(3), 1), (35, np.int64(16), 35, 1)): 38.0, ((31, np.int64(41), np.int64(0), 2), (6, np.int64(22), np.int64(3), 1)): 38.0, ((6, np.int64(22), np.int64(3), 1), (31, np.int64(9), np.int64(6), 0)): 38.0, ((31, np.int64(9), np.int64(6), 0), (31, np.int64(9), 35, 0)): 76.0, ((31, np.int64(41), np.int64(0), 2), (15, np.int64(37), np.int64(1), 1)): 38.0, ((15, np.int64(37), np.int64(1), 1), (6, np.int64(23), np.int64(4), 1)): 38.0, ((6, np.int64(23), np.int64(4), 1), (31, np.int64(10), np.int64(7), 1)): 38.0, ((31, np.int64(10), np.int64(7), 1), (31, np.int64(10), 35, 1)): 38.0, ((31, np.int64(41), np.int64(0), 2), (30, np.int64(31), np.int64(2), 1)): 38.0, ((30, np.int64(31), np.int64(2), 1), (31, np.int64(24), np.int64(4), 1)): 38.0, ((31, np.int64(24), np.int64(4), 1), (31, np.int64(24), 35, 1)): 38.0, ((31, np.int64(41), np.int64(0), 2), (12, np.int64(39), np.int64(1), 1)): 38.0, ((12, np.int64(39), np.int64(1), 1), (31, np.int64(38), np.int64(2), 1)): 38.0, ((31, np.int64(38), np.int64(2), 1), (31, np.int64(38), 35, 1)): 76.0, ((31, np.int64(44), np.int64(0), 2), (35, np.int64(19), np.int64(3), 1)): 38.0, ((35, np.int64(19), np.int64(3), 1), (15, np.int64(1), np.int64(7), 0)): 38.0, ((15, np.int64(1), np.int64(7), 0), (15, np.int64(1), 35, 0)): 38.0, ((31, np.int64(44), np.int64(0), 2), (6, np.int64(25), np.int64(3), 1)): 38.0, ((6, np.int64(25), np.int64(3), 1), (31, np.int64(12), np.int64(6), 1)): 38.0, ((31, np.int64(12), np.int64(6), 1), (31, np.int64(12), 35, 1)): 38.0, ((31, np.int64(44), np.int64(0), 2), (30, np.int64(34), np.int64(2), 1)): 38.0, ((30, np.int64(34), np.int64(2), 1), (12, np.int64(27), np.int64(4), 1)): 38.0, ((12, np.int64(27), np.int64(4), 1), (31, np.int64(26), np.int64(5), 1)): 38.0, ((31, np.int64(26), np.int64(5), 1), (31, np.int64(26), 35, 1)): 38.0, ((31, np.int64(44), np.int64(0), 2), (15, np.int64(40), np.int64(1), 2)): 38.0, ((15, np.int64(40), np.int64(1), 2), (31, np.int64(38), np.int64(2), 1)): 38.0, ((31, np.int64(44), np.int64(0), 2), (12, np.int64(42), np.int64(1), 2)): 38.0, ((12, np.int64(42), np.int64(1), 2), (31, np.int64(41), np.int64(2), 2)): 38.0, ((31, np.int64(41), np.int64(2), 2), (31, np.int64(41), 35, 2)): 38.0, ((31, np.int64(45), np.int64(0), 2), (35, np.int64(20), np.int64(3), 1)): 38.0, ((35, np.int64(20), np.int64(3), 1), (15, np.int64(2), np.int64(7), 0)): 38.0, ((15, np.int64(2), np.int64(7), 0), (12, np.int64(0), np.int64(8), 0)): 38.0, ((12, np.int64(0), np.int64(8), 0), (12, np.int64(0), 35, 0)): 38.0, ((31, np.int64(45), np.int64(0), 2), (6, np.int64(26), np.int64(3), 1)): 38.0, ((6, np.int64(26), np.int64(3), 1), (31, np.int64(13), np.int64(6), 1)): 38.0, ((31, np.int64(13), np.int64(6), 1), (31, np.int64(13), 35, 1)): 76.0, ((31, np.int64(45), np.int64(0), 2), (30, np.int64(35), np.int64(2), 1)): 38.0, ((30, np.int64(35), np.int64(2), 1), (31, np.int64(28), np.int64(4), 1)): 38.0, ((31, np.int64(28), np.int64(4), 1), (31, np.int64(28), 35, 1)): 38.0, ((31, np.int64(45), np.int64(0), 2), (12, np.int64(43), np.int64(1), 2)): 38.0, ((12, np.int64(43), np.int64(1), 2), (31, np.int64(42), np.int64(2), 2)): 38.0, ((31, np.int64(42), np.int64(2), 2), (31, np.int64(42), 35, 2)): 38.0, ((31, np.int64(47), np.int64(0), 2), (3, np.int64(19), np.int64(4), 1)): 38.0, ((3, np.int64(19), np.int64(4), 1), (31, np.int64(0), np.int64(8), 0)): 38.0, ((31, np.int64(0), np.int64(8), 0), (31, np.int64(0), 35, 0)): 38.0, ((31, np.int64(47), np.int64(0), 2), (12, np.int64(45), np.int64(1), 2)): 38.0, ((12, np.int64(45), np.int64(1), 2), (3, np.int64(25), np.int64(5), 1)): 38.0, ((3, np.int64(25), np.int64(5), 1), (12, np.int64(5), np.int64(9), 0)): 38.0, ((12, np.int64(5), np.int64(9), 0), (31, np.int64(4), np.int64(10), 0)): 38.0, ((31, np.int64(4), np.int64(10), 0), (31, np.int64(4), 35, 0)): 38.0, ((31, np.int64(47), np.int64(0), 2), (35, np.int64(22), np.int64(3), 1)): 38.0, ((35, np.int64(22), np.int64(3), 1), (15, np.int64(4), np.int64(7), 0)): 38.0, ((15, np.int64(4), np.int64(7), 0), (12, np.int64(2), np.int64(8), 0)): 38.0, ((12, np.int64(2), np.int64(8), 0), (31, np.int64(1), np.int64(9), 0)): 38.0, ((31, np.int64(1), np.int64(9), 0), (31, np.int64(1), 35, 0)): 38.0, ((31, np.int64(47), np.int64(0), 2), (6, np.int64(28), np.int64(3), 1)): 38.0, ((6, np.int64(28), np.int64(3), 1), (31, np.int64(15), np.int64(6), 1)): 38.0, ((31, np.int64(15), np.int64(6), 1), (31, np.int64(15), 35, 1)): 38.0, ((31, np.int64(47), np.int64(0), 2), (30, np.int64(37), np.int64(2), 1)): 38.0, ((30, np.int64(37), np.int64(2), 1), (12, np.int64(30), np.int64(4), 1)): 38.0, ((12, np.int64(30), np.int64(4), 1), (31, np.int64(29), np.int64(5), 1)): 38.0, ((31, np.int64(29), np.int64(5), 1), (31, np.int64(29), 35, 1)): 38.0, ((31, np.int64(47), np.int64(0), 2), (15, np.int64(43), np.int64(1), 2)): 38.0, ((15, np.int64(43), np.int64(1), 2), (12, np.int64(41), np.int64(2), 2)): 38.0, ((12, np.int64(41), np.int64(2), 2), (31, np.int64(40), np.int64(3), 2)): 38.0, ((31, np.int64(40), np.int64(3), 2), (31, np.int64(40), 35, 2)): 38.0, ((31, np.int64(49), np.int64(0), 2), (3, np.int64(21), np.int64(4), 1)): 38.0, ((3, np.int64(21), np.int64(4), 1), (31, np.int64(2), np.int64(8), 0)): 38.0, ((31, np.int64(2), np.int64(8), 0), (31, np.int64(2), 35, 0)): 38.0, ((31, np.int64(49), np.int64(0), 2), (15, np.int64(45), np.int64(1), 2)): 38.0, ((15, np.int64(45), np.int64(1), 2), (3, np.int64(23), np.int64(5), 1)): 38.0, ((3, np.int64(23), np.int64(5), 1), (31, np.int64(4), np.int64(9), 0)): 38.0, ((31, np.int64(4), np.int64(9), 0), (31, np.int64(4), 35, 0)): 38.0, ((31, np.int64(49), np.int64(0), 2), (35, np.int64(24), np.int64(3), 1)): 38.0, ((35, np.int64(24), np.int64(3), 1), (31, np.int64(7), np.int64(6), 0)): 38.0, ((31, np.int64(7), np.int64(6), 0), (31, np.int64(7), 35, 0)): 38.0, ((31, np.int64(49), np.int64(0), 2), (6, np.int64(30), np.int64(3), 1)): 38.0, ((6, np.int64(30), np.int64(3), 1), (15, np.int64(16), np.int64(6), 1)): 38.0, ((15, np.int64(16), np.int64(6), 1), (31, np.int64(14), np.int64(7), 1)): 38.0, ((31, np.int64(14), np.int64(7), 1), (31, np.int64(14), 35, 1)): 38.0, ((31, np.int64(49), np.int64(0), 2), (30, np.int64(39), np.int64(2), 1)): 38.0, ((30, np.int64(39), np.int64(2), 1), (12, np.int64(32), np.int64(4), 1)): 38.0, ((12, np.int64(32), np.int64(4), 1), (31, np.int64(31), np.int64(5), 1)): 38.0, ((31, np.int64(31), np.int64(5), 1), (31, np.int64(31), 35, 1)): 38.0, ((31, np.int64(49), np.int64(0), 2), (12, np.int64(47), np.int64(1), 2)): 38.0, ((12, np.int64(47), np.int64(1), 2), (31, np.int64(46), np.int64(2), 2)): 38.0, ((31, np.int64(46), np.int64(2), 2), (31, np.int64(46), 35, 2)): 76.0, ((31, np.int64(50), np.int64(0), 2), (3, np.int64(22), np.int64(4), 1)): 38.0, ((3, np.int64(22), np.int64(4), 1), (31, np.int64(3), np.int64(8), 0)): 38.0, ((31, np.int64(3), np.int64(8), 0), (31, np.int64(3), 35, 0)): 38.0, ((31, np.int64(50), np.int64(0), 2), (15, np.int64(46), np.int64(1), 2)): 38.0, ((15, np.int64(46), np.int64(1), 2), (3, np.int64(24), np.int64(5), 1)): 38.0, ((3, np.int64(24), np.int64(5), 1), (31, np.int64(5), np.int64(9), 0)): 38.0, ((31, np.int64(5), np.int64(9), 0), (31, np.int64(5), 35, 0)): 38.0, ((31, np.int64(50), np.int64(0), 2), (35, np.int64(25), np.int64(3), 1)): 38.0, ((35, np.int64(25), np.int64(3), 1), (31, np.int64(8), np.int64(6), 0)): 38.0, ((31, np.int64(50), np.int64(0), 2), (6, np.int64(31), np.int64(3), 1)): 38.0, ((6, np.int64(31), np.int64(3), 1), (15, np.int64(17), np.int64(6), 1)): 38.0, ((15, np.int64(17), np.int64(6), 1), (31, np.int64(15), np.int64(7), 1)): 38.0, ((31, np.int64(15), np.int64(7), 1), (31, np.int64(15), 35, 1)): 38.0, ((31, np.int64(50), np.int64(0), 2), (30, np.int64(40), np.int64(2), 2)): 38.0, ((30, np.int64(40), np.int64(2), 2), (31, np.int64(33), np.int64(4), 1)): 38.0, ((31, np.int64(33), np.int64(4), 1), (31, np.int64(33), 35, 1)): 38.0, ((31, np.int64(50), np.int64(0), 2), (12, np.int64(48), np.int64(1), 2)): 38.0, ((12, np.int64(48), np.int64(1), 2), (31, np.int64(47), np.int64(2), 2)): 38.0, ((31, np.int64(47), np.int64(2), 2), (31, np.int64(47), 35, 2)): 38.0, ((31, np.int64(51), np.int64(0), 2), (3, np.int64(23), np.int64(4), 1)): 38.0, ((3, np.int64(23), np.int64(4), 1), (31, np.int64(4), np.int64(8), 0)): 38.0, ((31, np.int64(4), np.int64(8), 0), (31, np.int64(4), 35, 0)): 38.0, ((31, np.int64(51), np.int64(0), 2), (35, np.int64(26), np.int64(3), 1)): 38.0, ((35, np.int64(26), np.int64(3), 1), (31, np.int64(9), np.int64(6), 0)): 38.0, ((31, np.int64(51), np.int64(0), 2), (30, np.int64(41), np.int64(2), 2)): 38.0, ((30, np.int64(41), np.int64(2), 2), (6, np.int64(23), np.int64(6), 1)): 38.0, ((6, np.int64(23), np.int64(6), 1), (31, np.int64(10), np.int64(9), 1)): 38.0, ((31, np.int64(10), np.int64(9), 1), (31, np.int64(10), 35, 1)): 76.0, ((31, np.int64(51), np.int64(0), 2), (6, np.int64(32), np.int64(3), 1)): 38.0, ((6, np.int64(32), np.int64(3), 1), (12, np.int64(18), np.int64(6), 1)): 38.0, ((12, np.int64(18), np.int64(6), 1), (31, np.int64(17), np.int64(7), 1)): 38.0, ((31, np.int64(17), np.int64(7), 1), (31, np.int64(17), 35, 1)): 38.0, ((31, np.int64(51), np.int64(0), 2), (15, np.int64(47), np.int64(1), 2)): 38.0, ((15, np.int64(47), np.int64(1), 2), (31, np.int64(45), np.int64(2), 2)): 38.0, ((31, np.int64(45), np.int64(2), 2), (31, np.int64(45), 35, 2)): 38.0, ((31, np.int64(51), np.int64(0), 2), (12, np.int64(49), np.int64(1), 2)): 38.0, ((12, np.int64(49), np.int64(1), 2), (31, np.int64(48), np.int64(2), 2)): 38.0, ((31, np.int64(48), np.int64(2), 2), (31, np.int64(48), 35, 2)): 38.0, ((31, np.int64(52), np.int64(0), 2), (3, np.int64(24), np.int64(4), 1)): 38.0, ((3, np.int64(24), np.int64(4), 1), (31, np.int64(5), np.int64(8), 0)): 38.0, ((31, np.int64(5), np.int64(8), 0), (31, np.int64(5), 35, 0)): 38.0, ((31, np.int64(52), np.int64(0), 2), (35, np.int64(27), np.int64(3), 1)): 38.0, ((35, np.int64(27), np.int64(3), 1), (31, np.int64(10), np.int64(6), 1)): 38.0, ((31, np.int64(10), np.int64(6), 1), (31, np.int64(10), 35, 1)): 38.0, ((31, np.int64(52), np.int64(0), 2), (12, np.int64(50), np.int64(1), 2)): 38.0, ((12, np.int64(50), np.int64(1), 2), (35, np.int64(32), np.int64(5), 1)): 38.0, ((35, np.int64(32), np.int64(5), 1), (31, np.int64(15), np.int64(8), 1)): 38.0, ((31, np.int64(15), np.int64(8), 1), (31, np.int64(15), 35, 1)): 38.0, ((31, np.int64(52), np.int64(0), 2), (6, np.int64(33), np.int64(3), 1)): 38.0, ((6, np.int64(33), np.int64(3), 1), (12, np.int64(19), np.int64(6), 1)): 38.0, ((12, np.int64(19), np.int64(6), 1), (31, np.int64(18), np.int64(7), 1)): 38.0, ((31, np.int64(18), np.int64(7), 1), (31, np.int64(18), 35, 1)): 38.0, ((31, np.int64(52), np.int64(0), 2), (30, np.int64(42), np.int64(2), 2)): 38.0, ((30, np.int64(42), np.int64(2), 2), (12, np.int64(35), np.int64(4), 1)): 38.0, ((12, np.int64(35), np.int64(4), 1), (31, np.int64(34), np.int64(5), 1)): 38.0, ((31, np.int64(34), np.int64(5), 1), (31, np.int64(34), 35, 1)): 38.0, ((31, np.int64(52), np.int64(0), 2), (15, np.int64(48), np.int64(1), 2)): 38.0, ((15, np.int64(48), np.int64(1), 2), (31, np.int64(46), np.int64(2), 2)): 38.0, ((31, np.int64(55), np.int64(0), 2), (3, np.int64(27), np.int64(4), 1)): 38.0, ((3, np.int64(27), np.int64(4), 1), (31, np.int64(8), np.int64(8), 0)): 38.0, ((31, np.int64(8), np.int64(8), 0), (31, np.int64(8), 35, 0)): 38.0, ((31, np.int64(55), np.int64(0), 2), (35, np.int64(30), np.int64(3), 1)): 38.0, ((35, np.int64(30), np.int64(3), 1), (31, np.int64(13), np.int64(6), 1)): 38.0, ((31, np.int64(55), np.int64(0), 2), (6, np.int64(36), np.int64(3), 1)): 38.0, ((6, np.int64(36), np.int64(3), 1), (35, np.int64(33), np.int64(4), 1)): 38.0, ((35, np.int64(33), np.int64(4), 1), (31, np.int64(16), np.int64(7), 1)): 38.0, ((31, np.int64(16), np.int64(7), 1), (31, np.int64(16), 35, 1)): 38.0, ((31, np.int64(55), np.int64(0), 2), (12, np.int64(53), np.int64(1), 2)): 38.0, ((12, np.int64(53), np.int64(1), 2), (6, np.int64(39), np.int64(4), 1)): 38.0, ((6, np.int64(39), np.int64(4), 1), (35, np.int64(36), np.int64(5), 1)): 38.0, ((35, np.int64(36), np.int64(5), 1), (31, np.int64(19), np.int64(8), 1)): 38.0, ((31, np.int64(19), np.int64(8), 1), (31, np.int64(19), 35, 1)): 38.0, ((31, np.int64(55), np.int64(0), 2), (30, np.int64(45), np.int64(2), 2)): 38.0, ((30, np.int64(45), np.int64(2), 2), (31, np.int64(38), np.int64(4), 1)): 38.0, ((31, np.int64(38), np.int64(4), 1), (31, np.int64(38), 35, 1)): 38.0, ((31, np.int64(59), np.int64(0), 2), (30, np.int64(49), np.int64(2), 2)): 38.0, ((30, np.int64(49), np.int64(2), 2), (35, np.int64(27), np.int64(6), 1)): 38.0, ((35, np.int64(27), np.int64(6), 1), (31, np.int64(10), np.int64(9), 1)): 38.0, ((31, np.int64(59), np.int64(0), 2), (3, np.int64(31), np.int64(4), 1)): 38.0, ((3, np.int64(31), np.int64(4), 1), (31, np.int64(12), np.int64(8), 1)): 38.0, ((31, np.int64(12), np.int64(8), 1), (31, np.int64(12), 35, 1)): 38.0, ((31, np.int64(59), np.int64(0), 2), (35, np.int64(34), np.int64(3), 1)): 38.0, ((35, np.int64(34), np.int64(3), 1), (31, np.int64(17), np.int64(6), 1)): 38.0, ((31, np.int64(17), np.int64(6), 1), (31, np.int64(17), 35, 1)): 38.0, ((31, np.int64(59), np.int64(0), 2), (6, np.int64(40), np.int64(3), 2)): 38.0, ((6, np.int64(40), np.int64(3), 2), (35, np.int64(37), np.int64(4), 1)): 38.0, ((35, np.int64(37), np.int64(4), 1), (31, np.int64(20), np.int64(7), 1)): 38.0, ((31, np.int64(20), np.int64(7), 1), (31, np.int64(20), 35, 1)): 38.0, ((31, np.int64(59), np.int64(0), 2), (12, np.int64(57), np.int64(1), 2)): 38.0, ((12, np.int64(57), np.int64(1), 2), (31, np.int64(56), np.int64(2), 2)): 38.0, ((31, np.int64(56), np.int64(2), 2), (31, np.int64(56), 35, 2)): 38.0, ((31, np.int64(59), np.int64(0), 2), (15, np.int64(55), np.int64(1), 2)): 38.0, ((15, np.int64(55), np.int64(1), 2), (12, np.int64(53), np.int64(2), 2)): 38.0, ((12, np.int64(53), np.int64(2), 2), (31, np.int64(52), np.int64(3), 2)): 38.0, ((31, np.int64(52), np.int64(3), 2), (31, np.int64(52), 35, 2)): 38.0, ((31, np.int64(61), np.int64(0), 2), (30, np.int64(51), np.int64(2), 2)): 38.0, ((30, np.int64(51), np.int64(2), 2), (35, np.int64(29), np.int64(6), 1)): 38.0, ((35, np.int64(29), np.int64(6), 1), (31, np.int64(12), np.int64(9), 1)): 38.0, ((31, np.int64(12), np.int64(9), 1), (31, np.int64(12), 35, 1)): 38.0, ((31, np.int64(61), np.int64(0), 2), (3, np.int64(33), np.int64(4), 1)): 38.0, ((3, np.int64(33), np.int64(4), 1), (31, np.int64(14), np.int64(8), 1)): 38.0, ((31, np.int64(14), np.int64(8), 1), (31, np.int64(14), 35, 1)): 38.0, ((31, np.int64(61), np.int64(0), 2), (35, np.int64(36), np.int64(3), 1)): 38.0, ((35, np.int64(36), np.int64(3), 1), (31, np.int64(19), np.int64(6), 1)): 38.0, ((31, np.int64(61), np.int64(0), 2), (6, np.int64(42), np.int64(3), 2)): 38.0, ((6, np.int64(42), np.int64(3), 2), (31, np.int64(29), np.int64(6), 1)): 38.0, ((31, np.int64(29), np.int64(6), 1), (31, np.int64(29), 35, 1)): 38.0, ((31, np.int64(61), np.int64(0), 2), (15, np.int64(57), np.int64(1), 2)): 38.0, ((15, np.int64(57), np.int64(1), 2), (12, np.int64(55), np.int64(2), 2)): 38.0, ((12, np.int64(55), np.int64(2), 2), (31, np.int64(54), np.int64(3), 2)): 38.0, ((31, np.int64(54), np.int64(3), 2), (31, np.int64(54), 35, 2)): 38.0, ((31, np.int64(70), np.int64(0), 2), (3, np.int64(42), np.int64(4), 2)): 38.0, ((3, np.int64(42), np.int64(4), 2), (15, np.int64(20), np.int64(8), 1)): 38.0, ((15, np.int64(20), np.int64(8), 1), (31, np.int64(18), np.int64(9), 1)): 38.0, ((31, np.int64(18), np.int64(9), 1), (31, np.int64(18), 35, 1)): 38.0, ((31, np.int64(70), np.int64(0), 2), (30, np.int64(60), np.int64(2), 2)): 38.0, ((30, np.int64(60), np.int64(2), 2), (35, np.int64(38), np.int64(6), 1)): 38.0, ((35, np.int64(38), np.int64(6), 1), (31, np.int64(21), np.int64(9), 1)): 38.0, ((31, np.int64(21), np.int64(9), 1), (31, np.int64(21), 35, 1)): 38.0, ((31, np.int64(70), np.int64(0), 2), (6, np.int64(51), np.int64(3), 2)): 38.0, ((6, np.int64(51), np.int64(3), 2), (30, np.int64(33), np.int64(7), 1)): 38.0, ((30, np.int64(33), np.int64(7), 1), (31, np.int64(26), np.int64(9), 1)): 38.0, ((31, np.int64(26), np.int64(9), 1), (31, np.int64(26), 35, 1)): 38.0, ((31, np.int64(70), np.int64(0), 2), (15, np.int64(66), np.int64(1), 2)): 38.0, ((15, np.int64(66), np.int64(1), 2), (35, np.int64(48), np.int64(5), 2)): 38.0, ((35, np.int64(48), np.int64(5), 2), (15, np.int64(30), np.int64(9), 1)): 38.0, ((15, np.int64(30), np.int64(9), 1), (12, np.int64(28), np.int64(10), 1)): 38.0, ((12, np.int64(28), np.int64(10), 1), (31, np.int64(27), np.int64(11), 1)): 38.0, ((31, np.int64(27), np.int64(11), 1), (31, np.int64(27), 35, 1)): 38.0, ((31, np.int64(70), np.int64(0), 2), (35, np.int64(45), np.int64(3), 2)): 38.0, ((35, np.int64(45), np.int64(3), 2), (6, np.int64(42), np.int64(4), 2)): 38.0, ((6, np.int64(42), np.int64(4), 2), (31, np.int64(29), np.int64(7), 1)): 38.0, ((31, np.int64(29), np.int64(7), 1), (31, np.int64(29), 35, 1)): 38.0, ((31, np.int64(70), np.int64(0), 2), (12, np.int64(68), np.int64(1), 2)): 38.0, ((12, np.int64(68), np.int64(1), 2), (12, np.int64(68), np.int64(6), 2)): 38.0, ((12, np.int64(68), np.int64(6), 2), (31, np.int64(67), np.int64(7), 2)): 38.0, ((31, np.int64(67), np.int64(7), 2), (31, np.int64(67), np.int64(12), 2)): 38.0, ((31, np.int64(67), np.int64(12), 2), (12, np.int64(66), np.int64(13), 2)): 38.0, ((12, np.int64(66), np.int64(13), 2), (32, np.int64(24), np.int64(18), 1)): 38.0, ((32, np.int64(24), np.int64(18), 1), (32, np.int64(24), 35, 1)): 38.0, ((31, np.int64(70), np.int64(0), 2), (31, np.int64(70), np.int64(1), 2)): 62086.0, ((31, np.int64(70), np.int64(1), 2), (15, np.int64(68), np.int64(2), 2)): 62086.0, ((15, np.int64(68), np.int64(2), 2), (12, np.int64(66), np.int64(3), 2)): 62086.0, ((12, np.int64(66), np.int64(3), 2), (12, np.int64(66), np.int64(8), 2)): 62086.0, ((12, np.int64(66), np.int64(8), 2), (31, np.int64(65), np.int64(9), 2)): 62086.0, ((31, np.int64(65), np.int64(9), 2), (31, np.int64(65), np.int64(14), 2)): 62086.0, ((31, np.int64(65), np.int64(14), 2), (12, np.int64(64), np.int64(15), 2)): 62086.0, ((12, np.int64(64), np.int64(15), 2), (32, np.int64(22), np.int64(20), 1)): 54644.0, ((32, np.int64(22), np.int64(20), 1), (32, np.int64(22), 35, 1)): 54644.0, ((12, np.int64(64), np.int64(15), 2), (12, np.int64(64), np.int64(20), 2)): 7442.0, ((12, np.int64(64), np.int64(20), 2), (32, np.int64(22), np.int64(25), 1)): 5157.0, ((32, np.int64(22), np.int64(25), 1), (32, np.int64(22), 35, 1)): 5157.0, ((12, np.int64(64), np.int64(20), 2), (31, np.int64(63), np.int64(21), 2)): 2285.0, ((31, np.int64(63), np.int64(21), 2), (31, np.int64(63), np.int64(26), 2)): 2285.0, ((31, np.int64(63), np.int64(26), 2), (12, np.int64(62), np.int64(27), 2)): 2285.0, ((12, np.int64(62), np.int64(27), 2), (32, np.int64(20), np.int64(32), 1)): 2285.0, ((32, np.int64(20), np.int64(32), 1), (32, np.int64(20), 35, 1)): 2285.0, ((31, np.int64(72), np.int64(0), 2), (35, np.int64(47), np.int64(3), 2)): 38.0, ((35, np.int64(47), np.int64(3), 2), (3, np.int64(24), np.int64(7), 1)): 38.0, ((3, np.int64(24), np.int64(7), 1), (31, np.int64(5), np.int64(11), 0)): 38.0, ((31, np.int64(5), np.int64(11), 0), (31, np.int64(5), 35, 0)): 38.0, ((31, np.int64(72), np.int64(0), 2), (3, np.int64(44), np.int64(4), 2)): 38.0, ((3, np.int64(44), np.int64(4), 2), (6, np.int64(23), np.int64(8), 1)): 38.0, ((6, np.int64(23), np.int64(8), 1), (31, np.int64(10), np.int64(11), 1)): 38.0, ((31, np.int64(10), np.int64(11), 1), (31, np.int64(10), 35, 1)): 38.0, ((31, np.int64(72), np.int64(0), 2), (30, np.int64(62), np.int64(2), 2)): 38.0, ((30, np.int64(62), np.int64(2), 2), (35, np.int64(40), np.int64(6), 2)): 38.0, ((35, np.int64(40), np.int64(6), 2), (31, np.int64(23), np.int64(9), 1)): 38.0, ((31, np.int64(23), np.int64(9), 1), (31, np.int64(23), 35, 1)): 38.0, ((31, np.int64(72), np.int64(0), 2), (6, np.int64(53), np.int64(3), 2)): 38.0, ((6, np.int64(53), np.int64(3), 2), (30, np.int64(35), np.int64(7), 1)): 38.0, ((30, np.int64(35), np.int64(7), 1), (31, np.int64(28), np.int64(9), 1)): 38.0, ((31, np.int64(28), np.int64(9), 1), (31, np.int64(28), 35, 1)): 38.0, ((31, np.int64(72), np.int64(0), 2), (0, np.int64(24), np.int64(6), 1)): 38.0, ((0, np.int64(24), np.int64(6), 1), (0, np.int64(24), 35, 1)): 38.0, ((31, np.int64(72), np.int64(0), 2), (12, np.int64(70), np.int64(1), 2)): 38.0, ((12, np.int64(70), np.int64(1), 2), (12, np.int64(70), np.int64(6), 2)): 38.0, ((12, np.int64(70), np.int64(6), 2), (31, np.int64(69), np.int64(7), 2)): 38.0, ((31, np.int64(69), np.int64(7), 2), (31, np.int64(69), np.int64(12), 2)): 38.0, ((31, np.int64(69), np.int64(12), 2), (12, np.int64(68), np.int64(13), 2)): 38.0, ((12, np.int64(68), np.int64(13), 2), (12, np.int64(68), np.int64(18), 2)): 38.0, ((12, np.int64(68), np.int64(18), 2), (31, np.int64(67), np.int64(19), 2)): 38.0, ((31, np.int64(67), np.int64(19), 2), (31, np.int64(67), np.int64(24), 2)): 38.0, ((31, np.int64(67), np.int64(24), 2), (12, np.int64(66), np.int64(25), 2)): 38.0, ((12, np.int64(66), np.int64(25), 2), (32, np.int64(24), np.int64(30), 1)): 38.0, ((32, np.int64(24), np.int64(30), 1), (32, np.int64(24), 35, 1)): 38.0, ((31, np.int64(72), np.int64(0), 2), (15, np.int64(68), np.int64(1), 2)): 38.0, ((15, np.int64(68), np.int64(1), 2), (12, np.int64(66), np.int64(2), 2)): 38.0, ((12, np.int64(66), np.int64(2), 2), (12, np.int64(66), np.int64(7), 2)): 38.0, ((12, np.int64(66), np.int64(7), 2), (31, np.int64(65), np.int64(8), 2)): 38.0, ((31, np.int64(65), np.int64(8), 2), (31, np.int64(65), np.int64(13), 2)): 38.0, ((31, np.int64(65), np.int64(13), 2), (12, np.int64(64), np.int64(14), 2)): 38.0, ((12, np.int64(64), np.int64(14), 2), (12, np.int64(64), np.int64(19), 2)): 38.0, ((12, np.int64(64), np.int64(19), 2), (31, np.int64(63), np.int64(20), 2)): 38.0, ((31, np.int64(63), np.int64(20), 2), (31, np.int64(63), np.int64(25), 2)): 38.0, ((31, np.int64(63), np.int64(25), 2), (12, np.int64(62), np.int64(26), 2)): 38.0, ((12, np.int64(62), np.int64(26), 2), (32, np.int64(20), np.int64(31), 1)): 38.0, ((32, np.int64(20), np.int64(31), 1), (32, np.int64(20), 35, 1)): 38.0, ((31, np.int64(75), np.int64(0), 2), (3, np.int64(47), np.int64(4), 2)): 38.0, ((3, np.int64(47), np.int64(4), 2), (15, np.int64(25), np.int64(8), 1)): 38.0, ((15, np.int64(25), np.int64(8), 1), (30, np.int64(16), np.int64(10), 1)): 38.0, ((30, np.int64(16), np.int64(10), 1), (31, np.int64(9), np.int64(12), 0)): 38.0, ((31, np.int64(9), np.int64(12), 0), (31, np.int64(9), 35, 0)): 38.0, ((31, np.int64(75), np.int64(0), 2), (30, np.int64(65), np.int64(2), 2)): 38.0, ((30, np.int64(65), np.int64(2), 2), (35, np.int64(43), np.int64(6), 2)): 38.0, ((35, np.int64(43), np.int64(6), 2), (6, np.int64(40), np.int64(7), 2)): 38.0, ((6, np.int64(40), np.int64(7), 2), (31, np.int64(27), np.int64(10), 1)): 38.0, ((31, np.int64(27), np.int64(10), 1), (31, np.int64(27), 35, 1)): 38.0, ((31, np.int64(75), np.int64(0), 2), (35, np.int64(50), np.int64(3), 2)): 38.0, ((35, np.int64(50), np.int64(3), 2), (15, np.int64(32), np.int64(7), 1)): 38.0, ((15, np.int64(32), np.int64(7), 1), (12, np.int64(30), np.int64(8), 1)): 38.0, ((12, np.int64(30), np.int64(8), 1), (31, np.int64(29), np.int64(9), 1)): 38.0, ((31, np.int64(29), np.int64(9), 1), (31, np.int64(29), 35, 1)): 38.0, ((31, np.int64(75), np.int64(0), 2), (6, np.int64(56), np.int64(3), 2)): 38.0, ((6, np.int64(56), np.int64(3), 2), (31, np.int64(43), np.int64(6), 2)): 38.0, ((31, np.int64(43), np.int64(6), 2), (31, np.int64(43), 35, 2)): 38.0, ((31, np.int64(75), np.int64(0), 2), (15, np.int64(71), np.int64(1), 2)): 38.0, ((15, np.int64(71), np.int64(1), 2), (31, np.int64(69), np.int64(2), 2)): 38.0, ((31, np.int64(69), np.int64(2), 2), (31, np.int64(69), 35, 2)): 38.0, ((31, np.int64(75), np.int64(0), 2), (12, np.int64(73), np.int64(1), 2)): 38.0, ((12, np.int64(73), np.int64(1), 2), (15, np.int64(71), np.int64(2), 2)): 38.0, ((15, np.int64(71), np.int64(2), 2), (31, np.int64(69), np.int64(3), 2)): 38.0, ((31, np.int64(69), np.int64(3), 2), (31, np.int64(69), 35, 2)): 38.0, ((31, np.int64(75), np.int64(0), 2), (0, np.int64(27), np.int64(6), 1)): 38.0, ((0, np.int64(27), np.int64(6), 1), (30, np.int64(1), np.int64(11), 0)): 38.0, ((30, np.int64(1), np.int64(11), 0), (30, np.int64(1), 35, 0)): 38.0, ((31, np.int64(76), np.int64(0), 2), (3, np.int64(48), np.int64(4), 2)): 38.0, ((3, np.int64(48), np.int64(4), 2), (6, np.int64(27), np.int64(8), 1)): 38.0, ((6, np.int64(27), np.int64(8), 1), (31, np.int64(14), np.int64(11), 1)): 38.0, ((31, np.int64(14), np.int64(11), 1), (31, np.int64(14), 35, 1)): 38.0, ((31, np.int64(76), np.int64(0), 2), (30, np.int64(66), np.int64(2), 2)): 38.0, ((30, np.int64(66), np.int64(2), 2), (35, np.int64(44), np.int64(6), 2)): 38.0, ((35, np.int64(44), np.int64(6), 2), (6, np.int64(41), np.int64(7), 2)): 38.0, ((6, np.int64(41), np.int64(7), 2), (31, np.int64(28), np.int64(10), 1)): 38.0, ((31, np.int64(28), np.int64(10), 1), (31, np.int64(28), 35, 1)): 38.0, ((31, np.int64(76), np.int64(0), 2), (35, np.int64(51), np.int64(3), 2)): 38.0, ((35, np.int64(51), np.int64(3), 2), (15, np.int64(33), np.int64(7), 1)): 38.0, ((15, np.int64(33), np.int64(7), 1), (12, np.int64(31), np.int64(8), 1)): 38.0, ((12, np.int64(31), np.int64(8), 1), (31, np.int64(30), np.int64(9), 1)): 38.0, ((31, np.int64(30), np.int64(9), 1), (31, np.int64(30), 35, 1)): 38.0, ((31, np.int64(76), np.int64(0), 2), (6, np.int64(57), np.int64(3), 2)): 38.0, ((6, np.int64(57), np.int64(3), 2), (31, np.int64(44), np.int64(6), 2)): 38.0, ((31, np.int64(44), np.int64(6), 2), (31, np.int64(44), 35, 2)): 38.0, ((31, np.int64(76), np.int64(0), 2), (15, np.int64(72), np.int64(1), 2)): 38.0, ((15, np.int64(72), np.int64(1), 2), (31, np.int64(70), np.int64(2), 2)): 38.0, ((31, np.int64(70), np.int64(2), 2), (31, np.int64(70), 35, 2)): 38.0, ((31, np.int64(76), np.int64(0), 2), (0, np.int64(28), np.int64(6), 1)): 38.0, ((0, np.int64(28), np.int64(6), 1), (30, np.int64(2), np.int64(11), 0)): 38.0, ((30, np.int64(2), np.int64(11), 0), (30, np.int64(2), 35, 0)): 38.0, ((31, np.int64(76), np.int64(0), 2), (12, np.int64(74), np.int64(1), 2)): 38.0, ((12, np.int64(74), np.int64(1), 2), (31, np.int64(73), np.int64(2), 2)): 38.0, ((31, np.int64(73), np.int64(2), 2), (31, np.int64(73), 35, 2)): 38.0, ((31, np.int64(78), np.int64(0), 2), (3, np.int64(50), np.int64(4), 2)): 38.0, ((3, np.int64(50), np.int64(4), 2), (31, np.int64(31), np.int64(8), 1)): 38.0, ((31, np.int64(31), np.int64(8), 1), (31, np.int64(31), 35, 1)): 38.0, ((31, np.int64(78), np.int64(0), 2), (35, np.int64(53), np.int64(3), 2)): 38.0, ((35, np.int64(53), np.int64(3), 2), (15, np.int64(35), np.int64(7), 1)): 38.0, ((15, np.int64(35), np.int64(7), 1), (12, np.int64(33), np.int64(8), 1)): 38.0, ((12, np.int64(33), np.int64(8), 1), (31, np.int64(32), np.int64(9), 1)): 38.0, ((31, np.int64(32), np.int64(9), 1), (31, np.int64(32), 35, 1)): 38.0, ((31, np.int64(78), np.int64(0), 2), (6, np.int64(59), np.int64(3), 2)): 38.0, ((6, np.int64(59), np.int64(3), 2), (31, np.int64(46), np.int64(6), 2)): 38.0, ((31, np.int64(46), np.int64(6), 2), (31, np.int64(46), 35, 2)): 38.0, ((31, np.int64(78), np.int64(0), 2), (30, np.int64(68), np.int64(2), 2)): 38.0, ((30, np.int64(68), np.int64(2), 2), (31, np.int64(61), np.int64(4), 2)): 38.0, ((31, np.int64(61), np.int64(4), 2), (31, np.int64(61), 35, 2)): 38.0, ((31, np.int64(78), np.int64(0), 2), (15, np.int64(74), np.int64(1), 2)): 38.0, ((15, np.int64(74), np.int64(1), 2), (31, np.int64(72), np.int64(2), 2)): 38.0, ((31, np.int64(72), np.int64(2), 2), (31, np.int64(72), 35, 2)): 38.0, ((31, np.int64(78), np.int64(0), 2), (0, np.int64(30), np.int64(6), 1)): 38.0, ((0, np.int64(30), np.int64(6), 1), (30, np.int64(4), np.int64(11), 0)): 38.0, ((30, np.int64(4), np.int64(11), 0), (30, np.int64(4), 35, 0)): 38.0, ((31, np.int64(78), np.int64(0), 2), (12, np.int64(76), np.int64(1), 2)): 38.0, ((12, np.int64(76), np.int64(1), 2), (31, np.int64(75), np.int64(2), 2)): 38.0, ((31, np.int64(75), np.int64(2), 2), (31, np.int64(75), 35, 2)): 38.0, ((31, np.int64(80), np.int64(0), 3), (3, np.int64(52), np.int64(4), 2)): 38.0, ((3, np.int64(52), np.int64(4), 2), (12, np.int64(32), np.int64(8), 1)): 38.0, ((12, np.int64(32), np.int64(8), 1), (31, np.int64(31), np.int64(9), 1)): 38.0, ((31, np.int64(31), np.int64(9), 1), (31, np.int64(31), 35, 1)): 38.0, ((31, np.int64(80), np.int64(0), 3), (35, np.int64(55), np.int64(3), 2)): 38.0, ((35, np.int64(55), np.int64(3), 2), (31, np.int64(38), np.int64(6), 1)): 38.0, ((31, np.int64(38), np.int64(6), 1), (31, np.int64(38), 35, 1)): 38.0, ((31, np.int64(80), np.int64(0), 3), (12, np.int64(78), np.int64(1), 2)): 38.0, ((12, np.int64(78), np.int64(1), 2), (6, np.int64(64), np.int64(4), 2)): 38.0, ((6, np.int64(64), np.int64(4), 2), (35, np.int64(61), np.int64(5), 2)): 38.0, ((35, np.int64(61), np.int64(5), 2), (31, np.int64(44), np.int64(8), 2)): 38.0, ((31, np.int64(44), np.int64(8), 2), (31, np.int64(44), 35, 2)): 38.0, ((31, np.int64(80), np.int64(0), 3), (0, np.int64(32), np.int64(6), 1)): 38.0, ((0, np.int64(32), np.int64(6), 1), (30, np.int64(6), np.int64(11), 0)): 38.0, ((30, np.int64(6), np.int64(11), 0), (30, np.int64(6), 35, 0)): 38.0, ((31, np.int64(80), np.int64(0), 3), (15, np.int64(76), np.int64(1), 2)): 38.0, ((15, np.int64(76), np.int64(1), 2), (12, np.int64(74), np.int64(2), 2)): 38.0, ((12, np.int64(74), np.int64(2), 2), (31, np.int64(73), np.int64(3), 2)): 38.0, ((31, np.int64(73), np.int64(3), 2), (31, np.int64(73), 35, 2)): 38.0, ((31, np.int64(81), np.int64(0), 3), (3, np.int64(53), np.int64(4), 2)): 38.0, ((3, np.int64(53), np.int64(4), 2), (31, np.int64(34), np.int64(8), 1)): 38.0, ((31, np.int64(34), np.int64(8), 1), (31, np.int64(34), 35, 1)): 38.0, ((31, np.int64(81), np.int64(0), 3), (15, np.int64(77), np.int64(1), 2)): 38.0, ((15, np.int64(77), np.int64(1), 2), (3, np.int64(55), np.int64(5), 2)): 38.0, ((3, np.int64(55), np.int64(5), 2), (15, np.int64(33), np.int64(9), 1)): 38.0, ((15, np.int64(33), np.int64(9), 1), (12, np.int64(31), np.int64(10), 1)): 38.0, ((12, np.int64(31), np.int64(10), 1), (31, np.int64(30), np.int64(11), 1)): 38.0, ((31, np.int64(30), np.int64(11), 1), (31, np.int64(30), 35, 1)): 38.0, ((31, np.int64(81), np.int64(0), 3), (30, np.int64(71), np.int64(2), 2)): 38.0, ((30, np.int64(71), np.int64(2), 2), (35, np.int64(49), np.int64(6), 2)): 38.0, ((35, np.int64(49), np.int64(6), 2), (15, np.int64(31), np.int64(10), 1)): 38.0, ((15, np.int64(31), np.int64(10), 1), (12, np.int64(29), np.int64(11), 1)): 38.0, ((12, np.int64(29), np.int64(11), 1), (31, np.int64(28), np.int64(12), 1)): 38.0, ((31, np.int64(28), np.int64(12), 1), (31, np.int64(28), 35, 1)): 38.0, ((31, np.int64(81), np.int64(0), 3), (12, np.int64(79), np.int64(1), 2)): 38.0, ((12, np.int64(79), np.int64(1), 2), (3, np.int64(59), np.int64(5), 2)): 38.0, ((3, np.int64(59), np.int64(5), 2), (12, np.int64(39), np.int64(9), 1)): 38.0, ((12, np.int64(39), np.int64(9), 1), (31, np.int64(38), np.int64(10), 1)): 38.0, ((31, np.int64(38), np.int64(10), 1), (31, np.int64(38), 35, 1)): 38.0, ((31, np.int64(81), np.int64(0), 3), (6, np.int64(62), np.int64(3), 2)): 38.0, ((6, np.int64(62), np.int64(3), 2), (35, np.int64(59), np.int64(4), 2)): 38.0, ((35, np.int64(59), np.int64(4), 2), (31, np.int64(42), np.int64(7), 2)): 38.0, ((31, np.int64(42), np.int64(7), 2), (31, np.int64(42), 35, 2)): 38.0, ((31, np.int64(90), np.int64(0), 3), (2, np.int64(35), np.int64(7), 1)): 38.0, ((2, np.int64(35), np.int64(7), 1), (10, np.int64(33), np.int64(8), 1)): 38.0, ((10, np.int64(33), np.int64(8), 1), (10, np.int64(33), 35, 1)): 38.0, ((31, np.int64(90), np.int64(0), 3), (9, np.int64(37), np.int64(7), 1)): 38.0, ((9, np.int64(37), np.int64(7), 1), (9, np.int64(37), 35, 1)): 38.0, ((31, np.int64(90), np.int64(0), 3), (10, np.int64(39), np.int64(6), 1)): 38.0, ((10, np.int64(39), np.int64(6), 1), (12, np.int64(4), np.int64(12), 0)): 38.0, ((12, np.int64(4), np.int64(12), 0), (31, np.int64(3), np.int64(13), 0)): 38.0, ((31, np.int64(3), np.int64(13), 0), (31, np.int64(3), 35, 0)): 38.0, ((31, np.int64(90), np.int64(0), 3), (17, np.int64(41), np.int64(6), 2)): 38.0, ((17, np.int64(41), np.int64(6), 2), (35, np.int64(19), np.int64(10), 1)): 38.0, ((35, np.int64(19), np.int64(10), 1), (15, np.int64(1), np.int64(14), 0)): 38.0, ((15, np.int64(1), np.int64(14), 0), (15, np.int64(1), 35, 0)): 38.0, ((31, np.int64(90), np.int64(0), 3), (29, np.int64(40), np.int64(6), 2)): 38.0, ((29, np.int64(40), np.int64(6), 2), (35, np.int64(22), np.int64(10), 1)): 38.0, ((35, np.int64(22), np.int64(10), 1), (15, np.int64(4), np.int64(14), 0)): 38.0, ((15, np.int64(4), np.int64(14), 0), (12, np.int64(2), np.int64(15), 0)): 38.0, ((12, np.int64(2), np.int64(15), 0), (31, np.int64(1), np.int64(16), 0)): 38.0, ((31, np.int64(1), np.int64(16), 0), (31, np.int64(1), 35, 0)): 38.0, ((31, np.int64(90), np.int64(0), 3), (0, np.int64(42), np.int64(6), 2)): 38.0, ((0, np.int64(42), np.int64(6), 2), (10, np.int64(40), np.int64(7), 2)): 38.0, ((10, np.int64(40), np.int64(7), 2), (0, np.int64(38), np.int64(8), 1)): 38.0, ((0, np.int64(38), np.int64(8), 1), (31, np.int64(5), np.int64(14), 0)): 38.0, ((31, np.int64(5), np.int64(14), 0), (31, np.int64(5), 35, 0)): 38.0, ((31, np.int64(90), np.int64(0), 3), (3, np.int64(62), np.int64(4), 2)): 38.0, ((3, np.int64(62), np.int64(4), 2), (12, np.int64(42), np.int64(8), 2)): 38.0, ((12, np.int64(42), np.int64(8), 2), (31, np.int64(41), np.int64(9), 2)): 38.0, ((31, np.int64(41), np.int64(9), 2), (31, np.int64(41), 35, 2)): 38.0, ((31, np.int64(90), np.int64(0), 3), (35, np.int64(65), np.int64(3), 2)): 38.0, ((35, np.int64(65), np.int64(3), 2), (31, np.int64(48), np.int64(6), 2)): 38.0, ((31, np.int64(48), np.int64(6), 2), (31, np.int64(48), 35, 2)): 38.0, ((31, np.int64(90), np.int64(0), 3), (15, np.int64(86), np.int64(1), 3)): 38.0, ((15, np.int64(86), np.int64(1), 3), (30, np.int64(77), np.int64(3), 2)): 38.0, ((30, np.int64(77), np.int64(3), 2), (15, np.int64(68), np.int64(5), 2)): 38.0, ((15, np.int64(68), np.int64(5), 2), (31, np.int64(66), np.int64(6), 2)): 38.0, ((31, np.int64(66), np.int64(6), 2), (31, np.int64(66), 35, 2)): 38.0, ((31, np.int64(90), np.int64(0), 3), (12, np.int64(88), np.int64(1), 3)): 38.0, ((12, np.int64(88), np.int64(1), 3), (12, np.int64(88), np.int64(6), 3)): 38.0, ((12, np.int64(88), np.int64(6), 3), (12, np.int64(88), np.int64(11), 3)): 38.0, ((12, np.int64(88), np.int64(11), 3), (12, np.int64(88), np.int64(16), 3)): 38.0, ((12, np.int64(88), np.int64(16), 3), (6, np.int64(74), np.int64(19), 2)): 38.0, ((6, np.int64(74), np.int64(19), 2), (35, np.int64(71), np.int64(20), 2)): 38.0, ((35, np.int64(71), np.int64(20), 2), (29, np.int64(53), np.int64(24), 2)): 38.0, ((29, np.int64(53), np.int64(24), 2), (32, np.int64(17), np.int64(29), 1)): 38.0, ((32, np.int64(17), np.int64(29), 1), (32, np.int64(17), 35, 1)): 38.0, ((31, np.int64(90), np.int64(0), 3), (31, np.int64(90), np.int64(1), 3)): 7480.0, ((31, np.int64(90), np.int64(1), 3), (12, np.int64(89), np.int64(2), 3)): 7480.0, ((12, np.int64(89), np.int64(2), 3), (12, np.int64(89), np.int64(7), 3)): 7480.0, ((12, np.int64(89), np.int64(7), 3), (12, np.int64(89), np.int64(12), 3)): 7480.0, ((12, np.int64(89), np.int64(12), 3), (12, np.int64(89), np.int64(17), 3)): 7480.0, ((12, np.int64(89), np.int64(17), 3), (6, np.int64(75), np.int64(20), 2)): 7480.0, ((6, np.int64(75), np.int64(20), 2), (35, np.int64(72), np.int64(21), 2)): 7480.0, ((35, np.int64(72), np.int64(21), 2), (29, np.int64(54), np.int64(25), 2)): 7480.0, ((29, np.int64(54), np.int64(25), 2), (32, np.int64(18), np.int64(30), 1)): 5119.0, ((32, np.int64(18), np.int64(30), 1), (32, np.int64(18), 35, 1)): 5119.0, ((29, np.int64(54), np.int64(25), 2), (9, np.int64(47), np.int64(27), 2)): 2361.0, ((9, np.int64(47), np.int64(27), 2), (9, np.int64(47), np.int64(32), 2)): 2361.0, ((9, np.int64(47), np.int64(32), 2), (29, np.int64(40), np.int64(34), 2)): 2361.0, ((29, np.int64(40), np.int64(34), 2), (29, np.int64(40), 35, 2)): 2361.0, ((31, np.int64(96), np.int64(0), 3), (8, np.int64(40), np.int64(7), 2)): 38.0, ((8, np.int64(40), np.int64(7), 2), (31, np.int64(1), np.int64(14), 0)): 38.0, ((31, np.int64(1), np.int64(14), 0), (31, np.int64(1), 35, 0)): 38.0, ((31, np.int64(96), np.int64(0), 3), (2, np.int64(41), np.int64(7), 2)): 38.0, ((2, np.int64(41), np.int64(7), 2), (15, np.int64(2), np.int64(14), 0)): 38.0, ((15, np.int64(2), np.int64(14), 0), (31, np.int64(0), np.int64(15), 0)): 76.0, ((31, np.int64(0), np.int64(15), 0), (31, np.int64(0), 35, 0)): 76.0, ((31, np.int64(96), np.int64(0), 3), (9, np.int64(43), np.int64(7), 2)): 38.0, ((9, np.int64(43), np.int64(7), 2), (35, np.int64(24), np.int64(11), 1)): 38.0, ((35, np.int64(24), np.int64(11), 1), (31, np.int64(7), np.int64(14), 0)): 38.0, ((31, np.int64(7), np.int64(14), 0), (31, np.int64(7), 35, 0)): 38.0, ((31, np.int64(96), np.int64(0), 3), (10, np.int64(45), np.int64(6), 2)): 38.0, ((10, np.int64(45), np.int64(6), 2), (31, np.int64(10), np.int64(12), 1)): 38.0, ((31, np.int64(10), np.int64(12), 1), (31, np.int64(10), 35, 1)): 38.0, ((31, np.int64(96), np.int64(0), 3), (17, np.int64(47), np.int64(6), 2)): 38.0, ((17, np.int64(47), np.int64(6), 2), (31, np.int64(13), np.int64(12), 1)): 38.0, ((31, np.int64(13), np.int64(12), 1), (31, np.int64(13), 35, 1)): 38.0, ((31, np.int64(96), np.int64(0), 3), (0, np.int64(48), np.int64(6), 2)): 38.0, ((0, np.int64(48), np.int64(6), 2), (10, np.int64(46), np.int64(7), 2)): 38.0, ((10, np.int64(46), np.int64(7), 2), (12, np.int64(11), np.int64(13), 1)): 38.0, ((12, np.int64(11), np.int64(13), 1), (31, np.int64(10), np.int64(14), 1)): 38.0, ((31, np.int64(10), np.int64(14), 1), (31, np.int64(10), 35, 1)): 38.0, ((31, np.int64(96), np.int64(0), 3), (29, np.int64(46), np.int64(6), 2)): 38.0, ((29, np.int64(46), np.int64(6), 2), (35, np.int64(28), np.int64(10), 1)): 38.0, ((35, np.int64(28), np.int64(10), 1), (31, np.int64(11), np.int64(13), 1)): 38.0, ((31, np.int64(11), np.int64(13), 1), (31, np.int64(11), 35, 1)): 38.0, ((31, np.int64(96), np.int64(0), 3), (35, np.int64(71), np.int64(3), 2)): 38.0, ((35, np.int64(71), np.int64(3), 2), (31, np.int64(54), np.int64(6), 2)): 38.0, ((31, np.int64(54), np.int64(6), 2), (31, np.int64(54), 35, 2)): 38.0, ((31, np.int64(96), np.int64(0), 3), (30, np.int64(86), np.int64(2), 3)): 38.0, ((30, np.int64(86), np.int64(2), 3), (31, np.int64(79), np.int64(4), 2)): 38.0, ((31, np.int64(79), np.int64(4), 2), (31, np.int64(79), 35, 2)): 38.0, ((31, np.int64(96), np.int64(0), 3), (12, np.int64(94), np.int64(1), 3)): 38.0, ((12, np.int64(94), np.int64(1), 3), (31, np.int64(93), np.int64(2), 3)): 38.0, ((31, np.int64(93), np.int64(2), 3), (31, np.int64(93), 35, 3)): 38.0, ((31, np.int64(96), np.int64(0), 3), (15, np.int64(92), np.int64(1), 3)): 38.0, ((15, np.int64(92), np.int64(1), 3), (12, np.int64(90), np.int64(2), 3)): 38.0, ((12, np.int64(90), np.int64(2), 3), (31, np.int64(89), np.int64(3), 3)): 38.0, ((31, np.int64(89), np.int64(3), 3), (31, np.int64(89), 35, 3)): 38.0, ((31, np.int64(98), np.int64(0), 3), (8, np.int64(42), np.int64(7), 2)): 38.0, ((8, np.int64(42), np.int64(7), 2), (12, np.int64(3), np.int64(14), 0)): 38.0, ((12, np.int64(3), np.int64(14), 0), (31, np.int64(2), np.int64(15), 0)): 38.0, ((31, np.int64(2), np.int64(15), 0), (31, np.int64(2), 35, 0)): 38.0, ((31, np.int64(98), np.int64(0), 3), (9, np.int64(45), np.int64(7), 2)): 38.0, ((9, np.int64(45), np.int64(7), 2), (31, np.int64(8), np.int64(14), 0)): 38.0, ((31, np.int64(8), np.int64(14), 0), (31, np.int64(8), 35, 0)): 38.0, ((31, np.int64(98), np.int64(0), 3), (10, np.int64(47), np.int64(6), 2)): 38.0, ((10, np.int64(47), np.int64(6), 2), (31, np.int64(12), np.int64(12), 1)): 38.0, ((31, np.int64(12), np.int64(12), 1), (31, np.int64(12), 35, 1)): 38.0, ((31, np.int64(98), np.int64(0), 3), (17, np.int64(49), np.int64(6), 2)): 38.0, ((17, np.int64(49), np.int64(6), 2), (12, np.int64(14), np.int64(12), 1)): 38.0, ((12, np.int64(14), np.int64(12), 1), (31, np.int64(13), np.int64(13), 1)): 76.0, ((31, np.int64(13), np.int64(13), 1), (31, np.int64(13), 35, 1)): 114.0, ((31, np.int64(98), np.int64(0), 3), (0, np.int64(50), np.int64(6), 2)): 38.0, ((0, np.int64(50), np.int64(6), 2), (10, np.int64(48), np.int64(7), 2)): 38.0, ((10, np.int64(48), np.int64(7), 2), (12, np.int64(13), np.int64(13), 1)): 38.0, ((12, np.int64(13), np.int64(13), 1), (31, np.int64(12), np.int64(14), 1)): 38.0, ((31, np.int64(12), np.int64(14), 1), (31, np.int64(12), 35, 1)): 38.0, ((31, np.int64(98), np.int64(0), 3), (29, np.int64(48), np.int64(6), 2)): 38.0, ((29, np.int64(48), np.int64(6), 2), (35, np.int64(30), np.int64(10), 1)): 38.0, ((35, np.int64(30), np.int64(10), 1), (31, np.int64(13), np.int64(13), 1)): 38.0, ((31, np.int64(98), np.int64(0), 3), (3, np.int64(70), np.int64(4), 2)): 38.0, ((3, np.int64(70), np.int64(4), 2), (31, np.int64(51), np.int64(8), 2)): 38.0, ((31, np.int64(51), np.int64(8), 2), (31, np.int64(51), 35, 2)): 38.0, ((31, np.int64(98), np.int64(0), 3), (35, np.int64(73), np.int64(3), 2)): 38.0, ((35, np.int64(73), np.int64(3), 2), (31, np.int64(56), np.int64(6), 2)): 38.0, ((31, np.int64(56), np.int64(6), 2), (31, np.int64(56), 35, 2)): 38.0, ((31, np.int64(98), np.int64(0), 3), (12, np.int64(96), np.int64(1), 3)): 38.0, ((12, np.int64(96), np.int64(1), 3), (31, np.int64(95), np.int64(2), 3)): 38.0, ((31, np.int64(95), np.int64(2), 3), (31, np.int64(95), 35, 3)): 38.0, ((31, np.int64(98), np.int64(0), 3), (15, np.int64(94), np.int64(1), 3)): 38.0, ((15, np.int64(94), np.int64(1), 3), (12, np.int64(92), np.int64(2), 3)): 38.0, ((12, np.int64(92), np.int64(2), 3), (31, np.int64(91), np.int64(3), 3)): 38.0, ((31, np.int64(91), np.int64(3), 3), (31, np.int64(91), 35, 3)): 38.0, ((31, np.int64(100), np.int64(0), 3), (8, np.int64(44), np.int64(7), 2)): 38.0, ((8, np.int64(44), np.int64(7), 2), (12, np.int64(5), np.int64(14), 0)): 38.0, ((12, np.int64(5), np.int64(14), 0), (31, np.int64(4), np.int64(15), 0)): 38.0, ((31, np.int64(4), np.int64(15), 0), (31, np.int64(4), 35, 0)): 38.0, ((31, np.int64(100), np.int64(0), 3), (16, np.int64(41), np.int64(7), 2)): 38.0, ((16, np.int64(41), np.int64(7), 2), (15, np.int64(2), np.int64(14), 0)): 38.0, ((31, np.int64(100), np.int64(0), 3), (31, np.int64(100), np.int64(1), 3)): 72080.0, ((31, np.int64(100), np.int64(1), 3), (10, np.int64(65), np.int64(7), 2)): 17376.0, ((10, np.int64(65), np.int64(7), 2), (2, np.int64(63), np.int64(8), 2)): 17376.0, ((2, np.int64(63), np.int64(8), 2), (3, np.int64(9), np.int64(15), 0)): 2227.0, ((3, np.int64(9), np.int64(15), 0), (3, np.int64(9), 35, 0)): 2227.0, ((31, np.int64(100), np.int64(0), 3), (35, np.int64(75), np.int64(3), 2)): 14.0, ((35, np.int64(75), np.int64(3), 2), (9, np.int64(47), np.int64(7), 2)): 14.0, ((9, np.int64(47), np.int64(7), 2), (15, np.int64(10), np.int64(14), 1)): 14.0, ((15, np.int64(10), np.int64(14), 1), (31, np.int64(8), np.int64(15), 0)): 14.0, ((31, np.int64(8), np.int64(15), 0), (31, np.int64(8), 35, 0)): 2241.0, ((31, np.int64(100), np.int64(0), 3), (17, np.int64(51), np.int64(6), 2)): 38.0, ((17, np.int64(51), np.int64(6), 2), (35, np.int64(29), np.int64(10), 1)): 38.0, ((35, np.int64(29), np.int64(10), 1), (31, np.int64(12), np.int64(13), 1)): 38.0, ((31, np.int64(12), np.int64(13), 1), (31, np.int64(12), 35, 1)): 38.0, ((31, np.int64(100), np.int64(0), 3), (10, np.int64(49), np.int64(6), 2)): 38.0, ((10, np.int64(49), np.int64(6), 2), (12, np.int64(14), np.int64(12), 1)): 38.0, ((31, np.int64(100), np.int64(0), 3), (0, np.int64(52), np.int64(6), 2)): 38.0, ((0, np.int64(52), np.int64(6), 2), (15, np.int64(18), np.int64(12), 1)): 38.0, ((15, np.int64(18), np.int64(12), 1), (31, np.int64(16), np.int64(13), 1)): 38.0, ((31, np.int64(16), np.int64(13), 1), (31, np.int64(16), 35, 1)): 38.0, ((2, np.int64(63), np.int64(8), 2), (15, np.int64(7), np.int64(15), 0)): 2227.0, ((15, np.int64(7), np.int64(15), 0), (31, np.int64(5), np.int64(16), 0)): 2227.0, ((31, np.int64(5), np.int64(16), 0), (31, np.int64(5), 35, 0)): 2227.0, ((2, np.int64(63), np.int64(8), 2), (31, np.int64(8), np.int64(15), 0)): 2227.0, ((2, np.int64(63), np.int64(8), 2), (30, np.int64(18), np.int64(14), 1)): 2227.0, ((30, np.int64(18), np.int64(14), 1), (31, np.int64(11), np.int64(16), 1)): 2227.0, ((31, np.int64(11), np.int64(16), 1), (31, np.int64(11), 35, 1)): 2227.0, ((2, np.int64(63), np.int64(8), 2), (12, np.int64(10), np.int64(15), 1)): 2227.0, ((12, np.int64(10), np.int64(15), 1), (15, np.int64(8), np.int64(16), 0)): 2227.0, ((15, np.int64(8), np.int64(16), 0), (31, np.int64(6), np.int64(17), 0)): 2227.0, ((31, np.int64(6), np.int64(17), 0), (31, np.int64(6), 35, 0)): 2227.0, ((31, np.int64(100), np.int64(0), 3), (3, np.int64(72), np.int64(4), 2)): 38.0, ((3, np.int64(72), np.int64(4), 2), (35, np.int64(49), np.int64(8), 2)): 38.0, ((35, np.int64(49), np.int64(8), 2), (15, np.int64(31), np.int64(12), 1)): 38.0, ((15, np.int64(31), np.int64(12), 1), (12, np.int64(29), np.int64(13), 1)): 38.0, ((12, np.int64(29), np.int64(13), 1), (31, np.int64(28), np.int64(14), 1)): 38.0, ((31, np.int64(28), np.int64(14), 1), (31, np.int64(28), 35, 1)): 38.0, ((2, np.int64(63), np.int64(8), 2), (0, np.int64(56), np.int64(9), 2)): 2227.0, ((0, np.int64(56), np.int64(9), 2), (2, np.int64(52), np.int64(10), 2)): 2227.0, ((2, np.int64(52), np.int64(10), 2), (31, np.int64(14), np.int64(17), 1)): 2227.0, ((31, np.int64(14), np.int64(17), 1), (31, np.int64(14), 35, 1)): 2227.0, ((31, np.int64(100), np.int64(0), 3), (12, np.int64(98), np.int64(1), 3)): 38.0, ((12, np.int64(98), np.int64(1), 3), (3, np.int64(78), np.int64(5), 2)): 38.0, ((3, np.int64(78), np.int64(5), 2), (15, np.int64(56), np.int64(9), 2)): 38.0, ((15, np.int64(56), np.int64(9), 2), (12, np.int64(54), np.int64(10), 2)): 38.0, ((12, np.int64(54), np.int64(10), 2), (31, np.int64(53), np.int64(11), 2)): 38.0, ((31, np.int64(53), np.int64(11), 2), (31, np.int64(53), 35, 2)): 38.0, ((31, np.int64(100), np.int64(0), 3), (11, np.int64(18), np.int64(10), 1)): 22.0, ((11, np.int64(18), np.int64(10), 1), (11, np.int64(18), np.int64(15), 1)): 22.0, ((11, np.int64(18), np.int64(15), 1), (11, np.int64(18), 35, 1)): 22.0, ((31, np.int64(100), np.int64(1), 3), (3, np.int64(81), np.int64(5), 3)): 22.0, ((3, np.int64(81), np.int64(5), 3), (11, np.int64(42), np.int64(12), 2)): 22.0, ((11, np.int64(42), np.int64(12), 2), (11, np.int64(42), 35, 2)): 22.0, ((2, np.int64(63), np.int64(8), 2), (8, np.int64(22), np.int64(13), 1)): 2227.0, ((8, np.int64(22), np.int64(13), 1), (8, np.int64(22), 35, 1)): 2227.0, ((2, np.int64(63), np.int64(8), 2), (4, np.int64(25), np.int64(13), 1)): 1787.0, ((4, np.int64(25), np.int64(13), 1), (4, np.int64(25), 35, 1)): 1787.0, ((31, np.int64(100), np.int64(1), 3), (12, np.int64(99), np.int64(2), 3)): 54682.0, ((12, np.int64(99), np.int64(2), 3), (12, np.int64(99), np.int64(7), 3)): 54682.0, ((12, np.int64(99), np.int64(7), 3), (31, np.int64(98), np.int64(8), 3)): 54682.0, ((31, np.int64(98), np.int64(8), 3), (3, np.int64(79), np.int64(12), 2)): 54682.0, ((3, np.int64(79), np.int64(12), 2), (9, np.int64(42), np.int64(19), 2)): 54682.0, ((9, np.int64(42), np.int64(19), 2), (29, np.int64(35), np.int64(21), 1)): 54682.0, ((29, np.int64(35), np.int64(21), 1), (29, np.int64(35), 35, 1)): 54682.0, ((31, np.int64(100), np.int64(0), 3), (15, np.int64(96), np.int64(1), 3)): 38.0, ((15, np.int64(96), np.int64(1), 3), (12, np.int64(94), np.int64(2), 3)): 38.0, ((12, np.int64(94), np.int64(2), 3), (31, np.int64(93), np.int64(3), 3)): 38.0, ((31, np.int64(93), np.int64(3), 3), (31, np.int64(93), 35, 3)): 38.0}}
a[ 20 ] =  0.9999992272406063
a[ 36 ] =  1.0
n[ 9 ] =  14.0
n[ 11 ] =  22.0
'''''''''''''''''
Gurobi Optimizer version 13.0.1 build v13.0.1rc0 (linux64 - "Debian GNU/Linux 12 (bookworm)")

CPU model: AMD EPYC 7B12, instruction set [SSE2|AVX|AVX2]
Thread count: 1 physical cores, 2 logical processors, using up to 2 threads

Non-default parameters:
MIPGap  0.02

Academic license 937859 - for non-commercial use only - registered to hp___@cornell.edu
Optimize a model with 140324 rows, 308531 columns and 817526 nonzeros (Min)
Model fingerprint: 0x8b6bae06
Model has 199205 linear objective coefficients
Variable types: 5 continuous, 308526 integer (37 binary)
Coefficient statistics:
  Matrix range     [1e+00, 3e+04]
  Objective range  [6e-01, 2e+02]
  Bounds range     [1e+00, 1e+00]
  RHS range        [2e+00, 1e+100]
Warning: Model contains large rhs
         Consider reformulating model or setting NumericFocus parameter
         to avoid numerical issues.

MIP start from previous solve did not produce a new incumbent solution
MIP start from previous solve violates constraint flow_bal_load[(35,_np.int64(75),_np.int64(1),_2)] by 14.000000000

Presolve removed 107757 rows and 177349 columns (presolve time = 5s)...
Presolve removed 113508 rows and 198235 columns
Presolve time: 8.79s
Presolved: 26816 rows, 110296 columns, 263673 nonzeros
Variable types: 0 continuous, 110296 integer (33 binary)

Root simplex log...

Iteration    Objective       Primal Inf.    Dual Inf.      Time
       0      handle free variables                         11s
    8913    6.2598206e+03   2.801237e+01   0.000000e+00     15s
   12693    7.0878092e+03   2.840542e+02   0.000000e+00     20s
   13050    7.2887173e+03   0.000000e+00   0.000000e+00     21s
   13050    7.2887173e+03   0.000000e+00   0.000000e+00     21s

Root relaxation: objective 7.288717e+03, 13050 iterations, 10.79 seconds (5.86 work units)

    Nodes    |    Current Node    |     Objective Bounds      |     Work
 Expl Unexpl |  Obj  Depth IntInf | Incumbent    BestBd   Gap | It/Node Time

     0     0 7288.71729    0   83          - 7288.71729      -     -   20s
H    0     0                    7928.1009132 7288.71729  8.06%     -   22s
H    0     0                    7927.6662100 7288.71729  8.06%     -   23s
     0     0 7339.65375    0   77 7927.66621 7339.65375  7.42%     -   25s
     0     0 7339.66035    0   79 7927.66621 7339.66035  7.42%     -   27s
     0     0 7341.14521    0   91 7927.66621 7341.14521  7.40%     -   28s
     0     0 7341.31976    0   90 7927.66621 7341.31976  7.40%     -   30s
     0     0 7341.31976    0   90 7927.66621 7341.31976  7.40%     -   30s
     0     0 7371.01059    0  101 7927.66621 7371.01059  7.02%     -   32s
     0     0 7371.01059    0  103 7927.66621 7371.01059  7.02%     -   34s
     0     0 7371.26884    0  106 7927.66621 7371.26884  7.02%     -   35s
     0     0 7371.26884    0  104 7927.66621 7371.26884  7.02%     -   37s
     0     0 7371.98911    0  107 7927.66621 7371.98911  7.01%     -   38s
     0     0 7373.07248    0  109 7927.66621 7373.07248  7.00%     -   40s
     0     0 7373.85286    0  108 7927.66621 7373.85286  6.99%     -   41s
     0     0 7373.85286    0  105 7927.66621 7373.85286  6.99%     -   45s
     0     0 7375.82905    0  107 7927.66621 7375.82905  6.96%     -   46s
     0     0 7376.02428    0  107 7927.66621 7376.02428  6.96%     -   47s
     0     0 7377.15034    0  103 7927.66621 7377.15034  6.94%     -   48s
     0     0 7377.15438    0  105 7927.66621 7377.15438  6.94%     -   49s
     0     0 7377.15438    0  105 7927.66621 7377.15438  6.94%     -   50s
H    0     0                    7825.8735160 7377.27842  5.73%     -   51s
H    0     0                    7825.8424658 7377.27842  5.73%     -   51s
H    0     0                    7825.4388128 7377.27842  5.73%     -   51s
     0     0 7377.27842    0  107 7825.43881 7377.27842  5.73%     -   51s
     0     0 7377.27842    0  109 7825.43881 7377.27842  5.73%     -   51s
     0     0 7377.27842    0  109 7825.43881 7377.27842  5.73%     -   52s
     0     0 7377.27842    0  101 7825.43881 7377.27842  5.73%     -   52s
     0     0 7377.27842    0  101 7825.43881 7377.27842  5.73%     -   53s
     0     0 7377.27842    0  101 7825.43881 7377.27842  5.73%     -   53s
     0     0 7377.27842    0  101 7825.43881 7377.27842  5.73%     -   53s
     0     2 7378.69429    0  101 7825.43881 7378.69429  5.71%     -   57s

Cutting planes:
  Implied bound: 2
  MIR: 7

Explored 10 nodes (25345 simplex iterations) in 59.87 seconds (22.34 work units)
Thread count was 2 (of 2 available processors)

Solution count 5: 7825.44 7825.84 7825.87 ... 7928.1

Optimal solution found (tolerance 2.00e-02)
Best objective 7.825438812785e+03, best bound 7.807885886260e+03, gap 0.2243%
Iteration:  10
Size of network:  9111  nodes,  154216  edges
Obj Value:  7825.438812785387
x_load: {((11, 18, 6, 1), (11, 69, 6, 2), 0): 22.0, ((11, 69, 6, 2), (26, 6, 11, 0), 0): 22.0, ((35, 65, 1, 2), (9, 40, 1, 2), 0): 14.0, ((26, 6, 11, 0), (26, 6, 35, 0), 0): 22.0, ((9, 40, 1, 2), (9, 100, 1, 3), 0): 14.0, ((9, 100, 1, 3), (36, 41, 6, 2), 0): 14.0, ((36, 59, 6, 2), (36, 80, 6, 3), 0): 14.0, ((36, 41, 6, 2), (36, 59, 6, 2), 0): 14.0, ((20, 0, 16, 0), (20, 0, 35, 0), 0): 14.0, ((36, 80, 6, 3), (20, 0, 16, 0), 0): 14.0, ((26, 40, 0, 2), (26, 40, 35, 2), 0): 2.0, ((31, 90, 0, 3), (35, 65, 1, 2), 0): 14.0, ((31, 100, 0, 3), (11, 18, 6, 1), 0): 22.0, ((31, 100, 0, 3), (31, 100, 35, 3), 0): 2.0}
x_ener: {((0, 62, 1, 2), (10, 62, 1, 2), 0): 8568.0, ((30, 7, 1, 0), (31, 0, 1, 0), 0): 152.0, ((30, 8, 1, 0), (31, 6, 1, 0), 0): 38.0, ((31, 6, 6, 0), (31, 6, 35, 0), 0): 14.0, ((30, 18, 1, 1), (31, 12, 1, 1), 0): 228.0, ((31, 8, 6, 0), (31, 8, 35, 0), 0): 38.0, ((31, 10, 6, 1), (31, 10, 35, 1), 0): 76.0, ((30, 26, 1, 1), (31, 21, 1, 1), 0): 114.0, ((31, 18, 6, 1), (31, 18, 35, 1), 0): 76.0, ((10, 59, 1, 2), (2, 59, 1, 2), 0): 8533.0, ((2, 59, 1, 2), (0, 62, 1, 2), 0): 4284.0, ((2, 59, 1, 2), (10, 59, 1, 2), 0): 8498.0, ((10, 62, 1, 2), (0, 62, 1, 2), 0): 4249.0, ((10, 62, 1, 2), (2, 59, 1, 2), 0): 4249.0, ((10, 62, 1, 2), (2, 62, 1, 2), 0): 70.0, ((11, 18, 6, 1), (11, 18, 11, 1), 0): 22.0, ((30, 39, 1, 1), (12, 33, 1, 1), 0): 76.0, ((2, 62, 1, 2), (0, 62, 1, 2), 0): 35.0, ((2, 62, 1, 2), (10, 59, 1, 2), 0): 35.0, ((31, 31, 6, 1), (31, 31, 35, 1), 0): 14.0, ((3, 26, 6, 1), (31, 8, 6, 0), 0): 38.0, ((30, 35, 1, 1), (12, 29, 1, 1), 0): 38.0, ((35, 27, 6, 1), (31, 10, 6, 1), 0): 38.0, ((30, 51, 1, 2), (6, 34, 1, 1), 0): 76.0, ((30, 42, 1, 2), (31, 35, 1, 1), 0): 38.0, ((12, 70, 6, 2), (31, 70, 6, 2), 1): 62200.0, ((30, 68, 1, 2), (31, 61, 1, 2), 0): 76.0, ((17, 44, 6, 2), (31, 10, 11, 1), 0): 38.0, ((30, 73, 1, 2), (35, 52, 1, 2), 0): 38.0, ((31, 70, 6, 2), (31, 70, 11, 2), 0): 62200.0, ((11, 69, 6, 2), (26, 6, 11, 0), 0): 22.0, ((17, 47, 6, 2), (3, 26, 6, 1), 0): 38.0, ((30, 62, 1, 2), (35, 40, 1, 2), 0): 76.0, ((30, 78, 1, 2), (12, 71, 1, 2), 0): 38.0, ((0, 40, 6, 2), (31, 8, 11, 0), 0): 38.0, ((8, 39, 6, 1), (31, 0, 11, 0), 0): 44.0, ((8, 40, 6, 2), (12, 7, 11, 0), 0): 38.0, ((0, 30, 6, 1), (30, 7, 11, 0), 0): 152.0, ((0, 32, 6, 1), (30, 7, 11, 0), 0): 38.0, ((0, 42, 6, 2), (10, 40, 6, 2), 0): 38.0, ((0, 51, 6, 2), (15, 20, 11, 1), 0): 114.0, ((0, 52, 6, 2), (15, 20, 11, 1), 0): 38.0, ((0, 73, 6, 2), (2, 73, 6, 2), 1): 2227.0, ((30, 7, 11, 0), (31, 0, 11, 0), 0): 190.0, ((12, 7, 11, 0), (31, 6, 11, 0), 1): 2493.0, ((31, 0, 11, 0), (31, 0, 35, 0), 0): 272.0, ((10, 36, 6, 1), (31, 6, 11, 0), 0): 38.0, ((31, 6, 11, 0), (31, 6, 35, 0), 0): 2569.0, ((15, 5, 11, 0), (12, 7, 11, 0), 1): 38.0, ((10, 39, 6, 1), (12, 7, 11, 0), 0): 38.0, ((31, 8, 11, 0), (31, 8, 35, 0), 0): 38.0, ((2, 35, 6, 1), (10, 36, 6, 1), 0): 38.0, ((10, 40, 6, 2), (0, 40, 6, 2), 0): 38.0, ((31, 10, 11, 1), (31, 10, 35, 1), 0): 38.0, ((3, 23, 11, 1), (12, 7, 11, 0), 0): 2227.0, ((10, 48, 6, 2), (31, 15, 11, 1), 0): 76.0, ((10, 49, 6, 2), (0, 51, 6, 2), 1): 38.0, ((15, 20, 11, 1), (31, 18, 11, 1), 1): 2379.0, ((31, 18, 11, 1), (31, 18, 35, 1), 0): 2417.0, ((31, 21, 11, 1), (31, 21, 35, 1), 0): 2227.0, ((4, 40, 11, 2), (30, 7, 16, 0), 0): 1787.0, ((8, 39, 11, 1), (31, 0, 16, 0), 0): 2227.0, ((11, 18, 11, 1), (11, 18, 16, 1), 0): 22.0, ((31, 15, 11, 1), (31, 15, 35, 1), 0): 76.0, ((12, 17, 11, 1), (31, 18, 11, 1), 0): 38.0, ((2, 73, 6, 2), (31, 35, 11, 1), 0): 2227.0, ((10, 76, 6, 2), (2, 76, 6, 2), 0): 17376.0, ((15, 24, 11, 1), (31, 24, 11, 1), 0): 4454.0, ((2, 76, 6, 2), (0, 73, 6, 2), 0): 2227.0, ((2, 76, 6, 2), (3, 23, 11, 1), 0): 2227.0, ((2, 76, 6, 2), (4, 40, 11, 2), 0): 1787.0, ((2, 76, 6, 2), (8, 39, 11, 1), 0): 2227.0, ((2, 76, 6, 2), (12, 24, 11, 1), 0): 2227.0, ((2, 76, 6, 2), (15, 20, 11, 1), 0): 2227.0, ((2, 76, 6, 2), (30, 31, 11, 1), 0): 2227.0, ((2, 76, 6, 2), (31, 21, 11, 1), 0): 2227.0, ((12, 70, 11, 2), (32, 28, 16, 1), 0): 54682.0, ((31, 70, 11, 2), (12, 70, 11, 2), 1): 54682.0, ((31, 70, 11, 2), (31, 70, 16, 2), 0): 7518.0, ((30, 7, 16, 0), (31, 0, 16, 0), 0): 1787.0, ((31, 0, 16, 0), (31, 0, 21, 0), 0): 4014.0, ((11, 18, 16, 1), (11, 18, 35, 1), 0): 22.0, ((12, 70, 16, 2), (32, 28, 21, 1), 0): 5157.0, ((31, 70, 16, 2), (12, 70, 16, 2), 1): 5157.0, ((31, 70, 16, 2), (31, 70, 21, 2), 0): 2361.0, ((10, 17, 16, 1), (2, 14, 16, 1), 0): 34419056.0, ((2, 14, 16, 1), (10, 17, 16, 1), 0): 34419056.0, ((31, 0, 21, 0), (31, 0, 26, 0), 0): 113378.0, ((12, 70, 21, 2), (32, 28, 26, 1), 0): 2361.0, ((31, 70, 21, 2), (12, 70, 21, 2), 1): 2361.0, ((10, 17, 21, 1), (2, 14, 21, 1), 0): 7246088.0, ((2, 14, 21, 1), (10, 17, 21, 1), 0): 7246088.0, ((31, 0, 26, 0), (31, 0, 31, 0), 0): 123692.0, ((9, 0, 31, 0), (9, 0, 35, 0), 0): 14.0, ((10, 17, 26, 1), (2, 14, 26, 1), 0): 1287254.0, ((2, 14, 26, 1), (10, 17, 26, 1), 0): 1287254.0, ((31, 0, 31, 0), (31, 0, 35, 0), 0): 128414.0, ((10, 17, 31, 1), (2, 14, 31, 1), 0): 125559.0, ((2, 14, 31, 1), (10, 17, 31, 1), 0): 125559.0, ((2, 42, 6, 2), (12, 7, 11, 0), 0): 38.0, ((6, 29, 6, 1), (31, 18, 6, 1), 0): 76.0, ((12, 24, 11, 1), (15, 24, 11, 1), 1): 2227.0, ((30, 31, 11, 1), (15, 24, 11, 1), 0): 2227.0, ((31, 24, 11, 1), (31, 24, 35, 1), 0): 4454.0, ((31, 35, 11, 1), (31, 35, 35, 1), 0): 2227.0, ((32, 28, 16, 1), (31, 0, 21, 0), 0): 109364.0, ((32, 28, 21, 1), (31, 0, 26, 0), 0): 10314.0, ((32, 28, 26, 1), (31, 0, 31, 0), 0): 4722.0, ((3, 23, 1, 1), (12, 7, 1, 0), 0): 152.0, ((3, 24, 1, 1), (12, 7, 1, 0), 0): 38.0, ((3, 26, 1, 1), (31, 8, 1, 0), 0): 38.0, ((3, 29, 1, 1), (31, 10, 1, 1), 0): 38.0, ((3, 33, 1, 1), (31, 15, 1, 1), 0): 76.0, ((3, 43, 1, 2), (12, 24, 1, 1), 0): 38.0, ((3, 44, 1, 2), (35, 22, 1, 1), 0): 38.0, ((3, 47, 1, 2), (15, 26, 1, 1), 0): 38.0, ((3, 48, 1, 2), (30, 34, 1, 1), 0): 38.0, ((3, 50, 1, 2), (31, 31, 1, 1), 0): 38.0, ((3, 51, 1, 2), (31, 32, 1, 1), 0): 76.0, ((3, 52, 1, 2), (31, 35, 1, 1), 0): 38.0, ((3, 53, 1, 2), (12, 33, 1, 1), 0): 38.0, ((3, 66, 1, 2), (15, 44, 1, 2), 0): 38.0, ((3, 71, 1, 2), (31, 52, 1, 2), 0): 38.0, ((3, 72, 1, 2), (15, 50, 1, 2), 0): 38.0, ((3, 100, 1, 3), (10, 76, 6, 2), 0): 17376.0, ((3, 100, 1, 3), (11, 69, 6, 2), 0): 22.0, ((12, 7, 1, 0), (31, 6, 1, 0), 1): 798.0, ((31, 6, 1, 0), (31, 6, 35, 0), 0): 836.0, ((15, 5, 1, 0), (12, 7, 1, 0), 1): 532.0, ((31, 8, 1, 0), (31, 8, 35, 0), 0): 114.0, ((31, 10, 1, 1), (31, 10, 35, 1), 0): 190.0, ((12, 10, 1, 1), (30, 7, 1, 0), 0): 38.0, ((31, 12, 1, 1), (31, 12, 35, 1), 0): 456.0, ((12, 13, 1, 1), (15, 12, 1, 1), 0): 38.0, ((15, 12, 1, 1), (30, 7, 1, 0), 0): 76.0, ((31, 15, 1, 1), (31, 15, 35, 1), 0): 304.0, ((12, 15, 1, 1), (31, 15, 1, 1), 1): 76.0, ((15, 14, 1, 1), (31, 12, 1, 1), 0): 38.0, ((30, 21, 1, 1), (12, 15, 1, 1), 0): 76.0, ((31, 18, 1, 1), (31, 18, 35, 1), 0): 342.0, ((6, 19, 1, 1), (35, 22, 1, 1), 0): 228.0, ((12, 21, 1, 1), (31, 21, 1, 1), 1): 38.0, ((15, 20, 1, 1), (31, 18, 1, 1), 1): 152.0, ((31, 21, 1, 1), (31, 21, 35, 1), 0): 380.0, ((35, 22, 1, 1), (15, 5, 1, 0), 0): 456.0, ((6, 24, 1, 1), (31, 12, 1, 1), 0): 190.0, ((12, 24, 1, 1), (31, 24, 1, 1), 1): 228.0, ((15, 24, 1, 1), (12, 24, 1, 1), 0): 76.0, ((30, 28, 1, 1), (12, 21, 1, 1), 0): 38.0, ((31, 24, 1, 1), (31, 24, 35, 1), 0): 494.0, ((6, 13, 1, 1), (31, 0, 1, 0), 0): 38.0, ((30, 22, 1, 1), (31, 15, 1, 1), 0): 38.0, ((30, 30, 1, 1), (31, 24, 1, 1), 0): 76.0, ((6, 26, 1, 1), (31, 15, 1, 1), 0): 76.0, ((12, 17, 1, 1), (31, 18, 1, 1), 0): 190.0, ((12, 27, 1, 1), (31, 27, 1, 1), 0): 114.0, ((30, 31, 1, 1), (12, 24, 1, 1), 0): 38.0, ((31, 27, 1, 1), (31, 27, 35, 1), 0): 266.0, ((12, 19, 1, 1), (15, 20, 1, 1), 1): 38.0, ((15, 26, 1, 1), (30, 18, 1, 1), 0): 114.0, ((30, 34, 1, 1), (31, 27, 1, 1), 0): 76.0, ((31, 29, 1, 1), (31, 29, 35, 1), 0): 114.0, ((35, 27, 1, 1), (31, 10, 1, 1), 0): 152.0, ((12, 29, 1, 1), (31, 29, 1, 1), 0): 114.0, ((6, 29, 1, 1), (15, 20, 1, 1), 0): 38.0, ((15, 28, 1, 1), (31, 27, 1, 1), 0): 76.0, ((12, 30, 1, 1), (6, 19, 1, 1), 0): 38.0, ((31, 31, 1, 1), (31, 31, 35, 1), 0): 38.0, ((6, 20, 1, 1), (35, 22, 1, 1), 0): 38.0, ((6, 31, 1, 1), (12, 17, 1, 1), 0): 76.0, ((12, 33, 1, 1), (31, 32, 1, 1), 0): 152.0, ((31, 32, 1, 1), (31, 32, 35, 1), 0): 228.0, ((6, 21, 1, 1), (31, 8, 1, 0), 0): 38.0, ((31, 35, 1, 1), (31, 35, 35, 1), 0): 380.0, ((6, 34, 1, 1), (31, 21, 1, 1), 0): 228.0, ((15, 31, 1, 1), (6, 19, 1, 1), 0): 38.0, ((35, 30, 1, 1), (31, 15, 1, 1), 0): 38.0, ((12, 35, 1, 1), (31, 35, 1, 1), 1): 266.0, ((15, 36, 1, 1), (12, 35, 1, 1), 0): 228.0, ((30, 40, 1, 2), (31, 35, 1, 1), 0): 38.0, ((31, 36, 1, 1), (31, 36, 35, 1), 0): 38.0, ((6, 40, 1, 2), (35, 40, 1, 2), 0): 76.0, ((12, 38, 1, 1), (31, 38, 1, 1), 0): 38.0, ((30, 46, 1, 2), (31, 39, 1, 1), 0): 76.0, ((31, 39, 1, 1), (31, 39, 35, 1), 0): 228.0, ((35, 35, 1, 1), (12, 17, 1, 1), 0): 76.0, ((12, 37, 1, 1), (6, 24, 1, 1), 0): 76.0, ((12, 47, 1, 2), (31, 47, 1, 2), 0): 38.0, ((15, 44, 1, 2), (31, 44, 1, 2), 0): 152.0, ((31, 38, 1, 1), (31, 38, 35, 1), 0): 114.0, ((31, 47, 1, 2), (31, 47, 35, 2), 0): 228.0, ((35, 45, 1, 2), (12, 27, 1, 1), 0): 76.0, ((15, 46, 1, 2), (6, 34, 1, 1), 0): 76.0, ((31, 49, 1, 2), (31, 49, 35, 2), 0): 214.0, ((12, 40, 1, 2), (31, 39, 1, 1), 0): 152.0, ((12, 49, 1, 2), (31, 49, 1, 2), 0): 114.0, ((15, 37, 1, 1), (6, 24, 1, 1), 0): 38.0, ((15, 48, 1, 2), (31, 47, 1, 2), 0): 76.0, ((35, 40, 1, 2), (31, 24, 1, 1), 0): 190.0, ((35, 47, 1, 2), (30, 26, 1, 1), 0): 38.0, ((12, 44, 1, 2), (15, 44, 1, 2), 0): 76.0, ((15, 40, 1, 2), (31, 38, 1, 1), 0): 38.0, ((15, 50, 1, 2), (12, 49, 1, 2), 0): 38.0, ((31, 44, 1, 2), (31, 44, 35, 2), 0): 152.0, ((31, 52, 1, 2), (31, 52, 35, 2), 0): 38.0, ((6, 44, 1, 2), (35, 45, 1, 2), 0): 38.0, ((6, 53, 1, 2), (12, 40, 1, 2), 0): 114.0, ((9, 40, 6, 2), (15, 5, 11, 0), 0): 38.0, ((12, 53, 1, 2), (35, 35, 1, 1), 0): 38.0, ((31, 55, 1, 2), (31, 55, 35, 2), 0): 38.0, ((35, 52, 1, 2), (15, 36, 1, 1), 0): 114.0, ((6, 59, 1, 2), (31, 47, 1, 2), 0): 114.0, ((12, 58, 1, 2), (31, 59, 1, 2), 1): 190.0, ((15, 60, 1, 2), (12, 58, 1, 2), 1): 114.0, ((30, 66, 1, 2), (3, 51, 1, 2), 0): 76.0, ((31, 59, 1, 2), (31, 59, 35, 2), 0): 190.0, ((35, 55, 1, 2), (31, 38, 1, 1), 0): 38.0, ((9, 43, 6, 2), (35, 27, 6, 1), 0): 38.0, ((12, 70, 1, 2), (15, 68, 1, 2), 1): 62162.0, ((31, 61, 1, 2), (31, 61, 35, 2), 0): 76.0, ((35, 65, 1, 2), (9, 40, 1, 2), 0): 14.0, ((35, 65, 1, 2), (31, 49, 1, 2), 0): 100.0, ((12, 71, 1, 2), (15, 74, 1, 2), 0): 38.0, ((15, 68, 1, 2), (15, 68, 6, 2), 0): 62200.0, ((30, 86, 1, 3), (31, 80, 1, 3), 0): 38.0, ((31, 72, 1, 2), (31, 72, 35, 2), 0): 190.0, ((8, 44, 6, 2), (12, 7, 11, 0), 0): 38.0, ((3, 29, 6, 1), (31, 10, 6, 1), 0): 38.0, ((17, 49, 6, 2), (3, 29, 6, 1), 0): 38.0, ((17, 51, 6, 2), (12, 17, 11, 1), 0): 38.0, ((15, 68, 6, 2), (12, 70, 6, 2), 1): 62200.0, ((29, 64, 11, 2), (32, 28, 16, 1), 0): 54682.0, ((29, 64, 11, 2), (29, 64, 16, 2), 0): 5157.0, ((29, 64, 16, 2), (32, 28, 21, 1), 0): 5157.0, ((9, 67, 21, 2), (29, 64, 21, 2), 0): 2361.0, ((29, 64, 21, 2), (32, 28, 26, 1), 0): 2361.0, ((28, 31, 6, 1), (26, 6, 11, 0), 0): 2.0, ((26, 6, 11, 0), (26, 6, 35, 0), 0): 26.0, ((8, 42, 6, 2), (12, 7, 11, 0), 0): 38.0, ((28, 31, 11, 1), (28, 31, 16, 1), 0): 2.0, ((11, 54, 6, 2), (8, 39, 6, 1), 0): 44.0, ((28, 31, 16, 1), (26, 6, 21, 0), 0): 4.0, ((26, 6, 21, 0), (26, 6, 26, 0), 0): 4.0, ((26, 12, 21, 1), (26, 12, 26, 1), 0): 16.0, ((26, 6, 26, 0), (26, 6, 35, 0), 0): 4.0, ((26, 12, 26, 1), (26, 12, 35, 1), 0): 16.0, ((5, 80, 21, 3), (26, 46, 26, 2), 0): 14.0, ((5, 80, 21, 3), (5, 80, 26, 3), 0): 12.0, ((5, 80, 11, 3), (26, 46, 16, 2), 0): 2.0, ((5, 80, 11, 3), (5, 80, 16, 3), 0): 32.0, ((26, 46, 1, 2), (5, 26, 6, 1), 0): 2.0, ((26, 66, 1, 2), (28, 31, 6, 1), 0): 2.0, ((26, 66, 1, 2), (26, 66, 6, 2), 0): 4.0, ((26, 80, 1, 3), (26, 80, 6, 3), 0): 16.0, ((5, 26, 1, 1), (26, 6, 6, 0), 0): 4.0, ((5, 46, 11, 2), (5, 46, 16, 2), 0): 14.0, ((5, 80, 1, 3), (5, 80, 6, 3), 0): 34.0, ((26, 6, 6, 0), (26, 6, 35, 0), 0): 6.0, ((26, 66, 6, 2), (28, 31, 11, 1), 0): 2.0, ((26, 66, 6, 2), (26, 66, 11, 2), 0): 2.0, ((26, 80, 6, 3), (5, 46, 11, 2), 0): 14.0, ((26, 80, 6, 3), (26, 80, 11, 3), 0): 2.0, ((5, 26, 6, 1), (26, 6, 11, 0), 0): 2.0, ((5, 46, 16, 2), (26, 12, 21, 1), 0): 16.0, ((5, 80, 26, 3), (26, 46, 31, 2), 0): 12.0, ((5, 80, 16, 3), (26, 46, 21, 2), 0): 6.0, ((5, 80, 16, 3), (5, 80, 21, 3), 0): 26.0, ((5, 80, 6, 3), (5, 80, 11, 3), 0): 34.0, ((26, 66, 11, 2), (28, 31, 16, 1), 0): 2.0, ((26, 80, 11, 3), (5, 46, 16, 2), 0): 2.0, ((26, 46, 16, 2), (26, 46, 35, 2), 0): 2.0, ((26, 46, 21, 2), (26, 46, 35, 2), 0): 6.0, ((26, 46, 26, 2), (26, 46, 31, 2), 0): 14.0, ((26, 46, 31, 2), (26, 46, 35, 2), 0): 26.0, ((6, 64, 1, 2), (35, 65, 1, 2), 1): 76.0, ((6, 66, 1, 2), (31, 55, 1, 2), 0): 38.0, ((6, 95, 1, 3), (31, 90, 1, 3), 0): 38.0, ((31, 0, 1, 0), (31, 0, 35, 0), 0): 190.0, ((15, 10, 1, 1), (31, 8, 1, 0), 0): 38.0, ((15, 32, 1, 1), (6, 19, 1, 1), 0): 38.0, ((30, 19, 1, 1), (15, 10, 1, 1), 0): 38.0, ((9, 40, 1, 2), (31, 6, 6, 0), 0): 14.0, ((12, 45, 1, 2), (3, 26, 1, 1), 0): 38.0, ((30, 41, 1, 2), (6, 24, 1, 1), 0): 38.0, ((12, 50, 1, 2), (30, 46, 1, 2), 0): 38.0, ((35, 72, 1, 2), (12, 58, 1, 2), 0): 38.0, ((31, 70, 1, 2), (12, 70, 1, 2), 1): 62086.0, ((15, 66, 1, 2), (6, 53, 1, 2), 0): 38.0, ((12, 77, 1, 2), (31, 76, 1, 2), 0): 114.0, ((12, 90, 1, 3), (31, 90, 1, 3), 1): 38.0, ((15, 76, 1, 2), (12, 77, 1, 2), 0): 38.0, ((15, 86, 1, 3), (30, 78, 1, 2), 0): 38.0, ((31, 76, 1, 2), (31, 76, 35, 2), 0): 114.0, ((31, 90, 1, 3), (31, 90, 35, 3), 0): 76.0, ((12, 79, 1, 2), (6, 66, 1, 2), 0): 38.0, ((29, 40, 6, 2), (31, 6, 11, 0), 0): 38.0, ((29, 49, 6, 2), (6, 29, 6, 1), 0): 76.0, ((9, 45, 6, 2), (12, 7, 11, 0), 0): 38.0, ((36, 39, 26, 1), (36, 40, 26, 2), 0): 14.0, ((36, 40, 26, 2), (36, 41, 26, 2), 0): 14.0, ((9, 100, 1, 3), (36, 41, 6, 2), 0): 14.0, ((35, 53, 1, 2), (31, 36, 1, 1), 0): 38.0, ((16, 41, 6, 2), (31, 0, 11, 0), 0): 38.0, ((36, 59, 6, 2), (36, 80, 6, 3), 0): 14.0, ((9, 100, 0, 3), (9, 100, 1, 3), 0): 14.0, ((36, 41, 6, 2), (36, 59, 6, 2), 0): 14.0, ((36, 41, 26, 2), (9, 0, 31, 0), 0): 14.0, ((28, 31, 1, 1), (26, 6, 6, 0), 0): 2.0, ((11, 100, 0, 3), (28, 80, 1, 3), 0): 22.0, ((28, 80, 1, 3), (26, 41, 6, 2), 0): 22.0, ((12, 98, 6, 3), (29, 64, 11, 2), 0): 59839.0, ((12, 97, 1, 3), (31, 96, 1, 3), 1): 190.0, ((12, 98, 1, 3), (6, 95, 1, 3), 0): 38.0, ((12, 100, 1, 3), (15, 100, 1, 3), 0): 59839.0, ((12, 100, 1, 3), (12, 100, 6, 3), 0): 2361.0, ((15, 74, 1, 2), (31, 72, 1, 2), 0): 190.0, ((15, 77, 1, 2), (30, 68, 1, 2), 0): 38.0, ((31, 80, 1, 3), (31, 80, 35, 3), 0): 38.0, ((15, 96, 1, 3), (12, 97, 1, 3), 1): 114.0, ((31, 96, 1, 3), (31, 96, 35, 3), 0): 190.0, ((15, 100, 1, 3), (15, 100, 6, 3), 0): 59839.0, ((31, 100, 1, 3), (3, 100, 1, 3), 0): 17398.0, ((31, 100, 1, 3), (12, 100, 1, 3), 0): 62200.0, ((35, 73, 1, 2), (15, 60, 1, 2), 0): 38.0, ((12, 73, 1, 2), (15, 74, 1, 2), 1): 38.0, ((12, 78, 1, 2), (6, 64, 1, 2), 0): 38.0, ((12, 98, 16, 3), (9, 67, 21, 2), 0): 2361.0, ((12, 100, 6, 3), (31, 100, 6, 3), 0): 2361.0, ((15, 100, 6, 3), (12, 98, 6, 3), 0): 59839.0, ((31, 100, 6, 3), (31, 100, 11, 3), 0): 2361.0, ((15, 100, 11, 3), (15, 100, 16, 3), 0): 2361.0, ((31, 100, 11, 3), (15, 100, 11, 3), 0): 2361.0, ((15, 100, 16, 3), (12, 98, 16, 3), 0): 2361.0, ((20, 40, 16, 2), (20, 49, 16, 2), 0): 14.0, ((20, 29, 16, 1), (20, 40, 16, 2), 0): 14.0, ((20, 64, 16, 2), (20, 80, 16, 3), 0): 14.0, ((20, 49, 16, 2), (24, 50, 16, 2), 0): 14.0, ((24, 50, 16, 2), (20, 64, 16, 2), 0): 14.0, ((20, 80, 16, 3), (36, 39, 26, 1), 0): 14.0, ((20, 0, 16, 0), (20, 10, 16, 1), 0): 14.0, ((20, 10, 16, 1), (20, 29, 16, 1), 0): 14.0, ((36, 80, 6, 3), (20, 0, 16, 0), 0): 14.0, ((26, 46, 0, 2), (5, 26, 1, 1), 0): 4.0, ((26, 46, 0, 2), (26, 46, 1, 2), 0): 2.0, ((26, 66, 0, 2), (28, 31, 1, 1), 0): 2.0, ((26, 66, 0, 2), (26, 66, 1, 2), 0): 6.0, ((26, 80, 0, 3), (26, 80, 1, 3), 0): 16.0, ((26, 100, 1, 3), (11, 54, 6, 2), 0): 44.0, ((26, 100, 0, 3), (5, 80, 1, 3), 0): 34.0, ((26, 100, 0, 3), (26, 100, 1, 3), 0): 44.0, ((26, 41, 6, 2), (26, 41, 35, 2), 0): 22.0, ((31, 6, 0, 0), (12, 7, 1, 0), 0): 38.0, ((31, 6, 0, 0), (15, 5, 1, 0), 0): 38.0, ((31, 8, 0, 0), (12, 7, 1, 0), 0): 38.0, ((31, 8, 0, 0), (15, 5, 1, 0), 0): 38.0, ((31, 12, 0, 1), (12, 10, 1, 1), 0): 38.0, ((31, 15, 0, 1), (12, 13, 1, 1), 0): 38.0, ((31, 15, 0, 1), (15, 12, 1, 1), 0): 38.0, ((31, 15, 0, 1), (30, 7, 1, 0), 0): 38.0, ((31, 18, 0, 1), (12, 17, 1, 1), 0): 38.0, ((31, 18, 0, 1), (15, 14, 1, 1), 0): 38.0, ((31, 18, 0, 1), (30, 8, 1, 0), 0): 38.0, ((31, 21, 0, 1), (12, 19, 1, 1), 0): 38.0, ((31, 21, 0, 1), (15, 20, 1, 1), 0): 38.0, ((31, 24, 0, 1), (12, 24, 1, 1), 0): 38.0, ((31, 24, 0, 1), (15, 20, 1, 1), 0): 38.0, ((31, 24, 0, 1), (30, 18, 1, 1), 0): 38.0, ((31, 25, 0, 1), (12, 24, 1, 1), 0): 38.0, ((31, 25, 0, 1), (15, 24, 1, 1), 0): 38.0, ((31, 25, 0, 1), (30, 18, 1, 1), 0): 38.0, ((31, 27, 0, 1), (15, 24, 1, 1), 0): 38.0, ((31, 27, 0, 1), (30, 18, 1, 1), 0): 38.0, ((31, 29, 0, 1), (12, 27, 1, 1), 0): 38.0, ((31, 29, 0, 1), (15, 26, 1, 1), 0): 38.0, ((31, 29, 0, 1), (30, 19, 1, 1), 0): 38.0, ((31, 30, 0, 1), (12, 29, 1, 1), 0): 38.0, ((31, 30, 0, 1), (15, 26, 1, 1), 0): 38.0, ((31, 30, 0, 1), (30, 21, 1, 1), 0): 38.0, ((31, 31, 0, 1), (12, 29, 1, 1), 0): 38.0, ((31, 31, 0, 1), (15, 28, 1, 1), 0): 38.0, ((31, 31, 0, 1), (30, 21, 1, 1), 0): 38.0, ((31, 32, 0, 1), (6, 13, 1, 1), 0): 38.0, ((31, 32, 0, 1), (12, 30, 1, 1), 0): 38.0, ((31, 32, 0, 1), (15, 28, 1, 1), 0): 38.0, ((31, 32, 0, 1), (30, 22, 1, 1), 0): 38.0, ((31, 35, 0, 1), (6, 19, 1, 1), 0): 38.0, ((31, 35, 0, 1), (12, 33, 1, 1), 0): 38.0, ((31, 35, 0, 1), (15, 31, 1, 1), 0): 38.0, ((31, 35, 0, 1), (30, 26, 1, 1), 0): 38.0, ((31, 36, 0, 1), (6, 19, 1, 1), 0): 38.0, ((31, 36, 0, 1), (12, 35, 1, 1), 0): 38.0, ((31, 36, 0, 1), (15, 32, 1, 1), 0): 38.0, ((31, 36, 0, 1), (30, 26, 1, 1), 0): 38.0, ((31, 38, 0, 1), (6, 19, 1, 1), 0): 38.0, ((31, 38, 0, 1), (12, 37, 1, 1), 0): 38.0, ((31, 38, 0, 1), (15, 36, 1, 1), 0): 38.0, ((31, 38, 0, 1), (30, 28, 1, 1), 0): 38.0, ((31, 39, 0, 1), (6, 20, 1, 1), 0): 38.0, ((31, 39, 0, 1), (12, 37, 1, 1), 0): 38.0, ((31, 39, 0, 1), (15, 36, 1, 1), 0): 38.0, ((31, 39, 0, 1), (30, 30, 1, 1), 0): 38.0, ((31, 40, 0, 2), (6, 21, 1, 1), 0): 38.0, ((31, 40, 0, 2), (12, 38, 1, 1), 0): 38.0, ((31, 40, 0, 2), (15, 36, 1, 1), 0): 38.0, ((31, 40, 0, 2), (30, 30, 1, 1), 0): 38.0, ((31, 41, 0, 2), (6, 24, 1, 1), 0): 38.0, ((31, 41, 0, 2), (12, 40, 1, 2), 0): 38.0, ((31, 41, 0, 2), (15, 37, 1, 1), 0): 38.0, ((31, 41, 0, 2), (30, 31, 1, 1), 0): 38.0, ((31, 41, 0, 2), (35, 22, 1, 1), 0): 38.0, ((31, 44, 0, 2), (6, 26, 1, 1), 0): 38.0, ((31, 44, 0, 2), (12, 44, 1, 2), 0): 38.0, ((31, 44, 0, 2), (15, 40, 1, 2), 0): 38.0, ((31, 44, 0, 2), (30, 34, 1, 1), 0): 38.0, ((31, 44, 0, 2), (35, 22, 1, 1), 0): 38.0, ((31, 45, 0, 2), (6, 26, 1, 1), 0): 38.0, ((31, 45, 0, 2), (12, 44, 1, 2), 0): 38.0, ((31, 45, 0, 2), (30, 35, 1, 1), 0): 38.0, ((31, 45, 0, 2), (35, 22, 1, 1), 0): 38.0, ((31, 47, 0, 2), (3, 23, 1, 1), 0): 38.0, ((31, 47, 0, 2), (6, 29, 1, 1), 0): 38.0, ((31, 47, 0, 2), (12, 45, 1, 2), 0): 38.0, ((31, 47, 0, 2), (15, 44, 1, 2), 0): 38.0, ((31, 47, 0, 2), (30, 39, 1, 1), 0): 38.0, ((31, 47, 0, 2), (35, 22, 1, 1), 0): 38.0, ((31, 49, 0, 2), (3, 23, 1, 1), 0): 38.0, ((31, 49, 0, 2), (6, 31, 1, 1), 0): 38.0, ((31, 49, 0, 2), (12, 47, 1, 2), 0): 38.0, ((31, 49, 0, 2), (15, 46, 1, 2), 0): 38.0, ((31, 49, 0, 2), (30, 39, 1, 1), 0): 38.0, ((31, 49, 0, 2), (35, 27, 1, 1), 0): 38.0, ((31, 50, 0, 2), (3, 23, 1, 1), 0): 38.0, ((31, 50, 0, 2), (6, 31, 1, 1), 0): 38.0, ((31, 50, 0, 2), (12, 49, 1, 2), 0): 38.0, ((31, 50, 0, 2), (15, 46, 1, 2), 0): 38.0, ((31, 50, 0, 2), (30, 40, 1, 2), 0): 38.0, ((31, 50, 0, 2), (35, 27, 1, 1), 0): 38.0, ((31, 51, 0, 2), (3, 23, 1, 1), 0): 38.0, ((31, 51, 0, 2), (6, 34, 1, 1), 0): 38.0, ((31, 51, 0, 2), (12, 49, 1, 2), 0): 38.0, ((31, 51, 0, 2), (15, 48, 1, 2), 0): 38.0, ((31, 51, 0, 2), (30, 41, 1, 2), 0): 38.0, ((31, 51, 0, 2), (35, 27, 1, 1), 0): 38.0, ((31, 52, 0, 2), (3, 24, 1, 1), 0): 38.0, ((31, 52, 0, 2), (6, 34, 1, 1), 0): 38.0, ((31, 52, 0, 2), (12, 50, 1, 2), 0): 38.0, ((31, 52, 0, 2), (15, 48, 1, 2), 0): 38.0, ((31, 52, 0, 2), (30, 42, 1, 2), 0): 38.0, ((31, 52, 0, 2), (35, 27, 1, 1), 0): 38.0, ((31, 55, 0, 2), (3, 29, 1, 1), 0): 38.0, ((31, 55, 0, 2), (6, 40, 1, 2), 0): 38.0, ((31, 55, 0, 2), (12, 53, 1, 2), 0): 38.0, ((31, 55, 0, 2), (30, 46, 1, 2), 0): 38.0, ((31, 55, 0, 2), (35, 30, 1, 1), 0): 38.0, ((31, 59, 0, 2), (3, 33, 1, 1), 0): 38.0, ((31, 59, 0, 2), (6, 40, 1, 2), 0): 38.0, ((31, 59, 0, 2), (12, 58, 1, 2), 0): 38.0, ((31, 59, 0, 2), (15, 60, 1, 2), 0): 38.0, ((31, 59, 0, 2), (30, 51, 1, 2), 0): 38.0, ((31, 59, 0, 2), (35, 35, 1, 1), 0): 38.0, ((31, 61, 0, 2), (3, 33, 1, 1), 0): 38.0, ((31, 61, 0, 2), (6, 44, 1, 2), 0): 38.0, ((31, 61, 0, 2), (15, 60, 1, 2), 0): 38.0, ((31, 61, 0, 2), (30, 51, 1, 2), 0): 38.0, ((31, 61, 0, 2), (35, 40, 1, 2), 0): 38.0, ((31, 70, 0, 2), (3, 43, 1, 2), 0): 38.0, ((31, 70, 0, 2), (6, 53, 1, 2), 0): 38.0, ((31, 70, 0, 2), (12, 70, 1, 2), 0): 38.0, ((31, 70, 0, 2), (15, 66, 1, 2), 0): 38.0, ((31, 70, 0, 2), (30, 62, 1, 2), 0): 38.0, ((31, 70, 0, 2), (35, 45, 1, 2), 0): 38.0, ((31, 70, 0, 2), (31, 70, 1, 2), 0): 62086.0, ((31, 72, 0, 2), (0, 30, 6, 1), 0): 38.0, ((31, 72, 0, 2), (3, 44, 1, 2), 0): 38.0, ((31, 72, 0, 2), (6, 53, 1, 2), 0): 38.0, ((31, 72, 0, 2), (12, 70, 1, 2), 0): 38.0, ((31, 72, 0, 2), (15, 68, 1, 2), 0): 38.0, ((31, 72, 0, 2), (30, 62, 1, 2), 0): 38.0, ((31, 72, 0, 2), (35, 47, 1, 2), 0): 38.0, ((31, 75, 0, 2), (0, 30, 6, 1), 0): 38.0, ((31, 75, 0, 2), (3, 47, 1, 2), 0): 38.0, ((31, 75, 0, 2), (6, 59, 1, 2), 0): 38.0, ((31, 75, 0, 2), (12, 73, 1, 2), 0): 38.0, ((31, 75, 0, 2), (15, 74, 1, 2), 0): 38.0, ((31, 75, 0, 2), (30, 66, 1, 2), 0): 38.0, ((31, 75, 0, 2), (35, 52, 1, 2), 0): 38.0, ((31, 76, 0, 2), (0, 30, 6, 1), 0): 38.0, ((31, 76, 0, 2), (3, 48, 1, 2), 0): 38.0, ((31, 76, 0, 2), (6, 59, 1, 2), 0): 38.0, ((31, 76, 0, 2), (12, 77, 1, 2), 0): 38.0, ((31, 76, 0, 2), (15, 74, 1, 2), 0): 38.0, ((31, 76, 0, 2), (30, 66, 1, 2), 0): 38.0, ((31, 76, 0, 2), (35, 52, 1, 2), 0): 38.0, ((31, 78, 0, 2), (0, 30, 6, 1), 0): 38.0, ((31, 78, 0, 2), (3, 50, 1, 2), 0): 38.0, ((31, 78, 0, 2), (6, 59, 1, 2), 0): 38.0, ((31, 78, 0, 2), (12, 77, 1, 2), 0): 38.0, ((31, 78, 0, 2), (15, 74, 1, 2), 0): 38.0, ((31, 78, 0, 2), (30, 68, 1, 2), 0): 38.0, ((31, 78, 0, 2), (35, 53, 1, 2), 0): 38.0, ((31, 80, 0, 3), (0, 32, 6, 1), 0): 38.0, ((31, 80, 0, 3), (3, 52, 1, 2), 0): 38.0, ((31, 80, 0, 3), (12, 78, 1, 2), 0): 38.0, ((31, 80, 0, 3), (15, 76, 1, 2), 0): 38.0, ((31, 80, 0, 3), (35, 55, 1, 2), 0): 38.0, ((31, 81, 0, 3), (3, 53, 1, 2), 0): 38.0, ((31, 81, 0, 3), (6, 64, 1, 2), 0): 38.0, ((31, 81, 0, 3), (12, 79, 1, 2), 0): 38.0, ((31, 81, 0, 3), (15, 77, 1, 2), 0): 38.0, ((31, 81, 0, 3), (30, 73, 1, 2), 0): 38.0, ((31, 90, 0, 3), (0, 42, 6, 2), 0): 38.0, ((31, 90, 0, 3), (2, 35, 6, 1), 0): 38.0, ((31, 90, 0, 3), (3, 66, 1, 2), 0): 38.0, ((31, 90, 0, 3), (9, 40, 6, 2), 0): 38.0, ((31, 90, 0, 3), (10, 39, 6, 1), 0): 38.0, ((31, 90, 0, 3), (12, 90, 1, 3), 0): 38.0, ((31, 90, 0, 3), (15, 86, 1, 3), 0): 38.0, ((31, 90, 0, 3), (17, 44, 6, 2), 0): 38.0, ((31, 90, 0, 3), (29, 40, 6, 2), 0): 38.0, ((31, 90, 0, 3), (35, 65, 1, 2), 0): 38.0, ((31, 96, 0, 3), (0, 51, 6, 2), 0): 38.0, ((31, 96, 0, 3), (2, 42, 6, 2), 0): 38.0, ((31, 96, 0, 3), (8, 40, 6, 2), 0): 38.0, ((31, 96, 0, 3), (9, 43, 6, 2), 0): 38.0, ((31, 96, 0, 3), (10, 48, 6, 2), 0): 38.0, ((31, 96, 0, 3), (12, 97, 1, 3), 0): 38.0, ((31, 96, 0, 3), (15, 96, 1, 3), 0): 38.0, ((31, 96, 0, 3), (17, 47, 6, 2), 0): 38.0, ((31, 96, 0, 3), (29, 49, 6, 2), 0): 38.0, ((31, 96, 0, 3), (30, 86, 1, 3), 0): 38.0, ((31, 96, 0, 3), (35, 72, 1, 2), 0): 38.0, ((31, 98, 0, 3), (0, 51, 6, 2), 0): 38.0, ((31, 98, 0, 3), (3, 71, 1, 2), 0): 38.0, ((31, 98, 0, 3), (8, 42, 6, 2), 0): 38.0, ((31, 98, 0, 3), (9, 45, 6, 2), 0): 38.0, ((31, 98, 0, 3), (10, 48, 6, 2), 0): 38.0, ((31, 98, 0, 3), (12, 97, 1, 3), 0): 38.0, ((31, 98, 0, 3), (15, 96, 1, 3), 0): 38.0, ((31, 98, 0, 3), (17, 49, 6, 2), 0): 38.0, ((31, 98, 0, 3), (29, 49, 6, 2), 0): 38.0, ((31, 98, 0, 3), (35, 73, 1, 2), 0): 38.0, ((31, 100, 0, 3), (0, 52, 6, 2), 0): 38.0, ((31, 100, 0, 3), (3, 72, 1, 2), 0): 38.0, ((31, 100, 0, 3), (8, 44, 6, 2), 0): 38.0, ((31, 100, 0, 3), (10, 49, 6, 2), 0): 38.0, ((31, 100, 0, 3), (11, 18, 6, 1), 0): 22.0, ((31, 100, 0, 3), (12, 98, 1, 3), 0): 38.0, ((31, 100, 0, 3), (15, 96, 1, 3), 0): 38.0, ((31, 100, 0, 3), (16, 41, 6, 2), 0): 38.0, ((31, 100, 0, 3), (17, 51, 6, 2), 0): 38.0, ((31, 100, 0, 3), (31, 100, 1, 3), 0): 79598.0, ((31, 81, 0, 3), (35, 56, 3, 2), 0): 14.0, ((35, 56, 3, 2), (31, 31, 6, 1), 0): 14.0}
a: {20: 1.0, 36: 1.0}
n: {9: 14.0, 11: 22.0}
{0: (34.421443, -119.684178), 1: (38.164391, -112.278183), 2: (34.4349097, -119.9212861), 3: (34.689589, -118.130371), 4: (35.400164, -119.399727), 5: (38.7747705, -119.9029911), 6: (33.9541734, -117.5556971), 7: (36.009923, -114.784826), 8: (35.3002628, -119.0381956), 9: (34.118101, -116.45646), 10: (34.4425082, -119.7812613), 11: (36.075856, -119.043996), 12: (33.8722233, -118.2654222), 13: (35.263617, -112.194139), 14: (37.72495, -113.056978), 15: (33.7885884, -118.2150827), 16: (32.596725, -117.019495), 17: (34.886448, -117.079423), 18: (35.9874334, -119.961999), 19: (35.01643, -110.675005), 20: (33.30006, -111.96835), 21: (38.786621, -112.084147), 22: (32.794671, -115.539473), 23: (36.220567, -115.125553), 24: (33.3021433, -111.9552863), 25: (33.39639, -110.76888), 26: (37.8135094, -119.8800771), 27: (37.161682, -113.434692), 28: (36.72136, -119.761165), 29: (33.8310496, -116.5452277), 30: (34.12755, -118.443664), 31: (33.899899, -118.207088), 32: (33.0390751, -117.2841996), 33: (33.3874378, -110.7609849), 34: (32.178328, -110.960207), 35: (34.02094, -117.385415), 36: (33.603063, -114.598023)}
Instance snapshot written to instance_snapshot_20260429_011158.json
Warning: environment still referenced so free is deferred (Continue to use WLS)
