Fuel Type Code,Station Name,Street Address,Intersection Directions,City,State,ZIP,Plus4,Station Phone,Status Code,Expected Date,Groups With Access Code,Access Days Time,Cards Accepted,BD Blends,NG Fill Type Code,NG PSI,EV Level1 EVSE Num,EV Level2 EVSE Num,EV DC Fast Count,EV Other Info,EV Network,EV Network Web,Geocode Status,Latitude,Longitude,Date Last Confirmed,ID,Updated At,Owner Type Code,Federal Agency ID,Federal Agency Name,Open Date,Hydrogen Status Link,NG Vehicle Class,LPG Primary,E85 Blender Pump,EV Connector Types,Country,Intersection Directions (French),Access Days Time (French),BD Blends (French),Groups With Access Code (French),Hydrogen Is Retail,Access Code,Access Detail Code,Federal Agency Code,Facility Type,CNG Dispenser Num,CNG On-Site Renewable Source,CNG Total Compression Capacity,CNG Storage Capacity,LNG On-Site Renewable Source,E85 Other Ethanol Blends,EV Pricing,EV Pricing (French),LPG Nozzle Types,Hydrogen Pressures,Hydrogen Standards,CNG Fill Type Code,CNG PSI,CNG Vehicle Class,LNG Vehicle Class,EV On-Site Renewable Source,Restricted Access,RD Blends,RD Blends (French),RD Blended with Biodiesel,RD Maximum Biodiesel Level,NPS Unit Name,CNG Station Sells Renewable Natural Gas,LNG Station Sells Renewable Natural Gas,Maximum Vehicle Class,EV Workplace Charging
CNG,Clean Energy - Everett - National Grid,16 Rover St,"Rt 16, exit to Rt 99, to Dexter St to Rover. Or Rt 99 to Robin St, to Rover St",Everett,MA,02149,,866-809-4869,E,,Public - Credit card at all times,24 hours daily; call 866-809-4869 for Clean Energy card,CleanEnergy D FleetOne FuelMan M V Voyager Wright_Exp,,Q,3000 3600,,,,,,,200-8,42.393167,-71.064352,2023-12-13,84,2024-01-31 22:07:01 UTC,T,,,1996-11-15,,HD,,,,US,,,,Public - Carte de crédit en tout temps,,public,CREDIT_CARD_ALWAYS,,STANDALONE_STATION,1,,425,,,,,,,,,Q,3000 3600,HD,,,false,,,,,,false,,HD,
CNG,Clean Energy - Greenpoint - National Grid,287 Maspeth Ave,"I-278/Brooklyn Queens Expy, exit onto Vandervoort Ave S, left onto Maspeth Ave, and the station is on the left",Brooklyn,NY,11211,,866-809-4869,E,,Public - Credit card at all times,24 hours daily; call 866-809-4869 for Clean Energy card,CleanEnergy D FuelMan M V Voyager Wright_Exp,,Q,3000 3600,,,,,,,200-8,40.718037,-73.932309,2023-09-14,108,2024-01-31 22:07:01 UTC,T,,,2016-07-15,,HD,,,,US,,,,Public - Carte de crédit en tout temps,,public,CREDIT_CARD_ALWAYS,,UTILITY,1,NONE,1200,,,,,,,,,Q,3000 3600,HD,,,false,,,,,,true,,HD,
CNG,Clean Energy - City of Santa Fe - Santa Fe Trails Transit,2931 Rufina St,,Santa Fe,NM,87507,,866-809-4869,E,,Public - Credit card at all times,24 hours daily; call 866-809-4869 for Clean Energy card,A CleanEnergy D FleetOne FuelMan M Proprietor V Voyager Wright_Exp,,Q,3000 3600,,,,,,,200-8,35.65758,-105.993406,2023-09-14,360,2024-01-31 22:07:01 UTC,LG,,,2001-12-15,,HD,,,,US,,,,Public - Carte de crédit en tout temps,,public,CREDIT_CARD_ALWAYS,,FLEET_GARAGE,1,NONE,300,,,,,,,,,Q,3000 3600,HD,,,false,,,,,,true,,HD,
CNG,Kansas Gas Service,11401 W 89th St,"Station located in Service Center driveway, back-in required to access dispenser",Overland Park,KS,66214,,844-713-7988,E,,Public - Credit card at all times,24 hours daily,A D M V Voyager Wright_Exp,,Q,3600,,,,,,,200-9,38.966292,-94.715917,2023-10-12,372,2024-01-31 22:07:01 UTC,T,,,1996-12-03,,HD,,,,US,,,,Public - Carte de crédit en tout temps,,public,CREDIT_CARD_ALWAYS,,UTILITY,1,,,52000,,,,,,,,Q,3600,HD,,,false,,,,,,false,,HD,
CNG,Kansas Gas Service,200 E 1st Ave,,Topeka,KS,66603,,844-713-7988,E,,Public - Credit card at all times,24 hours daily,A D M V Voyager Wright_Exp,,Q,3600,,,,,,,200-9,39.058754,-95.667854,2023-10-12,434,2024-01-31 22:07:01 UTC,T,,,1996-11-15,,HD,,,,US,,,,Public - Carte de crédit en tout temps,,public,CREDIT_CARD_ALWAYS,,UTILITY,2,,,30000,,,,,,,,Q,3600,HD,,,false,,,,,,false,,HD,
CNG,Clean Energy - Downtown Dallas,801 S Riverfront Blvd,Located on south end of Fuel City property.,Dallas,TX,75207,,866-278-3674,E,,Public - Credit card at all times,24 hours daily; call 866-809-4869 for Clean Energy card,A CleanEnergy Comdata D FleetOne FuelMan M V Voyager Wright_Exp,,Q,3600,,,,,,,200-9,32.76662,-96.807086,2023-09-14,456,2024-01-31 22:07:01 UTC,P,,,1996-12-15,,HD,,,,US,,,,Public - Carte de crédit en tout temps,,public,CREDIT_CARD_ALWAYS,,GAS_STATION,1,NONE,615,,,,,,,,,Q,3600,HD,,,false,,,,,,true,,HD,
CNG,Clean Energy - Garland Independent School District,3526 Security St,"I-635, north on Jupiter Rd, and right on Security St",Garland,TX,75042,,866-809-4869,E,,Public - Credit card at all times,24 hours daily; call 866-809-4869 for Clean Energy card,A CleanEnergy Comdata D FleetOne FuelMan M V Voyager Wright_Exp,,Q,3000 3600,,,,,,,200-9,32.89683,-96.68401,2023-09-14,477,2024-01-31 22:07:01 UTC,P,,,1996-12-15,,HD,,,,US,,,,Public - Carte de crédit en tout temps,,public,CREDIT_CARD_ALWAYS,,SCHOOL,2,NONE,100,,,,,,,,,Q,3000 3600,HD,,,false,,,,,,true,,HD,
CNG,Questar Gas - Salt Lake City,1150 W 200 S,200 S,Salt Lake City,UT,84104,,800-323-5517,E,,Public - Credit card at all times,24 hours daily,GasCard M V Wright_Exp,,Q,3000 3600,,,,,,,200-8,40.764976,-111.922291,2023-04-06,528,2024-01-31 22:07:01 UTC,T,,,1996-12-15,,HD,,,,US,,,,Public - Carte de crédit en tout temps,,public,CREDIT_CARD_ALWAYS,,STANDALONE_STATION,3,NONE,700,,,,,,,,,Q,3000 3600,HD,,,false,,,,,,true,,HD,
CNG,Questar Gas - LW's Conoco,1050 W 200 N,"Main St in Logan, west on 2nd N, and 10 blocks west",Logan,UT,84321,,435-753-7461,E,,Public - Credit card at all times,24 hours daily,GasCard M V Wright_Exp,,Q,3600,,,,,,,200-9,41.734633,-111.861488,2023-04-06,548,2024-01-31 22:07:01 UTC,P,,,1996-12-15,,HD,,,,US,,,,Public - Carte de crédit en tout temps,,public,CREDIT_CARD_ALWAYS,,CONVENIENCE_STORE,1,NONE,25,,,,,,,,,Q,3600,HD,,,false,,,,,,true,,HD,
CNG,Dominion Energy - Market Express Sinclair,850 S Carbon Ave,Exit 241/ US-6,Price,UT,84501,,435-637-4002,E,,Public - Credit card at all times,24 hours daily,Comdata D GasCard M Proprietor V Wright_Exp,,Q,3600,,,,,,,200-9,39.586805,-110.813433,2023-04-06,558,2024-01-31 22:07:01 UTC,P,,,1996-12-15,,HD,,,,US,,,,Public - Carte de crédit en tout temps,,public,CREDIT_CARD_ALWAYS,,CONVENIENCE_STORE,1,NONE,150,,,,,,,,,Q,3600,HD,,,false,,,,,,true,,HD,
CNG,Questar Gas - Chevron,1375 N Main St,"Take I-70, then take exit 40, and the station is on the right",Richfield,UT,84701,,435-896-8352,E,,Public - Credit card at all times,24 hours daily,Comdata GasCard M V Wright_Exp,,Q,3000,,,,,,,200-9,38.786621,-112.084147,2023-04-06,569,2024-01-31 22:07:01 UTC,P,,,1996-12-15,,HD,,,,US,,,,Public - Carte de crédit en tout temps,,public,CREDIT_CARD_ALWAYS,,GAS_STATION,1,NONE,150,,,,,,,,,Q,3000,HD,,,false,,,,,,true,,HD,
CNG,Clean Energy - Denver International Airport Rental Car,27700 E 78th Ave,"I-70, exit onto Pena Blvd to DIA, follow signs to rental car return",Denver,CO,80249,,866-809-4869,E,,Public - Credit card at all times,24 hours daily; call 866-809-4869 for Clean Energy card,A CleanEnergy Comdata D FleetOne FuelMan M Proprietor V Voyager Wright_Exp,,Q,3000 3600,,,,,,,GPS,39.83765604691739,-104.6805,2023-12-13,648,2024-01-31 22:07:01 UTC,P,,,1996-12-15,,HD,,,,US,,,,Public - Carte de crédit en tout temps,,public,CREDIT_CARD_ALWAYS,,RENTAL_CAR_RETURN,1,NONE,600,,,,,,,,,Q,3000 3600,HD,,,false,,,,,,true,,HD,
CNG,Oregon Department of Administrative Services State Motor Pool,1100 Airport Rd SE,Military Way and Ryan Dr SE,Salem,OR,97301,,503-378-4377,E,,Public - Credit card at all times,8:30am-4:30pm M-F,CREDIT Debit M V,,Q,3600,,,,,,,GPS,44.9224565,-123.003936,2023-12-13,719,2024-05-24 19:37:06 UTC,SG,,,1996-11-15,,HD,,,,US,,,,Public - Carte de crédit en tout temps,,public,CREDIT_CARD_ALWAYS,,STATE_GOV,2,,100,32000,,,,,,,,Q,3600,HD,,,false,,,,,,,,HD,
CNG,PG&E - Grass Valley Service Center,788 Taylorville Rd,"Exit Highway 49 at McKnight Way, west 2 blocks, and the station is on the right.",Grass Valley,CA,95949,,800-684-4648,E,,Public - Card key at all times,24 hours daily; Customers must set up a PG&E account in advance of fueling; Station only accepts PG&E payment card; Contact PG&E LNG/CNG at 800-684-4648 x4 for payment card and station information,Proprietor,,Q,3000 3600,,,,,,,200-9,39.20062,-121.062126,2023-11-09,792,2024-01-31 22:07:01 UTC,T,,,1995-05-15,,HD,,,,US,,,,Public - Carte-clé en tout temps,,public,KEY_ALWAYS,,UTILITY,1,NONE,30,,,,,,,,,Q,3000 3600,HD,,,false,,,,,,true,,HD,
CNG,PG&E - Bakersfield Service Center,4101 Wible Rd,"Exit Highway 99 at White Land, go west to Wible Road, go south, and the station is on the right.",Bakersfield,CA,93313,,800-684-4648,E,,Public - Card key at all times,24 hours daily; Customers must set up a PG&E account in advance of fueling; Station only accepts PG&E payment card; Contact PG&E LNG/CNG at 800-684-4648 x4 for payment card and station information,Proprietor,,B,3000 3600,,,,,,,200-8,35.317617,-119.039048,2024-01-09,801,2024-01-31 22:07:01 UTC,T,,,1994-05-15,,HD,,,,US,,,,Public - Carte-clé en tout temps,,public,KEY_ALWAYS,,UTILITY,2,NONE,400,,,,,,,,,B,3000 3600,HD,,,false,,,,,,true,,HD,
CNG,PG&E - Fresno Service Center,3754 E California Ave,"From Highway 99 northbound, exit at E Jensen Avenue, turn right and travel east 0.75 mile (turns into Jensen Bypass), left on S Pullman Avenue, left again onto E Jensen, follow the road around as it turns into S Orange Avenue, north on S Orange for 1 mile to E California Avenue turn right onto E California, travel east 0.25 mile, and the station is on the right.",Fresno,CA,93725,,800-684-4648,E,,Public - Card key at all times,24 hours daily; Customers must set up a PG&E account in advance of fueling; Station only accepts PG&E payment card; Contact PG&E LNG/CNG at 800-684-4648 x4 for payment card and station information,Proprietor,,B,3000 3600,,,,,,,200-8,36.72136,-119.761165,2024-01-09,806,2024-01-31 22:07:01 UTC,T,,,1995-05-15,,HD,,,,US,,,,Public - Carte-clé en tout temps,,public,KEY_ALWAYS,,UTILITY,2,NONE,120,,,,,,,,,B,3000 3600,HD,,,false,,,,,,true,,HD,
CNG,PG&E - Hayward Service Center,24300 Clawiter Rd,"Exit Highway 92/San Mateo Bridge at Clawiter Road, go north, and the station is on the right. Or from exit I-880 at Winton Avenue, go west, left on Clawiter, and the station is on the left.",Hayward,CA,94545,,800-684-4648,E,,Public - Card key at all times,24 hours daily; Customers must set up a PG&E account in advance of fueling; Station only accepts PG&E payment card; Contact PG&E LNG/CNG at 800-684-4648 x4 for payment card and station information,Proprietor,,Q,3600,,,,,,,200-9,37.642339,-122.117821,2024-01-09,818,2024-01-31 22:07:01 UTC,T,,,1991-05-15,,HD,,,,US,,,,Public - Carte-clé en tout temps,,public,KEY_ALWAYS,,UTILITY,2,NONE,300,,,,,,,,,Q,3600,HD,,,false,,,,,,true,,HD,
CNG,PG&E - Stockton Service Center,4040 West Ln,"Exit I-5/Highway 99 at Hammer Lane, go toward central Stockton, south on West Lane about 1.5 miles, and the station is on the left.",Stockton,CA,95204,,800-684-4648,E,,Public - Card key at all times,24 hours daily; Customers must set up a PG&E account in advance of fueling; Station only accepts PG&E payment card; Contact PG&E LNG/CNG at 800-684-4648 x4 for payment card and station information,Proprietor,,B,3000 3600,,,,,,,200-9,37.990624,-121.283787,2024-01-09,832,2024-01-31 22:07:01 UTC,T,,,1992-05-15,,HD,,,,US,,,,Public - Carte-clé en tout temps,,public,KEY_ALWAYS,,UTILITY,2,NONE,120,,,,,,,,,B,3000 3600,HD,,,false,,,,,,true,,HD,
CNG,PG&E - Santa Rosa Service Center,3965 Occidental Rd,"Exit Highway 101 and Highway 12, go west and exit at Stony Point Road, across intersection on Occidental Road, and the station is on the right.",Santa Rosa,CA,95401,,800-684-4648,E,,Public - Card key at all times,24 hours daily; Customers must set up a PG&E account in advance of fueling; Station only accepts PG&E payment card; Contact PG&E LNG/CNG at 800-684-4648 x4 for payment card and station information,Proprietor,,B,3000 3600,,,,,,,200-8,38.428592,-122.766929,2024-01-09,834,2024-01-31 22:07:01 UTC,T,,,1993-05-15,,HD,,,,US,,,,Public - Carte-clé en tout temps,,public,KEY_ALWAYS,,UTILITY,2,NONE,65,,,,,,,,,B,3000 3600,HD,,,false,,,,,,true,,HD,
CNG,PG&E - Florin-Perkins Service Center,5555 Florin-Perkins Rd,"Exit Highway 50 at Howe Avenue/Power Inn Road, south on Power Inn, left on Fruitridge Road, enter the facility on Fruitridge Road on the left past Florin-Perkins Rd intersection; enter through gate #4.",Sacramento,CA,95826,,800-684-4648,E,,Public - Card key at all times,24 hours daily; Customers must set up a PG&E account in advance of fueling; Station only accepts PG&E payment card; Contact PG&E LNG/CNG at 800-684-4648 x4 for payment card and station information,Proprietor,,Q,3000 3600,,,,,,,GPS,38.52681700136836,-121.3904188113575,2023-11-09,842,2024-01-31 22:07:01 UTC,T,,,2016-06-15,,HD,,,,US,,,,Public - Carte-clé en tout temps,,public,KEY_ALWAYS,,UTILITY,1,NONE,200,,,,,,,,,Q,3000 3600,HD,,,false,,,,,,true,,HD,
CNG,City of Milton,5162 Munson Hwy,,Milton,FL,32570,,850-983-5401,E,,Public - Credit card after hours,"7:30am-4:30pm M-F; call 850-983-5401 to pay with cash or check; to use credit line with City of Milton, must apply within City Hall located next to the station; Also accepts City of Milton credit",A Cash Checks FuelMan M V,,Q,3000 3600,,,,,,,200-8,30.633284,-87.041286,2023-09-14,864,2024-01-31 22:07:01 UTC,LG,,,1991-01-15,,HD,,,,US,,,,Public - Carte de crédit après les heures d'ouverture,,public,CREDIT_CARD_AFTER_HOURS,,MUNI_GOV,2,,25,,,,,,,,,Q,3000 3600,HD,,,false,,,,,,false,,HD,
CNG,Piedmont Natural Gas - Greenville,100 Woodruff Industrial Ln,"Near I-85 and I-385, take exit 51",Greenville,SC,29607,,877-840-0043,E,,Public - Credit card at all times,24 hours daily,A Comdata D EFS FleetOne FuelMan M TCH Tchek V Voyager Wright_Exp,,Q,3600,,,,,,,200-9,34.829494,-82.310005,2023-07-11,897,2024-01-31 22:07:01 UTC,T,,,1989-05-15,,HD,,,,US,,,,Public - Carte de crédit en tout temps,,public,CREDIT_CARD_ALWAYS,,UTILITY,2,NONE,25,,,,,,,,,Q,3600,HD,,,false,,,,,,true,,HD,
CNG,Chula Vista Education Center,84 E J St,,Chula Vista,CA,91910,,619-656-5600,E,,Public - Credit card at all times,5:30am-5pm M-F; located behind gate,A D M V,,B,3000,,,,,,,200-9,32.631042,-117.057953,2023-05-03,939,2024-01-31 22:07:01 UTC,P,,,1996-12-15,,HD,,,,US,,,,Public - Carte de crédit en tout temps,,public,CREDIT_CARD_ALWAYS,,SCHOOL,1,,50,,,,,,,,,B,3000,HD,,,false,,,,,,,,HD,
CNG,Poway Unified School District,13626 Twin Peaks Rd,"Exit I-15 at Ted Williams Parkway, east 1 mile, turn right on Twin Peaks Road, 1 mile to school district center, station on left, west of Tiera Bonita Road.",Poway,CA,92064,,858-748-0010,E,,Public - Credit card at all times,6am-6pm M-F (except holidays or district recesses); semi-trucks and trailers do not fit at this station,ARI M V,,B,3000 3600,,,,,,,200-8,32.978339,-117.034924,2023-05-03,945,2024-01-31 22:07:01 UTC,LG,,,1991-06-15,,HD,,,,US,,,,Public - Carte de crédit en tout temps,,public,CREDIT_CARD_ALWAYS,,SCHOOL,2,,50,30000,,,,,,,,B,3000 3600,HD,,,false,,,,,,,,HD,
CNG,Clean Energy - Waste Management - Moreno Valley,17700 Indian Ave,,Moreno Valley,CA,92551,,866-809-4869,E,,Public - Credit card at all times,24 hours daily; call 866-809-4869 for Clean Energy card,A CleanEnergy Comdata D FuelMan M V Voyager Wright_Exp,,Q,3000 3600,,,,,,,200-8,33.862772,-117.234706,2023-06-12,982,2024-01-31 22:07:01 UTC,P,,,2009-01-15,,HD,,,,US,,,,Public - Carte de crédit en tout temps,,public,CREDIT_CARD_ALWAYS,,STANDALONE_STATION,1,,,,,,,,,,,Q,3000 3600,HD,,,false,,,,,,,,HD,
CNG,Clean Energy - Los Angeles County Sanitation District,2800 Workman Mill Rd,LCNG station,Whittier,CA,90601,,562-908-4288  562-493-2804,E,,Public - Credit card at all times,24 hours daily; call 866-809-4869 for Clean Energy card,CleanEnergy D M V Voyager Wright_Exp,,Q,3600,,,,,,,200-9,34.025657,-118.031019,2023-05-03,997,2024-01-31 22:07:01 UTC,LG,,,1996-12-15,,HD,,,,US,,,,Public - Carte de crédit en tout temps,,public,CREDIT_CARD_ALWAYS,,MUNI_GOV,4,NONE,,,,,,,,,,Q,3600,HD,,,false,,,,,,true,,HD,
CNG,SoCalGas - Pico Rivera Base,8101 S Rosemead Blvd,"Exit I-5 at Rosemead Blvd, go north, the facility is on the left",Pico Rivera,CA,90660,,800-427-2000,E,,Public - Credit card at all times,24 hours daily,A D M V Voyager Wright_Exp,,Q,3600,,,,,,,200-9,33.968221,-118.109093,2023-05-03,1000,2024-01-31 22:07:01 UTC,T,,,1996-12-15,,HD,,,,US,,,,Public - Carte de crédit en tout temps,,public,CREDIT_CARD_ALWAYS,,UTILITY,2,NONE,1050,87647,,,,,,,,Q,3600,HD,,,false,,,,,,true,,HD,
CNG,SoCalGas - Van Nuys Base,16645 Saticoy St,"Exit I-405 at Sherman Way, west on Sherman to Havenhurst Ave, north on Havenhurst, left on Saticoy Ave, and the station is on the right",Los Angeles,CA,91406,,800-427-2000,E,,Public - Credit card at all times,24 hours daily,A D M V Voyager Wright_Exp,,Q,3600,,,,,,,200-9,34.209219,-118.496403,2023-05-03,1006,2024-01-31 22:07:01 UTC,T,,,1996-12-15,,HD,,,,US,,,,Public - Carte de crédit en tout temps,,public,CREDIT_CARD_ALWAYS,,UTILITY,1,NONE,650,63937,,,,,,,,Q,3600,HD,,,false,,,,,,true,,HD,
CNG,City of Covina - City Corporate Yard,534 N Barranca Ave,"Exit I-10 at Barranca Ave and go north, station is just past San Bernardino Rd on the right",Covina,CA,91723,,626-384-5480,E,,Public - Credit card at all times,6am-4:30pm M-Th,A D M V Voyager Wright_Exp,,Q,3000 3600,,,,,,,200-9,34.091688,-117.87986,2023-08-10,1009,2024-01-31 22:07:01 UTC,LG,,,1996-12-15,,HD,,,,US,,,,Public - Carte de crédit en tout temps,,public,CREDIT_CARD_ALWAYS,,MUNI_GOV,4,,100,3200,,,,,,,,Q,3000 3600,HD,,,false,,,,,,false,,HD,
CNG,Clean Energy - Los Angeles County Metropolitan Transportation Authority - Division 8,7711 Canoga Ave,,Chatsworth,CA,91311,,866-809-4869,E,,Public - Credit card at all times,24 hours daily,A CleanEnergy Comdata D FuelMan M V Voyager Wright_Exp,,Q,3000 3600,,,,,,,GPS,34.2370197786977,-118.597759390213,2023-05-03,1010,2024-01-31 22:07:01 UTC,LG,,,2004-06-02,,HD,,,,US,,,,Public - Carte de crédit en tout temps,,public,CREDIT_CARD_ALWAYS,,FLEET_GARAGE,1,NONE,,,,,,,,,,Q,3000 3600,HD,,,false,,,,,,true,,HD,
CNG,Clean Energy - Irvine City Yard,6427 Oak Canyon,"Exit I-5 at Sand Canyon Rd south on Sand Canyon, right on Oak Canyon, and station is in the City yard facility on the right.",Irvine,CA,92618,,866-809-4869,E,,Public - Credit card at all times,24 hours daily; call 866-809-4869 for Clean Energy card,A CleanEnergy Comdata D FuelMan M V Voyager Wright_Exp,,Q,3000 3600,,,,,,,200-9,33.676026,-117.764558,2023-05-03,1022,2024-01-31 22:07:01 UTC,P,,,1996-12-15,,HD,,,,US,,,,Public - Carte de crédit en tout temps,,public,CREDIT_CARD_ALWAYS,,MUNI_GOV,1,NONE,350,,,,,,,,,Q,3000 3600,HD,,,false,,,,,,true,,HD,
CNG,Clean Energy - RTC Losee,3333 Losee Rd,"I-15, exit onto Cheyenne Ave E, right on Losee Rd, and left on Sharp Cir",North Las Vegas,NV,89124,,866-809-4869,E,,Public - Credit card at all times,24 hours daily; call 866-809-4869 for Clean Energy card,A CleanEnergy Comdata D FleetOne FuelMan M V Voyager Wright_Exp,,Q,3000 3600,,,,,,,GPS,36.220567,-115.125553,2023-09-14,1083,2024-01-31 22:07:01 UTC,LG,,,1996-12-15,,HD,,,,US,,,,Public - Carte de crédit en tout temps,,public,CREDIT_CARD_ALWAYS,,STANDALONE_STATION,1,NONE,300,,,,,,,,,Q,3000 3600,HD,,,false,,,,,,true,,HD,
CNG,Virginia Natural Gas - Lance Rd,1184 Lance Rd,A the end of Lance Rd off of Lowery Rd near Military Cir.,Norfolk,VA,23502,,866-229-3578,E,,Public - Card key at all times,24 hours daily; contact station for required card key,,,Q,3600,,,,,,,200-8,36.864044,-76.217318,2024-01-09,1108,2024-01-31 22:07:01 UTC,T,,,2016-07-15,,HD,,,,US,,,,Public - Carte-clé en tout temps,,public,KEY_ALWAYS,,UTILITY,1,NONE,185,,,,,,,,,Q,3600,HD,,,false,,,,,,true,,HD,
CNG,Virginia Natural Gas - VNG Office,746 Diligence Dr,"On I-64, exit onto US-17 N, right onto Diligence Dr, and station is on the left.",Newport News,VA,23606,,866-229-3578,E,,Public - Card key at all times,24 hours daily; contact station for required card key,,,Q,3600,,,,,,,200-9,37.083023,-76.463112,2024-01-09,1110,2024-01-31 22:07:01 UTC,T,,,1996-12-15,,HD,,,,US,,,,Public - Carte-clé en tout temps,,public,KEY_ALWAYS,,UTILITY,2,NONE,850,593136,,,,,,,,Q,3600,HD,,,false,,,,,,true,,HD,
CNG,"Memphis Light, Gas and Water - North Center",1130 Tupelo St,,Memphis,TN,38108,,901-320-1062  901-320-1473,E,,Public - Credit card at all times,24 hours daily,D FuelMan M V Voyager Wright_Exp,,Q,3600,,,,,,,200-8,35.166531,-89.972823,2024-02-12,1215,2024-02-12 21:24:44 UTC,LG,,,1995-09-15,,HD,,,,US,,,,Public - Carte de crédit en tout temps,,public,CREDIT_CARD_ALWAYS,,UTILITY,2,NONE,185,,,,,,,,,Q,3600,HD,,,false,,,,,,true,,HD,
CNG,PG&E - Chico Service Center,11239 Midway,"Exit Hwy 99 at Park Ave., then go west to Midway and turn south (left). Station on right.",Chico,CA,95928,,800-684-4648,E,,Public - Card key at all times,24 hours daily; Customers must set up a PG&E account in advance of fueling; Station only accepts PG&E payment card; Contact PG&E LNG/CNG at 800-684-4648 x4 for payment card and station information,Proprietor,,Q,3000 3600,,,,,,,200-9,39.710548,-121.812671,2023-11-09,1347,2024-01-31 22:07:01 UTC,T,,,1995-05-15,,HD,,,,US,,,,Public - Carte-clé en tout temps,,public,KEY_ALWAYS,,UTILITY,1,NONE,300,,,,,,,,,Q,3000 3600,HD,,,false,,,,,,true,,HD,
CNG,PG&E - Vacaville Service Center,158 Peabody Rd,"Exit I-80 at Peabody E or Mason Road/Travis AFB W. From I-80 W, right on Mason and bear right, right on Peabody, and the station is on the right.",Vacaville,CA,95687,,800-684-4648,E,,Public - Card key at all times,24 hours daily; Customers must set up a PG&E account in advance of fueling; Station only accepts PG&E payment card; Contact PG&E LNG/CNG at 800-684-4648 x4 for payment card and station information,Proprietor,,Q,3000 3600,,,,,,,200-9,38.3509,-121.977342,2023-11-09,1349,2024-01-31 22:07:01 UTC,T,,,1995-05-15,,HD,,,,US,,,,Public - Carte-clé en tout temps,,public,KEY_ALWAYS,,UTILITY,1,NONE,160,,,,,,,,,Q,3000 3600,HD,,,false,,,,,,true,,HD,
CNG,SoCalGas - Compton Base,1471 E Elm St,"Access on Elm St, exit I-710 at Rosecrans Ave, west on Rosecrans to Bullis, turn left/south to Elm St, turn right/west, and the station is on the right",Compton,CA,90221,,800-427-2000,E,,Public - Card key at all times,24 hours daily; contact station for fueling card to open gate,A D M V Voyager Wright_Exp,,Q,3600,,,,,,,200-8,33.899899,-118.207088,2023-05-03,1361,2024-01-31 22:07:01 UTC,T,,,1996-12-15,,HD,,,,US,,,,Public - Carte-clé en tout temps,,public,KEY_ALWAYS,,UTILITY,2,NONE,500,87647,,,,,,,,Q,3600,HD,,,false,,,,,,true,,HD,
CNG,City of Ontario - City Yard,1440 S Cucamonga St,"Exit Highway 60 at Euclid, go north, right/east on Francis, left/north on Bon View, access from Cucamonga St",Ontario,CA,91761,,909-395-2649,E,,Public - Credit card at all times,24 hours daily,M V,,Q,3600,,,,,,,200-9,34.047068,-117.634077,2023-05-03,1370,2024-01-31 22:07:01 UTC,LG,,,1994-05-15,,HD,,,,US,,,,Public - Carte de crédit en tout temps,,public,CREDIT_CARD_ALWAYS,,MUNI_GOV,2,NONE,925,98000,,,,,,,,Q,3600,HD,,,false,,,,,,true,,HD,
CNG,United Parcel Service,1735 S Turner Ave,"Exit I-10 at Haven Ave, go south, right/west on Jurupa St, left/south on Turner. From Highway 60, exit at Archibald Ave, go north, right/east on Jurupa St, right/south on Turner Ave, station is on the left.",Ontario,CA,91761,,909-827-9944,E,,Public - Card key at all times,24 hours daily; contact station at 909-827-9944 to obtain a FleetStar keycard; Accepts FleetStar Card,,,Q,3000 3600,,,,,,,200-8,34.042311,-117.584572,2023-12-13,7037,2024-01-31 22:07:01 UTC,P,,,1997-03-15,,HD,,,,US,,,,Public - Carte-clé en tout temps,,public,KEY_ALWAYS,,STANDALONE_STATION,2,,500,,,,,,,,,Q,3000 3600,HD,,,false,,,,,,,,HD,
CNG,Clean Energy - City of Tulare,3989 S K St,"South on Hwy 99, exit at Paige going west, 1 mile to South K St, go 1 mile south; LCNG station",Tulare,CA,93274,,866-809-4869,E,,Public - Credit card at all times,24 hours daily; call 866-809-4869 for Clean Energy card,A CleanEnergy Comdata D FleetOne FuelMan M V Voyager Wright_Exp,,Q,3600,,,,,,,200-9,36.169487,-119.338155,2023-12-13,7041,2024-01-31 22:07:01 UTC,LG,,,1996-05-15,,HD,,,,US,,,,Public - Carte de crédit en tout temps,,public,CREDIT_CARD_ALWAYS,,MUNI_GOV,4,NONE,865,,,,,,,,,Q,3600,HD,,,false,,,,,,true,,HD,
CNG,Norwich Public Utilities,157 N Main St,Adjacent to Norwich Public Utilities Customer Service Center Building,Norwich,CT,06360,,860-823-4119  860-823-4159,E,,Public - Credit card at all times,24 hours daily; fleet customers may call 860-823-4508 to set up an account,A D M V,,Q,3000 3600,,,,,,,200-9,41.527246,-72.064419,2023-10-12,7119,2024-01-31 22:07:01 UTC,T,,,1997-04-15,,HD,,,,US,,,,Public - Carte de crédit en tout temps,,public,CREDIT_CARD_ALWAYS,,UTILITY,1,,50,,,,,,,,,Q,3000 3600,HD,,,false,,,,,,false,,HD,
CNG,City of Victorville,14201 McArt Rd,,Victorville,CA,92392,,760-241-6365,E,,Public - Credit card at all times,24 hours daily; station can accommodate heavy-duty vehicles with a maximum of 55 feet in length,A D M V,,Q,3000 3600,,,,,,,200-8,34.508713,-117.332343,2023-05-03,12799,2024-01-31 22:07:01 UTC,LG,,,1999-01-15,,HD,,,,US,,,,Public - Carte de crédit en tout temps,,public,CREDIT_CARD_ALWAYS,,MUNI_GOV,2,,196,60000,,,,,,,,Q,3000 3600,HD,,,false,,,,,,false,,HD,
CNG,SoCalGas - Santa Barbara Base,219 N Quarantina St,"From Highway 101, exit at Milpas St, turn away from the ocean and proceed to Montecito St, left on Montecito, go 2 blocks, left on Quarantina St, and the station is on the right",Santa Barbara,CA,93103,,800-427-2000,E,,Public - Credit card at all times,24 hours daily,A D M V Voyager Wright_Exp,,Q,3600,,,,,,,200-8,34.421443,-119.684178,2023-05-03,12839,2024-01-31 22:07:01 UTC,T,,,1999-01-15,,HD,,,,US,,,,Public - Carte de crédit en tout temps,,public,CREDIT_CARD_ALWAYS,,UTILITY,1,NONE,150,63937,,,,,,,,Q,3600,HD,,,false,,,,,,true,,HD,
CNG,Kings Canyon Unified School District,1600 S Apple Ave,,Reedley,CA,93654,,559-305-7065,E,,Public - Credit card at all times,8am-9pm M-F,M V Voyager Wright_Exp,,Q,3000 3600,,,,,,,GPS,36.590599,-119.4258,2023-05-03,12840,2024-01-31 22:07:01 UTC,LG,,,1996-06-15,,HD,,,,US,,,,Public - Carte de crédit en tout temps,,public,CREDIT_CARD_ALWAYS,,SCHOOL,1,,125,,,,,,,,,Q,3000 3600,HD,,,false,,,,,,,,HD,
CNG,City of Delano,725 S Lexington St,"From Highway 99, take the exit at Woolomes Ave, turn east on Woolomes (left from southbound, right from northbound and proceed to Lexington), turn right on Lexington St, and the station is on the right.",Delano,CA,93215,,661-721-3350,E,,Public - Credit card at all times,24 hours daily,A CREDIT D Debit M V Voyager Wright_Exp,,Q,3600,,,,,,,200-8,35.75191,-119.240762,2023-05-03,12841,2024-06-05 16:28:52 UTC,LG,,,2001-06-15,,HD,,,,US,,,,Public - Carte de crédit en tout temps,,public,CREDIT_CARD_ALWAYS,,MUNI_GOV,2,NONE,,,,,,,,,,Q,3600,HD,,,false,,,,,,true,,HD,
CNG,Rogue Valley Transportation District,3200 Crater Lake Ave,Just off Highway 62.,Medford,OR,97504,,541-779-5821,E,,Public,8am-5:30pm M-F,Cash CREDIT V,,Q,3600,,,,,,,200-8,42.36317,-122.85563,2023-04-06,18888,2024-04-29 17:44:38 UTC,LG,,,1994-01-15,,HD,,,,US,,,,Public,,public,,,FLEET_GARAGE,4,NONE,270,,,,,,,,,Q,3600,HD,,,false,,,,,,true,,HD,
CNG,Alternative Vehicle Service Group - Lexington,Route 128 N,"From I-95/Route 128 N, take exit 30, and follow the signs to the Service Area.",Lexington,MA,02421,,617-242-8755,E,,Public - Credit card at all times,24 hours daily,M PHH V Voyager Wright_Exp,,Q,3000 3600,,,,,,,GPS,42.43985879899109,-71.25700522806643,2023-12-13,18893,2024-01-31 22:07:01 UTC,P,,,2000-03-15,,HD,,,,US,,,,Public - Carte de crédit en tout temps,,public,CREDIT_CARD_ALWAYS,,STANDALONE_STATION,1,,190,37000,,,,,,,,Q,3000 3600,HD,,,false,,,,,,false,,HD,
CNG,City of Victorville,16690 D St,"From I-15 exit at D Street and go east and turn left at the signal at 4th Street, station on left",Victorville,CA,92395,,760-241-6365,T,2023-04-11,TEMPORARILY UNAVAILABLE (Public - Credit card at all times),6am-12pm M-F,A D M V,,Q,3000 3600,,,,,,,GPS,34.53939073408298,-117.2961996095092,2023-05-03,18943,2024-01-31 22:07:01 UTC,LG,,,2000-03-15,,HD,,,,US,,,,TEMPORAIREMENT SUSPENDU (Public - Carte de crédit en tout temps),,public,CREDIT_CARD_ALWAYS,,MUNI_GOV,2,,196,30000,,,,,,,,Q,3000 3600,HD,,,false,,,,,,false,,HD,
CNG,Clean Energy - University of New Mexico,1140 University Blvd NE,Station is located on the southwest corner of Camino de Salud and N Channel Trail,Albuquerque,NM,87102,,866-809-4869,E,,Public - Credit card at all times,24 hours daily; call 866-809-4869 for Clean Energy card,A CleanEnergy D FleetOne FuelMan M Proprietor V Voyager Wright_Exp,,Q,3000 3600,,,,,,,GPS,35.095006,-106.6241186,2023-09-14,20888,2024-01-31 22:07:01 UTC,SG,,,1999-01-15,,HD,,,,US,,,,Public - Carte de crédit en tout temps,,public,CREDIT_CARD_ALWAYS,,COLLEGE_CAMPUS,1,NONE,350,,,,,,,,,Q,3000 3600,HD,,,false,,,,,,true,,HD,
CNG,United Parcel Service,1601 W McKinley Ave,"From Highway 99, exit on West McKinley, go east 1 block to UPS at the end of the Fresno City College Campus.",Fresno,CA,93728,,800-920-1166,E,,Public - Card key at all times,"24 hours daily; prior customer approval required, contact station at 800-920-1166 for card key; Also accepts Pinnacle Fleet",Comdata,,Q,3000 3600,,,,,,,200-8,36.76452,-119.8305,2023-12-13,20923,2024-01-31 22:07:01 UTC,P,,,2001-05-15,,HD,,,,US,,,,Public - Carte-clé en tout temps,,public,KEY_ALWAYS,,STANDALONE_STATION,2,NONE,400,,,,,,,,,Q,3000 3600,HD,,,false,,,,,,true,,HD,
CNG,Trillium - Mount Diablo Unified School District,2352 Bisso Ln,"Exit Highway 242 on Concord Ave, west on Concord Ave 1 block to Bisso Ln, right on Bisso, past Home Depot, and turn into Mt Diablo Service Center Parking.",Mt.Diablo,CA,94520,,800-920-1166,E,,Public - Credit card at all times,24 hours daily,M V,,Q,3000 3600,,,,,,,200-8,37.9816,-122.04593,2023-12-13,21660,2024-01-31 22:07:01 UTC,P,,,2002-07-15,,HD,,,,US,,,,Public - Carte de crédit en tout temps,,public,CREDIT_CARD_ALWAYS,,SCHOOL,4,,400,,,,,,,,,Q,3000 3600,HD,,,false,,,,,,,,HD,
CNG,Questar Gas - Flying J Travel Plaza - Springville,1460 N 1750 W,"I-15, exit 261",Springville,UT,84663,,801-489-3622,E,,Public - Credit card at all times,24 hours daily,Comdata GasCard M V Wright_Exp,,Q,3600,,,,,,,200-9,40.187357,-111.640443,2023-04-06,23211,2024-01-31 22:07:01 UTC,P,,,2003-09-15,,HD,,,,US,,,,Public - Carte de crédit en tout temps,,public,CREDIT_CARD_ALWAYS,,TRUCK_STOP,1,NONE,400,,,,,,,,,Q,3600,HD,,,false,,,,,,true,,HD,
CNG,Questar Gas - 7-Eleven,7953 S Airport Rd,,West Jordan,UT,84088,,801-280-6687,E,,Public - Credit card at all times,24 hours daily,GasCard M V Wright_Exp,,Q,3600,,,,,,,200-9,40.607539,-111.996214,2023-04-06,23212,2024-01-31 22:07:01 UTC,P,,,2003-09-15,,HD,,,,US,,,,Public - Carte de crédit en tout temps,,public,CREDIT_CARD_ALWAYS,,CONVENIENCE_STORE,2,NONE,400,,,,,,,,,Q,3600,HD,,,false,,,,,,true,,HD,
CNG,Salt Lake City International Airport,600 N 3700 W,"I-80, airport exit",Salt Lake City,UT,84116,,,E,,Public - Credit card at all times,24 hours daily,GasCard M V Wright_Exp,,Q,3600,,,,,,,200-8,40.781373,-111.979973,2023-04-06,23213,2024-01-31 22:07:01 UTC,P,,,2003-09-15,,HD,,,,US,,,,Public - Carte de crédit en tout temps,,public,CREDIT_CARD_ALWAYS,,AIRPORT,2,NONE,400,,,,,,,,,Q,3600,HD,,,false,,,,,,true,,HD,
CNG,Dominion Energy - City of Murray,4646 S 500 W,Exit 301/I-15,Murray,UT,84123,,800-323-5517,E,,Public - Credit card at all times,24 hours daily,GasCard M V Wright_Exp,,Q,3000,,,,,,,200-9,40.671518,-111.906969,2023-04-06,23219,2024-01-31 22:07:01 UTC,LG,,,2003-09-15,,HD,,,,US,,,,Public - Carte de crédit en tout temps,,public,CREDIT_CARD_ALWAYS,,STANDALONE_STATION,2,NONE,120,,,,,,,,,Q,3000,HD,,,false,,,,,,true,,HD,
CNG,City of Corona,430 N Cota St,,Corona,CA,92880,,951-736-2307,E,,Public - Credit card at all times,24 hours daily,M V Voyager Wright_Exp,,Q,3600,,,,,,,GPS,33.88752735448332,-117.5715328981476,2023-10-12,25425,2024-01-31 22:07:01 UTC,LG,,,2003-05-15,,HD,,,,US,,,,Public - Carte de crédit en tout temps,,public,CREDIT_CARD_ALWAYS,,MUNI_GOV,2,,,,,,,,,,,Q,3600,HD,,,false,,,,,,,,HD,
CNG,City of Riverside,8095 Lincoln Ave,"From the 91 Freeway, turn off on Adams Auto Center Dr, go east, left on Lincoln, left on Saint Lawrence, station on the left.",Riverside,CA,92504,,951-826-5311,E,,Public - Credit card at all times,24 hours daily,A D M V Voyager Wright_Exp,,Q,3000 3600,,,,,,,GPS,33.92399216,-117.4119492,2023-05-03,25437,2024-01-31 22:07:01 UTC,LG,,,2004-01-15,,HD,,,,US,,,,Public - Carte de crédit en tout temps,,public,CREDIT_CARD_ALWAYS,,MUNI_GOV,4,,2600,150000,,,,,,,,Q,3000 3600,HD,,,false,,,,,,false,,HD,
CNG,Clean Energy - San Francisco Airport,790 N McDonnell Rd,"At San Bruno Ave, in front of United Airlines maintenance building.",San Francisco,CA,94128,,866-809-4869,E,,Public - Credit card at all times,24 hours daily; call 866-809-4869 for Clean Energy card,A CleanEnergy Comdata D FleetOne FuelMan M V Voyager Wright_Exp,,Q,3000 3600,,,,,,,GPS,37.63281471742084,-122.3983520158691,2023-12-13,25483,2024-01-31 22:07:01 UTC,P,,,2004-05-15,,HD,,,,US,,,,Public - Carte de crédit en tout temps,,public,CREDIT_CARD_ALWAYS,,AIRPORT,4,NONE,,,,,,,,,,Q,3000 3600,HD,,,false,,,,,,true,,HD,
CNG,SoCalGas - Azusa Base,950 N Todd Ave,"Exit I-210 at Irwindale Ave, north to Foothill Blvd and turn right, left on N Todd Ave, and the station is on the right",Azusa,CA,91702,,800-427-2000,E,,Public - Credit card at all times,24 hours daily,A D M V Voyager Wright_Exp,,Q,3600,,,,,,,200-9,34.138664,-117.923766,2023-05-03,25600,2024-01-31 22:07:01 UTC,T,,,2004-07-15,,HD,,,,US,,,,Public - Carte de crédit en tout temps,,public,CREDIT_CARD_ALWAYS,,UTILITY,2,NONE,700,43823,,,,,,,,Q,3600,HD,,,false,,,,,,true,,HD,
CNG,Trillium - City of Placentia Corporate Yard,2999 E La Jolla St,"Exit Highway 57 at E Orangethorpe Ave and go east, turn right on Melrose St, then left on La Jolla St, and the station is on the left.",Placentia,CA,92806,,800-920-1166,E,,Public - Credit card at all times,24 hours daily,A D M Trillium V Voyager Wright_Exp,,Q,3000 3600,,,,,,,200-8,33.860704,-117.865217,2023-12-13,25601,2024-01-31 22:07:01 UTC,P,,,2003-12-15,,HD,,,,US,,,,Public - Carte de crédit en tout temps,,public,CREDIT_CARD_ALWAYS,,MUNI_GOV,1,,410,,,,,,,,,Q,3000 3600,HD,,,false,,,,,,,,HD,
CNG,Dominion Energy,800 Gaston Rd,,Gastonia,NC,28056,,877-776-2427,E,,Public - Credit card at all times,24 hours daily,M V Voyager Wright_Exp,,Q,3600,,,,,,,200-9,35.251751,-81.094667,2024-01-09,25673,2024-01-31 22:07:01 UTC,T,,,1999-01-15,,HD,,,,US,,,,Public - Carte de crédit en tout temps,,public,CREDIT_CARD_ALWAYS,,UTILITY,1,,116,108000,,,,,,,,Q,3600,HD,,,false,,,,,,,,HD,
CNG,SoCalGas - Lancaster Base,44416 N Division St,"From Highway 14 N, exit at 20th St W and proceed north to Avenue J, go right on Avenue J and take Division St, and the station is on the left.",Lancaster,CA,93535,,800-427-2000,E,,Public - Credit card at all times,24 hours daily,A D M V Voyager Wright_Exp,,Q,3600,,,,,,,GPS,34.689589,-118.130371,2023-05-03,25763,2024-01-31 22:07:01 UTC,T,,,2014-08-17,,HD,,,,US,,,,Public - Carte de crédit en tout temps,,public,CREDIT_CARD_ALWAYS,,UTILITY,1,NONE,500,43823,,,,,,,,Q,3600,HD,,,false,,,,,,true,,HD,
CNG,Clean Energy - Yucca Valley - Park n Ride Transit Facility,7485 Kickapoo Trail,At intersection of State Rt 62 and Kickapoo Trail,Yucca Valley,CA,92284,,866-809-4869,E,,Public - Credit card at all times,24 hours daily; call 866-809-4869 for Clean Energy card,A CleanEnergy Comdata D FleetOne FuelMan M Proprietor V Voyager Wright_Exp,,Q,3000 3600,,,,,,,200-9,34.118101,-116.45646,2023-12-13,26314,2024-01-31 22:07:01 UTC,P,,,2009-01-15,,HD,,,,US,,,,Public - Carte de crédit en tout temps,,public,CREDIT_CARD_ALWAYS,,STANDALONE_STATION,2,NONE,350,,,,,,,,,Q,3000 3600,HD,,,false,,,,,,true,,HD,
CNG,Clean Energy - Oakland International Airport,7855 Earhart Rd,"Doolittle Dr N/State Hwy 61 from Hegenberger to Langley St, left on Langley, 1 block west to Earhart Rd",Oakland,CA,94621,,866-809-4869,E,,Public - Credit card at all times,24 hours daily; call 866-809-4869 for Clean Energy card,A CleanEnergy Comdata D EFS FuelMan M V Voyager Wright_Exp,,Q,3000 3600,,,,,,,200-8,37.73137,-122.212097,2023-06-12,26554,2024-01-31 22:07:01 UTC,P,,,2005-02-15,,HD,,,,US,,,,Public - Carte de crédit en tout temps,,public,CREDIT_CARD_ALWAYS,,AIRPORT,1,NONE,,,,,,,,,,Q,3000 3600,HD,,,false,,,,,,true,,HD,
CNG,Trillium - City of Berkeley,1101 2nd St,"I-580, Exit 12.",Berkeley,CA,94710,,800-920-1166,E,,Public - Credit card at all times,24 hours daily,A M Trillium V Voyager,,Q,3000 3600,,,,,,,200-9,37.88175,-122.306259,2023-12-13,27973,2024-01-31 22:07:01 UTC,P,,,1999-02-28,,HD,,,,US,,,,Public - Carte de crédit en tout temps,,public,CREDIT_CARD_ALWAYS,,MUNI_GOV,1,,600,,,,,,,,,Q,3000 3600,HD,,,false,,,,,,,,HD,
CNG,City of Asheville,45 McCormick Pl,South Charlotte St and McCormick Place.,Asheville,NC,28801,,828-259-5702,E,,Public - Credit card at all times,24 hours daily,M V Voyager Wright_Exp,,Q,3600,,,,,,,200-9,35.588154,-82.550899,2023-11-09,28133,2024-01-31 22:07:01 UTC,LG,,,2005-11-15,,HD,,,,US,,,,Public - Carte de crédit en tout temps,,public,CREDIT_CARD_ALWAYS,,MUNI_GOV,1,,741,207598,,,,,,,,Q,3600,HD,,,false,,,,,,false,,HD,
CNG,Dominion Energy - Sinclair,524 N 1500 W,Exit 272 off I-15,Orem,UT,84057,,801-373-7970,E,,Public - Credit card at all times,24 hours daily,A D GasCard M Proprietor V Wright_Exp,,Q,3000,,,,,,,200-9,40.306765,-111.730637,2023-04-06,28177,2024-01-31 22:07:01 UTC,P,,,2005-11-15,,HD,,,,US,,,,Public - Carte de crédit en tout temps,,public,CREDIT_CARD_ALWAYS,,GAS_STATION,2,NONE,,,,,,,,,,Q,3000,HD,,,false,,,,,,true,,HD,
CNG,Victor Valley Transit Authority,100 N Sandstone Ct,"LCNG station. I-15 to Highway 58, right on W Main St, left on Sandstone Ct.",Barstow,CA,92311,,760-948-4021,E,,Public - Credit card at all times,24 hours daily; Also accepts Fleetstar card,M V Voyager Wright_Exp,,Q,3600,,,,,,,200-9,34.886448,-117.079423,2023-05-03,28523,2024-01-31 22:07:01 UTC,LG,,,2006-06-15,,HD,,,,US,,,,Public - Carte de crédit en tout temps,,public,CREDIT_CARD_ALWAYS,,MUNI_GOV,2,NONE,,,,,,,,,,Q,3600,HD,,,false,,,,,,true,,HD,
CNG,Clean Energy - Downtown Tucson,1744 E Winsett St,Kino Blvd and Winsett St,Tucson,AZ,85719,,866-809-4869,E,,Public - Credit card at all times,24 hours daily; call 866-809-4869 for Clean Energy card,A CleanEnergy Comdata D FleetOne FuelMan M V Voyager Wright_Exp,,Q,3000 3600,,,,,,,200-8,32.214451,-110.945473,2023-05-03,29168,2024-01-31 22:07:01 UTC,P,,,2006-05-15,,HD,,,,US,,,,Public - Carte de crédit en tout temps,,public,CREDIT_CARD_ALWAYS,,STANDALONE_STATION,2,NONE,,,,,,,,,,Q,3000 3600,HD,,,false,,,,,,true,,HD,
CNG,Clean Energy - Los Angeles Sanitation District,23924 Figueroa St,"I-110 S, exit Sepulveda, left under the freeway, corner of Sepulveda and Figueroa.",Carson,CA,90745,,866-809-4869,E,,Public - Credit card at all times,24 hours daily; call 866-809-4869 for Clean Energy card,A CleanEnergy Comdata D FuelMan M V Voyager Wright_Exp,,Q,3600,,,,,,,200-8,33.807567,-118.284438,2023-05-03,30619,2024-01-31 22:07:01 UTC,LG,,,2006-11-15,,HD,,,,US,,,,Public - Carte de crédit en tout temps,,public,CREDIT_CARD_ALWAYS,,MUNI_GOV,1,NONE,700,,,,,,,,,Q,3600,HD,,,false,,,,,,true,,HD,
CNG,Trillium - City of Austin,2400 Business Center Dr,Surrounded by S Industrial Ln on west and Todd Ln on east. Northside of Highway 71 Todd Ln is called Burleson. Located across from City Waste Services Facility.,Austin,TX,78744,,800-920-1166,E,,Public - Credit card at all times,"24 hours daily; station fuels up to class 12 tractors, but class 9-12 tractors will have to detach the trailer to get in the driveway; by spring 2019 the driveway to the station will be widened",M V,,Q,3600,,,,,,,200-9,30.213718,-97.738941,2023-12-13,30622,2024-01-31 22:07:01 UTC,LG,,,2008-02-15,,HD,,,,US,,,,Public - Carte de crédit en tout temps,,public,CREDIT_CARD_ALWAYS,,MUNI_GOV,1,,1000,7380,,,,,,,,Q,3600,HD,,,false,,,,,,,,HD,
CNG,Clean Energy - Long Beach Gas and Oil Department,2400 E Spring St,"From I-405 Northbound, exit Cherry Ave S/Temple Ave, right on Temple Ave, left on Spring St and left on Junipero Ave. From I-405 southbound, exit Cherry Ave N, left on Spring St, then quick right on Junipero Ave, and the station will be on the left.",Long Beach,CA,90755,,866-809-4869,E,,Public - Credit card at all times,24 hours daily; call 866-809-4869 for Clean Energy card,A CleanEnergy Comdata D FuelMan M V Voyager Wright_Exp,,Q,3000 3600,,,,,,,GPS,33.81033131459334,-118.1629291607132,2023-06-12,30626,2024-01-31 22:07:01 UTC,P,,,2006-11-15,,HD,,,,US,,,,Public - Carte de crédit en tout temps,,public,CREDIT_CARD_ALWAYS,,STANDALONE_STATION,2,NONE,,,,,,,,,,Q,3000 3600,HD,,,false,,,,,,true,,HD,
CNG,Clean Energy - Santa Ana - SoCal Gas Base,3210 Maple St,"Exit Hwy 55 at MacArthur Blvd and go west to Main St, turn right on Main, right on Columbine, left on Maple, and the station on the left",Santa Ana,CA,92707,,866-809-4869,E,,Public - Credit card at all times,24 hours daily; call 866-809-4869 for Clean Energy card,A CleanEnergy Comdata D FleetOne FuelMan M Proprietor V Voyager Wright_Exp,,B,3000 3600,,,,,,,200-8,33.703906,-117.863732,2023-12-13,30628,2024-01-31 22:07:01 UTC,P,,,2006-11-15,,HD,,,,US,,,,Public - Carte de crédit en tout temps,,public,CREDIT_CARD_ALWAYS,,UTILITY,1,NONE,,,,,,,,,,B,3000 3600,HD,,,false,,,,,,true,,HD,
CNG,Clean Energy - San Leandro,8515 San Leandro St,"From 880 exit Hegenberger Rd, go east to San Leandro St, turn right (south), drive 0.5 mile to the station on the right side",Oakland,CA,94621,,866-809-4869,E,,Public - Credit card at all times,24 hours daily; call 866-809-4869 for Clean Energy card,A CleanEnergy Comdata D FleetOne FuelMan M V Voyager Wright_Exp,,Q,3000 3600,,,,,,,200-9,37.746023,-122.188974,2023-12-13,30629,2024-01-31 22:07:01 UTC,P,,,2006-11-15,,HD,,,,US,,,,Public - Carte de crédit en tout temps,,public,CREDIT_CARD_ALWAYS,,STANDALONE_STATION,1,NONE,,,,,,,,,,Q,3000 3600,HD,,,false,,,,,,true,,HD,
CNG,Clean Energy - Port of Oakland,209 Brush St,"From 880 exit Market St, travel toward Harbor terminals, turn left on 5th St, then turn right on Brush St",Oakland,CA,94607,,866-809-4869,E,,Public - Credit card at all times,24 hours daily; call 866-809-4869 for Clean Energy card,A CleanEnergy Comdata D FleetOne FuelMan M V Voyager Wright_Exp,,Q,3000 3600,,,,,,,200-8,37.798995,-122.28338,2023-12-13,30630,2024-01-31 22:07:01 UTC,P,,,2007-08-15,,HD,,,,US,,,,Public - Carte de crédit en tout temps,,public,CREDIT_CARD_ALWAYS,,STANDALONE_STATION,1,NONE,450,,,,,,,,,Q,3000 3600,HD,,,false,,,,,,true,,HD,
CNG,PG&E - Merced Service Center,624 W 15th St,"From Highway 99 northbound, exit at Martin Luther King, turn right on MLK and left on 5th Street, and the station in the PG&E yard will be on the left. From Highway 99 southbound, exit at R Street, left on R Street, then right on 15th Street to the station on the right.",Merced,CA,95340,,800-684-4648,E,,Public - Card key at all times,24 hours daily; Customers must set up a PG&E account in advance of fueling; Station only accepts PG&E payment card; Contact PG&E LNG/CNG at 800-684-4648 x4 for payment card and station information,Proprietor,,Q,3000 3600,,,,,,,200-8,37.299692,-120.486137,2024-01-09,30832,2024-01-31 22:07:01 UTC,T,,,2002-05-15,,HD,,,,US,,,,Public - Carte-clé en tout temps,,public,KEY_ALWAYS,,UTILITY,2,NONE,100,,,,,,,,,Q,3000 3600,HD,,,false,,,,,,true,,HD,
CNG,Clean Energy - Pomona Foothill Transit,1670 E 1st St,,Pomona,CA,91766,,866-809-4869,E,,Public - Credit card at all times,24 hours daily; call 866-809-4869 for Clean Energy card,A CleanEnergy Comdata D FleetOne FuelMan M V Voyager Wright_Exp,,Q,3000 3600,,,,,,,200-8,34.059216,-117.722362,2023-12-13,30833,2024-01-31 22:07:01 UTC,P,,,2006-12-15,,HD,,,,US,,,,Public - Carte de crédit en tout temps,,public,CREDIT_CARD_ALWAYS,,STANDALONE_STATION,1,NONE,5700,,,,,,,,,Q,3000 3600,HD,,,false,,,,,,true,,HD,
CNG,Kakco,4355 Lafayette Blvd,"I-65, exit to Lafayette Rd and 46th St.",Indianapolis,IN,46254,,317-829-1486  317-590-5610,E,,Public - Credit card at all times,24 hours daily,A Comdata EFS FuelMan M V Voyager Wright_Exp,,Q,3600,,,,,,,200-9,39.834688,-86.25018,2023-10-12,31839,2024-01-31 22:07:01 UTC,P,,,2007-06-15,,HD,,,,US,,,,Public - Carte de crédit en tout temps,,public,CREDIT_CARD_ALWAYS,,STANDALONE_STATION,3,NONE,500,400,,,,,,,,Q,3600,HD,,,false,,,,,,true,,HD,
CNG,Kern County Superintendent of Schools,705 S Union Ave,One mile east of the 58 and 99 junction.,Bakersfield,CA,93307,,661-852-5800,E,,Public - Credit card at all times,24 hours daily,A D FuelMan M V Voyager Wright_Exp,,Q,3000 3600,,,,,,,GPS,35.35006990889872,-119.0034896884995,2023-09-14,32513,2024-01-31 22:07:01 UTC,LG,,,2005-06-15,,HD,,,,US,,,,Public - Carte de crédit en tout temps,,public,CREDIT_CARD_ALWAYS,,SCHOOL,2,,1950,60000,,,,,,,,Q,3000 3600,HD,,,false,,,,,,,,HD,
CNG,City of San Bernardino,187 S Pershing Ave,Corner of Redding and Pershing.,San Bernardino,CA,92408,,909-384-5220,E,,Public - Credit card at all times,24 hours daily,M V Voyager Wright_Exp,,Q,3600,,,,,,,200-8,34.098543,-117.288482,2023-05-03,32669,2024-01-31 22:07:01 UTC,LG,,,2007-12-15,,HD,,,,US,,,,Public - Carte de crédit en tout temps,,public,CREDIT_CARD_ALWAYS,,MUNI_GOV,1,,,,,,,,,,,Q,3600,HD,,,false,,,,,,,,HD,
CNG,Blue Energy Fuels - Tulsa Gas Technologies,4809 S 101 E Ave,,Tulsa,OK,74146,,918-641-2583,E,,Public - Credit card after hours,8am-5pm daily,Cash D FuelMan M Proprietor V Voyager Wright_Exp,,Q,3600,,,,,,,200-8,36.093705,-95.863764,2024-02-12,32671,2024-02-12 21:24:44 UTC,P,,,2007-11-15,,HD,,,,US,,,,Public - Carte de crédit après les heures d'ouverture,,public,CREDIT_CARD_AFTER_HOURS,,STANDALONE_STATION,1,,180,,,,,,,,,Q,3600,HD,,,false,,,,,,,,HD,
CNG,City of Riverside,5961 Acorn St,At the intersection of Acorn and Jurupa.,Riverside,CA,92504,,951-351-6157,E,,Public - Credit card at all times,24 hours daily; Also accepts Diners Club,A D M V Voyager Wright_Exp,,Q,3600,,,,,,,200-9,33.96068,-117.454372,2024-05-09,32831,2024-05-09 20:33:30 UTC,LG,,,2015-03-25,,HD,,,,US,,,,Public - Carte de crédit en tout temps,,public,CREDIT_CARD_ALWAYS,,MUNI_GOV,2,,1300,74000,,,,,,,,Q,3600,HD,,,false,,,,,,false,,HD,
CNG,Questar Gas - LW's Travel Plaza,1674 W 1100 S,Exit 362 off I-15,Perry,UT,84302,,800-323-5517,E,,Public - Credit card at all times,24 hours daily,Comdata GasCard M V Wright_Exp,,Q,3600,,,,,,,200-8,41.485609,-112.057813,2023-04-06,33204,2024-01-31 22:07:01 UTC,P,,,2008-08-15,,HD,,,,US,,,,Public - Carte de crédit en tout temps,,public,CREDIT_CARD_ALWAYS,,TRAVEL_CENTER,1,NONE,,,,,,,,,,Q,3600,HD,,,false,,,,,,true,,HD,
CNG,Questar Gas - RB's Fuel Stop - Phillips 66,527 S 700 W,Exit 316 off I-15,Woods Cross,UT,84087,,801-295-3241,E,,Public - Credit card at all times,24 hours daily,GasCard M V Wright_Exp,,Q,3000,,,,,,,200-9,40.883673,-111.898809,2023-04-06,33205,2024-01-31 22:07:01 UTC,P,,,2006-04-25,,HD,,,,US,,,,Public - Carte de crédit en tout temps,,public,CREDIT_CARD_ALWAYS,,CONVENIENCE_STORE,2,NONE,,,,,,,,,,Q,3000,HD,,,false,,,,,,true,,HD,
CNG,Republic Services - Rainbow Disposal,17121 Nichols Ln,Warner Ave and Beach Blvd.,Huntington Beach,CA,92647,,,E,,Public - Card key after hours,"6am-6pm M-F, 6am-4pm Sat; contact station at 714-847-3581 to arrange for card key; heavy-duty vehicles should enter from the south entrance",M V,,Q,3600,,,,,,,200-9,33.71397,-117.996294,2023-05-03,33387,2024-01-31 22:07:01 UTC,P,,,2008-10-15,,HD,,,,US,,,,Public - Carte-clé après les heures d'ouverture,,public,KEY_AFTER_HOURS,,STANDALONE_STATION,4,NONE,610,250000,,,,,,,,Q,3600,HD,,,false,,,,,,true,,HD,
CNG,City of San Fernando,120 N Macneil St,,San Fernando,CA,91340,,818-898-1293,E,,Public - Credit card at all times,24 hours daily,A D M V Voyager Wright_Exp,,Q,3600,,,,,,,200-8,34.283588,-118.43876,2023-05-03,33425,2024-01-31 22:07:01 UTC,LG,,,2007-05-15,,HD,,,,US,,,,Public - Carte de crédit en tout temps,,public,CREDIT_CARD_ALWAYS,,MUNI_GOV,4,,370,22242,,,,,,,,Q,3600,HD,,,false,,,,,,false,,HD,
CNG,Clean Energy - City of Glendale,1713 Gardena Ave,Adjacent to the Glendale Amtrak/Metrolink Transportation Center.,Glendale,CA,91204,,866-809-4869,E,,Public - Credit card at all times,24 hours daily; call 866-809-4869 for Clean Energy card,A CleanEnergy Comdata D FuelMan M Tchek V Voyager Wright_Exp,,Q,3000 3600,,,,,,,200-9,34.123436,-118.258072,2023-05-03,33533,2024-01-31 22:07:01 UTC,P,,,2009-10-15,,HD,,,,US,,,,Public - Carte de crédit en tout temps,,public,CREDIT_CARD_ALWAYS,,MUNI_GOV,1,NONE,900,,,,,,,,,Q,3000 3600,HD,,,false,,,,,,true,,HD,
CNG,Clean Energy - College Park,4555 Edison Dr,Near Hartsfield-Jackson International Airport,College Park,GA,30337,,866-809-4869,E,,Public - Credit card at all times,24 hours daily; call 866-809-4869 for Clean Energy card,A CleanEnergy Comdata D FleetOne FuelMan M Proprietor V Voyager Wright_Exp,,Q,3600,,,,,,,200-9,33.632374,-84.465773,2023-07-11,33716,2024-01-31 22:07:01 UTC,LG,,,2008-11-12,,HD,,,,US,,,,Public - Carte de crédit en tout temps,,public,CREDIT_CARD_ALWAYS,,STANDALONE_STATION,2,NONE,,,,,,,,,,Q,3600,HD,,,false,,,,,,true,,HD,
CNG,Clean Energy - Oklahoma State University,2221 W Lakeview Dr,At Western Ave,Stillwater,OK,74075,,866-809-4869,E,,Public - Credit card at all times,24 hours daily; call 866-809-4869 for Clean Energy card,A CleanEnergy D FleetOne FuelMan M V Voyager Wright_Exp,,Q,3000 3600,,,,,,,200-8,36.144924,-97.086989,2023-09-14,33899,2024-01-31 22:07:01 UTC,P,,,2010-12-22,,HD,,,,US,,,,Public - Carte de crédit en tout temps,,public,CREDIT_CARD_ALWAYS,,COLLEGE_CAMPUS,2,NONE,,,,,,,,,,Q,3000 3600,HD,,,false,,,,,,true,,HD,
CNG,Clean N' Green,149 SW Kenyon St,At 2nd Ave SW and Kenyon St.,Seattle,WA,98108,,800-331-3441,E,,Public - Credit card at all times,24 hours daily; tight turning radius for 53 foot long trailers,D FuelMan M Proprietor V Voyager Wright_Exp,,Q,3000 3600,,,,,,,200-9,47.531286,-122.336979,2023-07-11,34206,2024-04-02 14:10:10 UTC,P,,,2011-01-01,,HD,,,,US,,,,Public - Carte de crédit en tout temps,,public,CREDIT_CARD_ALWAYS,,STANDALONE_STATION,2,,,,,,,,,,,Q,3000 3600,HD,,,false,,,,,,,,HD,
CNG,Piedmont Natural Gas - Charlotte,112 Verbena St,Near I-77 between exits 6B and 7,Charlotte,NC,28217,,877-840-0043,E,,Public - Credit card at all times,24 hours daily,A Comdata D EFS FleetOne FuelMan M TCH Tchek V Voyager Wright_Exp,,Q,3600,,,,,,,200-9,35.184065,-80.880391,2023-07-11,34315,2024-01-31 22:07:01 UTC,T,,,2009-05-15,,HD,,,,US,,,,Public - Carte de crédit en tout temps,,public,CREDIT_CARD_ALWAYS,,UTILITY,4,NONE,700,10000,,,,,,,,Q,3600,HD,,,false,,,,,,true,,HD,
CNG,Valley Vista Services,1037 S Hatcher St,,City of Industry,CA,91748,,800-442-6454  626-961-6291,E,,Public - Credit card at all times,24 hours daily,D M V Voyager Wright_Exp,,Q,3600,,,,,,,200-9,34.003413,-117.924743,2023-10-12,34320,2024-01-31 22:07:01 UTC,P,,,2005-05-15,,HD,,,,US,,,,Public - Carte de crédit en tout temps,,public,CREDIT_CARD_ALWAYS,,STANDALONE_STATION,4,,,,,,,,,,,Q,3600,HD,,,false,,,,,,,,HD,
CNG,Clean Energy - Republic Services,11101 W Executive Dr,West of major intersection at Five Mile Rd and Executive Dr,Boise,ID,83713,,866-809-4869,E,,Public - Credit card at all times,24 hours daily; call 866-809-4869 for Clean Energy card,A CleanEnergy D FleetOne FuelMan M V Voyager Wright_Exp,,Q,3000 3600,,,,,,,200-9,43.608903,-116.319821,2023-06-12,34475,2024-01-31 22:07:01 UTC,P,,,2010-10-15,,HD,,,,US,,,,Public - Carte de crédit en tout temps,,public,CREDIT_CARD_ALWAYS,,STANDALONE_STATION,2,NONE,726,,,,,,,,,Q,3000 3600,HD,,,false,,,,,,true,,HD,
CNG,City of Burlington,645 Pine St,Located behind the Department of Public Works building.,Burlington,VT,05401,,806-864-0166,E,,Public - Call ahead,8am-12pm M-F,Cash CREDIT D M V,,Q,3600,,,,,,,200-9,44.461715,-73.215217,2023-10-12,35055,2024-01-31 22:07:01 UTC,LG,,,2007-09-15,,HD,,,,US,,,,Public - Appeler à l'avance,,public,CALL,,MUNI_GOV,2,,475,,,,,,,,,Q,3600,HD,,,false,,,,,,,,HD,
CNG,Dominion Energy - Evanston,38 Allegiance Cir,Exit 3 off I-80,Evanston,WY,82930,,800-323-5517,E,,Public - Credit card at all times,24 hours daily,GasCard M V Wright_Exp,,Q,3000,,,,,,,200-8,41.26181,-110.9922,2024-03-14,35056,2024-03-14 18:02:10 UTC,T,,,2009-08-15,,HD,,,,US,,,,Public - Carte de crédit en tout temps,,public,CREDIT_CARD_ALWAYS,,UTILITY,1,NONE,,,,,,,,,,Q,3000,HD,,,false,,,,,,true,,HD,
CNG,Clean Energy - Port of Long Beach,3400 I St,At intersection of W Anaheim St & E I St; LCNG station.,Wilmington,CA,90744,,866-809-4869,E,,Public - Credit card at all times,24 hours daily; call 866-809-4869 for Clean Energy card,A CleanEnergy Comdata D FuelMan M V Voyager Wright_Exp,,Q,3600,,,,,,,GPS,33.78311,-118.222,2023-05-03,35073,2024-01-31 22:07:01 UTC,P,,,2009-12-15,,HD,,,,US,,,,Public - Carte de crédit en tout temps,,public,CREDIT_CARD_ALWAYS,,STANDALONE_STATION,1,NONE,,,,,,,,,,Q,3600,HD,,,false,,,,,,true,,HD,
CNG,City of Porterville,555 N Prospect St,,Porterville,CA,93257,,559-782-7597,T,2023-07-01,TEMPORARILY UNAVAILABLE (Public - Credit card at all times),24 hours daily,M V,,Q,3600,,,,,,,200-8,36.075856,-119.043996,2023-05-03,35075,2024-01-31 22:07:01 UTC,LG,,,2009-09-09,,HD,,,,US,,,,TEMPORAIREMENT SUSPENDU (Public - Carte de crédit en tout temps),,public,CREDIT_CARD_ALWAYS,,MUNI_GOV,2,,,,,,,,,,,Q,3600,HD,,,false,,,,,,false,,HD,
CNG,Clean Energy - Ontario International Airport,3350 John Bangs Dr,,Ontario,CA,91761,,866-809-4869,E,,Public - Credit card at all times,24 hours daily; call 866-809-4869 for Clean Energy card,A CleanEnergy Comdata D FuelMan M Tchek V Voyager Wright_Exp,,Q,3000 3600,,,,,,,GPS,34.06075086494806,-117.5789392730164,2023-05-03,35131,2024-01-31 22:07:01 UTC,P,,,2012-04-01,,HD,,,,US,,,,Public - Carte de crédit en tout temps,,public,CREDIT_CARD_ALWAYS,,AIRPORT,1,NONE,,,,,,,,,,Q,3000 3600,HD,,,false,,,,,,true,,HD,
CNG,Clean Energy - Atlantic County Utilities Authority,6700 Delilah Rd,Delilah Rd and Doughty Rd,Egg Harbor Township,NJ,08234,,866-809-4869,E,,Public - Credit card at all times,24 hours daily; call 866-809-4869 for Clean Energy card; Also accepts ACUA,CleanEnergy D FuelMan M V Voyager Wright_Exp,,Q,3000 3600,,,,,,,200-9,39.417088,-74.538731,2023-12-13,35309,2024-01-31 22:07:01 UTC,T,,,2010-10-15,,HD,,,,US,,,,Public - Carte de crédit en tout temps,,public,CREDIT_CARD_ALWAYS,,UTILITY,2,,1000,,,,,,,,,Q,3000 3600,HD,,,false,,,,,,,,HD,
CNG,Beyond6,365 Mineral Springs Rd,Near Harlem Rd,Buffalo,NY,14210,,877-872-3966,E,,Public - Credit card at all times,24 hours daily,A D FuelMan M V Wright_Exp,,Q,3600,,,,,,,200-8,42.861455,-78.800352,2023-04-06,35317,2024-01-31 22:07:01 UTC,J,,,2000-11-15,,HD,,,,US,,,,Public - Carte de crédit en tout temps,,public,CREDIT_CARD_ALWAYS,,UTILITY,2,NONE,1200,56000,,,,,,,,Q,3600,HD,,,false,,,,,,true,,HD,
CNG,Questar Gas - Chevron,40 N 6300 W,Exit 16 / I-15,Hurricane,UT,84737,,435-628-4858,E,,Public - Credit card at all times,24 hours daily,Comdata GasCard M V Wright_Exp,,Q,3600,,,,,,,200-9,37.161682,-113.434692,2023-04-06,35385,2024-01-31 22:07:01 UTC,P,,,2009-10-15,,HD,,,,US,,,,Public - Carte de crédit en tout temps,,public,CREDIT_CARD_ALWAYS,,CONVENIENCE_STORE,2,NONE,30,,,,,,,,,Q,3600,HD,,,false,,,,,,true,,HD,
CNG,Chickasaw Travel Stop,201 Latta Rd,,Ada,OK,74820,,580-310-0900,T,2023-03-09,TEMPORARILY UNAVAILABLE (Public),24 hours daily,Cash Checks M V Voyager Wright_Exp,,Q,3000 3600,,,,,,,200-8,34.773291,-96.697633,2023-10-12,35419,2024-01-31 22:07:01 UTC,LG,,,2010-04-15,,HD,,,,US,,,,TEMPORAIREMENT SUSPENDU (Public),,public,,,TRAVEL_CENTER,4,,,,,,,,,,,Q,3000 3600,HD,,,false,,,,,,,,HD,
CNG,Clearwater Gas System,1020 N Hercules Ave,"In front of the Clearwater Airpark, just north of Drew St.",Clearwater,FL,33765,,727-562-4900,E,,Public - Card key at all times,24 hours daily; pre-approved customers only; contact Clearwater Gas System for required fuel card,Proprietor,,Q,3600,,,,,,,200-8,27.975649,-82.75459,2024-01-09,35593,2024-01-31 22:07:01 UTC,LG,,,2011-12-07,,HD,,,,US,,,,Public - Carte-clé en tout temps,,public,KEY_ALWAYS,,STANDALONE_STATION,4,,1300,,,,,,,,,Q,3600,HD,,,false,,,,,,false,,HD,
CNG,Clean Energy - Orange County Public Works,2023 W Collins Ave,At intersection of Collins Ave and Eckhoff St,Orange,CA,92867,,866-278-3674,E,,Public - Credit card at all times,24 hours daily,A CleanEnergy Comdata D M V Voyager Wright_Exp,,Q,3600,,,,,,,200-9,33.803166,-117.874464,2023-12-13,35598,2024-01-31 22:07:01 UTC,LG,,,2010-02-15,,HD,,,,US,,,,Public - Carte de crédit en tout temps,,public,CREDIT_CARD_ALWAYS,,MUNI_GOV,2,NONE,308,205,,,,,,,,Q,3600,HD,,,false,,,,,,true,,HD,
CNG,Semi-Service,4285 W 1385 S,,Salt Lake City,UT,84104,,800-442-6687  801-521-0360,E,,Public - Credit card at all times,24 hours daily,A D GasCard M V Wright_Exp,,Q,3000 3600,,,,,,,200-9,40.739411,-111.992133,2023-04-06,35699,2024-01-31 22:07:01 UTC,P,,,2010-05-15,,HD,,,,US,,,,Public - Carte de crédit en tout temps,,public,CREDIT_CARD_ALWAYS,,STANDALONE_STATION,2,,,,,,,,,,,Q,3000 3600,HD,,,false,,,,,,,,HD,
CNG,Christensen Oil - Sinclair,334 E Riverside Dr,"I-15, exit 6 (Bluff St Exit). After exiting freeway, turn east on E Riverside Rd. Go 0.3 miles. Station is on the right (south) side of road. CNG pump is to the east of the gas/diesel pumps, toward the motel",St. George,UT,84790,,,E,,Public - Credit card at all times,24 hours daily,A D GasCard M V Wright_Exp,,Q,3000 3600,,,,,,,200-9,37.081594,-113.576795,2023-04-06,35787,2024-01-31 22:07:01 UTC,T,,,2010-07-15,,HD,,,,US,,,,Public - Carte de crédit en tout temps,,public,CREDIT_CARD_ALWAYS,,CONVENIENCE_STORE,2,NONE,,,,,,,,,,Q,3000 3600,HD,,,false,,,,,,true,,HD,
CNG,Pilot - Naples,1521 S 1500 E,,Naples,UT,84078,,435-789-1832,E,,Public - Credit card at all times,24 hours daily,GasCard M V Wright_Exp,,Q,3000 3600,,,,,,,200-9,40.43341,-109.498603,2023-04-06,35907,2024-01-31 22:07:01 UTC,P,,,2010-07-15,,HD,,,,US,,,,Public - Carte de crédit en tout temps,,public,CREDIT_CARD_ALWAYS,,CONVENIENCE_STORE,4,NONE,,,,,,,,,,Q,3000 3600,HD,,,false,,,,,,true,,HD,
CNG,Questar Gas - Flying J Travel Plaza,1172 W 2100 S,"I-15, exit 343",Ogden,UT,84401,,801-399-5577,E,,Public - Credit card at all times,24 hours daily,Comdata M V Wright_Exp,,Q,3000 3600,,,,,,,200-8,41.229309,-112.00741,2023-04-06,35936,2024-01-31 22:07:01 UTC,T,,,2010-06-01,,HD,,,,US,,,,Public - Carte de crédit en tout temps,,public,CREDIT_CARD_ALWAYS,,TRUCK_STOP,1,NONE,,,,,,,,,,Q,3000 3600,HD,,,false,,,,,,true,,HD,
CNG,X3Energy,7984 US Highway 85,Weld County Rd 18,Fort Lupton,CO,80621,,844-304-9800,E,,Public - Credit card at all times,24 hours daily,A D FuelMan M Proprietor V Wright_Exp,,Q,3600,,,,,,,200-9,40.115736,-104.81034,2024-01-09,36294,2024-01-31 22:07:01 UTC,P,,,2012-12-06,,HD,,,,US,,,,Public - Carte de crédit en tout temps,,public,CREDIT_CARD_ALWAYS,,TRUCK_STOP,1,NONE,2,,,,,,,,,Q,3600,HD,,,false,,,,,,true,,HD,
CNG,X3Energy,103 Hill St,Station is located at US-34,Kersey,CO,80644,,844-304-9800,E,,Public - Credit card at all times,24 hours daily,A D FuelMan M Proprietor V Wright_Exp,,Q,3600,,,,,,,200-8,40.392048,-104.564368,2024-01-09,36295,2024-01-31 22:07:01 UTC,P,,,2012-12-20,,HD,,,,US,,,,Public - Carte de crédit en tout temps,,public,CREDIT_CARD_ALWAYS,,TRUCK_STOP,1,NONE,2,,,,,,,,,Q,3600,HD,,,false,,,,,,true,,HD,
CNG,DeKalb County - Seminole Road Landfill,4295 Clevemont Rd,,Ellenwood,GA,30294,,404-297-4434,E,,Public - Credit card at all times,6am-10pm M-F,D M V Voyager Wright_Exp,,Q,3600,,,,,,,200-8,33.652844,-84.253832,2023-08-10,36304,2024-01-31 22:07:01 UTC,LG,,,2012-09-01,,HD,,,,US,,,,Public - Carte de crédit en tout temps,,public,CREDIT_CARD_ALWAYS,,MUNI_GOV,2,LANDFILL,,,,,,,,,,Q,3600,HD,,,false,,,,,,true,,HD,
CNG,Clean Energy - Atlantic City Jitney Association,6821 Delilah Rd,Delilah Rd and Fire Rd.,Egg Harbor Township,NJ,08406,,562-493-2804  609-344-8642,E,,Public - Credit card at all times,24 hours daily,A CleanEnergy D FuelMan M V Voyager Wright_Exp,,Q,3000 3600,,,,,,,200-9,39.410942,-74.53063,2023-09-14,36309,2024-01-31 22:07:01 UTC,P,,,2015-10-01,,HD,,,,US,,,,Public - Carte de crédit en tout temps,,public,CREDIT_CARD_ALWAYS,,STANDALONE_STATION,4,NONE,1000,,,,,,,,,Q,3000 3600,HD,,,false,,,,,,true,,HD,
CNG,Giant Eagle - Ok Grocery,755 Beechnut Dr,,Pittsburgh,PA,15205,,888-378-8646,E,,Public - Credit card at all times,24 hours daily,M V Wright_Exp,,Q,3600,,,,,,,200-9,40.453507,-80.085371,2023-09-14,36311,2024-01-31 22:07:01 UTC,P,,,2011-07-14,,HD,,,,US,,,,Public - Carte de crédit en tout temps,,public,CREDIT_CARD_ALWAYS,,GROCERY,1,,1200,,,,,,,,,Q,3600,HD,,,false,,,,,,,,HD,
CNG,Questar Gas - Flying J Travel Plaza - Scipio,810 N 800 W,Exit 88 off I-15,Scipio,UT,84656,,435-758-2345,E,,Public - Credit card at all times,24 hours daily,Comdata GasCard M V Wright_Exp,,Q,3600,,,,,,,GPS,39.255065,-112.116282,2023-04-06,36312,2024-01-31 22:07:01 UTC,P,,,2010-09-15,,HD,,,,US,,,,Public - Carte de crédit en tout temps,,public,CREDIT_CARD_ALWAYS,,TRUCK_STOP,2,NONE,,,,,,,,,,Q,3600,HD,,,false,,,,,,true,,HD,
CNG,City of Bossier City,2580 E Texas St,,Bossier City,LA,71111,,318-741-8441,E,,Public - Credit card at all times,24 hours daily,A D FuelMan GasCard M V Voyager Wright_Exp,,Q,3600,,,,,,,200-9,32.527872,-93.714249,2024-05-09,36549,2024-05-09 20:33:30 UTC,LG,,,2010-10-15,,HD,,,,US,,,,Public - Carte de crédit en tout temps,,public,CREDIT_CARD_ALWAYS,,MUNI_GOV,2,,,,,,,,,,,Q,3600,HD,,,false,,,,,,,,HD,
CNG,Clean Energy - Republic Services,3015 E Comstock Ave,"North of major intersection at Garrity Rd & Kings Rd, between Garrity Rd and Comstock Ave. Entrance to public station is around the corner on King Rd.",Nampa,ID,83687,,866-809-4869,E,,Public - Credit card at all times,24 hours daily; call 866-809-4869 for Clean Energy card; station can accommodate trailers up to 48 ft.,A CleanEnergy D Debit FuelMan M V Voyager Wright_Exp,,Q,3000 3600,,,,,,,200-9,43.593304,-116.534414,2023-06-12,36580,2024-01-31 22:07:01 UTC,P,,,2011-08-08,,HD,,,,US,,,,Public - Carte de crédit en tout temps,,public,CREDIT_CARD_ALWAYS,,STANDALONE_STATION,1,NONE,726,,,,,,,,,Q,3000 3600,HD,,,false,,,,,,true,,HD,
CNG,CNG Calumet,130 State St,,Calumet City,IL,60409,,773-960-5642,E,,Public - Credit card at all times,24 hours daily,D FuelMan M V Voyager Wright_Exp,,Q,3600,,,,,,,200-9,41.622812,-87.527426,2023-09-14,36581,2024-01-31 22:07:01 UTC,P,,,2013-08-01,,HD,,,,US,,,,Public - Carte de crédit en tout temps,,public,CREDIT_CARD_ALWAYS,,STANDALONE_STATION,1,,62,74142,,,,,,,,Q,3600,HD,,,false,,,,,,false,,HD,
CNG,City of Columbus - Fleet Management,4211 Groves Rd,I-70 and Rt 317 (Hamilton Rd S),Columbus,OH,43232,,614-645-8281  614-900-7470,E,,Public - Credit card at all times,24 hours daily; call 614-645-8333 for after hour access; security fobs are available for sale to allow access after hours; email cng@columbus.gov for more information,M V,,Q,3600,,,,,,,200-9,39.930318,-82.885496,2023-07-11,36584,2024-01-31 22:07:01 UTC,LG,,,2012-04-17,,HD,,,,US,,,,Public - Carte de crédit en tout temps,,public,CREDIT_CARD_ALWAYS,,MUNI_GOV,1,,452,,,,,,,,,Q,3600,HD,,,false,,,,,,false,,HD,
CNG,Arkansas Oklahoma Gas Corp,4419 Main St,,Arkoma,OK,74901,,479-783-3181,E,,Public - Credit card at all times,24 hours daily,CREDIT M V Voyager,,Q,3600,,,,,,,GPS,35.3546799,-94.4373794,2024-04-14,36586,2024-04-14 22:11:34 UTC,T,,,2011-01-15,,HD,,,,US,,,,Public - Carte de crédit en tout temps,,public,CREDIT_CARD_ALWAYS,,UTILITY,1,,250,69426,,,,,,,,Q,3600,HD,,,false,,,,,,false,,HD,
CNG,OnCue Express #100 - C-Store,5900 W Reno Ave,Reno at MacArthur Ave.,Oklahoma City,OK,73127,,405-787-2255,E,,Public,"24 hours daily; station can accommodate heavy-duty vehicles, however some maneuvering might be necessary",Cash FuelMan M V Voyager Wright_Exp,,Q,3600,,,,,,,200-9,35.463717,-97.619498,2024-01-09,36591,2024-01-31 22:07:01 UTC,P,,,2011-01-15,,HD,,,,US,,,,Public,,public,,,CONVENIENCE_STORE,2,NONE,500,130000,,,,,,,,Q,3600,HD,,,false,,,,,,true,,HD,
CNG,OnCue Express #101 - C-Store,1 NW 23rd St,NW 23rd St at Santa Fe.,Oklahoma City,OK,73103,,405-557-1170,E,,Public,24 hours daily,A ARI Cash Checks D Debit FuelMan M Proprietor V Voyager Wright_Exp,,Q,3600,,,,,,,200-9,35.494079,-97.511596,2024-01-09,36592,2024-01-31 22:07:01 UTC,P,,,2011-01-15,,HD,,,,US,,,,Public,,public,,,CONVENIENCE_STORE,2,NONE,257,,,,,,,,,Q,3600,HD,,,false,,,,,,true,,HD,
CNG,Blue Energy Fuels - City of Owasso,101 S Main St,Corner of S Main and E 1st Ave,Owasso,OK,74055,,918-641-2583,E,,Public - Credit card at all times,24 hours daily,D FuelMan M V Voyager Wright_Exp,,Q,3600,,,,,,,200-9,36.264897,-95.854698,2024-02-12,36773,2024-02-12 21:24:44 UTC,P,,,2012-06-15,,HD,,,,US,,,,Public - Carte de crédit en tout temps,,public,CREDIT_CARD_ALWAYS,,MUNI_GOV,2,,,,,,,,,,,Q,3600,HD,,,false,,,,,,,,HD,
CNG,City of Grand Junction,2553 Riverside Pkwy,Riverside Pkwy and Broadway,Grand Junction,CO,81501,,970-245-3440,E,,Public - Credit card at all times,24 hours daily,GasCard M V,,Q,3600,,,,,,,200-8,39.073697,-108.582361,2023-11-09,36775,2024-01-31 22:07:01 UTC,LG,,,2011-03-15,,HD,,,,US,,,,Public - Carte de crédit en tout temps,,public,CREDIT_CARD_ALWAYS,,MUNI_GOV,1,WASTEWATER,136,34105,,,,,,,,Q,3600,HD,,,false,,,,,,true,,HD,
CNG,City of Bossier City,4520 Barksdale Blvd,,Bossier City,LA,71112,,318-741-8441,E,,Public - Credit card at all times,24 hours daily,A D FuelMan GasCard M V Voyager Wright_Exp,,Q,3600,,,,,,,200-9,32.469998,-93.672804,2024-05-09,36776,2024-05-09 20:33:30 UTC,LG,,,2011-09-01,,HD,,,,US,,,,Public - Carte de crédit en tout temps,,public,CREDIT_CARD_ALWAYS,,MUNI_GOV,2,,,,,,,,,,,Q,3600,HD,,,false,,,,,,,,HD,
CNG,City of Springfield,1111 W Chestnut Expy,Chestnut Expy and Kansas Expy,Springfield,MO,65802,,417-864-1955,E,,Public - Credit card at all times,7am-6pm M-F,D M V,,Q,3600,,,,,,,200-9,37.215692,-93.306068,2023-09-14,36777,2024-01-31 22:07:01 UTC,LG,,,2012-10-16,,HD,,,,US,,,,Public - Carte de crédit en tout temps,,public,CREDIT_CARD_ALWAYS,,MUNI_GOV,1,,110,,,,,,,,,Q,3600,HD,,,false,,,,,,false,,HD,
CNG,City of Socorro,3000 Old US Highway 85,Located at the landfill,Socorro,NM,87801,,575-835-0240,E,,Public - Credit card at all times,24 hours daily,A D M V,,Q,3000,,,,,,,200-8,33.984094,-106.887526,2023-09-14,36778,2024-01-31 22:07:01 UTC,LG,,,2009-11-15,,HD,,,,US,,,,Public - Carte de crédit en tout temps,,public,CREDIT_CARD_ALWAYS,,MUNI_GOV,1,NONE,,,,,,,,,,Q,3000,HD,,,false,,,,,,true,,HD,
CNG,Metropolitan Utilities District,2615 S 64th Ave,,Omaha,NE,68106,,402-554-6666,E,,Public - Credit card at all times,24 hours daily,M V Voyager Wright_Exp,,Q,3600,,,,,,,200-9,41.235148,-96.011954,2024-04-14,38060,2024-04-14 22:11:34 UTC,T,,,2011-08-01,,HD,,,,US,,,,Public - Carte de crédit en tout temps,,public,CREDIT_CARD_ALWAYS,,UTILITY,1,,634,,,,,,,,,Q,3600,HD,,,false,,,,,,false,,HD,
CNG,Lincoln Airport Authority,3520 NW 36th St,W Mathis St & NW 36th St,Lincoln,NE,68524,,402-458-2480,E,,Public - Credit card at all times,24 hours daily,CREDIT D M V Wright_Exp,,Q,3600,,,,,,,200-8,40.849302,-96.771971,2023-03-08,38484,2024-04-01 16:02:50 UTC,P,,,2011-08-31,,HD,,,,US,,,,Public - Carte de crédit en tout temps,,public,CREDIT_CARD_ALWAYS,,AIRPORT,1,,,,,,,,,,,Q,3600,HD,,,false,,,,,,false,,HD,
CNG,Clean Energy - Dillon Transport,4600 Irving Blvd,LCNG station,Dallas,TX,75247,,866-809-4869,E,,Public - Credit card at all times,24 hours daily; call 866-809-4869 for Clean Energy card; Also accepts PFGiftCard,A CleanEnergy Comdata D EFS FleetOne FuelMan M TCH Tchek V Voyager Wright_Exp,,Q,3000 3600,,,,,,,200-9,32.80764,-96.896592,2023-09-14,38487,2024-01-31 22:07:01 UTC,P,,,2012-10-08,,HD,,,,US,,,,Public - Carte de crédit en tout temps,,public,CREDIT_CARD_ALWAYS,,STANDALONE_STATION,1,NONE,,,,,,,,,,Q,3000 3600,HD,,,false,,,,,,true,,HD,
CNG,Beyond6,16038 Highway 65 S,Arkansas Route 124,Damascus,AR,72039,,877-872-3966,E,,Public - Credit card at all times,24 hours daily,A Comdata D FuelMan M V Wright_Exp,,Q,3600,,,,,,,200-9,35.382404,-92.390824,2023-04-06,38654,2024-01-31 22:07:01 UTC,P,,,2011-05-13,,HD,,,,US,,,,Public - Carte de crédit en tout temps,,public,CREDIT_CARD_ALWAYS,,STANDALONE_STATION,3,NONE,500,,,,,,,,,Q,3600,HD,,,false,,,,,,true,,HD,
CNG,Clean N' Green,1001 Fairview St,,Camden,NJ,08104,,800-331-3441,E,,Public - Credit card at all times,24 hours daily,D FuelMan M Proprietor V Voyager Wright_Exp,,Q,3600,,,,,,,200-8,39.914001,-75.108896,2023-12-13,39060,2024-01-31 22:07:01 UTC,P,,,2011-06-08,,HD,,,,US,,,,Public - Carte de crédit en tout temps,,public,CREDIT_CARD_ALWAYS,,STANDALONE_STATION,2,,,,,,,,,,,Q,3600,HD,,,false,,,,,,,,HD,
CNG,City of Rock Hill - Operations Headquarters,757 S Anderson Rd,"Cowan Rd and S Anderson Rd, on operations center site",Rock Hill,SC,29730,,803-325-2500,E,,Public - Credit card at all times,24 hours daily; customers may call 803-325-2500,M V,,Q,3600,,,,,,,200-9,34.923072,-80.991091,2023-10-12,39193,2024-01-31 22:07:01 UTC,LG,,,2011-08-31,,HD,,,,US,,,,Public - Carte de crédit en tout temps,,public,CREDIT_CARD_ALWAYS,,MUNI_GOV,1,,,,,,,,,,,Q,3600,HD,,,false,,,,,,false,,HD,
CNG,Clean Energy - Riverside County Waste Management,1810 Agua Mansa Rd,LCNG station,Riverside,CA,92509,,866-809-4869,E,,Public - Credit card at all times,24 hours daily; call 866-809-4869 for Clean Energy card,A CleanEnergy Comdata D EFS FuelMan M Tchek V Voyager Wright_Exp,,Q,3000 3600,,,,,,,200-8,34.02094,-117.385415,2023-06-12,39196,2024-01-31 22:07:01 UTC,LG,,,2011-01-15,,HD,,,,US,,,,Public - Carte de crédit en tout temps,,public,CREDIT_CARD_ALWAYS,,STANDALONE_STATION,1,NONE,,,,,,,,,,Q,3000 3600,HD,,,false,,,,,,true,,HD,
CNG,York County Natural Gas Authority,975 W Main St,Corner of Highway 5 (Main St) and S Cherry Rd,Rock Hill,SC,29730,,803-323-5321,E,,Public - Credit card at all times,24 hours daily,A D FuelMan M V Voyager Wright_Exp,,B,3600,,,,,,,200-8,34.935622,-81.042552,2023-08-10,39655,2024-01-31 22:07:01 UTC,T,,,2011-10-21,,HD,,,,US,,,,Public - Carte de crédit en tout temps,,public,CREDIT_CARD_ALWAYS,,UTILITY,2,,68,49311,,,,,,,,B,3600,HD,,,false,,,,,,false,,HD,
CNG,Davidson County,925 N Main St,,Lexington,NC,27292,,336-242-2250,E,,Public,7am-4pm M-F,A Cash D M V,,Q,3600,,,,,,,200-8,35.831853,-80.243198,2023-11-09,40081,2024-01-31 22:07:01 UTC,LG,,,2010-07-30,,HD,,,,US,,,,Public,,public,,,MUNI_GOV,1,,,,,,,,,,,Q,3600,HD,,,false,,,,,,false,,HD,
CNG,Dominion Energy - Weber State University,4760 Old Post Rd,Harrison Blvd.,Ogden,UT,84403,,800-323-5517,E,,Public - Credit card at all times,24 hours daily,GasCard M V Wright_Exp,,Q,3000 3600,,,,,,,200-8,41.176663,-111.947811,2023-04-06,40319,2024-01-31 22:07:01 UTC,P,,,2012-04-30,,HD,,,,US,,,,Public - Carte de crédit en tout temps,,public,CREDIT_CARD_ALWAYS,,COLLEGE_CAMPUS,2,NONE,400,,,,,,,,,Q,3000 3600,HD,,,false,,,,,,true,,HD,
CNG,Clean Energy - City of Torrance,20450 Madrona Ave,,Torrance,CA,90503,,866-809-4869,E,,Public - Credit card at all times,24 hours daily; call 866-809-4869 for Clean Energy card,A CleanEnergy Comdata D FuelMan M V Voyager Wright_Exp,,Q,3600,,,,,,,200-8,33.845681,-118.344675,2023-05-03,40851,2024-01-31 22:07:01 UTC,LG,,,2011-09-01,,HD,,,,US,,,,Public - Carte de crédit en tout temps,,public,CREDIT_CARD_ALWAYS,,MUNI_GOV,1,NONE,,,,,,,,,,Q,3600,HD,,,false,,,,,,true,,HD,
CNG,Clean N' Green,1719 S Santa Fe St,,Santa Ana,CA,92705,,800-331-3441,E,,Public - Credit card at all times,24 hours daily,D FuelMan M Proprietor V Voyager Wright_Exp,,B,3600,,,,,,,GPS,33.72361498214669,-117.8531938809509,2023-07-11,40876,2024-04-02 14:10:10 UTC,P,,,2011-08-24,,HD,,,,US,,,,Public - Carte de crédit en tout temps,,public,CREDIT_CARD_ALWAYS,,STANDALONE_STATION,2,,,,,,,,,,,B,3600,HD,,,false,,,,,,,,HD,
CNG,Northeast Oklahoma Public Facilities Authority - Tahlequah,853 N Woodard Ave,At Woodard and Airport Pkwy. Northeast Oklahoma Public Facilities Authority,Tahlequah,OK,74464,,918-456-5621,E,,Public - Credit card at all times,24 hours daily,D FuelMan M V Voyager Wright_Exp,,Q,3600,,,,,,,GPS,35.92491664480067,-95.00068553967287,2023-10-12,40878,2024-01-31 22:07:01 UTC,SG,,,2011-08-18,,HD,,,,US,,,,Public - Carte de crédit en tout temps,,public,CREDIT_CARD_ALWAYS,,STATE_GOV,4,,300,40000,,,,,,,,Q,3600,HD,,,false,,,,,,false,,HD,
CNG,Clean Energy - City of Elk Grove eTran,9050 Elkmont Way,,Elk Grove,CA,95624,,866-809-4869,E,,Public - Credit card at all times,24 hours daily; call 866-809-4869 for Clean Energy card,A CleanEnergy Comdata D FleetOne FuelMan M V Voyager Wright_Exp,,Q,3600,,,,,,,200-9,38.381451,-121.364358,2023-06-12,41171,2024-01-31 22:07:01 UTC,LG,,,2011-02-15,,HD,,,,US,,,,Public - Carte de crédit en tout temps,,public,CREDIT_CARD_ALWAYS,,FLEET_GARAGE,2,NONE,,,,,,,,,,Q,3600,HD,,,false,,,,,,true,,HD,
CNG,Alternative Vehicle Service Group - City of Nashua,11 Riverside Dr,Route 3 north to Exit 5W,Nashua,NH,03062,,617-242-8755,E,,Public - Credit card at all times,24 hours daily,M PHH V Voyager Wright_Exp,,Q,3600,,,,,,,200-8,42.748652,-71.49884,2023-07-11,41356,2024-01-31 22:07:01 UTC,LG,,,2011-10-21,,HD,,,,US,,,,Public - Carte de crédit en tout temps,,public,CREDIT_CARD_ALWAYS,,OFFICE_BLDG,2,,300,37000,,,,,,,,Q,3600,HD,,,false,,,,,,false,,HD,
CNG,Chevron - Shop A Lott #3,796 Washington Ave,US Highway 84 and US Highway 171,Mansfield,LA,71052,,318-872-0325,E,,Public,24 hours daily,A Cash Comdata D EFS FleetOne FuelMan GasCard M TCH Tchek V Voyager Wright_Exp,,Q,3600,,,,,,,200-9,32.029056,-93.713243,2024-05-09,41449,2024-05-09 20:33:30 UTC,P,,,2012-01-01,,HD,,,,US,,,,Public,,public,,,CONVENIENCE_STORE,3,,275,33400,,,,,,,,Q,3600,HD,,,false,,,,,,,,HD,
CNG,Chevron - Leebo's #9,6016 Old Boyce Hwy,"Exit 90, I-49",Alexandria,LA,71303,,318-449-1578,E,,Public - Credit card after hours,6am-12am daily,A Cash Comdata D EFS FleetOne FuelMan GasCard M TCH Tchek V Voyager Wright_Exp,,Q,3600,,,,,,,200-9,31.34545,-92.51807,2024-05-09,41450,2024-05-09 20:33:30 UTC,P,,,2012-01-01,,HD,,,,US,,,,Public - Carte de crédit après les heures d'ouverture,,public,CREDIT_CARD_AFTER_HOURS,,TRUCK_STOP,3,,275,33400,,,,,,,,Q,3600,HD,,,false,,,,,,,,HD,
ELEC,Wilkerson Nature Preserve Park,11408 Raven Ridge Rd,,Raleigh,NC,27614,,919-996-3030,E,,Public,24 hours daily,,,,,,2,,,Non-Networked,,200-9,35.92353,-78.599883,2023-01-10,41553,2023-02-14 15:54:11 UTC,LG,,,2011-05-25,,,,,J1772,US,,,,Public,,public,,,PARK,,,,,,,Free,,,,,,,,,,false,,,,,,,,HD,false
CNG,Clean Energy - Cleveland Hopkins International Airport,18899 Snow Rd,,Brook Park,OH,44142,,866-809-4869,E,,Public - Credit card at all times,24 hours daily; call 866-809-4869 for Clean Energy card,A CleanEnergy D FleetOne FuelMan M V Voyager Wright_Exp,,Q,3000 3600,,,,,,,200-9,41.402106,-81.828365,2023-09-14,41678,2024-01-31 22:07:01 UTC,P,,,2012-09-27,,HD,,,,US,,,,Public - Carte de crédit en tout temps,,public,CREDIT_CARD_ALWAYS,,AIRPORT,1,NONE,,,,,,,,,,Q,3000 3600,HD,,,false,,,,,,true,,HD,
CNG,IGS CNG Services - City of Dublin,6351 Shier-Rings Rd,1/2 mile west of the intersection of Avery Rd and Shier-Rings Rd.,Dublin,OH,43016,,877-742-4476,E,,Public - Card key at all times,24 hours daily; call 614-659-5196 or email info@cngservices.com to arrange for card key,Proprietor,,Q,3600,,,,,,,200-9,40.093708,-83.162608,2023-05-03,41685,2024-01-31 22:07:01 UTC,LG,,,2012-06-28,,HD,,,,US,,,,Public - Carte-clé en tout temps,,public,KEY_ALWAYS,,MUNI_GOV,3,NONE,,,,,,,,,,Q,3600,HD,,,false,,,,,,true,,HD,
CNG,Piedmont Natural Gas - High Point,2623 Uwharrie Rd,Near Bus 85 W Green Dr exit,High Point,NC,27263,,877-840-0043,E,,Public - Credit card at all times,24 hours daily,A Comdata D EFS FleetOne FuelMan M TCH Tchek V Voyager Wright_Exp,,Q,3600,,,,,,,200-9,35.923838,-80.007704,2023-07-11,42090,2024-01-31 22:07:01 UTC,T,,,2011-11-21,,HD,,,,US,,,,Public - Carte de crédit en tout temps,,public,CREDIT_CARD_ALWAYS,,UTILITY,2,NONE,,,,,,,,,,Q,3600,HD,,,false,,,,,,true,,HD,
CNG,South Jersey Gas,142 S Main St,At the intersection of Grove St and Academy St.,Glassboro,NJ,08028,,866-278-3674,E,,Public - Credit card at all times,24 hours daily,CleanEnergy D FuelMan M V Voyager Wright_Exp,,Q,3600,,,,,,,200-9,39.697476,-75.112075,2023-12-13,42091,2024-01-31 22:07:01 UTC,T,,,2012-02-15,,HD,,,,US,,,,Public - Carte de crédit en tout temps,,public,CREDIT_CARD_ALWAYS,,UTILITY,2,LANDFILL,1000,,,,,,,,,Q,3600,HD,,,false,,,,,,true,,HD,
CNG,Clean N' Green,100 Ransier Dr,,Buffalo,NY,14224,,800-331-3441,E,,Public - Credit card at all times,24 hours daily; tight turning radius for 53 foot long trailers,D FuelMan M Proprietor V Voyager Wright_Exp,,Q,3600,,,,,,,200-9,42.844172,-78.747585,2023-07-11,42093,2024-04-02 14:10:10 UTC,P,,,2011-12-01,,HD,,,,US,,,,Public - Carte de crédit en tout temps,,public,CREDIT_CARD_ALWAYS,,STANDALONE_STATION,2,,800,57500,,,,,,,,Q,3600,HD,,,false,,,,,,,,HD,
CNG,Conoco - Outpost Convenience Store,17699 S Muskogee Ave,,Tahlequah,OK,74464,,918-456-5578,E,,Public - Credit card at all times,24 hours daily; contact station to confirm vehicle accessibility,A D M V,,Q,3600,,,,,,,200-9,35.853211,-94.989243,2023-10-12,42094,2024-01-31 22:07:01 UTC,P,,,2016-05-15,,HD,,,,US,,,,Public - Carte de crédit en tout temps,,public,CREDIT_CARD_ALWAYS,,CONVENIENCE_STORE,1,,,,,,,,,,,Q,3600,HD,,,false,,,,,,false,,HD,
ELEC,City of Raleigh - Walnut Creek Wetland Center,950 Peterson St,,Raleigh,NC,27610,,919-996-3030,E,,Public,24 hours daily,,,,,,2,,,Non-Networked,,GPS,35.760503,-78.625345,2023-01-10,42398,2023-02-14 15:54:11 UTC,LG,,,2011-11-14,,,,,J1772,US,,,,Public,,public,,,PARK,,,,,,,Free,,,,,,,,,,false,,,,,,,,HD,false
CNG,Clean Energy - City of Chula Vista,1800 Maxwell Rd,,Chula Vista,CA,91911,,866-809-4869,T,2023-11-02,TEMPORARILY UNAVAILABLE (Public - Credit card at all times),24 hours daily; call 866-809-4869 for Clean Energy card,A CleanEnergy Comdata D FuelMan M TCH V Voyager Wright_Exp,,Q,3000 3600,,,,,,,200-9,32.596725,-117.019495,2023-06-12,42473,2024-01-31 22:07:01 UTC,LG,,,2012-01-02,,HD,,,,US,,,,TEMPORAIREMENT SUSPENDU (Public - Carte de crédit en tout temps),,public,CREDIT_CARD_ALWAYS,,MUNI_GOV,1,NONE,,,,,,,,,,Q,3000 3600,HD,,,false,,,,,,true,,HD,
CNG,TruStar Energy - Lafayette,515 E Verot School Rd,,Lafayette,LA,70508,,914-705-4000,E,,Public - Credit card at all times,24 hours daily,A D FuelMan M V Voyager Wright_Exp,,Q,3600,,,,,,,200-9,30.181429,-91.993631,2023-10-12,42584,2024-05-24 19:35:56 UTC,P,,,2012-04-29,,HD,,,,US,,,,Public - Carte de crédit en tout temps,,public,CREDIT_CARD_ALWAYS,,STANDALONE_STATION,3,,350,,,,,,,,,Q,3600,HD,,,false,,,,,,,,HD,
CNG,Clean Energy - Louis Armstrong New Orleans International Airport,1017 Airline Dr,,Kenner,LA,70062,,866-809-4869,E,,Public - Credit card at all times,24 hours daily; call 866-809-4869 for Clean Energy card; station can accommodate heavy-duty vehicles up to tractor-trailers,A CleanEnergy D FleetOne FuelMan M V Voyager Wright_Exp,,Q,3000 3600,,,,,,,200-8,29.983445,-90.262962,2023-09-14,42585,2024-01-31 22:07:01 UTC,P,,,2012-03-15,,HD,,,,US,,,,Public - Carte de crédit en tout temps,,public,CREDIT_CARD_ALWAYS,,AIRPORT,2,NONE,,,,,,,,,,Q,3000 3600,HD,,,false,,,,,,true,,HD,
CNG,HPW Energy Inc,8246 Route 5,Route 5 and Route 394,Westfield,NY,14787,,716-753-6565,E,,Public - Credit card at all times,24 hours daily,A CREDIT D M V Voyager Wright_Exp,,Q,3600,,,,,,,200-9,42.340677,-79.595958,2024-04-14,42590,2024-04-14 22:11:34 UTC,P,,,2011-12-10,,HD,,,,US,,,,Public - Carte de crédit en tout temps,,public,CREDIT_CARD_ALWAYS,,STANDALONE_STATION,1,,112,51000,,,,,,,,Q,3600,HD,,,false,,,,,,false,,HD,
CNG,OnCue Express #107 - C-Store,5500 SE 29th St,SW corner of SE 29th and Sooner Rd.,Del City,OK,73115,,405-672-3420,E,,Public - Credit card at all times,24 hours daily,FuelMan M V Voyager Wright_Exp,,Q,3600,,,,,,,200-9,35.434767,-97.424626,2024-01-09,42591,2024-01-31 22:07:01 UTC,P,,,2011-12-01,,HD,,,,US,,,,Public - Carte de crédit en tout temps,,public,CREDIT_CARD_ALWAYS,,CONVENIENCE_STORE,1,NONE,257,,,,,,,,,Q,3600,HD,,,false,,,,,,true,,HD,
CNG,OnCue Express #314 - C-Store,1402 S Perkins Rd,8 blocks S of Hwy 51 & Perkins Rd intersection.,Stillwater,OK,74074,,405-624-9091,E,,Public,24 hours daily,Cash FuelMan M V Voyager Wright_Exp,,Q,3600,,,,,,,200-9,36.106651,-97.051781,2024-01-09,42594,2024-01-31 22:07:01 UTC,P,,,2011-12-01,,HD,,,,US,,,,Public,,public,,,CONVENIENCE_STORE,1,NONE,322,,,,,,,,,Q,3600,HD,,,false,,,,,,true,,HD,
CNG,Questar Gas - Kaysville,80 N 600 W,Exit 328 off I-15,Kaysville,UT,84037,,800-323-5517,E,,Public - Credit card at all times,24 hours daily,GasCard M V Wright_Exp,,Q,3000 3600,,,,,,,200-8,41.035784,-111.949467,2023-04-06,42600,2024-01-31 22:07:01 UTC,T,,,2011-12-25,,HD,,,,US,,,,Public - Carte de crédit en tout temps,,public,CREDIT_CARD_ALWAYS,,UTILITY,2,NONE,,,,,,,,,,Q,3000 3600,HD,,,false,,,,,,true,,HD,
CNG,Clean N' Green,200 Rangos Ln,,Washington,PA,15301,,800-331-3441,E,,Public - Credit card at all times,24 hours daily,D FuelMan M Proprietor V Voyager Wright_Exp,,Q,3600,,,,,,,200-8,40.208133,-80.273462,2023-07-11,43071,2024-04-02 14:10:10 UTC,P,,,2012-02-01,,HD,,,,US,,,,Public - Carte de crédit en tout temps,,public,CREDIT_CARD_ALWAYS,,STANDALONE_STATION,2,,,,,,,,,,,Q,3600,HD,,,false,,,,,,,,HD,
CNG,ASAP General Store 101,1401 N Airport Rd,"I-40, Exit 84.",Weatherford,OK,73096,,580-772-5618,E,,Public,24 hours daily,A Cash Comdata D Debit EFS FleetOne FuelMan M PHH TCH Tchek V Voyager Wright_Exp,,Q,3600,,,,,,,200-9,35.539229,-98.659654,2024-01-09,43353,2024-01-31 22:07:01 UTC,P,,,2012-01-18,,HD,,,,US,,,,Public,,public,,,TRUCK_STOP,2,NONE,540,66728,,,,,,,,Q,3600,HD,,,false,,,,,,true,,HD,
CNG,GAIN Clean Fuel - Menomonie,2100 County Highway B,,Menomonie,WI,54751,,800-438-7912,E,,Public - Credit card at all times,24 hours daily; contact 920-243-5856 to set up account; Also accepts Diners Club and JCB,A CFN Comdata D EFS FleetOne FuelMan GasCard M TCH Tchek V Voyager Wright_Exp,,Q,3600,,,,,,,200-9,44.907104,-91.85321,2023-04-06,43525,2024-01-31 22:07:01 UTC,P,,,2011-12-31,,HD,,,,US,,,,Public - Carte de crédit en tout temps,,public,CREDIT_CARD_ALWAYS,,CONVENIENCE_STORE,2,,958,36000,,,,,,,,Q,3600,HD,,,false,,,,,,,,HD,
CNG,Clean N' Green,3545 Fairfield Rd,,Curtis Bay,MD,21226,,800-331-3441,E,,Public - Credit card at all times,24 hours daily,D FuelMan M Proprietor V Voyager Wright_Exp,,Q,3600,,,,,,,200-9,39.231108,-76.574575,2023-07-11,43630,2024-04-02 14:10:10 UTC,P,,,2012-05-01,,HD,,,,US,,,,Public - Carte de crédit en tout temps,,public,CREDIT_CARD_ALWAYS,,STANDALONE_STATION,2,,,,,,,,,,,Q,3600,HD,,,false,,,,,,,,HD,
CNG,Clean N' Green,10050 Naples St NE,,Blaine,MN,55449,,800-331-3441,E,,Public - Credit card at all times,24 hours daily,D FuelMan M Proprietor V Voyager Wright_Exp,,Q,3600,,,,,,,200-9,45.152388,-93.186274,2023-07-11,43633,2024-04-02 14:10:10 UTC,P,,,2012-05-10,,HD,,,,US,,,,Public - Carte de crédit en tout temps,,public,CREDIT_CARD_ALWAYS,,STANDALONE_STATION,2,,,,,,,,,,,Q,3600,HD,,,false,,,,,,,,HD,
CNG,City of Norman,2351 Goddard Ave,Just off of Rock Creek Rd,Norman,OK,73069,,405-292-9709,E,,Public - Credit card at all times,24 hours daily,A D FleetOne FuelMan GasCard M V Voyager Wright_Exp,,B,3600,,,,,,,200-8,35.246922,-97.461247,2023-12-13,43651,2024-01-31 22:07:01 UTC,LG,,,2012-01-09,,HD,,,,US,,,,Public - Carte de crédit en tout temps,,public,CREDIT_CARD_ALWAYS,,MUNI_GOV,4,,,,,,,,,,,B,3600,HD,,,false,,,,,,false,,HD,
CNG,Clean N' Green,2749 N Loop 336 E,,Conroe,TX,77301,,800-331-3441,E,,Public - Credit card at all times,24 hours daily,D FuelMan M Proprietor V Voyager Wright_Exp,,Q,3600,,,,,,,200-9,30.337826,-95.412461,2023-07-11,43670,2024-04-02 14:10:10 UTC,P,,,2012-05-15,,HD,,,,US,,,,Public - Carte de crédit en tout temps,,public,CREDIT_CARD_ALWAYS,,STANDALONE_STATION,2,,,,,,,,,,,Q,3600,HD,,,false,,,,,,,,HD,
CNG,Clean N' Green,8652 S 4000 W,,West Jordan,UT,84088,,800-331-3441,E,,Public - Credit card at all times,24 hours daily,D FuelMan M Proprietor V Voyager Wright_Exp,,Q,3600,,,,,,,200-8,40.594459,-111.986429,2023-07-11,43686,2024-04-02 14:10:10 UTC,P,,,2012-04-04,,HD,,,,US,,,,Public - Carte de crédit en tout temps,,public,CREDIT_CARD_ALWAYS,,STANDALONE_STATION,2,,,,,,,,,,,Q,3600,HD,,,false,,,,,,,,HD,
CNG,All Waste Inc,33 Maxim Rd,,Hartford,CT,06114,,866-809-4869,E,,Public - Credit card at all times,24 hours daily; call 866-809-4869 for Clean Energy card,CleanEnergy D M V Voyager Wright_Exp,,Q,3600,,,,,,,200-8,41.741747,-72.659203,2024-05-09,43699,2024-05-09 20:33:30 UTC,P,,,2013-02-01,,HD,,,,US,,,,Public - Carte de crédit en tout temps,,public,CREDIT_CARD_ALWAYS,,STANDALONE_STATION,4,,1500,,,,,,,,,Q,3600,HD,,,false,,,,,,false,,HD,
CNG,GAIN Clean Fuel - American Fueling Systems,4420 Buford Hwy NE,1 mile inside I-285,Chamblee,GA,30341,,770-399-7800,E,,Public - Credit card at all times,24 hours daily; Also accepts Diners Club and JCB,A CFN Comdata D EFS FleetOne FuelMan GasCard M TCH Tchek V Wright_Exp,,Q,3600,,,,,,,200-9,33.873935,-84.297481,2023-04-06,43705,2024-01-31 22:07:01 UTC,P,,,2012-09-20,,HD,,,,US,,,,Public - Carte de crédit en tout temps,,public,CREDIT_CARD_ALWAYS,,STANDALONE_STATION,4,,600,60000,,,,,,,,Q,3600,HD,,,false,,,,,,,,HD,
CNG,Clean N' Green,5050 W Pershing Rd,,Cicero,IL,60804,,800-331-3441,E,,Public - Credit card at all times,24 hours daily,D FuelMan M Proprietor V Voyager Wright_Exp,,Q,3600,,,,,,,200-9,41.822729,-87.749999,2023-07-11,43713,2024-04-02 14:10:10 UTC,P,,,2012-04-15,,HD,,,,US,,,,Public - Carte de crédit en tout temps,,public,CREDIT_CARD_ALWAYS,,STANDALONE_STATION,2,,,,,,,,,,,Q,3600,HD,,,false,,,,,,,,HD,
CNG,Clean N' Green,4040 S 80th St,,Mesa,AZ,85212,,800-331-3441,E,,Public - Credit card at all times,24 hours daily; semis with a 63 foot long trailer would be a very tight fit,D FuelMan M Proprietor V Voyager Wright_Exp,,Q,3600,,,,,,,200-9,33.342023,-111.663908,2022-06-14,43723,2024-01-31 22:07:01 UTC,P,,,2012-06-18,,HD,,,,US,,,,Public - Carte de crédit en tout temps,,public,CREDIT_CARD_ALWAYS,,STANDALONE_STATION,2,,,,,,,,,,,Q,3600,HD,,,false,,,,,,,,HD,
CNG,Trillium,1501 W Main Ave,"I-41, Exit 163.",De Pere,WI,54115,,800-920-1166,E,,Public - Credit card at all times,24 hours daily,A D EFS M TCH Tchek Trillium V Voyager Wright_Exp,,Q,3600,,,,,,,200-9,44.452916,-88.093151,2023-12-13,44591,2024-01-31 22:07:01 UTC,P,,,2012-04-01,,HD,,,,US,,,,Public - Carte de crédit en tout temps,,public,CREDIT_CARD_ALWAYS,,STANDALONE_STATION,3,,1400,,,,,,,,,Q,3600,HD,,,false,,,,,,,,HD,
CNG,Conoco - Reno Partners,3701 W Reno Ave,Reno Ave and N Portland Ave,Oklahoma City,OK,73107,,405-942-7528,E,,Public,24 hours daily,A Cash D GasCard M V Voyager Wright_Exp,,Q,3600,,,,,,,200-9,35.464849,-97.584064,2023-10-12,44752,2024-01-31 22:07:01 UTC,P,,,2020-01-06,,HD,,,,US,,,,Public,,public,,,CONVENIENCE_STORE,2,,,,,,,,,,,Q,3600,HD,,,false,,,,,,false,,HD,
CNG,Kwik Trip #870,2002 Kwik Trip Way,,La Crosse,WI,54603,,855-710-3800,E,,Public - Credit card at all times,24 hours daily,A D M V Voyager Wright_Exp,,Q,3600,,,,,,,200-9,43.851658,-91.226449,2023-12-13,44848,2024-01-31 22:07:01 UTC,P,,,2012-05-10,,HD,,,,US,,,,Public - Carte de crédit en tout temps,,public,CREDIT_CARD_ALWAYS,,CONVENIENCE_STORE,4,,1400,,,,,,,,,Q,3600,HD,,,false,,,,,,false,,HD,
CNG,Kwik Trip #686,943 SE Frontage Rd,,Sturtevant,WI,53177,,262-886-5441,E,,Public,24 hours daily,A Cash Checks D EFS M V Voyager Wright_Exp,,Q,3600,,,,,,,200-9,42.724204,-87.952181,2023-05-03,44851,2024-01-31 22:07:01 UTC,P,,,2012-05-21,,HD,,,,US,,,,Public,,public,,,TRUCK_STOP,2,,1400,,,,,,,,,Q,3600,HD,,,false,,,,,,true,,HD,
CNG,IGS CNG Services - Orrville,444 Hostetler Rd,,Orrville,OH,44667,,877-742-4476,E,,Public - Credit card at all times,24 hours daily,A D FuelMan M Proprietor V Voyager Wright_Exp,,Q,3600,,,,,,,200-9,40.853115,-81.769421,2023-05-03,45572,2024-01-31 22:07:01 UTC,P,,,2012-08-29,,HD,,,,US,,,,Public - Carte de crédit en tout temps,,public,CREDIT_CARD_ALWAYS,,STANDALONE_STATION,2,,,,,,,,,,,Q,3600,HD,,,false,,,,,,true,,HD,
CNG,Circleville CNG,315 W 470 S,Located at Joe Dalton Autobody,Circleville,UT,84723,,435-577-2442,E,,Public,24 hours daily,Cash,,Q,3000,,,,,,,200-8,38.164391,-112.278183,2023-04-06,46139,2024-01-31 22:07:01 UTC,P,,,2012-04-30,,HD,,,,US,,,,Public,,public,,,STANDALONE_STATION,1,,,,,,,,,,,Q,3000,HD,,,false,,,,,,false,,HD,
CNG,Love's Travel Stop #263,24169 Highway 49,,Lawton,OK,73507,,580-529-2882,E,,Public,24 hours daily,A Cash Checks D EFS FleetOne FuelMan M TCH Tchek V Voyager Wright_Exp,,Q,3600,,,,,,,200-9,34.713769,-98.401654,2023-12-13,46195,2024-01-31 22:07:01 UTC,P,,,2012-05-05,,HD,,,,US,,,,Public,,public,,,CONVENIENCE_STORE,1,,,,,,,,,,,Q,3600,HD,,,false,,,,,,,,HD,
CNG,GAIN Clean Fuel - City of Hamilton,2220 S Erie Blvd,,Hamilton,OH,45011,,800-438-7912  513-785-7550,E,,Public - Credit card at all times,24 hours daily; Also accepts Diners Club and JCB,A CFN Comdata D EFS FleetOne FuelMan GasCard M TCH Tchek V Voyager Wright_Exp,,Q,3600,,,,,,,200-9,39.374016,-84.547382,2023-04-06,46338,2024-01-31 22:07:01 UTC,LG,,,2014-12-19,,HD,,,,US,,,,Public - Carte de crédit en tout temps,,public,CREDIT_CARD_ALWAYS,,MUNI_GOV,2,,882,36000,,,,,,,,Q,3600,HD,,,false,,,,,,,,HD,
CNG,Trillium - Golden Eagle,1000 Jefferson St,,Casa Grande,AZ,85122,,800-920-1166,E,,Public - Credit card at all times,24 hours daily,A Comdata D EFS M TCH Trillium V Voyager Wright_Exp,,Q,3600,,,,,,,GPS,32.88178544165742,-111.7775614894104,2023-12-13,46345,2024-01-31 22:07:01 UTC,P,,,2013-07-18,,HD,,,,US,,,,Public - Carte de crédit en tout temps,,public,CREDIT_CARD_ALWAYS,,OFFICE_BLDG,1,,400,,,,,,,,,Q,3600,HD,,,false,,,,,,,,HD,
CNG,Trillium - Golden Eagle,705 E Ajo Way,,Tucson,AZ,85713,,800-920-1166,E,,Public - Credit card at all times,24 hours daily,A Comdata D EFS M TCH Tchek Trillium V Voyager Wright_Exp,,Q,3600,,,,,,,200-9,32.178328,-110.960207,2023-12-13,46346,2024-01-31 22:07:01 UTC,P,,,2012-08-22,,HD,,,,US,,,,Public - Carte de crédit en tout temps,,public,CREDIT_CARD_ALWAYS,,OFFICE_BLDG,1,,400,,,,,,,,,Q,3600,HD,,,false,,,,,,,,HD,
CNG,Premier Transportation,323 Cash Memorial Blvd,,Forest Park,GA,30297,,404-675-1950,E,,Public - Credit card at all times,24 hours daily,A D M V Voyager Wright_Exp,,Q,3600,,,,,,,200-9,33.607933,-84.372205,2024-01-09,47234,2024-01-31 22:07:01 UTC,P,,,2014-04-14,,HD,,,,US,,,,Public - Carte de crédit en tout temps,,public,CREDIT_CARD_ALWAYS,,STANDALONE_STATION,2,NONE,,,,,,,,,,Q,3600,HD,,,false,,,,,,true,,HD,
CNG,Clean N' Green,3831 Powerline Rd,,Pompano Beach,FL,33073,,800-331-3441,E,,Public - Card key at all times,24 hours daily,FuelMan Proprietor Voyager Wright_Exp,,Q,3600,,,,,,,200-9,26.277172,-80.154367,2023-07-11,47273,2024-04-02 14:10:10 UTC,P,,,2012-10-01,,HD,,,,US,,,,Public - Carte-clé en tout temps,,public,KEY_ALWAYS,,STANDALONE_STATION,2,,,,,,,,,,,Q,3600,HD,,,false,,,,,,,,HD,
CNG,Beyond6,1200 N 600 E,Division Rd and County Rd 1200,Fair Oaks,IN,47943,,877-872-3966,E,,Public - Credit card at all times,24 hours daily; call 866-809-4869 for Clean Energy card,A D FuelMan M V Wright_Exp,,Q,3600,,,,,,,200-8,41.010989,-87.276086,2023-04-06,47276,2024-01-31 22:07:01 UTC,P,,,2011-09-06,,HD,,,,US,,,,Public - Carte de crédit en tout temps,,public,CREDIT_CARD_ALWAYS,,STANDALONE_STATION,3,LIVESTOCK,1500,37500,,,,,,,,Q,3600,HD,,,false,,,,,,true,,HD,
CNG,Piedmont Natural Gas - Goldsboro,250 Five Points Rd,Near intersection of Rt 13 and Rt 117,Dudley,NC,28333,,877-840-0043,E,,Public - Credit card at all times,24 hours daily,A Comdata D EFS FleetOne FuelMan M TCH Tchek V Voyager Wright_Exp,,Q,3600,,,,,,,GPS,35.32985596967319,-78.04070167990113,2023-07-11,47282,2024-01-31 22:07:01 UTC,T,,,2012-07-11,,HD,,,,US,,,,Public - Carte de crédit en tout temps,,public,CREDIT_CARD_ALWAYS,,UTILITY,2,NONE,,,,,,,,,,Q,3600,HD,,,false,,,,,,true,,HD,
CNG,South Jersey Gas,1211 N 2nd St,,Millville,NJ,08332,,800-716-5550,E,,Public - Credit card at all times,24 hours daily,A D M V Voyager Wright_Exp,,Q,3600,,,,,,,200-9,39.411625,-75.03746,2023-12-13,47288,2024-01-31 22:07:01 UTC,T,,,2013-04-30,,HD,,,,US,,,,Public - Carte de crédit en tout temps,,public,CREDIT_CARD_ALWAYS,,UTILITY,2,LANDFILL,1000,,,,,,,,,Q,3600,HD,,,false,,,,,,true,,HD,
CNG,Love's Travel Stop #203,800 S Morgan Rd,Located at intersection of I-40 and Morgan Rd,Oklahoma City,OK,73128,,405-789-0087,E,,Public,24 hours daily,A Cash D EFS FleetOne FuelMan M TCH Tchek V Voyager Wright_Exp,,Q,3600,,,,,,,200-9,35.457897,-97.688507,2023-12-13,47291,2024-01-31 22:07:01 UTC,P,,,2017-01-09,,HD,,,,US,,,,Public,,public,,,CONVENIENCE_STORE,1,,,,,,,,,,,Q,3600,HD,,,false,,,,,,,,HD,
CNG,Chickasaw Travel Stop - Thackerville,22953 Brown Springs Rd,I-35 & Exit 1,Thackerville,OK,73459,,580-276-4706,E,,Public - Credit card at all times,24 hours daily,A Comdata D EFS FleetOne M V Voyager Wright_Exp,,Q,3600,,,,,,,GPS,33.73573,-97.14484,2024-01-09,47293,2024-01-31 22:07:01 UTC,P,,,2013-03-10,,HD,,,,US,,,,Public - Carte de crédit en tout temps,,public,CREDIT_CARD_ALWAYS,,TRUCK_STOP,2,,350,,,,,,,,,Q,3600,HD,,,false,,,,,,,,HD,
CNG,Greer Commission of Public Works,115 Duke St,Alternate address: 301 McCall St. Station is at Duke St and Lake Ave.,Greer,SC,29650,,964-309-3038,E,,Public - Credit card at all times,24 hours daily,A Comdata D FuelMan M V Voyager Wright_Exp,,Q,3600,,,,,,,200-9,34.936731,-82.233031,2023-07-11,47295,2024-01-31 22:07:01 UTC,LG,,,2013-03-22,,HD,,,,US,,,,Public - Carte de crédit en tout temps,,public,CREDIT_CARD_ALWAYS,,MUNI_GOV,1,,116,60000,,,,,,,,Q,3600,HD,,,false,,,,,,false,,HD,
CNG,Love's Travel Stop #468,9600 Longstreet Rd,"I-45, Exit 95",Willis,TX,77378,,936-856-5085,E,,Public,"24 hours daily; Also accepts ComCheck, MultiService, Love's Express, Love's Gift Card, My Love Rewards, QuikQ, Apple Pay, Android Pay, Samsung Pay",A Cash Checks Comdata D Debit EFS FleetOne FuelMan M TCH Tchek V Voyager Wright_Exp,,Q,3600,,,,,,,200-9,30.437821,-95.498724,2023-12-13,47301,2024-01-31 22:07:01 UTC,P,,,2014-02-01,,HD,,,,US,,,,Public,,public,,,CONVENIENCE_STORE,4,,,,,,,,,,,Q,3600,HD,,,false,,,,,,,,HD,
ELEC,Orange County - Robert and Pearl Seymour Center,2551 Homestead Rd,,Chapel Hill,NC,27516,,919-245-2625,E,,Public,24 hours daily,,,,,,2,,,Non-Networked,,200-9,35.950629,-79.063354,2023-12-13,47332,2024-01-31 22:07:01 UTC,LG,,,2012-05-25,,,,,J1772,US,,,,Public,,public,,,MUNI_GOV,,,,,,,Free,,,,,,,,,,false,,,,,,,,HD,false
ELEC,Nantucket Airport,14 Airport Rd,3 plugs located next door near the gas station,Nantucket,MA,02554,,508-325-5300,E,,Public,8am-5pm M-F,,,,,,3,,,Non-Networked,,200-9,41.258249,-70.063098,2023-11-09,47473,2024-01-31 22:07:01 UTC,T,,,2021-09-28,,,,,J1772,US,,,,Public,,public,,,AIRPORT,,,,,,,Free,,,,,,,,,,false,,,,,,,,HD,false
CNG,City of Tulsa - West Maintenance Yard,420 W 23rd St,South side of 23rd St on West side of bridge. Station not visible from road. Must turn into City Maintenance yard.,Tulsa,OK,74107,,,E,,Public - Credit card at all times,6am-6pm M-F,M V Voyager,,Q,3600,,,,,,,200-9,36.127685,-95.995789,2023-10-12,47992,2024-01-31 22:07:01 UTC,LG,,,2012-09-07,,HD,,,,US,,,,Public - Carte de crédit en tout temps,,public,CREDIT_CARD_ALWAYS,,MUNI_GOV,2,,,,,,,,,,,Q,3600,HD,,,false,,,,,,false,,HD,
CNG,Hutch's C-Store #113,3710 Oklahoma Ave,,Woodward,OK,73801,,580-256-2650,E,,Public - Credit card at all times,24 hours daily,A D M V Voyager Wright_Exp,,Q,3600,,,,,,,200-9,36.434113,-99.427596,2023-10-12,47994,2024-01-31 22:07:01 UTC,P,,,2012-03-31,,HD,,,,US,,,,Public - Carte de crédit en tout temps,,public,CREDIT_CARD_ALWAYS,,CONVENIENCE_STORE,2,,,,,,,,,,,Q,3600,HD,,,false,,,,,,false,,HD,
CNG,Sunoco - Midwest Clean Fuel,2501 Lafayette Rd,"US-231, just south of I-74 (exit 34)",Crawfordsville,IN,47933,,765-362-4770,E,,Public,24 hours daily; manned station attached to a Sunoco convenience store,A Cash D FuelMan GasCard M V Voyager Wright_Exp,,Q,3600,,,,,,,200-9,40.074011,-86.9067,2023-10-12,48004,2024-01-31 22:07:01 UTC,P,,,2012-08-31,,HD,,,,US,,,,Public,,public,,,CONVENIENCE_STORE,2,,630,900,,,,,,,,Q,3600,HD,,,false,,,,,,,,HD,
CNG,Dominion Energy,15 Overland Industrial Blvd,,Asheville,NC,28806,,877-776-2427,E,,Public - Credit card at all times,24 hours daily,M V Voyager Wright_Exp,,Q,3600,,,,,,,200-9,35.519793,-82.603744,2024-01-09,48005,2024-01-31 22:07:01 UTC,T,,,2013-09-20,,HD,,,,US,,,,Public - Carte de crédit en tout temps,,public,CREDIT_CARD_ALWAYS,,UTILITY,1,,116,72000,,,,,,,,Q,3600,HD,,,false,,,,,,,,HD,
CNG,Dominion Energy,121 Houston Rd,,Troutman,NC,28166,,877-776-2427,E,,Public - Credit card at all times,24 hours daily,M V Voyager Wright_Exp,,Q,3600,,,,,,,200-9,35.680223,-80.858077,2024-01-09,48007,2024-01-31 22:07:01 UTC,T,,,2013-11-01,,HD,,,,US,,,,Public - Carte de crédit en tout temps,,public,CREDIT_CARD_ALWAYS,,UTILITY,1,,116,108000,,,,,,,,Q,3600,HD,,,false,,,,,,,,HD,
CNG,City of Ripon,240 Doak Blvd,,Ripon,CA,95366,,209-599-2151,E,,Public - Credit card at all times,24 hours daily,A M V,,Q,3600,,,,,,,GPS,37.72967439567403,-121.1240830449524,2023-05-03,48012,2024-01-31 22:07:01 UTC,LG,,,2008-11-30,,HD,,,,US,,,,Public - Carte de crédit en tout temps,,public,CREDIT_CARD_ALWAYS,,MUNI_GOV,2,,,,,,,,,,,Q,3600,HD,,,false,,,,,,false,,HD,
ELEC,Target,12076 Los Osos Valley Rd,,San Luis Obispo,CA,93401,,805-858-9902,E,,Public,8am-11pm daily,,,,,,6,,,Non-Networked,,GPS,35.25211177248671,-120.6859746944428,2023-05-03,48368,2024-01-31 22:07:01 UTC,P,,,2012-06-30,,,,,J1772,US,,,,Public,,public,,,SHOPPING_CENTER,,,,,,,,,,,,,,,,,false,,,,,,,,HD,false
CNG,Clean N' Green,7501 Grade Ln,,Louisville,KY,40219,,800-331-3441,E,,Public - Credit card at all times,24 hours daily,D FuelMan M Proprietor V Voyager Wright_Exp,,Q,3600,,,,,,,200-9,38.134634,-85.737722,2023-07-11,48488,2024-04-02 14:10:10 UTC,P,,,2012-07-24,,HD,,,,US,,,,Public - Carte de crédit en tout temps,,public,CREDIT_CARD_ALWAYS,,STANDALONE_STATION,2,,,,,,,,,,,Q,3600,HD,,,false,,,,,,,,HD,
CNG,Hutch's C-Store #119,2001 E 7th St,Just off exit 40 of I-40,Elk City,OK,73644,,580-303-4515,E,,Public - Credit card at all times,24 hours daily,A D M Trillium V Voyager Wright_Exp,,Q,3600,,,,,,,GPS,35.40817,-99.379767,2023-11-02,48496,2024-01-31 22:07:01 UTC,P,,,2012-02-28,,HD,,,,US,,,,Public - Carte de crédit en tout temps,,public,CREDIT_CARD_ALWAYS,,CONVENIENCE_STORE,2,,,,,,,,,,,Q,3600,HD,,,false,,,,,,false,,HD,
CNG,Movo Hydroco,12125 Day St,Gas station is located in an outlet mall.,Moreno Valley,CA,92557,,866-232-8137,E,,Public - Credit card at all times,24 hours daily,A D M V Voyager Wright_Exp,,Q,3600,,,,,,,200-9,33.94366,-117.28033,2023-10-12,48516,2024-01-31 22:07:01 UTC,P,,,2012-08-14,,HD,,,,US,,,,Public - Carte de crédit en tout temps,,public,CREDIT_CARD_ALWAYS,,GAS_STATION,1,,200,,,,,,,,,Q,3600,HD,,,false,,,,,,,,HD,
CNG,EDCO Disposal - Buena Park,6762 Stanton Ave,Easy access from I-5 and/or SR 91,Buena Park,CA,90621,,562-860-3000,E,,Public - Credit card at all times,24 hours daily,A D M V,,Q,3600,,,,,,,200-9,33.862442,-117.993016,2024-01-09,48896,2024-01-31 22:07:01 UTC,P,,,2013-10-25,,HD,,,,US,,,,Public - Carte de crédit en tout temps,,public,CREDIT_CARD_ALWAYS,,STANDALONE_STATION,4,NONE,,24714,,,,,,,,Q,3600,HD,,,false,,,,,,true,,HD,
CNG,Clean Energy - Peoria Disposal,1113 N Swords Ave,,West Peoria,IL,61604,,866-809-4869,E,,Public - Credit card at all times,24 hours daily; call 866-809-4869 for Clean Energy card,A CleanEnergy D FleetOne FuelMan M Proprietor V Voyager Wright_Exp,,Q,3600,,,,,,,200-9,40.70153,-89.642572,2023-09-14,48903,2024-01-31 22:07:01 UTC,P,,,2012-03-01,,HD,,,,US,,,,Public - Carte de crédit en tout temps,,public,CREDIT_CARD_ALWAYS,,STANDALONE_STATION,2,NONE,,,,,,,,,,Q,3600,HD,,,false,,,,,,true,,HD,
CNG,Beyond6,7507 Highway 31 E,,Sellersburg,IN,47172,,877-872-3966,E,,Public - Credit card at all times,24 hours daily; Also accepts Fleetwide,A D FuelMan M V Wright_Exp,,Q,3600,,,,,,,GPS,38.37313215487006,-85.74705270367431,2023-04-06,48904,2024-01-31 22:07:01 UTC,P,,,2012-05-01,,HD,,,,US,,,,Public - Carte de crédit en tout temps,,public,CREDIT_CARD_ALWAYS,,STANDALONE_STATION,3,NONE,1380,28125,,,,,,,,Q,3600,HD,,,false,,,,,,true,,HD,
CNG,Clean Energy - BWI Airport - Maryland Department of General Services,131 Aaronson Dr,,Baltimore,MD,21240,,866-809-4869,E,,Public - Credit card at all times,24 hours daily; call 866-809-4869 for Clean Energy card,A CleanEnergy Comdata D FleetOne FuelMan M V Voyager Wright_Exp,,Q,3000 3600,,,,,,,GPS,39.1869512743369,-76.65601421929625,2023-09-14,48905,2024-01-31 22:07:01 UTC,P,,,1996-12-15,,HD,,,,US,,,,Public - Carte de crédit en tout temps,,public,CREDIT_CARD_ALWAYS,,AIRPORT,1,NONE,,,,,,,,,,Q,3000 3600,HD,,,false,,,,,,true,,HD,
CNG,Kwik Trip #659,1990 Scott Rd NW,,Rochester,MN,55901,,507-289-2185,E,,Public,24 hours daily,A Cash Checks Comdata D EFS FleetOne FuelMan M TCH Tchek V Voyager Wright_Exp,,Q,3600,,,,,,,200-9,44.044438,-92.514584,2022-05-05,48906,2023-09-20 15:42:21 UTC,P,,,2012-11-01,,HD,,,,US,,,,Public,,public,,,CONVENIENCE_STORE,2,,1400,,,,,,,,,Q,3600,HD,,,false,,,,,,true,,HD,
CNG,Palo CNG,12600 State Route 66,"Exit 64 off of I-80, follow RT 66 south less than a mile.",Clarion,PA,16214,,814-226-9410,E,,Public - Credit card at all times,24 hours daily; call station 814-226-9410 for Palo Fleet card,A D Debit FleetOne FuelMan GasCard M Proprietor V Voyager Wright_Exp,,Q,3600,,,,,,,GPS,41.17288847979592,-79.34168206162417,2023-08-10,48908,2024-01-31 22:07:01 UTC,P,,,2013-05-09,,HD,,,,US,,,,Public - Carte de crédit en tout temps,,public,CREDIT_CARD_ALWAYS,,STANDALONE_STATION,1,,,34600,,,,,,,,Q,3600,HD,,,false,,,,,,false,,HD,
CNG,Clean Energy - Quarles,211 Maury St,,Richmond,VA,23224,,866-809-4869,E,,Public - Credit card at all times,24 hours daily; call 866-809-4869 for Clean Energy card,A CleanEnergy D FleetOne FuelMan M Proprietor V Voyager Wright_Exp,,Q,3600,,,,,,,200-9,37.522579,-77.433474,2023-09-14,48915,2024-01-31 22:07:01 UTC,P,,,2012-10-19,,HD,,,,US,,,,Public - Carte de crédit en tout temps,,public,CREDIT_CARD_ALWAYS,,STANDALONE_STATION,1,NONE,,,,,,,,,,Q,3600,HD,,,false,,,,,,true,,HD,
CNG,Kwik Trip #457,2400 S Washburn St,State Highway 44,Oshkosh,WI,54904,,920-233-4080,E,,Public,24 hours daily,A Cash Checks D EFS M V Voyager Wright_Exp,,Q,3600,,,,,,,200-8,43.985877,-88.583195,2023-05-03,48917,2024-01-31 22:07:01 UTC,P,,,2012-10-23,,HD,,,,US,,,,Public,,public,,,CONVENIENCE_STORE,2,,1400,,,,,,,,,Q,3600,HD,,,false,,,,,,false,,HD,
CNG,Kwik Trip #623,7020 Highway 61 W,,Minnesota City,MN,55959,,507-452-6230,E,,Public,24 hours daily,A Cash Checks D EFS M V Voyager Wright_Exp,,Q,3600,,,,,,,200-9,44.075729,-91.730504,2022-05-05,49283,2023-09-20 15:42:21 UTC,P,,,2012-12-03,,HD,,,,US,,,,Public,,public,,,CONVENIENCE_STORE,2,,1400,,,,,,,,,Q,3600,HD,,,false,,,,,,false,,HD,
CNG,Kwik Trip #403,2270 46th St NW,,Owatonna,MN,55060,,507-446-8176,E,,Public,24 hours daily,A Cash Checks D EFS M V Voyager Wright_Exp,,Q,3600,,,,,,,200-9,44.140319,-93.252685,2022-05-05,49284,2023-09-20 15:42:21 UTC,P,,,2012-12-05,,HD,,,,US,,,,Public,,public,,,CONVENIENCE_STORE,2,,1400,,,,,,,,,Q,3600,HD,,,false,,,,,,true,,HD,
CNG,Freedom CNG,6002 Debbielou Gardens Dr,,Houston,TX,77034,,281-484-3875,E,,Public - Credit card at all times,24 hours daily; also fills CNG tube trailers,D FuelMan M V Voyager Wright_Exp,,Q,3600,,,,,,,GPS,29.6189478,-95.1903621,2023-06-12,49286,2024-01-31 22:07:01 UTC,P,,,2012-09-15,,HD,,,,US,,,,Public - Carte de crédit en tout temps,,public,CREDIT_CARD_ALWAYS,,STANDALONE_STATION,2,NONE,756,36000,,,,,,,,Q,3600,HD,,,false,,,,,,true,,HD,
CNG,Kwik Trip #679,4220 County Rd J,,Sheboygan,WI,53083,,920-803-2078,E,,Public,24 hours daily,A Cash Checks Comdata D EFS FleetOne FuelMan M TCH Tchek V Voyager Wright_Exp,,Q,3600,,,,,,,200-9,43.790766,-87.761889,2024-01-09,49292,2024-01-31 22:07:01 UTC,P,,,2012-12-18,,HD,,,,US,,,,Public,,public,,,CONVENIENCE_STORE,2,,1400,,,,,,,,,Q,3600,HD,,,false,,,,,,false,,HD,
CNG,Kwik Trip #396,W229 N2086 Redford Blvd,,Waukesha,WI,53186,,262-446-2032,E,,Public,24 hours daily,A Cash Checks D EFS M V Voyager Wright_Exp,,Q,3600,,,,,,,GPS,43.05884469467037,-88.20480066931151,2024-01-09,49293,2024-01-31 22:07:01 UTC,P,,,2012-12-11,,HD,,,,US,,,,Public,,public,,,CONVENIENCE_STORE,2,,1400,,,,,,,,,Q,3600,HD,,,false,,,,,,true,,HD,
CNG,Dominion Energy - Exxon - Get 'N Go,1640 Elk St,Exit 104/I-80,Rock Springs,WY,82901,,800-767-1689,E,,Public - Credit card at all times,24 hours daily,GasCard M V Wright_Exp,,Q,3600,,,,,,,200-9,41.613426,-109.230026,2023-04-06,49294,2024-01-31 22:07:01 UTC,P,,,2020-02-27,,HD,,,,US,,,,Public - Carte de crédit en tout temps,,public,CREDIT_CARD_ALWAYS,,CONVENIENCE_STORE,2,NONE,,,,,,,,,,Q,3600,HD,,,false,,,,,,true,,HD,
CNG,Clean Energy - Quarles - Washington Dulles International Airport,45149 Old Ox Rd,,Sterling,VA,20166,,866-809-4869,E,,Public - Credit card at all times,24 hours daily; call 866-809-4869 for Clean Energy card; Also accepts Quarrels,A CleanEnergy Comdata D FleetOne FuelMan M Proprietor V Voyager Wright_Exp,,Q,3600,,,,,,,200-9,38.97776,-77.438304,2023-09-14,49302,2024-01-31 22:07:01 UTC,P,,,2013-04-20,,HD,,,,US,,,,Public - Carte de crédit en tout temps,,public,CREDIT_CARD_ALWAYS,,AIRPORT,1,NONE,,,,,,,,,,Q,3600,HD,,,false,,,,,,true,,HD,
CNG,Lemoore Area School District,857 Iona Ave,,Lemoore,CA,93245,,559-924-6640,E,,Public - Credit card at all times,24 hours daily,M V,,Q,3600,,,,,,,200-9,36.282461,-119.793046,2023-05-03,49541,2024-06-05 16:45:58 UTC,P,,,2012-09-18,,HD,,,,US,,,,Public - Carte de crédit en tout temps,,public,CREDIT_CARD_ALWAYS,,STANDALONE_STATION,2,,,55607,,,,,,,,Q,3600,HD,,,false,,,,,,false,,HD,
CNG,Enmarket Travel Center,7002 GA Highway 21,"Station is at the corner of Highway 21 and O'Leary Rd, just south of I-95.",Port Wentworth,GA,31407,,912-964-1593,E,,Public - Credit card at all times,"24 hours daily; Also accepts MultiService, enPay, Enmarket Cash Card, Enmarket Business Advantage",A Comdata D EFS FleetOne FuelMan M TCH V Voyager Wright_Exp,,Q,3600,,,,,,,200-9,32.189249,-81.192721,2024-01-09,49545,2024-01-31 22:07:01 UTC,P,,,2020-06-09,,HD,,,,US,,,,Public - Carte de crédit en tout temps,,public,CREDIT_CARD_ALWAYS,,TRUCK_STOP,2,,,,,,,,,,,Q,3600,HD,,,false,,,,,,false,,HD,
CNG,Sublette School District #1,10095 Highway 191,,Pinedale,WY,82941,,307-367-5510,E,,Public - Credit card at all times,24 hours daily,A CREDIT D M V,,Q,3000 3600,,,,,,,GPS,42.8666284,-109.8923465,2024-04-14,49551,2024-04-14 22:11:34 UTC,LG,,,2012-10-01,,HD,,,,US,,,,Public - Carte de crédit en tout temps,,public,CREDIT_CARD_ALWAYS,,SCHOOL,1,,404,,,,,,,,,Q,3000 3600,HD,,,false,,,,,,false,,HD,
CNG,IGS CNG Services - Speedway,2500 Royal Ave,,Monona,WI,53713,,608-221-0328  877-742-4476,E,,Public - Credit card at all times,24 hours daily,A Comdata D EFS FuelMan M Proprietor Speedway V Voyager Wright_Exp,,Q,3600,,,,,,,200-9,43.043029,-89.352921,2023-05-03,50036,2024-01-31 22:07:01 UTC,T,,,2012-12-31,,HD,,,,US,,,,Public - Carte de crédit en tout temps,,public,CREDIT_CARD_ALWAYS,,CONVENIENCE_STORE,1,NONE,989,16064,,,,,,,,Q,3600,HD,,,false,,,,,,true,,HD,
CNG,Piedmont Natural Gas - Winston-Salem,2300 Lowery St,Off exit 7 of Business Rt 40,Winston-Salem,NC,27101,,877-840-0043,E,,Public - Credit card at all times,24 hours daily,A Comdata D EFS FleetOne FuelMan M TCH Tchek V Voyager Wright_Exp,,Q,3600,,,,,,,200-9,36.093837,-80.209155,2023-07-11,50048,2024-01-31 22:07:01 UTC,T,,,2012-10-31,,HD,,,,US,,,,Public - Carte de crédit en tout temps,,public,CREDIT_CARD_ALWAYS,,UTILITY,2,NONE,,,,,,,,,,Q,3600,HD,,,false,,,,,,true,,HD,
CNG,South Jersey Gas - Lindenwold,2500 Old Egg Harbor Rd,,Lindenwold,NJ,08021,,866-278-3674,E,,Public - Credit card at all times,24 hours daily,A CleanEnergy D M V Voyager Wright_Exp,,B,3600,,,,,,,200-9,39.811305,-74.96135,2023-12-13,50049,2024-01-31 22:07:01 UTC,T,,,2014-09-01,,HD,,,,US,,,,Public - Carte de crédit en tout temps,,public,CREDIT_CARD_ALWAYS,,FLEET_GARAGE,2,LANDFILL,1000,,,,,,,,,B,3600,HD,,,false,,,,,,true,,HD,
CNG,Clean N' Green,1224 Hayes Blvd,,Bristol,PA,19007,,800-331-3441,E,,Public - Credit card at all times,24 hours daily,D FuelMan M Proprietor V Voyager Wright_Exp,,Q,3600,,,,,,,GPS,40.12200885915346,-74.85664414218901,2023-07-11,50050,2024-04-02 14:10:10 UTC,P,,,2013-03-20,,HD,,,,US,,,,Public - Carte de crédit en tout temps,,public,CREDIT_CARD_ALWAYS,,STANDALONE_STATION,1,,,,,,,,,,,Q,3600,HD,,,false,,,,,,,,HD,
CNG,CNG 4 America - Bryan,2890 N Harvey Mitchell Pkwy,Located at Big Gas Truck Stop.,Bryan,TX,77807,,888-560-5556  979-778-9345,E,,Public - Credit card at all times,24 hours daily,A D EFS FuelMan M V Voyager Wright_Exp,,Q,3600,,,,,,,200-9,30.725159,-96.425728,2023-06-12,50052,2024-01-31 22:07:01 UTC,P,,,2013-03-08,,HD,,,,US,,,,Public - Carte de crédit en tout temps,,public,CREDIT_CARD_ALWAYS,,TRUCK_STOP,2,,1750,,,,,,,,,Q,3600,HD,,,false,,,,,,false,,HD,
CNG,CNG 4 America - Katy,24985 Katy Fwy,Located at Texaco Truck Stop - Sunmart #131. Dispensers are on extended diesel islands and the new CNG auto island.,Katy,TX,77494,,888-560-5556  281-395-0515,E,,Public - Credit card at all times,24 hours daily; Also accepts RFID cards,A D FuelMan M V Voyager Wright_Exp,,Q,3600,,,,,,,200-9,29.784231,-95.800795,2023-06-12,50053,2024-01-31 22:07:01 UTC,P,,,2015-03-04,,HD,,,,US,,,,Public - Carte de crédit en tout temps,,public,CREDIT_CARD_ALWAYS,,TRUCK_STOP,3,,1250,,,,,,,,,Q,3600,HD,,,false,,,,,,false,,HD,
CNG,CNG 4 America - Rosenberg,26111 Southwest Fwy,Located at Valero Truck Stop - US 59 Fuelmart.,Rosenberg,TX,77471,,888-560-5556  832-595-9772,E,,Public - Credit card at all times,24 hours daily; Also accepts RFID cards,A D EFS FuelMan M V Voyager Wright_Exp,,Q,3600,,,,,,,200-9,29.533464,-95.776052,2023-06-12,50055,2024-01-31 22:07:01 UTC,P,,,2014-09-30,,HD,,,,US,,,,Public - Carte de crédit en tout temps,,public,CREDIT_CARD_ALWAYS,,TRUCK_STOP,3,,1300,,,,,,,,,Q,3600,HD,,,false,,,,,,false,,HD,
CNG,Clean N' Green,13793 Redwood Ave,,Chino,CA,91710,,800-331-3441,E,,Public - Credit card at all times,24 hours daily,D FuelMan M Proprietor V Voyager Wright_Exp,,B,3600,,,,,,,200-9,34.002873,-117.686257,2023-07-11,50240,2024-04-02 14:10:10 UTC,P,,,2013-01-16,,HD,,,,US,,,,Public - Carte de crédit en tout temps,,public,CREDIT_CARD_ALWAYS,,STANDALONE_STATION,1,,,,,,,,,,,B,3600,HD,,,false,,,,,,,,HD,
CNG,Pensacola Energy - Pine Forest,6722 Pine Forest Rd,,Pensacola,FL,32526,,850-474-5307,E,,Public - Credit card at all times,24 hours daily,D FleetOne FuelMan GasCard M V Voyager Wright_Exp,,B,3600,,,,,,,200-9,30.477803,-87.304989,2023-09-14,50259,2024-01-31 22:07:01 UTC,LG,,,2012-11-01,,HD,,,,US,,,,Public - Carte de crédit en tout temps,,public,CREDIT_CARD_ALWAYS,,UTILITY,2,NONE,75,34538,,,,,,,,B,3600,HD,,,false,,,,,,true,,HD,
CNG,Trillium,550 Southrock Dr,"Highway 20, Exit Highway 2 N",Rockford,IL,61102,,800-920-1166,E,,Public - Credit card at all times,24 hours daily; call 800-920-1166 to set up an account,A D EFS M TCH Tchek Trillium V Voyager Wright_Exp,,Q,3600,,,,,,,200-9,42.22456,-89.109935,2023-12-13,50261,2024-01-31 22:07:01 UTC,P,,,2012-12-01,,HD,,,,US,,,,Public - Carte de crédit en tout temps,,public,CREDIT_CARD_ALWAYS,,STANDALONE_STATION,4,,800,,,,,,,,,Q,3600,HD,,,false,,,,,,,,HD,
CNG,OnCue #112 - C-Store,13600 N Western Ave,SE Corner of Memorial & N Western.,Oklahoma City,OK,73114,,405-752-4597,E,,Public,24 hours daily,Cash FuelMan M V Voyager Wright_Exp,,Q,3600,,,,,,,200-9,35.608029,-97.530713,2023-10-12,50268,2024-01-31 22:07:01 UTC,P,,,2013-10-30,,HD,,,,US,,,,Public,,public,,,CONVENIENCE_STORE,1,NONE,1000,,,,,,,,,Q,3600,HD,,,false,,,,,,true,,HD,
CNG,Zeit Energy - Atmos Energy,1540 Tech Center Pkwy,,Arlington,TX,76014,,817-223-1401,E,,Public - Credit card at all times,24 hours daily,A D FuelMan M V Voyager Wright_Exp,,Q,3600,,,,,,,200-8,32.68081,-97.087869,2023-06-12,50272,2024-01-31 22:07:01 UTC,P,,,2014-11-15,,HD,,,,US,,,,Public - Carte de crédit en tout temps,,public,CREDIT_CARD_ALWAYS,,STANDALONE_STATION,1,,75,36000,,,,,,,,Q,3600,HD,,,false,,,,,,false,,HD,
CNG,Domino Express #1,1709 S Highway 183,,Clinton,OK,73601,,580-323-2929,E,,Public - Credit card at all times,24 hours daily,A Comdata D EFS FuelMan M V Voyager Wright_Exp,,Q,3600,,,,,,,200-9,35.490972,-98.967096,2024-01-09,50646,2024-01-31 22:07:01 UTC,P,,,2012-07-20,,HD,,,,US,,,,Public - Carte de crédit en tout temps,,public,CREDIT_CARD_ALWAYS,,CONVENIENCE_STORE,1,,680,30000,,,,,,,,Q,3600,HD,,,false,,,,,,,,HD,
CNG,Northeast Oklahoma Public Facilities Authority - Stilwell,81075 Highway 59,"Located on east side of Highway 59, across from Maryetta School (.25 mi north of the intersection of Highway 51 and Highway 59)",Stilwell,OK,74960,,918-696-4177,E,,Public - Credit card at all times,24 hours daily,D FuelMan M V Voyager Wright_Exp,,Q,3600,,,,,,,GPS,35.8387307075083,-94.63101432649228,2023-10-12,50648,2024-01-31 22:07:01 UTC,SG,,,2013-01-01,,HD,,,,US,,,,Public - Carte de crédit en tout temps,,public,CREDIT_CARD_ALWAYS,,STATE_GOV,4,,300,40000,,,,,,,,Q,3600,HD,,,false,,,,,,false,,HD,
CNG,Dandy Mini-Mart,474 Reuter Blvd,,Towanda,PA,18848,,570-265-6380,E,,Public,24 hours daily,A Cash D EFS FuelMan M V Wright_Exp,,Q,3600,,,,,,,200-8,41.787689,-76.453971,2023-09-14,50649,2024-01-31 22:07:01 UTC,P,,,2013-01-15,,HD,,,,US,,,,Public,,public,,,CONVENIENCE_STORE,2,,,,,,,,,,,Q,3600,HD,,,false,,,,,,,,HD,
CNG,Beyond6,2125 Sanders Rd,I-40 and Route 64,Conway,AR,72032,,877-872-3966,E,,Public - Credit card at all times,24 hours daily,A D EFS FuelMan M Tchek V Wright_Exp,,Q,3600,,,,,,,GPS,35.106478,-92.43572,2023-04-06,51466,2024-01-31 22:07:01 UTC,P,,,2013-10-24,,HD,,,,US,,,,Public - Carte de crédit en tout temps,,public,CREDIT_CARD_ALWAYS,,STANDALONE_STATION,2,NONE,500,38925,,,,,,,,Q,3600,HD,,,false,,,,,,true,,HD,
CNG,Beyond6,1490 S County Rd 700 W,Just east of the I-65 and SR28 interchange.,Frankfort,IN,46041,,877-872-3966,E,,Public - Credit card at all times,24 hours daily,A Comdata D FuelMan M V Wright_Exp,,Q,3600,,,,,,,200-8,40.185035,-86.53319,2023-04-06,51470,2024-01-31 22:07:01 UTC,P,,,2013-03-15,,HD,,,,US,,,,Public - Carte de crédit en tout temps,,public,CREDIT_CARD_ALWAYS,,STANDALONE_STATION,3,NONE,1600,,,,,,,,,Q,3600,HD,,,false,,,,,,true,,HD,
CNG,Beyond6,8701 Colonel H Weir Cook Memorial Dr,Indianapolis Airport,Indianapolis,IN,46241,,877-872-3966,E,,Public - Credit card at all times,24 hours daily,A Comdata D EFS M TCH Tchek V Wright_Exp,,Q,3600,,,,,,,GPS,39.69989629999999,-86.31425445606692,2023-04-06,51471,2024-01-31 22:07:01 UTC,P,,,2014-02-15,,HD,,,,US,,,,Public - Carte de crédit en tout temps,,public,CREDIT_CARD_ALWAYS,,AIRPORT,2,NONE,600,,,,,,,,,Q,3600,HD,,,false,,,,,,true,,HD,
CNG,Piedmont Natural Gas - Spartanburg,501 W Blackstock Rd,Near I-26 Exit 21B,Spartanburg,SC,29301,,877-840-0043,E,,Public - Credit card at all times,24 hours daily,A Comdata D EFS FleetOne FuelMan M TCH Tchek V Voyager Wright_Exp,,Q,3600,,,,,,,200-9,34.94618,-81.996914,2023-07-11,51479,2024-01-31 22:07:01 UTC,T,,,2013-04-10,,HD,,,,US,,,,Public - Carte de crédit en tout temps,,public,CREDIT_CARD_ALWAYS,,UTILITY,2,NONE,,,,,,,,,,Q,3600,HD,,,false,,,,,,true,,HD,
CNG,ReFuel Sacramento,8550 Fruitridge Rd,,Sacramento,CA,95826,,916-455-2800,E,,Public - Card key after hours,6am-5pm M-F; 24 hours daily with gate code; call 916-288-2800 for more information,A CFN CleanEnergy Comdata D FuelMan M V Voyager Wright_Exp,,Q,3600,,,,,,,200-8,38.525206,-121.387843,2023-05-03,51600,2024-01-31 22:07:01 UTC,P,,,2014-06-15,,HD,,,,US,,,,Public - Carte-clé après les heures d'ouverture,,public,KEY_AFTER_HOURS,,STANDALONE_STATION,4,NONE,900,29657,,,,,,,,Q,3600,HD,,,false,,,,,,true,,HD,
CNG,Clean Energy - Orlando Airport,6155 Cargo Rd,,Orlando,FL,32827,,866-809-4869,E,,Public - Credit card at all times,24 hours daily; call 866-809-4869 for Clean Energy card,A CleanEnergy D FleetOne FuelMan M V Voyager Wright_Exp,,Q,3000 3600,,,,,,,200-8,28.442255,-81.300819,2023-07-11,51604,2024-01-31 22:07:01 UTC,P,,,2015-02-18,,HD,,,,US,,,,Public - Carte de crédit en tout temps,,public,CREDIT_CARD_ALWAYS,,AIRPORT,2,NONE,,,,,,,,,,Q,3000 3600,HD,,,false,,,,,,true,,HD,
CNG,Trillium,1905 Prospect Ct,"I-41, Exit 136",Appleton,WI,54914,,800-920-1166,E,,Public - Credit card at all times,24 hours daily,A D EFS M TCH Tchek Trillium V Voyager Wright_Exp,,Q,3600,,,,,,,200-9,44.245683,-88.483089,2023-12-13,51612,2024-01-31 22:07:01 UTC,P,,,2013-11-08,,HD,,,,US,,,,Public - Carte de crédit en tout temps,,public,CREDIT_CARD_ALWAYS,,STANDALONE_STATION,2,,700,,,,,,,,,Q,3600,HD,,,false,,,,,,,,HD,
CNG,Athens Utilities Board,1818 Holiday Dr,,Athens,TN,37303,,423-745-4501,E,,Public - Credit card at all times,24 hours daily,A CREDIT D M V,,Q,3600,,,,,,,200-9,35.467829,-84.644781,2023-09-14,51621,2024-01-31 22:07:01 UTC,P,,,2013-04-20,,HD,,,,US,,,,Public - Carte de crédit en tout temps,,public,CREDIT_CARD_ALWAYS,,UTILITY,2,,216,30000,,,,,,,,Q,3600,HD,,,false,,,,,,false,,HD,
CNG,Pensacola Energy - Ellyson Industrial Park,3320 Copter Rd,,Pensacola,FL,32514,,850-474-5307,E,,Public - Credit card at all times,24 hours daily,D FleetOne FuelMan GasCard M V Voyager Wright_Exp,,B,3600,,,,,,,200-8,30.527696,-87.198188,2023-09-14,51875,2024-01-31 22:07:01 UTC,LG,,,2014-05-07,,HD,,,,US,,,,Public - Carte de crédit en tout temps,,public,CREDIT_CARD_ALWAYS,,UTILITY,1,NONE,75,33930,,,,,,,,B,3600,HD,,,false,,,,,,true,,HD,
CNG,City of Augusta,3035 Tobacco Rd,U.S. Highway 1,Hephzibah,GA,30815,,706-829-1273,E,,Public - Credit card at all times,24 hours daily,A D M V Voyager Wright_Exp,,Q,3600,,,,,,,200-9,33.392931,-82.11295,2023-08-10,51876,2024-01-31 22:07:01 UTC,LG,,,2013-05-01,,HD,,,,US,,,,Public - Carte de crédit en tout temps,,public,CREDIT_CARD_ALWAYS,,MUNI_GOV,2,,,,,,,,,,,Q,3600,HD,,,false,,,,,,,,HD,
CNG,CNG Source Fueling,7005 Brookville Rd,,Indianapolis,IN,46239,,317-353-8241,E,,Public - Credit card at all times,24 hours daily,Comdata D EFS M V Voyager Wright_Exp,,Q,3600,,,,,,,200-8,39.754424,-86.047376,2024-02-12,51878,2024-02-12 21:24:44 UTC,P,,,2014-11-20,,HD,,,,US,,,,Public - Carte de crédit en tout temps,,public,CREDIT_CARD_ALWAYS,,STANDALONE_STATION,2,,780,69000,,,,,,,,Q,3600,HD,,,false,,,,,,false,,HD,
CNG,City of Columbus - CNG North,2333 Morse Rd,2 miles from I-71,Columbus,OH,43229,,614-645-8281,E,,Public - Credit card at all times,24 hours daily; call 614-645-8333 for after hour access; security fobs are available for sale to allow access after the gates have closed; please email cng@columbus.gov for more information,M V,,Q,3600,,,,,,,200-9,40.059311,-82.956922,2023-07-11,51881,2024-01-31 22:07:01 UTC,LG,,,2014-07-15,,HD,,,,US,,,,Public - Carte de crédit en tout temps,,public,CREDIT_CARD_ALWAYS,,MUNI_GOV,6,,664,,,,,,,,,Q,3600,HD,,,false,,,,,,false,,HD,
CNG,Kwik Trip #887,4735 Converters Dr,,Appleton,WI,54913,,920-830-3189,E,,Public,24 hours daily,A Cash Checks Comdata D EFS FleetOne M TCH Tchek V Voyager Wright_Exp,,Q,3600,,,,,,,200-9,44.288733,-88.477893,2024-01-09,51885,2024-01-31 22:07:01 UTC,P,,,2013-04-30,,HD,,,,US,,,,Public,,public,,,CONVENIENCE_STORE,2,,1400,,,,,,,,,Q,3600,HD,,,false,,,,,,false,,HD,
CNG,Beyond6,523 Perry Pkwy,,Perry,GA,31069,,877-872-3966,E,,Public - Credit card at all times,24 hours daily,A D FuelMan M V Wright_Exp,,Q,3600,,,,,,,200-9,32.492435,-83.740402,2023-04-06,52202,2024-01-31 22:07:01 UTC,P,,,2013-12-16,,HD,,,,US,,,,Public - Carte de crédit en tout temps,,public,CREDIT_CARD_ALWAYS,,TRUCK_STOP,3,NONE,1380,28125,,,,,,,,Q,3600,HD,,,false,,,,,,true,,HD,
CNG,Ozinga Energy - Des Plaines,200 Jarvis Ave,Off of Mt Prospect Rd just north of O'Hare International Airport,Des Plaines,IL,60018,,888-656-0141,E,,Public - Credit card at all times,24 hours daily; customers may set up a fuel account to pay for fuel; call 888-656-0141 to set up a fleet account,FuelMan M Proprietor V Wright_Exp,,B,3600,,,,,,,200-9,42.012901,-87.924312,2023-12-13,52203,2024-01-31 22:07:01 UTC,P,,,2014-09-15,,HD,,,,US,,,,Public - Carte de crédit en tout temps,,public,CREDIT_CARD_ALWAYS,,STANDALONE_STATION,2,,1400,30375,,,,,,,,B,3600,HD,,,false,,,,,,false,,HD,
CNG,Homewood Disposal Services - Gary,400 E Blaine St,I-80 / I-94 Exit 5 North 3 Miles,Gary,IN,46406,,708-798-1004,E,,Public - Credit card at all times,24 hours daily; customers may call station for details on fleet service,D M V Voyager Wright_Exp,,B,3600,,,,,,,200-9,41.605516,-87.429389,2024-02-12,52204,2024-02-12 21:24:44 UTC,P,,,2013-10-01,,HD,,,,US,,,,Public - Carte de crédit en tout temps,,public,CREDIT_CARD_ALWAYS,,STANDALONE_STATION,1,,900,5500,,,,,,,,B,3600,HD,,,false,,,,,,false,,HD,
CNG,Beyond6,1767 S Old US 41,Intersection at E Brown Rd,Vincennes,IN,47591,,877-872-3966,E,,Public - Credit card at all times,24 hours daily,A Comdata D FuelMan M V Wright_Exp,,Q,3000 3600,,,,,,,200-9,38.650869,-87.530561,2023-04-06,52206,2024-01-31 22:07:01 UTC,P,,,2013-06-15,,HD,,,,US,,,,Public - Carte de crédit en tout temps,,public,CREDIT_CARD_ALWAYS,,STANDALONE_STATION,2,NONE,800,,,,,,,,,Q,3000 3600,HD,,,false,,,,,,true,,HD,
CNG,CNG Services LLC,2950 N Ohio St,Take Hydraulic exit from I-135 N or K-96 W. Left onto 29th St around to Ohio St,Wichita,KS,67219,,816-532-4750,E,,Public - Credit card at all times,24 hours daily,A D M V Voyager Wright_Exp,,Q,3600,,,,,,,200-9,37.737099,-97.32375,2023-10-12,52207,2024-01-31 22:07:01 UTC,P,,,2013-06-13,,HD,,,,US,,,,Public - Carte de crédit en tout temps,,public,CREDIT_CARD_ALWAYS,,STANDALONE_STATION,1,NONE,688,22500,,,,,,,,Q,3600,HD,,,false,,,,,,true,,HD,
CNG,"Memphis Light, Gas and Water - South Center",3071 S Center Dr,Located off Brooks Rd at Highway 61,Memphis,TN,38109,,901-320-1062,E,,Public - Credit card at all times,24 hours daily,D FuelMan M V Voyager Wright_Exp,,B,3600,,,,,,,200-8,35.066272,-90.052743,2024-02-12,52211,2024-02-12 21:24:44 UTC,LG,,,2014-12-15,,HD,,,,US,,,,Public - Carte de crédit en tout temps,,public,CREDIT_CARD_ALWAYS,,UTILITY,4,NONE,185,,,,,,,,,B,3600,HD,,,false,,,,,,true,,HD,
CNG,Beyond6,1606 Exchange Pkwy,,Waco,TX,76712,,877-872-3966,E,,Public - Credit card at all times,24 hours daily,A D FuelMan M V Wright_Exp,,Q,3600,,,,,,,200-9,31.499498,-97.173412,2023-04-06,52214,2024-01-31 22:07:01 UTC,P,,,2014-07-09,,HD,,,,US,,,,Public - Carte de crédit en tout temps,,public,CREDIT_CARD_ALWAYS,,STANDALONE_STATION,3,NONE,1440,28125,,,,,,,,Q,3600,HD,,,false,,,,,,true,,HD,
CNG,GAIN Clean Fuel - Green Bay,1618 Velp Ave,,Green Bay,WI,54303,,800-438-7912,E,,Public - Credit card at all times,24 hours daily; Also accepts Diners Club and JCB,A CFN Comdata D EFS FleetOne FuelMan GasCard M TCH Tchek V Voyager Wright_Exp,,Q,3600,,,,,,,200-9,44.548802,-88.04744,2023-04-06,52215,2024-01-31 22:07:01 UTC,P,,,2013-05-01,,HD,,,,US,,,,Public - Carte de crédit en tout temps,,public,CREDIT_CARD_ALWAYS,,STANDALONE_STATION,2,,975,36000,,,,,,,,Q,3600,HD,,,false,,,,,,,,HD,
CNG,Kwik Trip #456,2145 County Highway Pb,,Verona,WI,53593,,608-848-9040,E,,Public,24 hours daily,A Cash Checks D EFS M V Voyager Wright_Exp,,Q,3600,,,,,,,200-9,42.971256,-89.512884,2024-01-09,52216,2024-01-31 22:07:01 UTC,P,,,2013-06-25,,HD,,,,US,,,,Public,,public,,,CONVENIENCE_STORE,2,,1400,,,,,,,,,Q,3600,HD,,,false,,,,,,true,,HD,
CNG,City of Athens - Gas Department,1755 Trigreen Dr,"I-65 exit 354, near intersection of U.S. HWY 31 and Elm St.",Athens,AL,35611,,256-434-6122,E,,Public - Credit card at all times,24 hours daily; Also accepts Right Express. REX,D FuelMan M V,,Q,3600,,,,,,,GPS,34.818951,-86.942404,2022-10-11,52482,2024-01-31 22:07:01 UTC,LG,,,2013-07-22,,HD,,,,US,,,,Public - Carte de crédit en tout temps,,public,CREDIT_CARD_ALWAYS,,MUNI_GOV,1,,927,36000,,,,,,,,Q,3600,HD,,,false,,,,,,false,,HD,
CNG,Ozinga Energy - Lumber St,2222 S Lumber St,2 Blocks East of Cermak and Halsted.,Chicago,IL,60616,,888-656-0141,E,,Public - Credit card at all times,24 hours daily; customers may set up a fuel account to pay for fuel; call 888-656-0141 to set up a fleet account,FuelMan M Proprietor V Wright_Exp,,B,3600,,,,,,,200-8,41.852403,-87.642494,2023-12-13,52485,2024-01-31 22:07:01 UTC,P,,,2012-09-01,,HD,,,,US,,,,Public - Carte de crédit en tout temps,,public,CREDIT_CARD_ALWAYS,,STANDALONE_STATION,3,,1200,29728,,,,,,,,B,3600,HD,,,false,,,,,,,,HD,
CNG,Ozinga Energy - Mokena,18825 Old Lagrange Rd,Located at the Ready Mix Plant off to the left hand side,Mokena,IL,60448,,888-656-0141,E,,Public - Credit card at all times,24 hours daily; customers may set up a fuel account to pay for fuel; call 888-656-0141 to set up a fleet account,FuelMan M Proprietor V Wright_Exp,,B,3600,,,,,,,200-8,41.54841,-87.85004,2023-12-13,52486,2024-01-31 22:07:01 UTC,P,,,2013-04-15,,HD,,,,US,,,,Public - Carte de crédit en tout temps,,public,CREDIT_CARD_ALWAYS,,STANDALONE_STATION,2,,900,5500,,,,,,,,B,3600,HD,,,false,,,,,,false,,HD,
CNG,Beyond6,510 S Post Rd,,Indianapolis,IN,46239,,877-872-3966,E,,Public - Credit card at all times,24 hours daily,A Comdata D EFS FuelMan M TCH Tchek V Wright_Exp,,Q,3600,,,,,,,200-8,39.761489,-86.008987,2023-04-06,52487,2024-01-31 22:07:01 UTC,T,,,2014-03-28,,HD,,,,US,,,,Public - Carte de crédit en tout temps,,public,CREDIT_CARD_ALWAYS,,UTILITY,1,NONE,500,45600,,,,,,,,Q,3600,HD,,,false,,,,,,true,,HD,
CNG,Beyond6,290 Yost Dr,,Lafayette,IN,47941,,877-872-3966,E,,Public - Credit card at all times,24 hours daily,A Comdata EFS FuelMan M TCH Tchek V Wright_Exp,,Q,3600,,,,,,,GPS,40.37502677191287,-86.77827655952456,2023-04-06,52488,2024-01-31 22:07:01 UTC,T,,,2013-11-01,,HD,,,,US,,,,Public - Carte de crédit en tout temps,,public,CREDIT_CARD_ALWAYS,,UTILITY,2,NONE,500,45600,,,,,,,,Q,3600,HD,,,false,,,,,,true,,HD,
CNG,Kwik Trip #681,4400 O'Day Ave NE,Off of MN 241,St. Michael,MN,55376,,763-497-2447,E,,Public,24 hours daily,A Cash Checks Comdata D EFS FleetOne FuelMan M TCH Tchek V Voyager Wright_Exp,,Q,3600,,,,,,,GPS,45.217806,-93.598222,2023-05-03,52490,2024-05-09 20:32:20 UTC,P,,,2013-07-16,,HD,,,,US,,,,Public,,public,,,CONVENIENCE_STORE,2,LANDFILL,1400,,,,,,,,,Q,3600,HD,,,false,,,,,,true,,HD,
CNG,River Valley Transit,1550 W 3rd St,At the Streets and Parks Building.,Williamsport,PA,17701,,570-326-2500,E,,Public - Credit card at all times,24 hours daily,A D FuelMan M V Voyager Wright_Exp,,B,3600,,,,,,,200-8,41.237004,-77.038235,2023-08-10,52495,2024-01-31 22:07:01 UTC,LG,,,2013-11-15,,HD,,,,US,,,,Public - Carte de crédit en tout temps,,public,CREDIT_CARD_ALWAYS,,FLEET_GARAGE,1,NONE,1483,19121,,,,,,,,B,3600,HD,,,false,,,,,,false,,HD,
CNG,Love's Travel Stop #294,8800 S Polk St,"I-20, Exit 466",Dallas,TX,75232,,972-224-5970,E,,Public,"24 hours daily; Also accepts ComCheck, MultiService, Love's Express, Love's Gift Card, My Love Rewards, QuikQ",A ANDROID_PAY APPLE_PAY Cash Checks Comdata D Debit EFS FleetOne FuelMan M TCH Tchek V Voyager Wright_Exp,,Q,3600,,,,,,,200-9,32.645801,-96.840907,2023-12-13,52496,2024-01-31 22:07:01 UTC,P,,,2014-08-01,,HD,,,,US,,,,Public,,public,,,CONVENIENCE_STORE,4,,,,,,,,,,,Q,3600,HD,,,false,,,,,,false,,HD,
CNG,Love's Travel Stop #281,200 Garden Acres Dr,"I-35 W, Exit 40",Fort Worth,TX,76140,,817-293-5118,E,,Public,"24 hours daily; Also accepts ComCheck, MultiService, Love's Express, Love's Gift Card, My Love Rewards, QuikQ",A ANDROID_PAY APPLE_PAY Cash Checks Comdata D Debit EFS FleetOne FuelMan M TCH Tchek V Voyager Wright_Exp,,Q,3600,,,,,,,200-9,32.598649,-97.317542,2023-12-13,52497,2024-01-31 22:07:01 UTC,P,,,2014-08-08,,HD,,,,US,,,,Public,,public,,,CONVENIENCE_STORE,4,,,,,,,,,,,Q,3600,HD,,,false,,,,,,false,,HD,
CNG,Love's Travel Stop #315,3940 N McCarty St,"Loop 610, Exit 24A",Houston,TX,77013,,713-670-0235,E,,Public,"24 hours daily; Also accepts ComCheck, MultiService, Love's Express, Love's Gift Card, My Love Rewards, QuikQ",A ANDROID_PAY APPLE_PAY Cash Checks Comdata D Debit EFS FleetOne FuelMan M TCH Tchek V Voyager Wright_Exp,,Q,3600,,,,,,,200-9,29.797098,-95.267537,2023-12-13,52498,2024-01-31 22:07:01 UTC,P,,,2014-06-30,,HD,,,,US,,,,Public,,public,,,CONVENIENCE_STORE,4,,,,,,,,,,,Q,3600,HD,,,false,,,,,,,,HD,
CNG,Love's Travel Stop #234,612 Pederson Rd,"I-10, Exit 737",Katy,TX,77493,,281-391-5556,E,,Public,"24 hours daily; Also accepts ComCheck, MultiService, Love's Express, Love's Gift Card, My Love Rewards, QuikQ, Apple Pay, Android Pay, Samsung Pay",A Cash Checks Comdata D Debit EFS FleetOne FuelMan M TCH Tchek V Voyager Wright_Exp,,Q,3600,,,,,,,200-9,29.779825,-95.881549,2023-12-13,52499,2024-01-31 22:07:01 UTC,P,,,2014-08-15,,HD,,,,US,,,,Public,,public,,,CONVENIENCE_STORE,4,,,,,,,,,,,Q,3600,HD,,,false,,,,,,,,HD,
CNG,GAIN Clean Fuel - Longview,131 Pittman Rd,Behind the Denny's on Eastman Rd,Longview,TX,75602,,903-753-0242  800-438-7912,T,2013-06-01,TEMPORARILY UNAVAILABLE (Public - Credit card at all times),24 hours daily; Also accepts Diners Club and JCB,A CFN Comdata D EFS FleetOne FuelMan GasCard M TCH Tchek V Voyager Wright_Exp,,Q,3600,,,,,,,200-9,32.4532,-94.706348,2023-04-06,52500,2024-01-31 22:07:01 UTC,P,,,2013-06-01,,HD,,,,US,,,,TEMPORAIREMENT SUSPENDU (Public - Carte de crédit en tout temps),,public,CREDIT_CARD_ALWAYS,,STANDALONE_STATION,4,,1600,36000,,,,,,,,Q,3600,HD,,,false,,,,,,,,HD,
CNG,Love's Travel Stop #486,7401 S Choctaw Rd,"I-40, take exit 166",Choctaw,OK,73020,,405-391-3855,E,,Public,24 hours daily,A Cash Checks D EFS FleetOne FuelMan M TCH Tchek V Voyager Wright_Exp,,Q,3600,,,,,,,200-9,35.395749,-97.267868,2023-12-13,52501,2024-01-31 22:07:01 UTC,P,,,2013-08-14,,HD,,,,US,,,,Public,,public,,,CONVENIENCE_STORE,1,,,,,,,,,,,Q,3600,HD,,,false,,,,,,,,HD,
CNG,Love's Travel Stop #283,1990 E I-30,"I-30, Exit 70",Rockwall,TX,75087,,972-722-3178,E,,Public,"24 hours daily; Also accepts ComCheck, MultiService, Love's Express, Love's Gift Card, My Love Rewards, QuikQ",A ANDROID_PAY APPLE_PAY Cash Comdata D Debit EFS FleetOne FuelMan M TCH Tchek V Voyager Wright_Exp,,Q,3600,,,,,,,200-9,32.917907,-96.419128,2023-12-13,52502,2024-01-31 22:07:01 UTC,P,,,2014-11-15,,HD,,,,US,,,,Public,,public,,,CONVENIENCE_STORE,4,,,,,,,,,,,Q,3600,HD,,,false,,,,,,,,HD,
CNG,Love's Travel Stop #242,11361 I-35 Access Rd,"I-35, Exit 144 at Fischer",Von Ormy,TX,78073,,210-623-2329,E,,Public,"24 hours daily; Also accepts QQ, Multiservice, My Love's Rewards Card, Love's Gift Card, Billing Company Checks, Apple/Samsung Pay",A Cash Checks D Debit EFS FleetOne FuelMan M TCH Tchek V Voyager Wright_Exp,,Q,3600,,,,,,,GPS,29.31101,-98.617826,2023-12-13,52503,2024-01-31 22:07:01 UTC,P,,,2014-11-01,,HD,,,,US,,,,Public,,public,,,CONVENIENCE_STORE,2,,,,,,,,,,,Q,3600,HD,,,false,,,,,,,,HD,
CNG,Kwik Trip #871,5821 Green Valley Rd,,Oshkosh,WI,54904,,920-232-1278,E,,Public,24 hours daily,A Cash Checks Comdata D EFS FleetOne FuelMan M TCH Tchek V Voyager Wright_Exp,,Q,3600,,,,,,,200-9,44.100798,-88.541833,2024-01-09,52506,2024-01-31 22:07:01 UTC,P,,,2013-08-15,,HD,,,,US,,,,Public,,public,,,CONVENIENCE_STORE,2,,1400,,,,,,,,,Q,3600,HD,,,false,,,,,,true,,HD,
CNG,Beyond6,9400 Highland Dr,,Jonesboro,AR,72401,,877-872-3966,E,,Public - Credit card at all times,24 hours daily,A D FuelMan M V Wright_Exp,,Q,3600,,,,,,,200-8,35.821863,-90.570635,2023-04-06,52681,2024-01-31 22:07:01 UTC,P,,,2013-10-15,,HD,,,,US,,,,Public - Carte de crédit en tout temps,,public,CREDIT_CARD_ALWAYS,,STANDALONE_STATION,2,NONE,930,28125,,,,,,,,Q,3600,HD,,,false,,,,,,true,,HD,
CNG,Trillium,4612 S 50th St,"Highway 41, Exit Madison Ave.",Tampa,FL,33619,,800-920-1166,E,,Public - Credit card at all times,24 hours daily,A D EFS M TCH Tchek Trillium V Voyager Wright_Exp,,Q,3600,,,,,,,200-8,27.90225,-82.40164,2023-12-13,52685,2024-01-31 22:07:01 UTC,P,,,2013-11-15,,HD,,,,US,,,,Public - Carte de crédit en tout temps,,public,CREDIT_CARD_ALWAYS,,STANDALONE_STATION,3,,2025,,,,,,,,,Q,3600,HD,,,false,,,,,,,,HD,
CNG,DeKalb County - Central,3720 Leroy Scott Dr,Located at the DeKalb sanitation transfer station behind the law complex at I-285 and Memorial Dr,Decatur,GA,30032,,404-297-4434,E,,Public - Credit card at all times,6am-10pm M-F,M V Voyager Wright_Exp,,Q,3600,,,,,,,200-9,33.771564,-84.239687,2023-08-10,52686,2024-01-31 22:07:01 UTC,LG,,,2016-03-15,,HD,,,,US,,,,Public - Carte de crédit en tout temps,,public,CREDIT_CARD_ALWAYS,,MUNI_GOV,1,LANDFILL,,,,,,,,,,Q,3600,HD,,,false,,,,,,true,,HD,
CNG,Clean Energy - ABC Disposal,1069 Shawmut Ave,,New Bedford,MA,02746,,866-809-4869,E,,Public - Credit card at all times,24 hours daily; call 866-809-4869 for Clean Energy card,A CleanEnergy D FleetOne FuelMan M V Voyager Wright_Exp,,Q,3600,,,,,,,200-9,41.662033,-70.949338,2023-12-13,52687,2024-01-31 22:07:01 UTC,P,,,2014-04-15,,HD,,,,US,,,,Public - Carte de crédit en tout temps,,public,CREDIT_CARD_ALWAYS,,FLEET_GARAGE,1,NONE,,,,,,,,,,Q,3600,HD,,,false,,,,,,true,,HD,
CNG,Clean Energy - Pembroke,10 Cooperative Way,Route 3/Cooperative Way,Pembroke,NH,03275,,866-809-4869,E,,Public - Credit card at all times,24 hours daily; call 866-809-4869 for Clean Energy card,A CleanEnergy D FuelMan M V Voyager Wright_Exp,,Q,3600,,,,,,,200-9,43.174856,-71.485967,2023-09-14,52688,2024-01-31 22:07:01 UTC,P,,,2014-08-22,,HD,,,,US,,,,Public - Carte de crédit en tout temps,,public,CREDIT_CARD_ALWAYS,,STANDALONE_STATION,2,NONE,8000,,,,,,,,,Q,3600,HD,,,false,,,,,,true,,HD,
CNG,CNG America - Bells Silver Creek - Sinclair,7102 Silver Creek Rd,1-15 Hwy 40 Junction.,Park City,UT,84098,,435-649-9243  801-389-6233,E,,Public - Credit card at all times,24 hours daily,A D GasCard M Proprietor V Wright_Exp,,Q,3000 3600,,,,,,,200-8,40.733902,-111.499306,2023-04-06,52695,2024-01-31 22:07:01 UTC,P,,,2013-12-16,,HD,,,,US,,,,Public - Carte de crédit en tout temps,,public,CREDIT_CARD_ALWAYS,,TRUCK_STOP,2,NONE,430,,,,,,,,,Q,3000 3600,HD,,,false,,,,,,true,,HD,
CNG,Reliance Alternative Fuel,2805 SE 32nd Ave,,Ocala,FL,34471,,352-390-8039,E,,Public - Credit card at all times,24 hours daily,A M V Voyager Wright_Exp,,Q,3600,,,,,,,200-8,29.165471,-82.092855,2023-09-14,52994,2024-01-31 22:07:01 UTC,P,,,2013-09-10,,HD,,,,US,,,,Public - Carte de crédit en tout temps,,public,CREDIT_CARD_ALWAYS,,STANDALONE_STATION,1,,,,,,,,,,,Q,3600,HD,,,false,,,,,,false,,HD,
CNG,Kwik Trip #334,1271 River Dr N,,Mankato,MN,56001,,507-625-4190,E,,Public,24 hours daily,A Cash Checks D EFS M V Voyager Wright_Exp,,Q,3600,,,,,,,200-9,44.18791,-94.012676,2022-05-05,53003,2023-09-20 15:42:21 UTC,P,,,2013-09-10,,HD,,,,US,,,,Public,,public,,,CONVENIENCE_STORE,2,,1400,,,,,,,,,Q,3600,HD,,,false,,,,,,true,,HD,
CNG,Wayne Township Landfill,267 Fritz Rd,,Lock Haven,PA,17745,,570-769-6977,E,,Public,24 hours daily,A Cash D FuelMan M V Voyager Wright_Exp,,Q,3600,,,,,,,GPS,41.15737780840639,-77.34912278042604,2023-08-10,53005,2024-01-31 22:07:01 UTC,P,,,2013-09-15,,HD,,,,US,,,,Public,,public,,,STANDALONE_STATION,1,,,,,,,,,,,Q,3600,HD,,,false,,,,,,false,,HD,
CNG,Dandy Mini-Mart,1131 Elmira St,Off Route 220,Sayre,PA,18840,,570-888-8288,E,,Public - Credit card at all times,24 hours daily,A D Debit EFS M V Wright_Exp,,Q,3600,,,,,,,200-9,41.966439,-76.534294,2023-09-14,53006,2024-01-31 22:07:01 UTC,P,,,2013-05-15,,HD,,,,US,,,,Public - Carte de crédit en tout temps,,public,CREDIT_CARD_ALWAYS,,STANDALONE_STATION,2,,,,,,,,,,,Q,3600,HD,,,false,,,,,,,,HD,
CNG,Kwik Trip #696,940 Baldwin Plaza Dr,,Baldwin,WI,54002,,715-684-5145,E,,Public,24 hours daily,A Cash Checks D EFS M V Voyager Wright_Exp,,Q,3600,,,,,,,200-9,44.941101,-92.373596,2024-01-09,53007,2024-01-31 22:07:01 UTC,P,,,2015-03-12,,HD,,,,US,,,,Public,,public,,,CONVENIENCE_STORE,2,,1400,,,,,,,,,Q,3600,HD,,,false,,,,,,false,,HD,
CNG,Kwik Trip #326,3123 S Highway 51,,Janesville,WI,53546,,608-752-3354,E,,Public,24 hours daily,A Cash Checks Comdata D EFS FleetOne FuelMan M TCH Tchek V Voyager Wright_Exp,,Q,3600,,,,,,,200-9,42.634544,-89.030406,2023-05-03,53008,2024-01-31 22:07:01 UTC,P,,,2013-09-05,,HD,,,,US,,,,Public,,public,,,CONVENIENCE_STORE,2,,1400,,,,,,,,,Q,3600,HD,,,false,,,,,,true,,HD,
CNG,City of Blythe - Palo Verde Valley Transit,201 W 14th Ave,At the intersection of 14th and Main St.,Blythe,CA,92225,,760-922-1140,E,,Public - Credit card at all times,24 hours daily; customers may call 760-922-1140,M V,,Q,3600,,,,,,,200-8,33.603063,-114.598023,2023-05-03,53312,2024-01-31 22:07:01 UTC,LG,,,2014-04-17,,HD,,,,US,,,,Public - Carte de crédit en tout temps,,public,CREDIT_CARD_ALWAYS,,MUNI_GOV,1,,100,30857,,,,,,,,Q,3600,HD,,,false,,,,,,,,HD,
CNG,Kwik Stop BP - 16th St,1215 E 16th St,,Dubuque,IA,52001,,563-557-5180,E,,Public,24 hours daily,A Cash CFN CleanEnergy D M PHH V Voyager,,Q,3600,,,,,,,200-9,42.512003,-90.656218,2023-10-12,53313,2024-03-28 14:43:38 UTC,P,,,2016-03-25,,HD,,,,US,,,,Public,,public,,,TRUCK_STOP,4,,,,,,,,,,,Q,3600,HD,,,false,,,,,,false,,HD,
CNG,Gaubert Food Marts Inc,551 S Van Ave,,Houma,LA,70363,,985-580-3339,E,,Public,24 hours daily,A Cash Checks D FuelMan M V Voyager Wright_Exp,,Q,3600,,,,,,,200-9,29.577119,-90.710145,2024-05-09,53316,2024-05-09 20:33:30 UTC,P,,,2013-09-30,,HD,,,,US,,,,Public,,public,,,CONVENIENCE_STORE,2,,,,,,,,,,,Q,3600,HD,,,false,,,,,,false,,HD,
CNG,GAIN Clean Fuel - Akron,1195 S Arlington St,,Akron,OH,44306,,800-438-7912,E,,Public - Credit card at all times,24 hours daily; Also accepts Diners Club and JCB,A CFN Comdata D EFS FleetOne FuelMan GasCard M TCH Tchek V Voyager Wright_Exp,,Q,3600,,,,,,,200-9,41.03974,-81.49017,2023-04-06,53321,2024-01-31 22:07:01 UTC,P,,,2014-01-01,,HD,,,,US,,,,Public - Carte de crédit en tout temps,,public,CREDIT_CARD_ALWAYS,,STANDALONE_STATION,2,,958,36000,,,,,,,,Q,3600,HD,,,false,,,,,,,,HD,
CNG,CNG of New Holland,251 Commerce Dr,,New Holland,PA,17557,,717-354-5102,E,,Public - Credit card at all times,24 hours daily,A D M V,,Q,3600,,,,,,,200-9,40.087252,-76.095113,2023-08-10,53323,2024-01-31 22:07:01 UTC,P,,,2013-02-02,,HD,,,,US,,,,Public - Carte de crédit en tout temps,,public,CREDIT_CARD_ALWAYS,,STANDALONE_STATION,1,NONE,1236,33982,,,,,,,,Q,3600,HD,,,false,,,,,,true,,HD,
CNG,CNG Fuel LLC,20511 Paint Blvd,"Route 66 in Shippenville, take exit 60 I-80.",Shippenville,PA,16254,,814-470-4264,E,,Public - Credit card at all times,24 hours daily,A D FuelMan M V Voyager Wright_Exp,,Q,3600,,,,,,,200-8,41.228814,-79.431538,2024-01-09,53324,2024-01-31 22:07:01 UTC,P,,,2014-04-28,,HD,,,,US,,,,Public - Carte de crédit en tout temps,,public,CREDIT_CARD_ALWAYS,,STANDALONE_STATION,2,,250,,,,,,,,,Q,3600,HD,,,false,,,,,,,,HD,
CNG,Kwik Trip #499,15700 W Small Rd,,New Berlin,WI,53151,,262-641-7452,E,,Public - Credit card at all times,24 hours daily,A D EFS M V Voyager Wright_Exp,,Q,3600,,,,,,,200-9,42.94468,-88.110351,2024-01-09,53327,2024-01-31 22:07:01 UTC,P,,,2013-11-04,,HD,,,,US,,,,Public - Carte de crédit en tout temps,,public,CREDIT_CARD_ALWAYS,,CONVENIENCE_STORE,2,,1400,,,,,,,,,Q,3600,HD,,,false,,,,,,true,,HD,
CNG,Cullman - Jefferson Gas,1550 County Rd 715,,Hanceville,AL,35077,,256-734-1911,E,,Public - Credit card at all times,24 hours daily,D M V Voyager Wright_Exp,,Q,3600,,,,,,,200-9,34.132047,-86.815607,2023-09-14,53619,2024-01-31 22:07:01 UTC,T,,,2013-11-25,,HD,,,,US,,,,Public - Carte de crédit en tout temps,,public,CREDIT_CARD_ALWAYS,,UTILITY,1,,,,,,,,,,,Q,3600,HD,,,false,,,,,,,,HD,
CNG,Trillium,1120 E Paige Ave,,Tulare,CA,93274,,800-920-1166,E,,Public - Credit card at all times,24 hours daily,A D M V Voyager Wright_Exp,,Q,3600,,,,,,,200-8,36.182337,-119.330196,2023-12-13,53625,2024-01-31 22:07:01 UTC,P,,,2014-05-27,,HD,,,,US,,,,Public - Carte de crédit en tout temps,,public,CREDIT_CARD_ALWAYS,,STANDALONE_STATION,2,,1400,,,,,,,,,Q,3600,HD,,,false,,,,,,,,HD,
CNG,Beyond6,2920 Silver Star Rd,,Orlando,FL,32808,,877-872-3966,E,,Public - Credit card at all times,24 hours daily,A D FuelMan M V Wright_Exp,,Q,3600,,,,,,,200-9,28.577246,-81.422051,2023-04-06,53626,2024-01-31 22:07:01 UTC,P,,,2013-12-22,,HD,,,,US,,,,Public - Carte de crédit en tout temps,,public,CREDIT_CARD_ALWAYS,,STANDALONE_STATION,2,NONE,800,37500,,,,,,,,Q,3600,HD,,,false,,,,,,true,,HD,
CNG,American Fueling Systems - Covington Green Fuels Facility,10010 City Pond Rd,At Alcovy Rd,Covington,GA,30014,,770-385-2000,E,,Public - Credit card at all times,24 hours daily,A D M V Wright_Exp,,Q,3600,,,,,,,200-9,33.618609,-83.843952,2023-11-09,53627,2024-01-31 22:07:01 UTC,LG,,,2014-12-16,,HD,,,,US,,,,Public - Carte de crédit en tout temps,,public,CREDIT_CARD_ALWAYS,,MUNI_GOV,2,,1000,60000,,,,,,,,Q,3600,HD,,,false,,,,,,,,HD,
CNG,Beyond6,9960 Brookford St,,Charlotte,NC,28273,,877-872-3966,E,,Public - Credit card at all times,24 hours daily,A D FuelMan M V Wright_Exp,,Q,3600,,,,,,,200-9,35.122229,-80.943483,2023-04-06,53630,2024-01-31 22:07:01 UTC,P,,,2014-06-04,,HD,,,,US,,,,Public - Carte de crédit en tout temps,,public,CREDIT_CARD_ALWAYS,,STANDALONE_STATION,2,NONE,700,28125,,,,,,,,Q,3600,HD,,,false,,,,,,true,,HD,
CNG,City of Deming,116 N 8th St,8th St and Pine St.,Deming,NM,88030,,575-546-8848,E,,Public - Credit card at all times,24 hours daily; customers may call Bryan Reedy (575-546-8848 x129) with questions,A D M TCH V Voyager Wright_Exp,,T,3600,,,,,,,200-8,32.267665,-107.768747,2024-01-09,53632,2024-01-31 22:07:01 UTC,LG,,,2013-12-05,,HD,,,,US,,,,Public - Carte de crédit en tout temps,,public,CREDIT_CARD_ALWAYS,,MUNI_GOV,1,,,,,,,,,,,T,3600,HD,,,false,,,,,,false,,HD,
CNG,Trillium - Mirabito,90 Barlow Rd,"1-81, Exit 3",Kirkwood,NY,13904,,800-920-1166,E,,Public - Credit card at all times,24 hours daily,A D EFS M TCH Tchek Trillium V Voyager Wright_Exp,,Q,3600,,,,,,,200-9,42.102397,-75.839707,2023-12-13,53633,2024-01-31 22:07:01 UTC,P,,,2014-06-01,,HD,,,,US,,,,Public - Carte de crédit en tout temps,,public,CREDIT_CARD_ALWAYS,,STANDALONE_STATION,3,,1400,,,,,,,,,Q,3600,HD,,,false,,,,,,,,HD,
CNG,Trillium - Kenton Agriculture Campus Expansion,125 Bales Rd,"Hwy 31, Exit Hwy 140",Kenton,OH,43326,,800-920-1166,E,,Public - Credit card at all times,24 hours daily,A D M TCH Tchek Trillium V Voyager Wright_Exp,,Q,3600,,,,,,,200-9,40.632595,-83.595769,2023-12-13,53634,2024-01-31 22:07:01 UTC,P,,,2014-09-25,,HD,,,,US,,,,Public - Carte de crédit en tout temps,,public,CREDIT_CARD_ALWAYS,,STANDALONE_STATION,3,,,,,,,,,,,Q,3600,HD,,,false,,,,,,,,HD,
CNG,Beyond6,2225 S Pullman Rd,I-40 and Pullman Rd.,Amarillo,TX,79118,,877-872-3966,E,,Public - Credit card at all times,24 hours daily,A D FuelMan M V Wright_Exp,,Q,3600,,,,,,,200-9,35.189976,-101.706309,2023-04-06,53637,2024-01-31 22:07:01 UTC,P,,,2014-07-15,,HD,,,,US,,,,Public - Carte de crédit en tout temps,,public,CREDIT_CARD_ALWAYS,,STANDALONE_STATION,3,NONE,2800,28125,,,,,,,,Q,3600,HD,,,false,,,,,,true,,HD,
CNG,Beyond6,925 Spur 10 Patton Rd,,Rosenberg,TX,77471,,877-872-3966,E,,Public - Credit card at all times,24 hours daily,A D FuelMan M V Wright_Exp,,Q,3600,,,,,,,GPS,29.56087076896888,-95.88803101719668,2023-04-06,53641,2024-01-31 22:07:01 UTC,P,,,2014-06-15,,HD,,,,US,,,,Public - Carte de crédit en tout temps,,public,CREDIT_CARD_ALWAYS,,STANDALONE_STATION,3,NONE,1380,28125,,,,,,,,Q,3600,HD,,,false,,,,,,true,,HD,
CNG,Beyond6,9411 I-20 S Frontage Rd,"Station is located on I-20, west of Dallas and Fort Worth and south of Lubbock",Sweetwater,TX,79556,,877-872-3966,E,,Public - Credit card at all times,24 hours daily,A D FuelMan M V Wright_Exp,,Q,3600,,,,,,,GPS,32.4488479581028,-100.439583111084,2023-04-06,53642,2024-01-31 22:07:01 UTC,P,,,2014-10-30,,HD,,,,US,,,,Public - Carte de crédit en tout temps,,public,CREDIT_CARD_ALWAYS,,STANDALONE_STATION,3,NONE,2800,28125,,,,,,,,Q,3600,HD,,,false,,,,,,true,,HD,
CNG,EVO CNG - Oak Creek,7155 1st St,,Oak Creek,WI,53154,,855-386-3235,E,,Public - Credit card at all times,24 hours daily,A D EFS M TCH Tchek Trillium V Voyager Wright_Exp,,Q,3600,,,,,,,200-9,42.914519,-87.914352,2024-05-09,53645,2024-05-09 20:33:30 UTC,LG,,,2013-12-10,,HD,,,,US,,,,Public - Carte de crédit en tout temps,,public,CREDIT_CARD_ALWAYS,,STANDALONE_STATION,4,,2800,,,,,,,,,Q,3600,HD,,,false,,,,,,false,,HD,
CNG,Waste Management - Charleston,7 Spring St,"Directions from I-77: take exit 102 off I-77, then south on Westmoreland Avenue, then west on Bigley Avenue (U.S. Hwy 119) to Spring Street, then south on Spring Street to station in front of Foodland Grocery.",Charleston,WV,25302,,877-742-4476,E,,Public - Credit card at all times,24 hours daily,A D FuelMan M Proprietor V Voyager Wright_Exp,,Q,3600,,,,,,,200-8,38.35917,-81.62868,2023-12-13,53646,2024-01-31 22:07:01 UTC,P,,,2013-11-18,,HD,,,,US,,,,Public - Carte de crédit en tout temps,,public,CREDIT_CARD_ALWAYS,,FLEET_GARAGE,2,,,,,,,,,,,Q,3600,HD,,,false,,,,,,false,,HD,
CNG,X3Energy,1200 S Sherman St,,Longmont,CO,80501,,844-304-9800,T,2023-06-01,TEMPORARILY UNAVAILABLE (Public - Credit card at all times),"24 hours daily; station can accommodate most heavy-duty vehicles, except for tractor trailers",A D M Proprietor V Voyager Wright_Exp,,Q,3600,,,,,,,200-8,40.145567,-105.115579,2024-01-09,53750,2024-01-31 22:07:01 UTC,P,,,2013-11-01,,HD,,,,US,,,,TEMPORAIREMENT SUSPENDU (Public - Carte de crédit en tout temps),,public,CREDIT_CARD_ALWAYS,,STANDALONE_STATION,1,NONE,,,,,,,,,,Q,3600,HD,,,false,,,,,,true,,HD,
CNG,Kwik Star #732,324 Fletcher Ave,,Waterloo,IA,50701,,319-233-2989,E,,Public,24 hours daily,A Cash Checks D EFS M V Voyager Wright_Exp,,Q,3600,,,,,,,200-9,42.488499,-92.367561,2022-05-05,53751,2023-09-20 15:42:21 UTC,P,,,2014-02-13,,HD,,,,US,,,,Public,,public,,,CONVENIENCE_STORE,2,,1400,,,,,,,,,Q,3600,HD,,,false,,,,,,false,,HD,
CNG,Freedom Fuels,501 W 70th St,,Shreveport,LA,71106,,318-683-3901,E,,Public - Credit card at all times,24 hours daily; Also accepts GE card,D M V Voyager Wright_Exp,,Q,3600,,,,,,,200-9,32.441468,-93.765558,2024-05-09,53754,2024-05-09 20:33:30 UTC,P,,,2014-01-31,,HD,,,,US,,,,Public - Carte de crédit en tout temps,,public,CREDIT_CARD_ALWAYS,,STANDALONE_STATION,4,,1350,63384,,,,,,,,Q,3600,HD,,,false,,,,,,false,,HD,
CNG,Kwik Trip #662,3145 Dodd Rd,Highways 149 and 55,Eagan,MN,55121,,651-405-8543,E,,Public,24 hours daily,A Cash Checks D EFS M V Voyager Wright_Exp,,Q,3600,,,,,,,200-9,44.843646,-93.123553,2024-05-09,53757,2024-05-09 20:33:30 UTC,P,,,2013-12-20,,HD,,,,US,,,,Public,,public,,,CONVENIENCE_STORE,2,LANDFILL,1400,,,,,,,,,Q,3600,HD,,,false,,,,,,true,,HD,
CNG,Clean Energy - Lee's Summit School District,500 SE Transport Dr,Exit south off Hwy 50 onto Hamblen Rd. Continue south 1/4 mile and turn right at the 4-way stop to remain on Hamblen Rd. Then exit west onto Transport Dr at the station location.,Lee's Summit,MO,64081,,866-809-4869,E,,Public - Credit card at all times,24 hours daily; call 866-809-4869 for Clean Energy card,CleanEnergy D M V Voyager Wright_Exp,,Q,3600,,,,,,,200-9,38.89357,-94.36045,2023-07-11,53759,2024-01-31 22:07:01 UTC,P,,,2013-11-23,,HD,,,,US,,,,Public - Carte de crédit en tout temps,,public,CREDIT_CARD_ALWAYS,,SCHOOL,1,,1000,,,,,,,,,Q,3600,HD,,,false,,,,,,false,,HD,
CNG,Clean N' Green,1450 Country Club Dr,,Jackson,MS,39209,,800-331-3441,T,2024-03-01,TEMPORARILY UNAVAILABLE (Public - Credit card at all times),24 hours daily,D FuelMan M Proprietor V Voyager Wright_Exp,,Q,3600,,,,,,,200-9,32.34776,-90.247321,2023-07-11,53760,2024-04-02 14:10:10 UTC,P,,,2017-01-03,,HD,,,,US,,,,TEMPORAIREMENT SUSPENDU (Public - Carte de crédit en tout temps),,public,CREDIT_CARD_ALWAYS,,STANDALONE_STATION,1,,,,,,,,,,,Q,3600,HD,,,false,,,,,,,,HD,
CNG,Clean N' Green,2712 Lowell Rd,,Gastonia,NC,28054,,800-331-3441,E,,Public - Credit card at all times,24 hours daily,D FuelMan M Proprietor V Voyager Wright_Exp,,Q,3600,,,,,,,200-9,35.279545,-81.120447,2023-07-11,53761,2024-04-02 14:10:10 UTC,P,,,2014-10-20,,HD,,,,US,,,,Public - Carte de crédit en tout temps,,public,CREDIT_CARD_ALWAYS,,STANDALONE_STATION,1,,600,1800,,,,,,,,Q,3600,HD,,,false,,,,,,,,HD,
CNG,Trillium - Speedway LLC,521 S Main St,"Hwy 36, Exit Main St",Mt. Vernon,OH,43050,,800-920-1166,E,,Public - Credit card at all times,24 hours daily,A D EFS FuelMan M TCH Tchek Trillium V Voyager Wright_Exp,,Q,3600,,,,,,,200-9,40.387298,-82.486446,2023-12-13,53763,2024-01-31 22:07:01 UTC,P,,,2014-08-28,,HD,,,,US,,,,Public - Carte de crédit en tout temps,,public,CREDIT_CARD_ALWAYS,,STANDALONE_STATION,1,,400,,,,,,,,,Q,3600,HD,,,false,,,,,,,,HD,
CNG,Clean N' Green,910 W Pennsylvania Ave,,Pen Argyl,PA,18072,,800-331-3441,E,,Public - Credit card at all times,24 hours daily,D FuelMan M Proprietor V Voyager Wright_Exp,,Q,3600,,,,,,,200-8,40.860729,-75.27151,2023-07-11,53766,2024-04-02 14:10:10 UTC,P,,,2015-05-29,,HD,,,,US,,,,Public - Carte de crédit en tout temps,,public,CREDIT_CARD_ALWAYS,,STANDALONE_STATION,1,,,,,,,,,,,Q,3600,HD,,,false,,,,,,,,HD,
CNG,Clean N' Green,1428 Antioch Pike,,Nashville,TN,37013,,800-331-3441,E,,Public - Credit card at all times,24 hours daily; tight turning radius for 53 foot long trailers,D FuelMan M Proprietor V Voyager Wright_Exp,,Q,3600,,,,,,,200-9,36.081876,-86.686034,2023-07-11,53767,2024-04-02 14:10:10 UTC,P,,,2014-05-20,,HD,,,,US,,,,Public - Carte de crédit en tout temps,,public,CREDIT_CARD_ALWAYS,,STANDALONE_STATION,1,,,,,,,,,,,Q,3600,HD,,,false,,,,,,,,HD,
CNG,Freedom CNG,7155 High Life Dr,,Houston,TX,77066,,281-484-3875,E,,Public - Credit card at all times,24 hours daily; also fills CNG tube trailers,D FuelMan M V Voyager Wright_Exp,,Q,3600,,,,,,,GPS,29.94421671551664,-95.52226647486879,2023-06-12,53775,2024-01-31 22:07:01 UTC,P,,,2014-03-23,,HD,,,,US,,,,Public - Carte de crédit en tout temps,,public,CREDIT_CARD_ALWAYS,,STANDALONE_STATION,3,NONE,2780,72000,,,,,,,,Q,3600,HD,,,false,,,,,,true,,HD,
CNG,Kwik Trip #416,2618 Monroe Rd,,De Pere,WI,54115,,920-339-4652,E,,Public,24 hours daily,A Cash Checks Comdata D EFS FleetOne M TCH Tchek V Voyager Wright_Exp,,Q,3600,,,,,,,200-9,44.453927,-87.995461,2024-01-09,53777,2024-01-31 22:07:01 UTC,P,,,2014-01-10,,HD,,,,US,,,,Public,,public,,,CONVENIENCE_STORE,2,,1400,,,,,,,,,Q,3600,HD,,,false,,,,,,true,,HD,
CNG,Kwik Trip #674,6107 3M Dr,,Menomonie,WI,54751,,715-235-8755,E,,Public,24 hours daily,A Cash Checks D EFS M V Voyager Wright_Exp,,Q,3600,,,,,,,200-9,44.901294,-91.856412,2024-01-09,53779,2024-01-31 22:07:01 UTC,P,,,2014-03-19,,HD,,,,US,,,,Public,,public,,,TRUCK_STOP,2,,1400,,,,,,,,,Q,3600,HD,,,false,,,,,,true,,HD,
CNG,Kwik Trip #422,9535 S 13th St,,Oak Creek,WI,53154,,414-762-2370,E,,Public,24 hours daily,A Cash Checks D EFS M V Voyager Wright_Exp,,Q,3600,,,,,,,200-9,42.87166,-87.933821,2023-05-03,53780,2024-01-31 22:07:01 UTC,P,,,2013-12-10,,HD,,,,US,,,,Public,,public,,,CONVENIENCE_STORE,2,,1400,,,,,,,,,Q,3600,HD,,,false,,,,,,true,,HD,
CNG,Kwik Trip #202,5339 Harding Ave,,Plover,WI,54467,,715-344-7252,E,,Public,24 hours daily,A Cash Checks Comdata D EFS FleetOne FuelMan M TCH Tchek V Voyager Wright_Exp,,Q,3600,,,,,,,200-9,44.42734,-89.515467,2024-01-09,53781,2024-01-31 22:07:01 UTC,P,,,2013-12-04,,HD,,,,US,,,,Public,,public,,,TRUCK_STOP,2,,1400,,,,,,,,,Q,3600,HD,,,false,,,,,,false,,HD,
CNG,Kwik Trip #204,4701 Rib Mountain Dr,,Wausau,WI,54401,,715-843-5090,E,,Public,24 hours daily,A Cash Checks Comdata D EFS FleetOne FuelMan M TCH Tchek V Voyager Wright_Exp,,Q,3600,,,,,,,200-9,44.91394,-89.64836,2023-05-03,53782,2024-01-31 22:07:01 UTC,P,,,2014-02-19,,HD,,,,US,,,,Public,,public,,,CONVENIENCE_STORE,2,,1400,,,,,,,,,Q,3600,HD,,,false,,,,,,false,,HD,
CNG,Beyond6,2323 W Pleasant Center Rd,,Fort Wayne,IN,46819,,877-872-3966,E,,Public - Credit card at all times,24 hours daily,A Comdata EFS FuelMan M TCH Tchek V Wright_Exp,,Q,3600,,,,,,,GPS,40.96013571437927,-85.16642794708252,2023-04-06,60039,2024-01-31 22:07:01 UTC,T,,,2015-04-20,,HD,,,,US,,,,Public - Carte de crédit en tout temps,,public,CREDIT_CARD_ALWAYS,,UTILITY,2,NONE,500,58000,,,,,,,,Q,3600,HD,,,false,,,,,,true,,HD,
CNG,Beyond6,2240 N Michigan Ave,,Greensburg,IN,47240,,877-872-3966,E,,Public - Credit card at all times,24 hours daily,A Comdata D EFS FuelMan M TCH Tchek V Wright_Exp,,Q,3600,,,,,,,200-8,39.357391,-85.510285,2023-04-06,60040,2024-01-31 22:07:01 UTC,T,,,2014-07-25,,HD,,,,US,,,,Public - Carte de crédit en tout temps,,public,CREDIT_CARD_ALWAYS,,UTILITY,2,NONE,500,91000,,,,,,,,Q,3600,HD,,,false,,,,,,true,,HD,
CNG,Beyond6,420 Stevens Way,,Seymour,IN,47274,,877-872-3966,E,,Public - Credit card at all times,24 hours daily,A Comdata D EFS M TCH Tchek V Wright_Exp,,Q,3600,,,,,,,200-8,38.958804,-85.837944,2023-04-06,60043,2024-01-31 22:07:01 UTC,T,,,2014-10-20,,HD,,,,US,,,,Public - Carte de crédit en tout temps,,public,CREDIT_CARD_ALWAYS,,UTILITY,2,NONE,500,45600,,,,,,,,Q,3600,HD,,,false,,,,,,true,,HD,
CNG,Beyond6,2720 Needmore Rd,,Dayton,OH,45414,,877-872-3966,E,,Public - Credit card at all times,24 hours daily,A Comdata D EFS FuelMan M Tchek V Wright_Exp,,Q,3600,,,,,,,200-9,39.81954,-84.180457,2023-04-06,60045,2024-01-31 22:07:01 UTC,T,,,2014-04-15,,HD,,,,US,,,,Public - Carte de crédit en tout temps,,public,CREDIT_CARD_ALWAYS,,UTILITY,2,NONE,750,90000,,,,,,,,Q,3600,HD,,,false,,,,,,true,,HD,
CNG,Beyond6,5343 Distribution Dr,,Findlay,OH,45840,,877-872-3966,E,,Public - Credit card at all times,24 hours daily,A Comdata D EFS FuelMan M TCH Tchek V Wright_Exp,,Q,3600,,,,,,,200-9,41.089949,-83.639102,2023-04-06,60046,2024-01-31 22:07:01 UTC,T,,,2014-09-10,,HD,,,,US,,,,Public - Carte de crédit en tout temps,,public,CREDIT_CARD_ALWAYS,,UTILITY,2,NONE,500,45600,,,,,,,,Q,3600,HD,,,false,,,,,,true,,HD,
CNG,Love's Travel Stop #332,10145 Avon Lake Rd,Off exit 204 I-71,Burbank,OH,44214,,330-624-1000,E,,Public,"24 hours daily; Also accepts ComCheck, MultiService, Love's Express, Love's Gift Card, My Love Rewards, QuikQ, Apple Pay, Android Pay, Samsung Pay",A Cash Checks D Debit EFS FleetOne FuelMan M TCH Tchek V Voyager Wright_Exp,,Q,3600,,,,,,,200-9,40.995903,-81.993874,2023-12-13,60084,2024-01-31 22:07:01 UTC,P,,,2014-11-17,,HD,,,,US,,,,Public,,public,,,CONVENIENCE_STORE,4,,,,,,,,,,,Q,3600,HD,,,false,,,,,,,,HD,
CNG,Love's Travel Stop #200,6930 I-40 E,"I-40, Exit 74",Amarillo,TX,79118,,806-373-7775,E,,Public,"24 hours daily; Also accepts ComCheck, MultiService, Love's Express, Love's Gift Card, My Love Rewards, QuikQ",A ANDROID_PAY APPLE_PAY Cash Checks Comdata D Debit EFS FleetOne FuelMan M TCH Tchek V Voyager Wright_Exp,,Q,3600,,,,,,,200-9,35.191937,-101.760916,2023-12-13,60085,2024-01-31 22:07:01 UTC,P,,,2015-01-30,,HD,,,,US,,,,Public,,public,,,CONVENIENCE_STORE,2,,,,,,,,,,,Q,3600,HD,,,false,,,,,,false,,HD,
CNG,Shop A Lott #20,201 Highway 3175,,Natchitoches,LA,71457,,318-357-1436,E,,Public,4am-10pm daily,A Cash Comdata D EFS FleetOne FuelMan GasCard M TCH Tchek V Voyager Wright_Exp,,Q,3600,,,,,,,200-9,31.784139,-93.08731,2024-05-09,60087,2024-05-09 20:33:30 UTC,P,,,2013-12-30,,HD,,,,US,,,,Public,,public,,,TRUCK_STOP,4,,1100,33400,,,,,,,,Q,3600,HD,,,false,,,,,,,,HD,
CNG,Clean Energy - City of Columbia,1900 Lake Ridgeway Rd,"Exit I-70 and travel north on Hwy 63 approximately 1 mile. Exit Vandiver Dr, then travel west 1 mile and turn south on Lake Ridgeway Rd.",Columbia,MO,65202,,866-809-4869,E,,Public - Credit card at all times,24 hours daily; call 866-809-4869 for Clean Energy card; only accommodates heavy-duty vehicles,A CleanEnergy D FleetOne M V Voyager Wright_Exp,,Q,3000 3600,,,,,,,GPS,38.971499,-92.294316,2023-12-13,60113,2024-05-08 17:05:07 UTC,LG,,,2014-08-27,,HD,,,,US,,,,Public - Carte de crédit en tout temps,,public,CREDIT_CARD_ALWAYS,,MUNI_GOV,2,,,,,,,,,,,Q,3000 3600,HD,,,false,,,,,,false,,HD,
CNG,Beyond6,5625 SW Wenger St,,Topeka,KS,66609,,877-872-3966,E,,Public - Credit card at all times,24 hours daily,A Comdata D EFS FuelMan M TCH Tchek V Wright_Exp,,Q,3600,,,,,,,GPS,38.96627012393299,-95.70049482803347,2023-04-06,60117,2024-01-31 22:07:01 UTC,P,,,2013-11-15,,HD,,,,US,,,,Public - Carte de crédit en tout temps,,public,CREDIT_CARD_ALWAYS,,STANDALONE_STATION,3,NONE,2800,69426,,,,,,,,Q,3600,HD,,,false,,,,,,true,,HD,
CNG,Beyond6,5800 Mesa Dr,,Houston,TX,77028,,877-872-3966,E,,Public - Credit card at all times,24 hours daily,A Comdata D EFS FuelMan M TCH Tchek V Wright_Exp,,Q,3600,,,,,,,200-9,29.816425,-95.256051,2023-04-06,60119,2024-01-31 22:07:01 UTC,P,,,2013-11-15,,HD,,,,US,,,,Public - Carte de crédit en tout temps,,public,CREDIT_CARD_ALWAYS,,STANDALONE_STATION,5,,4701,69426,,,,,,,,Q,3600,HD,,,false,,,,,,,,HD,
CNG,Beyond6,4155 Walden Ave,Exit 48A off of I-90 and Route 78,Lancaster,NY,14086,,877-872-3966,E,,Public - Credit card at all times,24 hours daily,A Comdata D M V Wright_Exp,,Q,3600,,,,,,,200-9,42.922551,-78.628437,2023-04-06,60157,2024-01-31 22:07:01 UTC,P,,,2014-01-15,,HD,,,,US,,,,Public - Carte de crédit en tout temps,,public,CREDIT_CARD_ALWAYS,,STANDALONE_STATION,2,NONE,900,78220,,,,,,,,Q,3600,HD,,,false,,,,,,true,,HD,
CNG,Spire - Lambert Airport,4231 Cypress Rd,Located just south of the Super Park Lot C facility at I-70 and Cypress Rd near Lambert-St. Louis International Airport,St. Ann,MO,63074,,844-499-5682,E,,Public - Credit card at all times,24 hours daily,FuelMan M V Voyager Wright_Exp,,Q,3600,,,,,,,200-9,38.73912725162441,-90.3882460343933,2023-04-06,60208,2024-01-31 22:07:01 UTC,T,,,2013-12-23,,HD,,,,US,,,,Public - Carte de crédit en tout temps,,public,CREDIT_CARD_ALWAYS,,STANDALONE_STATION,2,,1000,34713,,,,,,,,Q,3600,HD,,,false,,,,,,false,,HD,
CNG,Questar Gas - JR's Truck Stop,2635 N Fwy Dr,"Just off exit 62, along Interstate-15.",Cedar City,UT,84721,,435-586-0498,E,,Public - Credit card at all times,24 hours daily,Comdata GasCard M V Wright_Exp,,Q,3000 3600,,,,,,,200-9,37.72495,-113.056978,2023-04-06,60210,2024-01-31 22:07:01 UTC,P,,,2014-01-27,,HD,,,,US,,,,Public - Carte de crédit en tout temps,,public,CREDIT_CARD_ALWAYS,,TRUCK_STOP,2,NONE,,,,,,,,,,Q,3000 3600,HD,,,false,,,,,,true,,HD,
CNG,Trillium - Magic Truck Stop,4590 Fulton Industrial Blvd,,Atlanta,GA,30336,,,E,,Public,24 hours daily,A Cash D EFS FuelMan M TCH Tchek Trillium V Voyager Wright_Exp,,Q,3600,,,,,,,GPS,33.76147911463073,-84.53619239021305,2023-12-13,60213,2024-01-31 22:07:01 UTC,P,,,2015-07-24,,HD,,,,US,,,,Public,,public,,,TRUCK_STOP,1,,1400,,,,,,,,,Q,3600,HD,,,false,,,,,,,,HD,
CNG,EVO CNG - Tolleson,8301 W Sherman St,Station is on the southwest corner of 83rd and Sherman.,Tolleson,AZ,85353,,800-920-1166,E,,Public - Credit card at all times,24 hours daily,A Comdata D EFS M TCH Tchek Trillium V Voyager Wright_Exp,,Q,3600,,,,,,,200-9,33.440305,-112.23895,2024-05-09,60253,2024-05-09 20:33:30 UTC,P,,,2014-02-10,,HD,,,,US,,,,Public - Carte de crédit en tout temps,,public,CREDIT_CARD_ALWAYS,,STANDALONE_STATION,4,,2700,,,,,,,,,Q,3600,HD,,,false,,,,,,,,HD,
CNG,Beyond6,19765 US Highway 287 E,Co-Located with ALON Truck Stop,Harrold,TX,76364,,877-872-3966,E,,Public - Credit card at all times,24 hours daily,A D FuelMan M V Wright_Exp,,Q,3600,,,,,,,200-9,34.071417,-99.009382,2023-04-06,60257,2024-01-31 22:07:01 UTC,P,,,2014-08-31,,HD,,,,US,,,,Public - Carte de crédit en tout temps,,public,CREDIT_CARD_ALWAYS,,TRUCK_STOP,3,NONE,1820,18750,,,,,,,,Q,3600,HD,,,false,,,,,,true,,HD,
CNG,Trillium - San Jose Junction,2265 Junction Ave,,San Clara,CA,95131,,800-920-1166,E,,Public - Credit card at all times,24 hours daily,A D EFS FuelMan M TCH Tchek Trillium V Voyager Wright_Exp,,Q,3600,,,,,,,200-9,37.386235,-121.917452,2023-12-13,60258,2024-01-31 22:07:01 UTC,LG,,,2015-09-04,,HD,,,,US,,,,Public - Carte de crédit en tout temps,,public,CREDIT_CARD_ALWAYS,,STANDALONE_STATION,2,,400,,,,,,,,,Q,3600,HD,,,false,,,,,,,,HD,
CNG,Trillium - A&R Transport,1275 Meacham Rd,"I-820, Exit 15; fuel dispensers are in the back of the station lot",Fort Worth,TX,76106,,800-920-1166,E,,Public - Credit card at all times,24 hours daily,A D EFS FuelMan M TCH Tchek Trillium V Voyager Wright_Exp,,Q,3600,,,,,,,200-9,32.824385,-97.336689,2023-12-13,60260,2024-01-31 22:07:01 UTC,P,,,2015-05-08,,HD,,,,US,,,,Public - Carte de crédit en tout temps,,public,CREDIT_CARD_ALWAYS,,STANDALONE_STATION,1,,,,,,,,,,,Q,3600,HD,,,false,,,,,,,,HD,
CNG,Beyond6,3050 Fredericksburg N,Fredericksburg and Scenic Hills Rd,Kerrville,TX,78028,,877-872-3966,E,,Public - Credit card at all times,24 hours daily,A D FuelMan M V Wright_Exp,,Q,3600,,,,,,,200-8,30.0774,-99.10731,2023-04-06,60261,2024-01-31 22:07:01 UTC,P,,,2015-04-02,,HD,,,,US,,,,Public - Carte de crédit en tout temps,,public,CREDIT_CARD_ALWAYS,,STANDALONE_STATION,3,NONE,2040,28125,,,,,,,,Q,3600,HD,,,false,,,,,,true,,HD,
CNG,Kentuckiana Cleanfuel,6200 Geil Ln,2 miles east of I-65. Exit 128 at the corner of Fern Valley Rd and Geil Ln.,Louisville,KY,40219,,502-452-6312,E,,Public - Credit card at all times,24 hours daily,A CFN Comdata D EFS FuelMan M V Voyager Wright_Exp,,Q,3600,,,,,,,GPS,38.15677331200423,-85.68036823809814,2023-06-12,60263,2024-01-31 22:07:01 UTC,P,,,2015-01-20,,HD,,,,US,,,,Public - Carte de crédit en tout temps,,public,CREDIT_CARD_ALWAYS,,STANDALONE_STATION,3,NONE,1483,,,,,,,,,Q,3600,HD,,,false,,,,,,true,,HD,
CNG,GAIN Clean Fuel - Fairless Hills,375 Newbold Rd,,Fallsington,PA,19054,,800-438-7912  800-876-4526,E,,Public - Credit card at all times,24 hours daily; contact 920-243-5856 to set up account; Also accepts Diners Club and JCB,A CFN Comdata D EFS FleetOne FuelMan GasCard M TCH Tchek V Voyager Wright_Exp,,B,3600,,,,,,,200-8,40.191991,-74.794534,2023-04-06,60265,2024-01-31 22:07:01 UTC,P,,,2017-08-31,,HD,,,,US,,,,Public - Carte de crédit en tout temps,,public,CREDIT_CARD_ALWAYS,,STANDALONE_STATION,2,,975,36000,,,,,,,,B,3600,HD,,,false,,,,,,,,HD,
CNG,Clean Energy - Fontana Truck Stop,14230 Valley Blvd,LCNG station,Fontana,CA,92335,,866-809-4869,E,,Public - Credit card at all times,24 hours daily; call 866-809-4869 for Clean Energy card; Also accepts PFGift Card,A CleanEnergy Comdata D EFS FleetOne FuelMan M TCH Tchek V Voyager Wright_Exp,,Q,3600,,,,,,,200-9,34.07117,-117.494601,2023-05-03,60266,2024-01-31 22:07:01 UTC,P,,,2013-12-31,,HD,,,,US,,,,Public - Carte de crédit en tout temps,,public,CREDIT_CARD_ALWAYS,,TRUCK_STOP,1,NONE,,,,,,,,,,Q,3600,HD,,,false,,,,,,true,,HD,
CNG,Clean Energy - Pontoon Beach Flying J #645,1310 E Chain of Rocks Rd,LCNG station,Pontoon Beach,IL,62040,,866-809-4869,E,,Public - Credit card at all times,24 hours daily; call 866-809-4869 for Clean Energy card; Also accepts PFGift Card,A CleanEnergy Comdata D EFS FleetOne FuelMan M Proprietor Speedway TCH Tchek V Voyager Wright_Exp,,Q,3000 3600,,,,,,,200-8,38.76094,-90.066043,2023-07-11,60267,2024-01-31 22:07:01 UTC,P,,,2014-01-29,,HD,,,,US,,,,Public - Carte de crédit en tout temps,,public,CREDIT_CARD_ALWAYS,,TRAVEL_CENTER,2,NONE,,,,,,,,,,Q,3000 3600,HD,,,false,,,,,,true,,HD,
ELEC,Springfield Route 66 KOA,5775 W Farm Rd 140,,Springfield,MO,65802,,417-831-3645,E,,Public,8am-8pm daily,A Cash Checks D M V,,,,,1,,,Non-Networked,,GPS,37.199194,-93.402643,2023-07-11,60648,2024-01-31 22:07:01 UTC,P,,,2014-05-15,,,,,J1772,US,,,,Public,,public,,,CAMPGROUND,,,,,,,$15 per session,,,,,,,,,,false,,,,,,,,HD,false
CNG,Beyond6,1001 S 65th Ave,Near I-10,Phoenix,AZ,85043,,877-872-3966,E,,Public - Credit card at all times,24 hours daily,A Comdata D EFS FuelMan M TCH Tchek V Wright_Exp,,Q,3600,,,,,,,200-9,33.439981,-112.197459,2023-04-06,60681,2024-01-31 22:07:01 UTC,P,,,2015-06-15,,HD,,,,US,,,,Public - Carte de crédit en tout temps,,public,CREDIT_CARD_ALWAYS,,STANDALONE_STATION,3,NONE,2511,34713,,,,,,,,Q,3600,HD,,,false,,,,,,true,,HD,
CNG,New Jersey Natural Gas - Middletown Public Works,54 Kanes Ln,Off Route 35 N at Middletown Public Works,Middletown,NJ,07748,,732-919-8000,E,,Public - Credit card at all times,24 hours daily,D M V Wright_Exp,,Q,3600,,,,,,,200-9,40.387923,-74.085991,2024-04-14,60682,2024-04-14 22:11:34 UTC,T,,,2016-02-15,,HD,,,,US,,,,Public - Carte de crédit en tout temps,,public,CREDIT_CARD_ALWAYS,,STANDALONE_STATION,2,,950,37071,,,,,,,,Q,3600,HD,,,false,,,,,,false,,HD,
CNG,New Jersey Natural Gas - Shore Point Distributing Co,850 Route 33 Business,At the corner of Route 33 and Halls Mills Rd,Freehold,NJ,07728,,732-919-8000,E,,Public - Credit card at all times,24 hours daily,D M V Wright_Exp,,Q,3600,,,,,,,GPS,40.247319,-74.24322,2024-04-14,60684,2024-04-14 22:11:34 UTC,T,,,2015-09-29,,HD,,,,US,,,,Public - Carte de crédit en tout temps,,public,CREDIT_CARD_ALWAYS,,STANDALONE_STATION,4,,950,37071,,,,,,,,Q,3600,HD,,,false,,,,,,false,,HD,
CNG,New Jersey Natural Gas - Waste Management,1298 Industrial Way,Off Route 37 W,Toms River,NJ,08755,,,E,,Public - Credit card at all times,24 hours daily,D M V Wright_Exp,,Q,3600,,,,,,,200-9,39.989815,-74.258336,2024-04-14,60685,2024-04-14 22:11:34 UTC,T,,,2015-09-24,,HD,,,,US,,,,Public - Carte de crédit en tout temps,,public,CREDIT_CARD_ALWAYS,,STANDALONE_STATION,2,,950,37071,,,,,,,,Q,3600,HD,,,false,,,,,,false,,HD,
CNG,Trillium - Honda Parkway,19600 State Route 739,"Hwy 33, Exit Hwy 739",Marysville,OH,43040,,800-920-1166,E,,Public - Credit card at all times,24 hours daily,A D EFS M TCH Tchek Trillium V Voyager Wright_Exp,,Q,3600,,,,,,,200-8,40.27821,-83.530973,2023-12-13,60713,2024-01-31 22:07:01 UTC,P,,,2015-07-11,,HD,,,,US,,,,Public - Carte de crédit en tout temps,,public,CREDIT_CARD_ALWAYS,,STANDALONE_STATION,3,,1800,,,,,,,,,Q,3600,HD,,,false,,,,,,,,HD,
ELEC,Haselwood Chevrolet Buick GMC,501 W Hills Blvd,,Bremerton,WA,98312,,360-479-4910,E,,Public,Dealership business hours; for Chevrolet vehicles only,,,,,,2,,,Non-Networked,,200-9,47.557801,-122.675335,2023-09-14,60718,2024-01-31 22:07:01 UTC,P,,,2014-01-01,,,,,J1772,US,,,,Public,,public,,,CAR_DEALER,,,,,,,Free,,,,,,,,,,true,,,,,,,,HD,false
CNG,Arkansas Oklahoma Gas Corp,4315 Savannah St,,Fort Smith,AR,72903,,479-783-3181,E,,Public - Credit card at all times,24 hours daily,CREDIT M V Voyager,,Q,3600,,,,,,,200-9,35.335799,-94.384145,2024-04-14,60818,2024-04-14 22:11:34 UTC,T,,,2014-08-22,,HD,,,,US,,,,Public - Carte de crédit en tout temps,,public,CREDIT_CARD_ALWAYS,,UTILITY,2,,766,69426,,,,,,,,Q,3600,HD,,,false,,,,,,false,,HD,
CNG,Lafayette Consolidated Government,1515 E University Ave,,Lafayette,LA,70501,,337-291-8517,E,,Public - Credit card at all times,24 hours daily,M V Voyager Wright_Exp,,Q,3600,,,,,,,200-9,30.209862,-92.002378,2023-04-06,60836,2024-04-29 18:33:47 UTC,LG,,,2012-08-31,,HD,,,,US,,,,Public - Carte de crédit en tout temps,,public,CREDIT_CARD_ALWAYS,,MUNI_GOV,6,,,,,,,,,,,Q,3600,HD,,,false,,,,,,false,,HD,
CNG,Norwich Public Utilities,168 W Town St,,Norwich,CT,06360,,860-823-4508,E,,Public - Credit card at all times,24 hours daily; fleet customers may call 860-823-4508 to set up an account,A D M V Wright_Exp,,Q,3600,,,,,,,200-9,41.554634,-72.107836,2023-10-12,60841,2024-01-31 22:07:01 UTC,T,,,2016-04-30,,HD,,,,US,,,,Public - Carte de crédit en tout temps,,public,CREDIT_CARD_ALWAYS,,UTILITY,2,,429,,,,,,,,,Q,3600,HD,,,false,,,,,,false,,HD,
CNG,Clean Energy - Rex Oil Conoco,6185 N Broadway,Near the intersection of 62nd Ave and Broadway. The location is northwest of the I-70/I-25 interchange and just south of Highway 36.,Denver,CO,80216,,866-809-4869,E,,Public - Credit card at all times,24 hours daily; call 866-809-4869 for Clean Energy card,A CleanEnergy D FleetOne FuelMan M V Voyager Wright_Exp,,Q,3000 3600,,,,,,,200-9,39.808528,-104.988185,2023-07-11,60947,2024-01-31 22:07:01 UTC,P,,,2014-11-03,,HD,,,,US,,,,Public - Carte de crédit en tout temps,,public,CREDIT_CARD_ALWAYS,,GAS_STATION,1,NONE,,,,,,,,,,Q,3000 3600,HD,,,false,,,,,,true,,HD,
CNG,Town of Hornbeck,190 Nona St,"Hwy 171 South and Nona Street; Leesville, LA",Leesville,LA,71446,,318-729-5045,E,,Public - Credit card at all times,24 hours daily,A D FuelMan M V Wright_Exp,,Q,3600,,,,,,,200-8,31.151717,-93.265081,2023-04-06,61119,2024-05-01 14:14:54 UTC,LG,,,2017-04-10,,HD,,,,US,,,,Public - Carte de crédit en tout temps,,public,CREDIT_CARD_ALWAYS,,MUNI_GOV,1,,,74142,,,,,,,,Q,3600,HD,,,false,,,,,,false,,HD,
CNG,Clean Energy - City of Commerce,5926 Sheila St,LCNG Redeem station,Commerce,CA,90040,,866-809-4869,E,,Public - Credit card at all times,24 hours daily; call 866-809-4869 for Clean Energy card,A CleanEnergy Comdata D EFS FleetOne FuelMan M TCH V Voyager Wright_Exp,,Q,3000 3600,,,,,,,200-8,34.002506,-118.170811,2023-05-03,61161,2024-01-31 22:07:01 UTC,P,,,2014-04-10,,HD,,,,US,,,,Public - Carte de crédit en tout temps,,public,CREDIT_CARD_ALWAYS,,STANDALONE_STATION,1,NONE,,,,,,,,,,Q,3000 3600,HD,,,false,,,,,,true,,HD,
CNG,Clean Energy - Fort Worth South,1075 Everman Pkwy,LCNG station,Fort Worth,TX,76140,,866-809-4869,E,,Public - Credit card at all times,24 hours daily; call 866-809-4869 for Clean Energy card; Also accepts PFGift Card,A CleanEnergy Comdata D EFS FuelMan M Speedway TCH Tchek V Voyager Wright_Exp,,Q,3000 3600,,,,,,,200-8,32.627591,-97.314361,2023-09-14,61167,2024-01-31 22:07:01 UTC,P,,,2014-04-11,,HD,,,,US,,,,Public - Carte de crédit en tout temps,,public,CREDIT_CARD_ALWAYS,,FLEET_GARAGE,1,NONE,,,,,,,,,,Q,3000 3600,HD,,,false,,,,,,true,,HD,
CNG,Clean Energy - Mesquite,3735 Forney Rd,LCNG station,Mesquite,TX,75149,,866-809-4869,E,,Public - Credit card at all times,24 hours daily; call 866-809-4869 for Clean Energy card; Also accepts PFGiftCard,A CleanEnergy Comdata D EFS FleetOne FuelMan M Speedway TCH V Voyager Wright_Exp,,Q,3000 3600,,,,,,,200-9,32.789008,-96.652678,2023-09-14,61168,2024-01-31 22:07:01 UTC,P,,,2016-01-19,,HD,,,,US,,,,Public - Carte de crédit en tout temps,,public,CREDIT_CARD_ALWAYS,,TRAVEL_CENTER,4,NONE,,,,,,,,,,Q,3000 3600,HD,,,false,,,,,,true,,HD,
CNG,CNG 4 America - Baytown,15021 E Fwy Service Rd,Exit 803 at the I-10 Shell Travel Plaza,Cove,TX,77523,,888-560-5556,E,,Public - Credit card at all times,24 hours daily,A Comdata D FleetOne FuelMan M V Voyager Wright_Exp,,Q,3600,,,,,,,GPS,29.830522,-94.804667,2023-06-12,61169,2024-01-31 22:07:01 UTC,P,,,2016-08-30,,HD,,,,US,,,,Public - Carte de crédit en tout temps,,public,CREDIT_CARD_ALWAYS,,TRUCK_STOP,2,,2100,,,,,,,,,Q,3600,HD,,,false,,,,,,false,,HD,
CNG,Lewisville CNG,34089 State Route 78,,Lewisville,OH,43754,,740-228-1267,E,,Public - Credit card at all times,24 hours daily,A D FuelMan M V Voyager Wright_Exp,,Q,3600,,,,,,,200-8,39.763889,-81.20266,2023-06-12,61179,2024-01-31 22:07:01 UTC,P,,,2014-02-15,,HD,,,,US,,,,Public - Carte de crédit en tout temps,,public,CREDIT_CARD_ALWAYS,,STANDALONE_STATION,1,,60,400000,,,,,,,,Q,3600,HD,,,false,,,,,,false,,HD,
CNG,New Concord CNG,706 S Friendship Dr,,New Concord,OH,43762,,740-228-1267,E,,Public - Credit card at all times,24 hours daily,A D FuelMan M V Voyager Wright_Exp,,Q,3600,,,,,,,GPS,39.983364,-81.7327,2023-06-12,61192,2024-01-31 22:07:01 UTC,P,,,2014-10-01,,HD,,,,US,,,,Public - Carte de crédit en tout temps,,public,CREDIT_CARD_ALWAYS,,CONVENIENCE_STORE,1,,125,560000,,,,,,,,Q,3600,HD,,,false,,,,,,false,,HD,
CNG,IGS CNG Services - Girard - Mr. Fuel,2840 Salt Springs Rd,At the Mr. Fuel truck stop off I-80.,Girard,OH,44420,,877-742-4476,E,,Public - Credit card at all times,24 hours daily,A D FuelMan M Proprietor V Voyager Wright_Exp,,Q,3600,,,,,,,GPS,41.138468,-80.71885,2023-05-03,61194,2024-01-31 22:07:01 UTC,P,,,2014-07-15,,HD,,,,US,,,,Public - Carte de crédit en tout temps,,public,CREDIT_CARD_ALWAYS,,TRUCK_STOP,2,,,,,,,,,,,Q,3600,HD,,,false,,,,,,true,,HD,
CNG,IGS CNG Services - Marengo,461 State Route 61,At the intersection of Interstate 71 and Ohio State Route 61.,Marengo,OH,43334,,877-742-4476,E,,Public - Credit card at all times,24 hours daily,A Comdata D FuelMan M Proprietor V Voyager Wright_Exp,,Q,3600,,,,,,,200-9,40.370911,-82.829363,2023-05-03,61195,2024-01-31 22:07:01 UTC,P,,,2015-08-17,,HD,,,,US,,,,Public - Carte de crédit en tout temps,,public,CREDIT_CARD_ALWAYS,,STANDALONE_STATION,2,NONE,,,,,,,,,,Q,3600,HD,,,false,,,,,,true,,HD,
CNG,IGS CNG Services - Findlay - Speedway,3730 Speedway Dr,Located at an existing Speedway station at the State Route 99 exit off of I-75.,Findlay,OH,45840,,877-742-4476,E,,Public - Credit card at all times,24 hours daily,A Comdata D FuelMan M Proprietor V Voyager Wright_Exp,,Q,3600,,,,,,,GPS,41.086807,-83.657436,2023-05-03,61206,2024-01-31 22:07:01 UTC,P,,,2014-10-30,,HD,,,,US,,,,Public - Carte de crédit en tout temps,,public,CREDIT_CARD_ALWAYS,,CONVENIENCE_STORE,2,NONE,,,,,,,,,,Q,3600,HD,,,false,,,,,,true,,HD,
CNG,Clean Energy - ReFuel San Jose,1170 N 4th St,,San Jose,CA,95112,,866-809-4869,E,,Public - Credit card at all times,24 hours daily; call 866-809-4869 for Clean Energy card; Class 8 tractor-trailers must unhitch trailer to reach the dispenser,A CleanEnergy Comdata D M V Voyager Wright_Exp,,Q,3600,,,,,,,200-9,37.360196,-121.903733,2023-06-12,61368,2024-01-31 22:07:01 UTC,P,,,2017-06-23,,HD,,,,US,,,,Public - Carte de crédit en tout temps,,public,CREDIT_CARD_ALWAYS,,STANDALONE_STATION,4,NONE,989,31500,,,,,,,,Q,3600,HD,,,false,,,,,,true,,HD,
CNG,Clean Energy - Lathrop Food Express Inc,1262 E Madruga Rd,LCNG station,Lathrop,CA,95330,,866-809-4869,E,,Public - Credit card at all times,24 hours daily; call 866-809-4869 for Clean Energy card; Also accepts PFGiftCard,A CleanEnergy Comdata D EFS FuelMan M TCH Tchek V Voyager Wright_Exp,,Q,3600,,,,,,,200-8,37.788561,-121.288932,2023-06-12,61369,2024-01-31 22:07:01 UTC,P,,,2015-05-26,,HD,,,,US,,,,Public - Carte de crédit en tout temps,,public,CREDIT_CARD_ALWAYS,,STANDALONE_STATION,4,NONE,865,,,,,,,,,Q,3600,HD,,,false,,,,,,true,,HD,
CNG,GAIN Clean Fuel - Sturtevant,611 S Sylvania Ave,Along I-94,Sturtevant,WI,53177,,800-438-7912,E,,Public - Credit card at all times,24 hours daily; contact 920-243-5856 to set up an account; Also accepts Diners Club and JCB,A CFN Comdata D EFS FleetOne FuelMan GasCard M TCH Tchek V Voyager Wright_Exp,,Q,3600,,,,,,,200-9,42.728832,-87.955196,2023-04-06,61371,2024-01-31 22:07:01 UTC,P,,,2014-04-15,,HD,,,,US,,,,Public - Carte de crédit en tout temps,,public,CREDIT_CARD_ALWAYS,,CONVENIENCE_STORE,2,,975,72000,,,,,,,,Q,3600,HD,,,false,,,,,,,,HD,
CNG,GAIN Clean Fuel - Joliet,1747 Irish Indian Trail,,Joliet,IL,60436,,800-438-7912,E,,Public - Credit card at all times,24 hours daily; Also accepts Diners Club and JCB,A CFN Comdata D EFS FleetOne FuelMan GasCard M TCH Tchek V Voyager Wright_Exp,,Q,3600,,,,,,,200-9,41.490715,-88.141163,2023-04-06,61372,2024-01-31 22:07:01 UTC,P,,,2016-01-22,,HD,,,,US,,,,Public - Carte de crédit en tout temps,,public,CREDIT_CARD_ALWAYS,,STANDALONE_STATION,2,,975,36000,,,,,,,,Q,3600,HD,,,false,,,,,,,,HD,
CNG,GAIN Clean Fuel - Bolingbrook,550 Stevenson Dr,,Bolingbrook,IL,60440,,800-438-7912,E,,Public - Credit card at all times,24 hours daily; Also accepts Diners Club and JCB,A CFN Comdata D EFS FleetOne FuelMan GasCard M TCH Tchek V Voyager Wright_Exp,,Q,3600,,,,,,,200-9,41.682105,-88.063841,2023-04-06,61373,2024-01-31 22:07:01 UTC,P,,,2016-12-01,,HD,,,,US,,,,Public - Carte de crédit en tout temps,,public,CREDIT_CARD_ALWAYS,,STANDALONE_STATION,2,,1050,36000,,,,,,,,Q,3600,HD,,,false,,,,,,,,HD,
CNG,Stackhouse CNG,2635 US Route 322,,Orwell,OH,44076,,440-437-8919,E,,Public - Credit card at all times,No cash accepted; No cash option,A CREDIT D FuelMan M V Voyager Wright_Exp,,Q,3600,,,,,,,200-9,41.535534,-80.844365,2023-11-09,61387,2024-01-31 22:07:01 UTC,P,,,2014-01-15,,HD,,,,US,,,,Public - Carte de crédit en tout temps,,public,CREDIT_CARD_ALWAYS,,CONVENIENCE_STORE,1,,,,,,,,,,,Q,3600,HD,,,false,,,,,,false,,HD,
CNG,Clean Energy - San Antonio Flying J #737,1815 N Foster Rd,Inside the Pilot Flying J center. LCNG station.,San Antonio,TX,78244,,866-809-4869  210-666-2266,E,,Public - Credit card at all times,24 hours daily; call 866-809-4869 for Clean Energy card; Also accepts PFGift Card,A CleanEnergy Comdata D EFS FleetOne FuelMan M TCH Tchek V Voyager Wright_Exp,,Q,3000 3600,,,,,,,200-9,29.446369,-98.362307,2023-09-14,61388,2024-01-31 22:07:01 UTC,P,,,2013-12-31,,HD,,,,US,,,,Public - Carte de crédit en tout temps,,public,CREDIT_CARD_ALWAYS,,TRAVEL_CENTER,1,NONE,,,,,,,,,,Q,3000 3600,HD,,,false,,,,,,true,,HD,
CNG,GAIN Clean Fuel - Columbus,1710 Atlas St,,Columbus,OH,43228,,800-438-7912,E,,Public - Credit card at all times,24 hours daily; contact 920-243-5856 to set up account; Also accepts Diners Club and JCB,A CFN Comdata D EFS FleetOne FuelMan GasCard M TCH Tchek V Voyager Wright_Exp,,Q,3600,,,,,,,200-8,39.983902,-83.142073,2023-04-06,61427,2024-01-31 22:07:01 UTC,P,,,2014-04-15,,HD,,,,US,,,,Public - Carte de crédit en tout temps,,public,CREDIT_CARD_ALWAYS,,STANDALONE_STATION,2,,975,36000,,,,,,,,Q,3600,HD,,,false,,,,,,,,HD,
CNG,GAIN Clean Fuel - Santa Ana,1601 E 1st St,,Santa Ana,CA,92701,,800-438-7912,E,,Public - Credit card at all times,24 hours daily; Also accepts Diners Club and JCB,A CFN Comdata D EFS FleetOne FuelMan GasCard M TCH Tchek V Voyager Wright_Exp,,Q,3600,,,,,,,200-9,33.745814,-117.84668,2023-04-06,61481,2024-01-31 22:07:01 UTC,P,,,2014-04-22,,HD,,,,US,,,,Public - Carte de crédit en tout temps,,public,CREDIT_CARD_ALWAYS,,STANDALONE_STATION,2,,507,36000,,,,,,,,Q,3600,HD,,,false,,,,,,,,HD,
CNG,GAIN Clean Fuel - Middleton Farmers Co-op Co,1755 Pleasant View Rd,,Middleton,WI,53562,,800-438-7912,E,,Public - Credit card at all times,"6am-9pm M-F, 7am-5pm Sat, 8am-3pm Sun; customers can call the station to set up arrangement; Also accepts Diners Club and JCB",A CFN Comdata D EFS FleetOne M TCH Tchek V Wright_Exp,,Q,3600,,,,,,,200-9,43.09407,-89.534911,2023-04-06,61534,2024-01-31 22:07:01 UTC,P,,,2014-10-24,,HD,,,,US,,,,Public - Carte de crédit en tout temps,,public,CREDIT_CARD_ALWAYS,,COOP,2,,975,36000,,,,,,,,Q,3600,HD,,,false,,,,,,,,HD,
CNG,Tesei Petroleum,1300 S Gateway Dr,At Highway 99,Madera,CA,93637,,559-673-3597,E,,Public - Call ahead,7:30am-5pm M-F,A Cash CFN D M V,,Q,3000 3600,,,,,,,200-9,36.950158,-120.04964,2023-04-06,61537,2024-01-31 22:07:01 UTC,P,,,2009-01-15,,HD,,,,US,,,,Public - Appeler à l'avance,,public,CALL,,FUEL_RESELLER,2,,450,,,,,,,,,Q,3000 3600,HD,,,false,,,,,,,,HD,
CNG,GAIN Clean Fuel - Indianapolis,8781 Zionsville Rd,,Indianapolis,IN,46268,,800-438-7912,E,,Public - Credit card at all times,24 hours daily; contact 920-243-5856 to set up account; Also accepts Diners Club and JCB,A CFN Comdata D EFS FleetOne FuelMan GasCard M TCH Tchek V Voyager Wright_Exp,,Q,3600,,,,,,,200-8,39.913404,-86.259803,2023-04-06,61611,2024-01-31 22:07:01 UTC,P,,,2015-01-15,,HD,,,,US,,,,Public - Carte de crédit en tout temps,,public,CREDIT_CARD_ALWAYS,,STANDALONE_STATION,2,,975,36000,,,,,,,,Q,3600,HD,,,false,,,,,,,,HD,
CNG,Sevier County Utility District,420 Robert Henderson Rd,,Sevierville,TN,37862,,865-453-3272,E,,Public - Credit card at all times,24 hours daily,A D M Voyager,,Q,3600,,,,,,,200-8,35.869632,-83.540182,2024-02-12,61650,2024-02-12 21:24:44 UTC,T,,,2014-04-30,,HD,,,,US,,,,Public - Carte de crédit en tout temps,,public,CREDIT_CARD_ALWAYS,,UTILITY,2,,,,,,,,,,,Q,3600,HD,,,false,,,,,,false,,HD,
CNG,Trillium,13233 Cornhusker Rd,Located in the Hilltop industrial park on the corner of 132nd and Cornhusker Rd.,Omaha,NE,68138,,800-920-1166,E,,Public - Credit card at all times,24 hours daily,A D EFS M TCH Tchek Trillium V Voyager Wright_Exp,,Q,3600,,,,,,,200-8,41.161411,-96.120182,2023-12-13,61661,2024-01-31 22:07:01 UTC,T,,,2014-08-23,,HD,,,,US,,,,Public - Carte de crédit en tout temps,,public,CREDIT_CARD_ALWAYS,,STANDALONE_STATION,5,,1200,,,,,,,,,Q,3600,HD,,,false,,,,,,,,HD,
CNG,L T Verrastro Inc,700 Moosic Rd,,Old Forge,PA,18518,,570-471-3905,E,,Public - Limited hours,1pm- 6pm M-F; 24 hours Sat and Sun,M V,,B,3600,,,,,,,200-9,41.3634,-75.730103,2023-08-10,61681,2024-05-08 17:04:37 UTC,P,,,2015-10-30,,HD,,,,US,,,,Public - Heures limitées,,public,LIMITED_HOURS,,STANDALONE_STATION,2,,500,77,,,,,,,,B,3600,HD,,,false,,,,,,false,,HD,
CNG,First Alt Fuel Inc,425 N Bois-D-Arc,One block north of downtown Tyler,Tyler,TX,75702,,903-360-8822,E,,Public - Credit card at all times,24 hours daily; contact station for First Alt Fuel card,D FuelMan M Proprietor V Voyager Wright_Exp,,Q,3600,,,,,,,200-9,32.354553,-95.302495,2023-06-12,61853,2024-01-31 22:07:01 UTC,P,,,2014-05-21,,HD,,,,US,,,,Public - Carte de crédit en tout temps,,public,CREDIT_CARD_ALWAYS,,STANDALONE_STATION,2,,519,,,,,,,,,Q,3600,HD,,,false,,,,,,false,,HD,
CNG,GAIN Clean Fuel - Calera,8280 Highway 25,,Calera,AL,35040,,800-438-7912,E,,Public - Credit card at all times,24 hours daily; Also accepts Diners Club and JCB,A CFN Comdata D EFS FleetOne FuelMan GasCard M TCH Tchek V Voyager Wright_Exp,,Q,3600,,,,,,,200-8,33.09335,-86.792432,2023-04-06,61864,2024-01-31 22:07:01 UTC,P,,,2014-06-06,,HD,,,,US,,,,Public - Carte de crédit en tout temps,,public,CREDIT_CARD_ALWAYS,,FLEET_GARAGE,2,,975,36000,,,,,,,,Q,3600,HD,,,false,,,,,,,,HD,
CNG,Piedmont Natural Gas - Greensboro,2611 Greengate Dr,"Near I-85/I-40 Exit 36, Randleman Rd. Dispenser is in the rear, behind a gate that is open during business hours",Greensboro,NC,27406,,877-840-0043,E,,Public - Credit card at all times,24 hours daily,A Comdata D EFS FleetOne FuelMan M TCH Tchek V Voyager Wright_Exp,,Q,3600,,,,,,,200-9,36.02452,-79.797974,2023-07-11,61868,2024-01-31 22:07:01 UTC,T,,,2014-05-29,,HD,,,,US,,,,Public - Carte de crédit en tout temps,,public,CREDIT_CARD_ALWAYS,,UTILITY,2,NONE,30,,,,,,,,,Q,3600,HD,,,false,,,,,,true,,HD,
CNG,Hutch's C-Store #120,610 NE Highway 66,,Sayre,OK,73662,,580-928-3847,E,,Public,24 hours daily,A Cash D M V Voyager Wright_Exp,,Q,3600,,,,,,,200-9,35.309665,-99.631741,2023-10-12,61871,2024-01-31 22:07:01 UTC,P,,,2014-08-15,,HD,,,,US,,,,Public,,public,,,CONVENIENCE_STORE,2,,,,,,,,,,,Q,3600,HD,,,false,,,,,,false,,HD,
CNG,CNGnGo,4333 W 530 Rd,,Pryor Creek,OK,74361,,918-825-3370,E,,Public - Credit card at all times,24 hours daily,A Comdata D EFS FleetOne FuelMan M V Voyager Wright_Exp,,Q,3600,,,,,,,GPS,36.249164,-95.333829,2023-10-12,62063,2024-01-31 22:07:01 UTC,P,,,2014-07-17,,HD,,,,US,,,,Public - Carte de crédit en tout temps,,public,CREDIT_CARD_ALWAYS,,STANDALONE_STATION,1,,,,,,,,,,,Q,3600,HD,,,false,,,,,,false,,HD,
CNG,Sapphire Gas Solutions,255 E Commercial Ave,N Dogwood St,El Centro,CA,92243,,442-215-2382,E,,Public - Credit card at all times,24 hours daily,M V Wright_Exp,,Q,3600,,,,,,,200-8,32.794671,-115.539473,2023-07-11,62105,2024-01-31 22:07:01 UTC,P,,,2014-08-01,,HD,,,,US,,,,Public - Carte de crédit en tout temps,,public,CREDIT_CARD_ALWAYS,,STANDALONE_STATION,1,,,96000,,,,,,,,Q,3600,HD,,,false,,,,,,false,,HD,
CNG,GAIN Clean Fuel - Carthage,1058 Highway 59 S,Located at Gateway Travel Plaza. The station is located south of Carthage along Highway 59 S and the SW Loop.,Carthage,TX,75633,,800-438-7912,E,,Public - Credit card at all times,24 hours daily; Also accepts Diners Club and JCB,A CFN Comdata D EFS FleetOne FuelMan GasCard M TCH Tchek V Voyager Wright_Exp,,Q,3600,,,,,,,200-8,32.181782,-94.334174,2023-04-06,62106,2024-01-31 22:07:01 UTC,P,,,2014-05-01,,HD,,,,US,,,,Public - Carte de crédit en tout temps,,public,CREDIT_CARD_ALWAYS,,TRAVEL_CENTER,3,,1050,36000,,,,,,,,Q,3600,HD,,,false,,,,,,,,HD,
CNG,St. Cloud Metro Bus,665 Franklin Ave,,St. Cloud,MN,56304,,320-529-4483,E,,Public - Credit card at all times,"7am-10pm M-F, 8am-6pm Sat and Sun; station is also available after hours",A D M V,,Q,3600,,,,,,,200-9,45.575899,-94.149195,2024-05-09,62108,2024-05-09 20:33:30 UTC,LG,,,2015-05-22,,HD,,,,US,,,,Public - Carte de crédit en tout temps,,public,CREDIT_CARD_ALWAYS,,FLEET_GARAGE,1,,,,,,,,,,,Q,3600,HD,,,false,,,,,,false,,HD,
CNG,IGS CNG Services - City of Dayton,1830 E Monument Ave,,Dayton,OH,45402,,877-742-4476,E,,Public - Credit card at all times,24 hours daily,A Comdata D FuelMan M Proprietor V Voyager Wright_Exp,,Q,3600,,,,,,,GPS,39.771034,-84.165929,2023-05-03,62112,2024-01-31 22:07:01 UTC,P,,,2015-02-16,,HD,,,,US,,,,Public - Carte de crédit en tout temps,,public,CREDIT_CARD_ALWAYS,,MUNI_GOV,2,,,,,,,,,,,Q,3600,HD,,,false,,,,,,false,,HD,
CNG,Muncie Sanitary District,900 E Centennial Ave,,Muncie,IN,47303,,765-747-4865,E,,Public - Credit card at all times,24 hours daily,M V Wright_Exp,,Q,3600,,,,,,,200-8,40.20875,-85.376303,2023-10-12,62230,2024-01-31 22:07:01 UTC,LG,,,2014-06-18,,HD,,,,US,,,,Public - Carte de crédit en tout temps,,public,CREDIT_CARD_ALWAYS,,MUNI_GOV,2,,,,,,,,,,,Q,3600,HD,,,false,,,,,,false,,HD,
CNG,Beyond6,107 Tilton Rd SE,Near exit 326 on Interstate 75,Dalton,GA,30721,,877-872-3966,E,,Public - Credit card at all times,24 hours daily,A D FuelMan M V Wright_Exp,,Q,3600,,,,,,,200-8,34.65542,-84.978235,2023-04-06,62257,2024-01-31 22:07:01 UTC,P,,,2015-10-23,,HD,,,,US,,,,Public - Carte de crédit en tout temps,,public,CREDIT_CARD_ALWAYS,,STANDALONE_STATION,2,NONE,840,56250,,,,,,,,Q,3600,HD,,,false,,,,,,true,,HD,
CNG,Piedmont Natural Gas - Nashville,541 Spence Ln,,Nashville,TN,37210,,877-840-0043,E,,Public - Credit card at all times,24 hours daily,A Comdata D EFS FleetOne FuelMan M TCH Tchek V Voyager Wright_Exp,,Q,3600,,,,,,,200-9,36.1425,-86.722855,2023-07-11,62264,2024-01-31 22:07:01 UTC,T,,,2014-07-15,,HD,,,,US,,,,Public - Carte de crédit en tout temps,,public,CREDIT_CARD_ALWAYS,,UTILITY,4,NONE,,,,,,,,,,Q,3600,HD,,,false,,,,,,true,,HD,
CNG,Mannford Compressed Natural Gas,210 E Trower Blvd,"Highway 51; next to Phillips 66, in front of H&R Block",Mannford,OK,74044,,918-865-4314,E,,Public - Credit card at all times,24 hours daily,A D M V,,Q,3600,,,,,,,200-8,36.127057,-96.352955,2023-10-12,62266,2024-04-22 15:08:55 UTC,LG,,,2016-01-20,,HD,,,,US,,,,Public - Carte de crédit en tout temps,,public,CREDIT_CARD_ALWAYS,,MUNI_GOV,1,,,,,,,,,,,Q,3600,HD,,,false,,,,,,false,,HD,
CNG,Sparq - Trinidad,806 E Goddard Ave,"Immediate I-25 Access, Exit 15/US-160E toward Goddard Ave. Co-located with Shell convenience store.",Trinidad,CO,81082,,844-772-7764,E,,Public - Credit card at all times,24 hours daily,FuelMan GasCard M V Wright_Exp,,Q,3600,,,,,,,200-9,37.183969,-104.499646,2024-01-09,62268,2024-01-31 22:07:01 UTC,P,,,2015-10-14,,HD,,,,US,,,,Public - Carte de crédit en tout temps,,public,CREDIT_CARD_ALWAYS,,CONVENIENCE_STORE,2,NONE,,,,,,,,,,Q,3600,HD,,,false,,,,,,true,,HD,
CNG,Oklahoma City Solid Waste Division,11501 N Portland Ave,,Oklahoma City,OK,73120,,405-749-3092,E,,Public - Credit card at all times,24 hours daily,A D FuelMan M V Wright_Exp,,Q,3600,,,,,,,200-9,35.58558,-97.58744,2023-10-12,62313,2024-01-31 22:07:01 UTC,P,,,2014-02-15,,HD,,,,US,,,,Public - Carte de crédit en tout temps,,public,CREDIT_CARD_ALWAYS,,MUNI_GOV,1,,,,,,,,,,,Q,3600,HD,,,false,,,,,,false,,HD,
CNG,Seaboard Energy,3271 US Highway 54,Southeast side of U.S. Highway 54 across from the main driveway off Highway 54,Guymon,OK,73942,,580-468-3790,E,,Public - Credit card at all times,24 hours daily,A D M V Voyager Wright_Exp,,Q,3600,,,,,,,GPS,36.70659580000002,-101.4432073,2023-12-13,62382,2024-01-31 22:07:01 UTC,P,,,2014-07-29,,HD,,,,US,,,,Public - Carte de crédit en tout temps,,public,CREDIT_CARD_ALWAYS,,STANDALONE_STATION,4,,1500,60000,,,,,,,,Q,3600,HD,,,false,,,,,,false,,HD,
CNG,Beyond6,4100 Heckscher Dr,Station is co-located with Gate Petroleum.,Jacksonville,FL,32226,,877-872-3966,E,,Public - Credit card at all times,24 hours daily,A D FuelMan M V Wright_Exp,,Q,3600,,,,,,,200-9,30.40993,-81.558774,2023-04-06,62410,2024-01-31 22:07:01 UTC,P,,,2015-10-07,,HD,,,,US,,,,Public - Carte de crédit en tout temps,,public,CREDIT_CARD_ALWAYS,,TRUCK_STOP,3,NONE,700,56250,,,,,,,,Q,3600,HD,,,false,,,,,,true,,HD,
CNG,Beyond6,9711 Mining Dr,,Jacksonville,FL,32257,,877-872-3966,E,,Public - Credit card at all times,24 hours daily,A D FuelMan M V Wright_Exp,,Q,3600,,,,,,,200-9,30.186846,-81.56631,2023-04-06,62411,2024-01-31 22:07:01 UTC,P,,,2015-01-21,,HD,,,,US,,,,Public - Carte de crédit en tout temps,,public,CREDIT_CARD_ALWAYS,,STANDALONE_STATION,3,NONE,900,28125,,,,,,,,Q,3600,HD,,,false,,,,,,true,,HD,
CNG,Trillium - Dillon Transport,1009 E Canal St,Station is behind a Circle K at 50th St and Madison Ave,Mulberry,FL,33860,,800-920-1166,E,,Public - Credit card at all times,24 hours daily,A D EFS FuelMan M TCH Tchek Trillium V Voyager Wright_Exp,,Q,3600,,,,,,,200-9,27.89457,-81.964574,2023-12-13,62412,2024-01-31 22:07:01 UTC,P,,,2015-03-06,,HD,,,,US,,,,Public - Carte de crédit en tout temps,,public,CREDIT_CARD_ALWAYS,,STANDALONE_STATION,2,,1400,,,,,,,,,Q,3600,HD,,,false,,,,,,,,HD,
CNG,All American Waste,19 Wheeler St,,New Haven,CT,06512,,866-809-4869,E,,Public - Credit card at all times,24 hours daily; call 866-809-4869 for Clean Energy card,A CleanEnergy D FuelMan M TCH Tchek V Voyager Wright_Exp,,Q,3600,,,,,,,200-8,41.294864,-72.899122,2023-10-12,62443,2024-04-29 18:02:20 UTC,P,,,2015-08-05,,HD,,,,US,,,,Public - Carte de crédit en tout temps,,public,CREDIT_CARD_ALWAYS,,FLEET_GARAGE,2,,,,,,,,,,,Q,3600,HD,,,false,,,,,,,,HD,
CNG,Beyond6,4011 16th St SW,Station is directly off of US 30/US 65 and across from Frito-Lay North America's Canton plant. At the intersection of 16th St SW and Industry Dr.,Canton,OH,44710,,877-872-3966,E,,Public - Credit card at all times,24 hours daily,A D FuelMan M V Wright_Exp,,Q,3600,,,,,,,200-8,40.783185,-81.420644,2023-04-06,62451,2024-01-31 22:07:01 UTC,P,,,2014-10-18,,HD,,,,US,,,,Public - Carte de crédit en tout temps,,public,CREDIT_CARD_ALWAYS,,STANDALONE_STATION,3,NONE,800,28125,,,,,,,,Q,3600,HD,,,false,,,,,,true,,HD,
CNG,Beyond6,330 Farm to Market Rd 1189,,Brock,TX,76087,,877-872-3966,E,,Public - Credit card at all times,24 hours daily,A D FuelMan M V Wright_Exp,,Q,3600,,,,,,,GPS,32.69846536870075,-97.95969484130859,2023-04-06,62454,2024-01-31 22:07:01 UTC,P,,,2015-05-20,,HD,,,,US,,,,Public - Carte de crédit en tout temps,,public,CREDIT_CARD_ALWAYS,,STANDALONE_STATION,3,NONE,2800,28125,,,,,,,,Q,3600,HD,,,false,,,,,,true,,HD,
CNG,GAIN Clean Fuel - Nexus Natural Gas,380 Grand Island Blvd,,Tonawanda,NY,14150,,716-553-5512  800-438-7912,E,,Public - Credit card at all times,24 hours daily; Also accepts Diners Club and JCB,A CFN Comdata D EFS FleetOne FuelMan GasCard M TCH Tchek V Voyager Wright_Exp,,Q,3600,,,,,,,200-9,42.983441,-78.91425,2023-04-06,62471,2024-01-31 22:07:01 UTC,P,,,2015-08-01,,HD,,,,US,,,,Public - Carte de crédit en tout temps,,public,CREDIT_CARD_ALWAYS,,STANDALONE_STATION,2,,900,34500,,,,,,,,Q,3600,HD,,,false,,,,,,,,HD,
CNG,Beyond6,1130 W Highway 25,Co-Located with Time Out Travel Center,Newport,TN,37821,,877-872-3966,E,,Public - Credit card at all times,24 hours daily,A D FuelMan M V Wright_Exp,,Q,3600,,,,,,,200-9,35.972547,-83.247995,2023-04-06,62538,2024-01-31 22:07:01 UTC,P,,,2015-08-07,,HD,,,,US,,,,Public - Carte de crédit en tout temps,,public,CREDIT_CARD_ALWAYS,,TRUCK_STOP,3,NONE,755,56250,,,,,,,,Q,3600,HD,,,false,,,,,,true,,HD,
CNG,GAIN Clean Fuel - Aurora,19401 E 32nd Pkwy,,Aurora,CO,80011,,800-438-7912,E,,Public - Credit card at all times,24 hours daily; contact 920-243-5856 to set up account; Also accepts Diners Club and JCB,A CFN Comdata D EFS FleetOne GasCard M TCH Tchek V Voyager Wright_Exp,,Q,3600,,,,,,,200-8,39.75968,-104.761488,2023-04-06,62543,2024-01-31 22:07:01 UTC,P,,,2014-07-11,,HD,,,,US,,,,Public - Carte de crédit en tout temps,,public,CREDIT_CARD_ALWAYS,,STANDALONE_STATION,2,,975,36000,,,,,,,,Q,3600,HD,,,false,,,,,,,,HD,
CNG,GAIN Clean Fuel - Fort Wayne,10317 Bluffton Rd,,Fort Wayne,IN,46809,,800-438-7912,E,,Public - Credit card at all times,24 hours daily; contact 920-243-5856 to set up account; Also accepts Diners Club and JCB,A CFN Comdata D EFS FleetOne FuelMan GasCard M TCH Tchek V Voyager Wright_Exp,,Q,3600,,,,,,,200-9,40.989957,-85.168267,2023-04-06,62544,2024-01-31 22:07:01 UTC,P,,,2014-07-12,,HD,,,,US,,,,Public - Carte de crédit en tout temps,,public,CREDIT_CARD_ALWAYS,,CONVENIENCE_STORE,2,,975,36000,,,,,,,,Q,3600,HD,,,false,,,,,,,,HD,
CNG,GAIN Clean Fuel - Gary,6700 W 15th Ave,,Gary,IN,46406,,800-438-7912,E,,Public - Credit card at all times,24 hours daily; contact 920-243-5856 to set up account,A CFN Comdata D EFS FleetOne FuelMan GasCard M TCH Tchek V Voyager Wright_Exp,,Q,3600,,,,,,,200-8,41.58805,-87.419547,2023-04-06,62545,2024-01-31 22:07:01 UTC,P,,,2014-07-13,,HD,,,,US,,,,Public - Carte de crédit en tout temps,,public,CREDIT_CARD_ALWAYS,,STANDALONE_STATION,2,,975,36000,,,,,,,,Q,3600,HD,,,false,,,,,,,,HD,
CNG,Refuel CNG,1330 W Jackson St,"At the intersection of routes 84 and 19 in south central Georgia, about 50 miles north of Tallahassee",Thomasville,GA,31792,,229-227-5499,E,,Public - Credit card at all times,24 hours daily,D FuelMan M V Voyager Wright_Exp,,Q,3600,,,,,,,200-8,30.818047,-83.999657,2024-01-09,62603,2024-01-31 22:07:01 UTC,LG,,,2014-06-24,,HD,,,,US,,,,Public - Carte de crédit en tout temps,,public,CREDIT_CARD_ALWAYS,,STANDALONE_STATION,1,,,,,,,,,,,Q,3600,HD,,,false,,,,,,false,,HD,
ELEC,Maine Organic Farmers and Gardeners Association,294 Crosby Brook Rd,,Unity,ME,04988,,207-568-4142,E,,Public - Call ahead,Dawn to dusk daily,,,,,,2,,,Non-Networked,,GPS,44.590314,-69.289139,2023-04-06,62734,2024-01-31 22:07:01 UTC,P,,,2014-06-05,,,,,J1772,US,,,,Public - Appeler à l'avance,,public,CALL,,OFFICE_BLDG,,,,,,,Free,,,,,,,,,,false,,,,,,,,HD,false
CNG,Clean Energy - Albuquerque Flying J #689,9911 Avalon Rd NW,LCNG station,Albuquerque,NM,87105,,866-809-4869,E,,Public - Credit card at all times,24 hours daily; call 866-809-4869 for Clean Energy card; Also accepts PFGift Card,A CleanEnergy Comdata D EFS FleetOne FuelMan M Proprietor TCH Tchek V Voyager Wright_Exp,,Q,3000 3600,,,,,,,200-9,35.079896,-106.746225,2023-09-14,62775,2024-01-31 22:07:01 UTC,P,,,2014-07-15,,HD,,,,US,,,,Public - Carte de crédit en tout temps,,public,CREDIT_CARD_ALWAYS,,TRAVEL_CENTER,1,NONE,,,,,,,,,,Q,3000 3600,HD,,,false,,,,,,true,,HD,
CNG,GAIN Clean Fuel - Johnstown,157 Vo Tech Dr,It is easiest for truck traffic to access the station from the entrance on Vo Tech Drive.,Johnstown,PA,15904,,800-438-7912,E,,Public - Credit card at all times,24 hours daily; contact 920-243-5856 to set up account; Also accepts Diners Club and JCB,A CFN Comdata D EFS FleetOne FuelMan GasCard M TCH Tchek V Voyager Wright_Exp,,Q,3600,,,,,,,200-8,40.27102,-78.83327,2023-04-06,62906,2024-01-31 22:07:01 UTC,P,,,2014-11-20,,HD,,,,US,,,,Public - Carte de crédit en tout temps,,public,CREDIT_CARD_ALWAYS,,STANDALONE_STATION,2,,975,36000,,,,,,,,Q,3600,HD,,,false,,,,,,,,HD,
CNG,GAIN Clean Fuel - Forrest City,3400 Commerce Dr,,Forrest City,AR,72335,,800-438-7912,E,,Public - Credit card at all times,24 hours daily; contact 920-243-5856 to set up account; Also accepts Diners Club and JCB,A CFN Comdata D EFS FleetOne FuelMan GasCard M Proprietor TCH Tchek V Voyager Wright_Exp,,Q,3600,,,,,,,200-9,35.042134,-90.810704,2023-04-06,62907,2024-01-31 22:07:01 UTC,P,,,2014-10-21,,HD,,,,US,,,,Public - Carte de crédit en tout temps,,public,CREDIT_CARD_ALWAYS,,STANDALONE_STATION,2,,975,36000,,,,,,,,Q,3600,HD,,,false,,,,,,,,HD,
CNG,GAIN Clean Fuel,725 Legionnaire Dr,,Fredericksburg,PA,17026,,800-438-7912,E,,Public - Credit card at all times,24 hours daily; contact 920-243-5856 to set up account; Also accepts Diners Club and JCB,A CFN Comdata D EFS FleetOne FuelMan GasCard M TCH Tchek V Voyager Wright_Exp,,Q,3600,,,,,,,GPS,40.45023131319861,-76.41577569444274,2023-04-06,62908,2024-01-31 22:07:01 UTC,P,,,2018-06-15,,HD,,,,US,,,,Public - Carte de crédit en tout temps,,public,CREDIT_CARD_ALWAYS,,STANDALONE_STATION,2,,975,,,,,,,,,Q,3600,HD,,,false,,,,,,,,HD,
CNG,GAIN Clean Fuel - Smyrna,4960 Plant Atkinson Rd,,Smyrna,GA,30080,,800-438-7912,E,,Public - Credit card at all times,24 hours daily; Also accepts Diners Club and JCB,A CFN Comdata D EFS FleetOne FuelMan GasCard M TCH Tchek V Voyager Wright_Exp,,Q,3600,,,,,,,GPS,33.8324679,-84.4810285,2023-04-06,62909,2024-01-31 22:07:01 UTC,P,,,2015-06-15,,HD,,,,US,,,,Public - Carte de crédit en tout temps,,public,CREDIT_CARD_ALWAYS,,STANDALONE_STATION,2,,975,36000,,,,,,,,Q,3600,HD,,,false,,,,,,,,HD,
CNG,GAIN Clean Fuel - Sanford,2509 Cox Mill Rd,,Sanford,NC,27332,,800-438-7912,E,,Public - Credit card at all times,24 hours daily; contact 920-243-5856 to set up account; Also accepts Diners Club and JCB,A CFN Comdata D EFS FleetOne FuelMan GasCard M TCH Tchek V Voyager Wright_Exp,,Q,3600,,,,,,,200-9,35.458359,-79.108203,2023-04-06,62910,2024-01-31 22:07:01 UTC,P,,,2015-03-15,,HD,,,,US,,,,Public - Carte de crédit en tout temps,,public,CREDIT_CARD_ALWAYS,,STANDALONE_STATION,2,,975,75000,,,,,,,,Q,3600,HD,,,false,,,,,,,,HD,
CNG,GAIN Clean Fuel - Tampa,8346 E Martin Luther King Blvd,,Tampa,FL,33619,,800-438-7912,E,,Public - Credit card at all times,24 hours daily; contact 920-243-5856 to set up account,A CFN Comdata D EFS FleetOne FuelMan GasCard M TCH Tchek V Voyager Wright_Exp,,Q,3600,,,,,,,GPS,27.98225685262865,-82.36160713393784,2023-04-06,62911,2024-01-31 22:07:01 UTC,P,,,2015-10-30,,HD,,,,US,,,,Public - Carte de crédit en tout temps,,public,CREDIT_CARD_ALWAYS,,CONVENIENCE_STORE,2,,975,36000,,,,,,,,Q,3600,HD,,,false,,,,,,,,HD,
CNG,GAIN Clean Fuel - Des Moines,1205 NE Broadway Ave,,Des Moines,IA,50313,,800-438-7912,E,,Public - Credit card at all times,24 hours daily; contact 920-243-5856 to set up account,A Comdata D M Proprietor V Voyager Wright_Exp,,Q,3600,,,,,,,200-9,41.64338,-93.603529,2023-04-06,62912,2024-01-31 22:07:01 UTC,P,,,2015-01-12,,HD,,,,US,,,,Public - Carte de crédit en tout temps,,public,CREDIT_CARD_ALWAYS,,STANDALONE_STATION,2,,975,36000,,,,,,,,Q,3600,HD,,,false,,,,,,,,HD,
CNG,GAIN Clean Fuel - St. Louis,1400 S 2nd St,,St. Louis,MO,63104,,800-438-7912,E,,Public - Credit card at all times,24 hours daily; station only has CT-5000 nozzles compatible for fueling heavy-duty vehicles; no light-duty fueling receptacles; Also accepts Diners Club and JCB,A CFN Comdata D EFS FleetOne FuelMan GasCard M TCH Tchek V Voyager Wright_Exp,,Q,3600,,,,,,,200-9,38.611125,-90.193753,2023-04-06,62914,2024-01-31 22:07:01 UTC,P,,,2015-07-17,,HD,,,,US,,,,Public - Carte de crédit en tout temps,,public,CREDIT_CARD_ALWAYS,,STANDALONE_STATION,2,,1463,36000,,,,,,,,Q,3600,HD,,,false,,,,,,,,HD,
CNG,Kwik Trip #210,1506 Black Ave,,Eau Claire,WI,54703,,715-835-7218,E,,Public,24 hours daily,A Cash Checks Comdata D EFS FleetOne M TCH Tchek V Voyager Wright_Exp,,Q,3600,,,,,,,200-9,44.83312,-91.44934,2023-05-03,62915,2024-01-31 22:07:01 UTC,P,,,2014-08-06,,HD,,,,US,,,,Public,,public,,,CONVENIENCE_STORE,2,,1400,,,,,,,,,Q,3600,HD,,,false,,,,,,false,,HD,
CNG,Kwik Star #215,100 W 65th St,,Davenport,IA,52806,,563-386-8458,E,,Public,24 hours daily,A Cash Checks Comdata D EFS FleetOne FuelMan M TCH Tchek V Voyager Wright_Exp,,Q,3600,,,,,,,200-9,41.585882,-90.573456,2024-03-14,62916,2024-03-14 18:02:10 UTC,P,,,2014-08-13,,HD,,,,US,,,,Public,,public,,,CONVENIENCE_STORE,2,NONE,1400,,,,,,,,,Q,3600,HD,,,false,,,,,,true,,HD,
CNG,Kwik Trip #306,105 W Tyranena Park Rd,,Lake Mills,WI,53551,,920-648-3033,E,,Public,24 hours daily,A Cash Checks D EFS M V Voyager Wright_Exp,,Q,3600,,,,,,,GPS,43.09014066781764,-88.9099794873108,2024-01-09,62917,2024-01-31 22:07:01 UTC,P,,,2014-08-19,,HD,,,,US,,,,Public,,public,,,CONVENIENCE_STORE,2,,1400,,,,,,,,,Q,3600,HD,,,false,,,,,,true,,HD,
CNG,3G CNG,3529 Combine St,,Paso Robles,CA,93446,,805-286-3001,E,,Public - Credit card at all times,24 hours daily; Also accepts FleetPride,FuelMan M V Wright_Exp,,Q,3600,,,,,,,200-9,35.6451,-120.653671,2023-10-12,62933,2024-01-31 22:07:01 UTC,P,,,2014-09-15,,HD,,,,US,,,,Public - Carte de crédit en tout temps,,public,CREDIT_CARD_ALWAYS,,STANDALONE_STATION,1,NONE,,1000,,,,,,,,Q,3600,HD,,,false,,,,,,true,,HD,
CNG,TruStar Energy - Orlando,8520 Exchange Dr,,Orlando,FL,32809,,678-215-2762,E,,Public - Credit card at all times,24 hours daily,A Comdata D FuelMan M V,,Q,3600,,,,,,,200-8,28.441552,-81.411516,2023-09-14,62934,2024-01-31 22:07:01 UTC,P,,,2015-07-08,,HD,,,,US,,,,Public - Carte de crédit en tout temps,,public,CREDIT_CARD_ALWAYS,,STANDALONE_STATION,2,,,,,,,,,,,Q,3600,HD,,,false,,,,,,,,HD,
ELEC,Delaware Welcome Center and Travel Plaza,530 John F Kennedy Memorial Hwy,Located behind the Welcome Center in the truck stop area in the southwest section of the southbound side.,Newark,DE,19702,,302-731-8599,E,,Public,24 hours daily,,,,,,2,,,Non-Networked,,GPS,39.660766,-75.69348611,2024-02-12,62939,2024-02-12 21:24:44 UTC,P,,,2014-08-01,,,,,J1772,US,,,,Public,,public,,,REST_STOP,,,,,,,Free,,,,,,,,,,false,,,,,,,,HD,false
CNG,Love's Travel Stop #614,12605 Central Ave NW,"Along I-40, Exit 149.",Albuquerque,NM,87121,,505-831-5533,E,,Public,24 hours daily,A Cash Checks D FuelMan M V Voyager Wright_Exp,,Q,3600,,,,,,,200-9,35.064935,-106.784483,2023-12-13,62996,2024-01-31 22:07:01 UTC,P,,,2015-11-21,,HD,,,,US,,,,Public,,public,,,CONVENIENCE_STORE,2,,,,,,,,,,,Q,3600,HD,,,false,,,,,,,,HD,
CNG,Love's Travel Stop #553,1055 N Grand Canyon Blvd,"North of I-40, Exit 163",Williams,AZ,86046,,928-635-9958,E,,Public,24 hours daily,A Cash Checks D FuelMan M V Voyager Wright_Exp,,Q,3600,,,,,,,200-9,35.263617,-112.194139,2023-12-13,62997,2024-01-31 22:07:01 UTC,P,,,2015-04-09,,HD,,,,US,,,,Public,,public,,,CONVENIENCE_STORE,1,,,,,,,,,,,Q,3600,HD,,,false,,,,,,,,HD,
CNG,Kwik Trip #222,3027 E 2nd St,,Superior,WI,54880,,715-392-2954,E,,Public,24 hours daily,A Cash Checks Comdata D EFS FleetOne FuelMan M TCH Tchek V Voyager Wright_Exp,,Q,3600,,,,,,,200-9,46.698029,-92.035851,2023-05-03,63026,2024-01-31 22:07:01 UTC,P,,,2014-10-15,,HD,,,,US,,,,Public,,public,,,CONVENIENCE_STORE,2,,1400,,,,,,,,,Q,3600,HD,,,false,,,,,,true,,HD,
CNG,Kwik Trip #242,980 S Hickory St,,Fond Du Lac,WI,54935,,920-921-2925,E,,Public,24 hours daily,A Cash Checks Comdata D EFS FleetOne FuelMan M TCH Tchek V Voyager Wright_Exp,,Q,3600,,,,,,,200-8,43.751366,-88.462334,2023-05-03,63027,2024-01-31 22:07:01 UTC,P,,,2014-10-15,,HD,,,,US,,,,Public,,public,,,TRUCK_STOP,2,,1400,,,,,,,,,Q,3600,HD,,,false,,,,,,true,,HD,
CNG,Kwik Trip #673,6325 Pepsi Way,,Windsor,WI,53598,,608-846-9888,E,,Public,24 hours daily,A Cash Checks D EFS M V Voyager Wright_Exp,,Q,3600,,,,,,,200-9,43.194047,-89.33686,2024-01-09,63028,2024-01-31 22:07:01 UTC,P,,,2014-12-18,,HD,,,,US,,,,Public,,public,,,CONVENIENCE_STORE,2,,1400,,,,,,,,,Q,3600,HD,,,false,,,,,,true,,HD,
CNG,Kwik Trip #250,1509 10th Pl NE,,Austin,MN,55912,,507-437-6702,E,,Public,24 hours daily,A Cash Checks D EFS M V Voyager Wright_Exp,,Q,3600,,,,,,,200-9,43.675892,-92.953638,2023-05-03,63029,2024-05-09 20:32:20 UTC,P,,,2014-11-19,,HD,,,,US,,,,Public,,public,,,TRUCK_STOP,2,LANDFILL,1400,,,,,,,,,Q,3600,HD,,,false,,,,,,true,,HD,
CNG,Beyond6,6580 Kansas Ave,,Kansas City,KS,66111,,877-872-3966,E,,Public - Credit card at all times,24 hours daily,A Comdata D EFS FuelMan M TCH Tchek V Wright_Exp,,Q,3600,,,,,,,200-9,39.088255,-94.732123,2023-04-06,63276,2024-01-31 22:07:01 UTC,P,,,2014-10-08,,HD,,,,US,,,,Public - Carte de crédit en tout temps,,public,CREDIT_CARD_ALWAYS,,STANDALONE_STATION,3,NONE,3510,34713,,,,,,,,Q,3600,HD,,,false,,,,,,true,,HD,
CNG,Beyond6,4200 Duncanville Rd,,Dallas,TX,75236,,877-872-3966,E,,Public - Credit card at all times,24 hours daily,A Comdata D EFS FuelMan M TCH Tchek V Wright_Exp,,Q,3600,,,,,,,200-9,32.693705,-96.910233,2023-04-06,63277,2024-01-31 22:07:01 UTC,P,,,2014-10-08,,HD,,,,US,,,,Public - Carte de crédit en tout temps,,public,CREDIT_CARD_ALWAYS,,STANDALONE_STATION,3,NONE,3318,34713,,,,,,,,Q,3600,HD,,,false,,,,,,true,,HD,
CNG,Beyond6,650 E Centre Park Blvd,,DeSoto,TX,75115,,877-872-3966,E,,Public - Credit card at all times,24 hours daily,A Comdata D EFS FuelMan M TCH Tchek V Wright_Exp,,Q,3600,,,,,,,GPS,32.62423616071161,-96.84305342327877,2023-04-06,63278,2024-01-31 22:07:01 UTC,P,,,2014-08-27,,HD,,,,US,,,,Public - Carte de crédit en tout temps,,public,CREDIT_CARD_ALWAYS,,STANDALONE_STATION,3,NONE,3852,34713,,,,,,,,Q,3600,HD,,,false,,,,,,true,,HD,
CNG,JEM Energy,5925 Stockberger Pl,Indianapolis West Side near the Indianapolis International Airport.,Indianapolis,IN,46241,,317-244-5993,E,,Public - Credit card at all times,24 hours daily,A Comdata D EFS FuelMan M V Voyager Wright_Exp,,Q,3600,,,,,,,200-9,39.719763,-86.264129,2023-10-12,63446,2024-01-31 22:07:01 UTC,P,,,2014-09-17,,HD,,,,US,,,,Public - Carte de crédit en tout temps,,public,CREDIT_CARD_ALWAYS,,OFFICE_BLDG,1,NONE,,,,,,,,,,Q,3600,HD,,,false,,,,,,true,,HD,
CNG,City of Deming,1315 W Pine St,,Deming,NM,88030,,575-546-8848,E,,Public - Credit card at all times,24 hours daily; customers may call Bryan Reedy (575-546-8848 x129) with questions,A D FuelMan M V Voyager Wright_Exp,,Q,3600,,,,,,,200-9,32.267588,-107.774524,2024-01-09,63447,2024-01-31 22:07:01 UTC,LG,,,2014-12-15,,HD,,,,US,,,,Public - Carte de crédit en tout temps,,public,CREDIT_CARD_ALWAYS,,MUNI_GOV,1,,,,,,,,,,,Q,3600,HD,,,false,,,,,,false,,HD,
ELEC,Tom Wood Porsche,3473 E 96th St,,Indianapolis,IN,46240,,317-848-5550,E,,Public,Dealership business hours; customers only,,,,,,1,,,Non-Networked,,200-9,39.926194,-86.108451,2023-11-09,63533,2024-01-31 22:07:01 UTC,P,,,2014-09-30,,,,,J1772,US,,,,Public,,public,,,CAR_DEALER,,,,,,,Free,,,,,,,,,,true,,,,,,,,HD,false
CNG,CNG@WORK,401 Kindleberger Rd,"Located in the Fairfax Industrial Park with easy access off I-635; and in close proximity to I-29, I-35 and I-70.",Kansas City,KS,66115,,877-587-6550,E,,Public - Credit card at all times,24 hours daily; Also accepts Multi Service fuel card,CFN Comdata D M PHH V Voyager Wright_Exp,,Q,3600,,,,,,,200-9,39.149026,-94.617479,2023-04-06,63576,2024-01-31 22:07:01 UTC,P,,,2015-08-27,,HD,,,,US,,,,Public - Carte de crédit en tout temps,,public,CREDIT_CARD_ALWAYS,,STANDALONE_STATION,4,,1500,22500,,,,,,,,Q,3600,HD,,,false,,,,,,,,HD,
CNG,IGS CNG Services - Duchess BP,3909 Alum Creek Dr,,Obetz,OH,43207,,877-742-4476,E,,Public - Credit card at all times,24 hours daily,A Comdata D FuelMan M Proprietor V Voyager Wright_Exp,,Q,3600,,,,,,,GPS,39.888256,-82.930933,2023-05-03,63577,2024-01-31 22:07:01 UTC,P,,,2015-03-15,,HD,,,,US,,,,Public - Carte de crédit en tout temps,,public,CREDIT_CARD_ALWAYS,,CONVENIENCE_STORE,2,NONE,,,,,,,,,,Q,3600,HD,,,false,,,,,,true,,HD,
CNG,Clean Energy - Winslow Flying J #612,404 Transcon Ln,LCNG station,Winslow,AZ,86047,,866-809-4869,E,,Public - Credit card at all times,24 hours daily; call 866-809-4869 for Clean Energy card; Also accepts PFGift Card,A CleanEnergy Comdata D EFS FuelMan M TCH Tchek V Voyager Wright_Exp,,Q,3000 3600,,,,,,,200-8,35.01643,-110.675005,2023-05-03,63579,2024-01-31 22:07:01 UTC,P,,,2014-09-20,,HD,,,,US,,,,Public - Carte de crédit en tout temps,,public,CREDIT_CARD_ALWAYS,,TRAVEL_CENTER,1,NONE,,,,,,,,,,Q,3000 3600,HD,,,false,,,,,,true,,HD,
CNG,Sparq - U Pump It,156 N Campus Dr,At Fulton,Garden City,KS,67846,,620-276-3923  844-772-7764,E,,Public - Credit card at all times,24 hours daily,FuelMan GasCard M V Voyager Wright_Exp,,Q,3600,,,,,,,200-9,37.962455,-100.846437,2023-07-11,63600,2024-01-31 22:07:01 UTC,P,,,2016-01-05,,HD,,,,US,,,,Public - Carte de crédit en tout temps,,public,CREDIT_CARD_ALWAYS,,TRUCK_STOP,2,NONE,,,,,,,,,,Q,3600,HD,,,false,,,,,,true,,HD,
CNG,City of Tulsa,7952 E 33rd St,Adjacent to Tulsa Transit's Memorial Midtown station.,Tulsa,OK,74145,,918-527-0002  918-596-9810,E,,Public - Credit card at all times,24 hours daily,M V Voyager,,Q,3600,,,,,,,200-9,36.113892,-95.889587,2023-10-12,63602,2024-01-31 22:07:01 UTC,LG,,,2017-06-12,,HD,,,,US,,,,Public - Carte de crédit en tout temps,,public,CREDIT_CARD_ALWAYS,,MUNI_GOV,4,,,,,,,,,,,Q,3600,HD,,,false,,,,,,false,,HD,
CNG,Bubble City Truck Stop,3125 Bloomfield Hwy,,Farmington,NM,87401,,505-326-4668,E,,Public,"5:30am-9pm M-F, 7am-9pm Sat-Sun; see station attendant for fueling and payment instructions",A Cash Comdata D EFS FleetOne FuelMan M TCH Tchek V Voyager Wright_Exp,,Q,3600,,,,,,,200-9,36.71838,-108.167694,2023-08-10,63603,2024-01-31 22:07:01 UTC,P,,,2016-02-25,,HD,,,,US,,,,Public,,public,,,TRUCK_STOP,1,NONE,,,,,,,,,,Q,3600,HD,,,false,,,,,,true,,HD,
CNG,GAIN Clean Fuel - Baltimore,1601 62nd St,The station is located at the intersection of I-95 and I-895.,Baltimore,MD,21237,,800-438-7912,E,,Public - Credit card at all times,24 hours daily; Also accepts Diners Club and JCB,A CFN Comdata D EFS FleetOne FuelMan GasCard M TCH Tchek V Voyager Wright_Exp,,Q,3600,,,,,,,200-9,39.317115,-76.531988,2023-04-06,63627,2024-01-31 22:07:01 UTC,P,,,2016-01-08,,HD,,,,US,,,,Public - Carte de crédit en tout temps,,public,CREDIT_CARD_ALWAYS,,STANDALONE_STATION,2,,975,36000,,,,,,,,Q,3600,HD,,,false,,,,,,,,HD,
CNG,Clean Energy - Kansas City Fleet Services Division,5350 Municipal Ave,,Kansas City,MO,64120,,816-509-3211,E,,Public - Credit card at all times,24 hours daily; call 866-809-4869 for Clean Energy card,A CleanEnergy D FuelMan M V Voyager Wright_Exp,,Q,3600,,,,,,,200-8,39.13353,-94.523119,2023-07-11,63664,2024-01-31 22:07:01 UTC,LG,,,2014-12-15,,HD,,,,US,,,,Public - Carte de crédit en tout temps,,public,CREDIT_CARD_ALWAYS,,MUNI_GOV,4,NONE,800,30000,,,,,,,,Q,3600,HD,,,false,,,,,,true,,HD,
CNG,OnCue Express #45 - Truck Stop,7850 Acre Rd,,Billings,OK,74630,,580-725-3252,E,,Public - Credit card at all times,24 hours daily,A D FuelMan M V Voyager Wright_Exp,,Q,3600,,,,,,,200-8,36.535661,-97.33916,2024-02-12,63665,2024-02-12 21:24:44 UTC,P,,,2015-12-30,,HD,,,,US,,,,Public - Carte de crédit en tout temps,,public,CREDIT_CARD_ALWAYS,,TRUCK_STOP,4,NONE,1000,,,,,,,,,Q,3600,HD,,,false,,,,,,true,,HD,
CNG,Speedy Fuel,1492 S Lorena St,,Los Angeles,CA,90023,,323-260-4606,E,,Public,24 hours daily,Cash M V Voyager Wright_Exp,,Q,3600,,,,,,,200-9,34.01665,-118.208679,2023-05-03,63673,2024-01-31 22:07:01 UTC,P,,,2014-10-15,,HD,,,,US,,,,Public,,public,,,CONVENIENCE_STORE,4,,3800,3144,,,,,,,,Q,3600,HD,,,false,,,,,,false,,HD,
CNG,Clean Energy - Houston Valero,9221 Wallisville Rd,,Houston,TX,77013,,866-809-4869,E,,Public - Credit card at all times,24 hours daily; call 866-809-4869 for Clean Energy card; Also accepts PFGift Card,A CleanEnergy Comdata D EFS FleetOne FuelMan M TCH Tchek V Voyager Wright_Exp,,Q,3000 3600,,,,,,,200-9,29.793882,-95.266015,2023-09-14,63680,2024-01-31 22:07:01 UTC,P,,,2013-04-15,,HD,,,,US,,,,Public - Carte de crédit en tout temps,,public,CREDIT_CARD_ALWAYS,,GAS_STATION,2,NONE,,,,,,,,,,Q,3000 3600,HD,,,false,,,,,,true,,HD,
CNG,Clean Energy - Waco Flying J #739,2409 S New Rd,LCNG station,Waco,TX,76711,,866-809-4869,E,,Public - Credit card at all times,24 hours daily; call 866-809-4869 for Clean Energy card; Also accepts PFGift Card,A CleanEnergy Comdata D EFS FleetOne FuelMan M TCH Tchek V Voyager Wright_Exp,,Q,3000 3600,,,,,,,200-9,31.507287,-97.145928,2023-09-14,63681,2024-01-31 22:07:01 UTC,P,,,2015-01-22,,HD,,,,US,,,,Public - Carte de crédit en tout temps,,public,CREDIT_CARD_ALWAYS,,TRAVEL_CENTER,1,NONE,,,,,,,,,,Q,3000 3600,HD,,,false,,,,,,true,,HD,
CNG,CNG 4 America - Austin,907 E St Johns Ave,"Behind the Pollo Campero restaurant/ Sunrise Mini Mart. Notable by iron fence surrounding property. Primary signage is Pollo Campero. CNG is the only fuel sold, currently no CNG signage",Austin,TX,78752,,888-560-5556,E,,Public - Credit card at all times,24 hours daily,A D FuelMan M V Voyager Wright_Exp,,Q,3600,,,,,,,200-9,30.330588,-97.701649,2023-06-12,63757,2024-01-31 22:07:01 UTC,P,,,2016-01-15,,HD,,,,US,,,,Public - Carte de crédit en tout temps,,public,CREDIT_CARD_ALWAYS,,CONVENIENCE_STORE,2,,430,60300,,,,,,,,Q,3600,HD,,,false,,,,,,false,,HD,
CNG,X3Energy,14827 Weld County Rd 42,Station is located at Highway 85 and WCR 42,Gilcrest,CO,80623,,844-304-9800,E,,Public - Credit card at all times,24 hours daily,A D M Proprietor V Voyager Wright_Exp,,Q,3600,,,,,,,200-8,40.289906,-104.775176,2024-01-09,63817,2024-01-31 22:07:01 UTC,P,,,2014-09-05,,HD,,,,US,,,,Public - Carte de crédit en tout temps,,public,CREDIT_CARD_ALWAYS,,SCHOOL,1,NONE,,,,,,,,,,Q,3600,HD,,,false,,,,,,true,,HD,
CNG,Waste Management - Conroe,2749 N Loop 336 E,,Conroe,TX,77301,,800-331-3441,E,,Public - Card key at all times,24 hours daily; contact station for card key access,A D Debit M V,,T,3600,,,,,,,200-9,30.337826,-95.412461,2023-12-13,63992,2024-01-31 22:07:01 UTC,P,,,2012-05-10,,HD,,,,US,,,,Public - Carte-clé en tout temps,,public,KEY_ALWAYS,,FLEET_GARAGE,1,,,,,,,,,,,T,3600,HD,,,false,,,,,,,,HD,
CNG,City of Douglas,1331 Pope Dr,,Douglas,GA,31533,,912-389-3427,E,,Public - Credit card at all times,24 hours daily,A D FuelMan M V Voyager Wright_Exp,,Q,3600,,,,,,,200-8,31.490414,-82.865433,2024-01-09,64019,2024-01-31 22:07:01 UTC,LG,,,2014-10-08,,HD,,,,US,,,,Public - Carte de crédit en tout temps,,public,CREDIT_CARD_ALWAYS,,MUNI_GOV,2,,308,46957,,,,,,,,Q,3600,HD,,,false,,,,,,false,,HD,
CNG,7-Eleven - New Stanton Service Plaza,734 New Stanton Plaza Rd,"Turnpike access is available from Brinker Rd. Use 152 Brinker Rd, Hunker, PA as the GPS address.",Hunker,PA,15639,,724-925-1908,E,,Public,24 hours daily,A Cash Checks Comdata D FleetOne FuelMan M V Voyager Wright_Exp,,Q,3600,,,,,,,200-9,40.206139,-79.56679,2023-06-12,64027,2024-01-31 22:07:01 UTC,P,,,2014-11-03,,HD,,,,US,,,,Public,,public,,,TRAVEL_CENTER,3,,890,37507,,,,,,,,Q,3600,HD,,,false,,,,,,false,,HD,
CNG,Colorado Springs Utilities - X3Energy - Ward Alternative Energy,7796 Durant Dr,Off Woodman Rd and Duryea Dr.,Colorado Springs,CO,80920,,720-941-2791,E,,Public - Credit card at all times,24 hours daily; customers can call 720-941-2791 to set up a fueling account,A D FuelMan M Proprietor V Voyager Wright_Exp,,Q,3600,,,,,,,200-9,38.945105,-104.724068,2022-12-13,64049,2024-05-24 19:24:42 UTC,T,,,2016-03-15,,HD,,,,US,,,,Public - Carte de crédit en tout temps,,public,CREDIT_CARD_ALWAYS,,UTILITY,1,NONE,,,,,,,,,,Q,3600,HD,,,false,,,,,,true,,HD,
CNG,Lancaster County Solid Waste Management Authority,1299 Harrisburg Pike,,Lancaster,PA,17603,,717-735-0174,E,,Public - Credit card at all times,"6am-4pm M-F, 8am-11am Sat; 24 hours daily for fleet customers; contact station to arrange remote access",CleanEnergy D FuelMan M V Voyager Wright_Exp,,Q,3600,,,,,,,200-9,40.055995,-76.327723,2023-12-13,64057,2024-01-31 22:07:01 UTC,LG,,,2014-05-01,,HD,,,,US,,,,Public - Carte de crédit en tout temps,,public,CREDIT_CARD_ALWAYS,,MUNI_GOV,4,,865,34611,,,,,,,,Q,3600,HD,,,false,,,,,,false,,HD,
CNG,GAIN Clean Fuel - Charlotte,4250 Trailer Dr,,Charlotte,NC,28269,,800-438-7912,E,,Public - Credit card at all times,24 hours daily; contact 920-243-5856 to set up account; Also accepts Diners Club and JCB,A CFN Comdata D EFS FleetOne FuelMan GasCard M TCH Tchek V Voyager Wright_Exp,,Q,3600,,,,,,,200-9,35.277382,-80.809339,2023-04-06,64203,2024-01-31 22:07:01 UTC,P,,,2016-01-08,,HD,,,,US,,,,Public - Carte de crédit en tout temps,,public,CREDIT_CARD_ALWAYS,,STANDALONE_STATION,2,,975,36000,,,,,,,,Q,3600,HD,,,false,,,,,,,,HD,
CNG,GAIN Clean Fuel - Scranton,429 Highway 315,,Pittston,PA,18640,,800-438-7912,E,,Public - Credit card at all times,24 hours daily; contact 920-243-5856 to set up account; Also accepts Diners Club and JCB,A CFN Comdata D EFS FleetOne FuelMan GasCard M TCH Tchek V Voyager Wright_Exp,,Q,3600,,,,,,,200-8,41.315531,-75.753889,2023-04-06,64204,2024-01-31 22:07:01 UTC,P,,,2016-02-26,,HD,,,,US,,,,Public - Carte de crédit en tout temps,,public,CREDIT_CARD_ALWAYS,,STANDALONE_STATION,2,,975,36000,,,,,,,,Q,3600,HD,,,false,,,,,,,,HD,
CNG,Love's Travel Stop #450,800 Martin Luther King Jr Dr,"I-40, exit 280",West Memphis,AR,72301,,870-732-1272,E,,Public,24 hours daily,A Cash Checks D EFS FleetOne FuelMan M TCH Tchek V Voyager Wright_Exp,,Q,3600,,,,,,,200-9,35.153934,-90.138245,2023-12-13,64208,2024-01-31 22:07:01 UTC,P,,,2021-02-08,,HD,,,,US,,,,Public,,public,,,CONVENIENCE_STORE,3,,,,,,,,,,,Q,3600,HD,,,false,,,,,,,,HD,
CNG,Love's Travel Stop #266,3201 12th Ave NW,,Ardmore,OK,73401,,580-226-0973,E,,Public,24 hours daily,A Cash Checks D EFS FleetOne FuelMan M TCH Tchek V Voyager Wright_Exp,,Q,3600,,,,,,,200-9,34.188212,-97.171022,2023-12-13,64212,2024-01-31 22:07:01 UTC,P,,,2014-11-17,,HD,,,,US,,,,Public,,public,,,CONVENIENCE_STORE,1,,,,,,,,,,,Q,3600,HD,,,false,,,,,,,,HD,
CNG,Love's Travel Stop #255,214 OK-100,"I-40, Exit 287",Webbers Falls,OK,74470,,918-464-2865,E,,Public,24 hours daily,A Cash Checks D EFS FleetOne FuelMan M TCH Tchek V Voyager Wright_Exp,,Q,3600,,,,,,,200-9,35.486391,-95.148721,2023-12-13,64213,2024-01-31 22:07:01 UTC,P,,,2014-11-17,,HD,,,,US,,,,Public,,public,,,CONVENIENCE_STORE,1,,,,,,,,,,,Q,3600,HD,,,false,,,,,,,,HD,
CNG,Mansfield Clean Energy Partners,2765 Woodwin Rd,,Atlanta,GA,30360,,404-787-5399,E,,Public - Credit card at all times,24 hours daily; call 866-809-4869 for Clean Energy card,CleanEnergy Comdata FleetOne FuelMan M V Voyager Wright_Exp,,Q,3600,,,,,,,200-9,33.916342,-84.274911,2022-11-10,64229,2023-11-17 16:58:24 UTC,P,,,2014-11-01,,HD,,,,US,,,,Public - Carte de crédit en tout temps,,public,CREDIT_CARD_ALWAYS,,STANDALONE_STATION,2,,,,,,,,,,,Q,3600,HD,,,false,,,,,,,,HD,
CNG,CNG Energy Partners - Lake Jackson - Public,204 Medical Dr,,Lake Jackson,TX,77566,,214-549-0555,E,,Public - Credit card at all times,24 hours daily,A Comdata D EFS FleetOne FuelMan GasCard M PacificPride PHH Speedway V Voyager Wright_Exp,,Q,3600,,,,,,,200-8,29.026255,-95.449404,2023-06-12,64318,2024-01-31 22:07:01 UTC,LG,,,2015-12-18,,HD,,,,US,,,,Public - Carte de crédit en tout temps,,public,CREDIT_CARD_ALWAYS,,STANDALONE_STATION,2,NONE,,,,,,,,,,Q,3600,HD,,,false,,,,,,true,,HD,
CNG,Trillium,975 Keystone Blvd,Located at Highridge Business Park.,Pottsville,PA,17901,,800-920-1166,E,,Public - Credit card at all times,24 hours daily,A D EFS M TCH Tchek Trillium V Voyager Wright_Exp,,Q,3600,,,,,,,GPS,40.7249569,-76.3171771,2023-12-13,64522,2024-01-31 22:07:01 UTC,P,,,2015-01-10,,HD,,,,US,,,,Public - Carte de crédit en tout temps,,public,CREDIT_CARD_ALWAYS,,STANDALONE_STATION,3,,1000,,,,,,,,,Q,3600,HD,,,false,,,,,,,,HD,
CNG,Clean Energy - Cedar Bus Co,401 E Amherst St,,Buffalo,NY,14215,,716-898-7900,E,,Public - Credit card at all times,24 hours daily; tractor-trailers should contact the station before fueling to confirm space is available,A CleanEnergy D FuelMan M V Voyager Wright_Exp,,Q,3600,,,,,,,200-9,42.938929,-78.823213,2023-09-14,64694,2024-01-31 22:07:01 UTC,P,,,2016-04-15,,HD,,,,US,,,,Public - Carte de crédit en tout temps,,public,CREDIT_CARD_ALWAYS,,STANDALONE_STATION,2,,1100,117330,,,,,,,,Q,3600,HD,,,false,,,,,,false,,HD,
CNG,Fuel-A-New,469 Rollins Industrial Ct,,Ringgold,GA,30736,,423-595-6879,E,,Public - Credit card at all times,24 hours daily,A D FuelMan M V Voyager Wright_Exp,,Q,3600,,,,,,,200-8,34.89794,-85.121699,2024-01-09,64707,2024-01-31 22:07:01 UTC,P,,,2015-02-23,,HD,,,,US,,,,Public - Carte de crédit en tout temps,,public,CREDIT_CARD_ALWAYS,,STANDALONE_STATION,1,,35,247,,,,,,,,Q,3600,HD,,,false,,,,,,false,,HD,
CNG,Clean Energy - West Sacramento,4305 W Capitol Ave,,West Sacramento,CA,95691,,866-809-4869,E,,Public - Credit card at all times,24 hours daily; call 866-809-4869 for Clean Energy card,A CleanEnergy Comdata D EFS FuelMan M Speedway TCH Tchek V Voyager Wright_Exp,,Q,3600,,,,,,,200-8,38.5768706780718,-121.5703774259338,2023-12-13,64759,2024-01-31 22:07:01 UTC,P,,,2014-12-15,,HD,,,,US,,,,Public - Carte de crédit en tout temps,,public,CREDIT_CARD_ALWAYS,,STANDALONE_STATION,1,NONE,,,,,,,,,,Q,3600,HD,,,false,,,,,,true,,HD,
CNG,Beyond6,3543 Highway 367,Located off of Exit 42 on Hwy 67/167,Higginson,AR,72143,,877-872-3966,E,,Public - Credit card at all times,24 hours daily,A Comdata D FuelMan M V Wright_Exp,,Q,3600,,,,,,,200-8,35.201617,-91.732791,2023-04-06,64938,2024-01-31 22:07:01 UTC,P,,,2014-12-15,,HD,,,,US,,,,Public - Carte de crédit en tout temps,,public,CREDIT_CARD_ALWAYS,,STANDALONE_STATION,3,NONE,1600,,,,,,,,,Q,3600,HD,,,false,,,,,,true,,HD,
CNG,B&H Construction,600 W Interstate Dr,Exit 104 on I-35.,Goldsby,OK,73093,,405-288-2412,E,,Public - Credit card at all times,24 hours daily,A D M V Wright_Exp,,Q,3600,,,,,,,GPS,35.1505377,-97.479381,2023-10-12,65032,2024-01-31 22:07:01 UTC,P,,,2015-03-12,,HD,,,,US,,,,Public - Carte de crédit en tout temps,,public,CREDIT_CARD_ALWAYS,,STANDALONE_STATION,3,NONE,,,,,,,,,,Q,3600,HD,,,false,,,,,,true,,HD,
CNG,Beyond6,34 Cady Hill Blvd,Intersection at Geyser Rd,Saratoga Springs,NY,12866,,877-872-3966,E,,Public - Credit card at all times,24 hours daily,A D FuelMan M V Wright_Exp,,Q,3600,,,,,,,200-8,43.062221,-73.822235,2023-04-06,65392,2024-01-31 22:07:01 UTC,P,,,2016-03-15,,HD,,,,US,,,,Public - Carte de crédit en tout temps,,public,CREDIT_CARD_ALWAYS,,STANDALONE_STATION,2,NONE,1098,58289,,,,,,,,Q,3600,HD,,,false,,,,,,true,,HD,
CNG,Piedmont Natural Gas - Anderson,1207 SC Highway 28 Bypass,At the corner of Pearman Dairy Rd and West Whitner St.,Anderson,SC,29626,,877-840-0043,E,,Public - Credit card at all times,24 hours daily,A Comdata D EFS FleetOne FuelMan M TCH Tchek V Voyager Wright_Exp,,Q,3600,,,,,,,200-9,34.501374,-82.684429,2023-07-11,65417,2024-01-31 22:07:01 UTC,T,,,2015-09-03,,HD,,,,US,,,,Public - Carte de crédit en tout temps,,public,CREDIT_CARD_ALWAYS,,CONVENIENCE_STORE,2,NONE,,,,,,,,,,Q,3600,HD,,,false,,,,,,true,,HD,
CNG,GAIN Clean Fuel - Keystone CNG,3601 Glover Rd,,Easton,PA,18040,,800-438-7912  319-754-1944,E,,Public - Credit card at all times,24 hours daily; Also accepts Diners Club and JCB,A CFN D EFS FleetOne FuelMan GasCard M TCH Tchek V Voyager Wright_Exp,,Q,3600,,,,,,,200-9,40.744271,-75.218923,2023-04-06,65418,2024-01-31 22:07:01 UTC,P,,,2017-08-28,,HD,,,,US,,,,Public - Carte de crédit en tout temps,,public,CREDIT_CARD_ALWAYS,,STANDALONE_STATION,2,,975,60000,,,,,,,,Q,3600,HD,,,false,,,,,,,,HD,
CNG,Piedmont Natural Gas,85 Freeman Farm Rd,Station is at exit 60 off I-85,Duncan,SC,29334,,877-840-0043,E,,Public - Credit card at all times,24 hours daily,A Comdata D EFS FleetOne FuelMan M TCH Tchek V Voyager Wright_Exp,,Q,3600,,,,,,,200-9,34.888642,-82.159227,2023-07-11,65436,2024-01-31 22:07:01 UTC,T,,,2015-09-30,,HD,,,,US,,,,Public - Carte de crédit en tout temps,,public,CREDIT_CARD_ALWAYS,,TRAVEL_CENTER,3,NONE,1900,111648,,,,,,,,Q,3600,HD,,,false,,,,,,true,,HD,
CNG,Clean Energy - Jacksonville Transportation Authority,100 N Myrtle Ave,,Jacksonville,FL,32204,,866-809-4869,E,,Public - Credit card at all times,24 hours daily; call 866-809-4869 for Clean Energy card; Also accepts PF Gift Card,A CleanEnergy Comdata D EFS FleetOne FuelMan M TCH Tchek V Voyager Wright_Exp,,Q,3600,,,,,,,200-9,30.331549,-81.678282,2023-07-11,65440,2024-01-31 22:07:01 UTC,P,,,2016-01-27,,HD,,,,US,,,,Public - Carte de crédit en tout temps,,public,CREDIT_CARD_ALWAYS,,FLEET_GARAGE,1,NONE,,,,,,,,,,Q,3600,HD,,,false,,,,,,true,,HD,
CNG,Clean Energy - Morongo Basin Transit Authority,62405 Verbena Rd,,Joshua Tree,CA,92252,,760-366-2395,E,,Public - Card key at all times,8am-5pm M-F; call station to set up fleet card,Cash Proprietor,,Q,3600,,,,,,,GPS,34.13767433851819,-116.3033363412781,2023-05-03,65442,2024-01-31 22:07:01 UTC,P,,,2013-06-20,,HD,,,,US,,,,Public - Carte-clé en tout temps,,public,KEY_ALWAYS,,FLEET_GARAGE,1,NONE,,,,,,,,,,Q,3600,HD,,,false,,,,,,true,,HD,
CNG,Kum & Go #414,1220 E Robinson,,Springdale,AR,72764,,479-725-0060,E,,Public,24 hours daily,A Cash Checks D FuelMan M V Voyager Wright_Exp,,Q,3600,,,,,,,200-9,36.167392,-94.119169,2024-05-09,65444,2024-05-09 20:33:30 UTC,P,,,2015-05-07,,HD,,,,US,,,,Public,,public,,,CONVENIENCE_STORE,1,,,,,,,,,,,Q,3600,HD,,,false,,,,,,,,HD,
CNG,Beyond6,5260 W 2400 S,Exit 11/Highway 201,West Valley City,UT,84120,,877-872-3966,E,,Public - Credit card at all times,24 hours daily,A Comdata D EFS FuelMan M TCH Tchek V Wright_Exp,,Q,3600,,,,,,,200-8,40.718555,-112.019118,2023-04-06,65521,2024-01-31 22:07:01 UTC,P,,,2015-03-04,,HD,,,,US,,,,Public - Carte de crédit en tout temps,,public,CREDIT_CARD_ALWAYS,,STANDALONE_STATION,3,NONE,3093,34713,,,,,,,,Q,3600,HD,,,false,,,,,,true,,HD,
CNG,Beyond6,5348 E Houston St,,San Antonio,TX,78220,,877-872-3966,E,,Public - Credit card at all times,24 hours daily,A Comdata D EFS FuelMan M TCH Tchek V Wright_Exp,,Q,3600,,,,,,,200-9,29.420734,-98.386385,2023-04-06,65522,2024-01-31 22:07:01 UTC,P,,,2015-07-06,,HD,,,,US,,,,Public - Carte de crédit en tout temps,,public,CREDIT_CARD_ALWAYS,,STANDALONE_STATION,3,NONE,2964,69426,,,,,,,,Q,3600,HD,,,false,,,,,,true,,HD,
CNG,Beyond6,35750 Highway 58,,Buttonwillow,CA,93206,,877-872-3966,E,,Public - Credit card at all times,24 hours daily,A Comdata EFS FuelMan M TCH Tchek V Wright_Exp,,Q,3600,,,,,,,200-9,35.400164,-119.399727,2023-04-06,65523,2024-01-31 22:07:01 UTC,P,,,2015-12-05,,HD,,,,US,,,,Public - Carte de crédit en tout temps,,public,CREDIT_CARD_ALWAYS,,STANDALONE_STATION,3,NONE,2100,69426,,,,,,,,Q,3600,HD,,,false,,,,,,true,,HD,
CNG,Clean Energy - Centre County Recycling & Refuse Authority,100 Transfer Rd,Located off of route 26,Bellefonte,PA,16823,,866-809-4869,E,,Public - Credit card at all times,24 hours daily; call 866-809-4869 for Clean Energy card,A CleanEnergy Comdata D FleetOne FuelMan M V Voyager Wright_Exp,,Q,3000 3600,,,,,,,200-9,40.838387,-77.787831,2023-09-14,65538,2024-01-31 22:07:01 UTC,P,,,2016-07-15,,HD,,,,US,,,,Public - Carte de crédit en tout temps,,public,CREDIT_CARD_ALWAYS,,STANDALONE_STATION,1,NONE,,,,,,,,,,Q,3000 3600,HD,,,false,,,,,,true,,HD,
CNG,South Jersey Gas - Wawa #8305,51 Berkeley Rd,Berkeley Rd and I-295,Paulsboro,NJ,08066,,856-423-2395,E,,Public - Credit card at all times,24 hours daily,A D M V Voyager Wright_Exp,,Q,3600,,,,,,,200-9,39.821725,-75.240765,2023-12-13,65547,2024-01-31 22:07:01 UTC,T,,,2016-03-07,,HD,,,,US,,,,Public - Carte de crédit en tout temps,,public,CREDIT_CARD_ALWAYS,,CONVENIENCE_STORE,2,,500,,,,,,,,,Q,3600,HD,,,false,,,,,,false,,HD,
CNG,Freedom CNG,303 Fallbrook Dr,Located in the Pinto Business Park near I-45 and Beltway 8.,Houston,TX,77038,,281-484-3875,E,,Public - Credit card at all times,24 hours daily; also fills CNG tube trailers,Comdata D FuelMan M V Voyager Wright_Exp,,Q,3600,,,,,,,GPS,29.93069748708124,-95.42007737567138,2023-06-12,65555,2024-01-31 22:07:01 UTC,P,,,2015-11-04,,HD,,,,US,,,,Public - Carte de crédit en tout temps,,public,CREDIT_CARD_ALWAYS,,STANDALONE_STATION,4,NONE,4170,86325,,,,,,,,Q,3600,HD,,,false,,,,,,true,,HD,
CNG,Kwik Trip #178,455 Concord St S,,St. Paul,MN,55125,,651-457-5622,E,,Public,24 hours daily,A Cash Checks Comdata D EFS FleetOne FuelMan M TCH Tchek V Voyager Wright_Exp,,Q,3600,,,,,,,GPS,44.883888,-93.03055,2023-05-03,65669,2024-05-09 20:32:20 UTC,P,,,2015-09-15,,HD,,,,US,,,,Public,,public,,,CONVENIENCE_STORE,2,NONE,1400,,,,,,,,,Q,3600,HD,,,false,,,,,,true,,HD,
CNG,Trillium - San Francisco Airport,50 Old Bayshore Hwy,"Highway 101, Exit 240.",Millbrae,CA,94030,,800-920-1166,E,,Public - Credit card at all times,24 hours daily,A D EFS M TCH Tchek Trillium V Voyager,,Q,3000 3600,,,,,,,200-8,37.604307,-122.375844,2023-12-13,65700,2024-01-31 22:07:01 UTC,LG,,,1998-10-01,,HD,,,,US,,,,Public - Carte de crédit en tout temps,,public,CREDIT_CARD_ALWAYS,,AIRPORT,4,,1200,,,,,,,,,Q,3000 3600,HD,,,false,,,,,,,,HD,
CNG,X3Energy,2323 117th Ave,At Highpointe Business Park at Colorado 257 and U.S. 34,Greeley,CO,80634,,844-304-9800,E,,Public - Credit card at all times,24 hours daily,A D FuelMan M Proprietor V Voyager Wright_Exp,,Q,3600,,,,,,,200-9,40.401304,-104.868073,2023-01-10,65748,2023-05-30 18:46:28 UTC,P,,,2016-09-15,,HD,,,,US,,,,Public - Carte de crédit en tout temps,,public,CREDIT_CARD_ALWAYS,,STANDALONE_STATION,7,NONE,,,,,,,,,,Q,3600,HD,,,false,,,,,,true,,HD,
CNG,Sapp Bros Travel Center,2608 S 24th St,"East I-80 Exit 1, West I-80 Exit 1B",Council Bluffs,IA,51501,,712-322-3000,E,,Public,24 hours daily,A Cash Checks Comdata D EFS FuelMan GasCard M Proprietor TCH V Voyager Wright_Exp,,Q,3600,,,,,,,200-9,41.235744,-95.88063,2024-04-14,65752,2024-04-14 22:11:34 UTC,P,,,2015-10-01,,HD,,,,US,,,,Public,,public,,,TRAVEL_CENTER,2,NONE,1100,58000,,,,,,,,Q,3600,HD,,,false,,,,,,true,,HD,
CNG,Clean Energy - Atlanta Fulton Industrial Park,5955 Bakers Ferry Rd SW,,Atlanta,GA,30336,,866-809-4869,E,,Public - Credit card at all times,24 hours daily; call 866-809-4869 for Clean Energy card; Also accepts PFGiftCard,A CleanEnergy Comdata D EFS FleetOne FuelMan M Proprietor Speedway SuperPass TCH V Voyager Wright_Exp,,Q,3600,,,,,,,200-9,33.732199,-84.574809,2023-07-11,65769,2024-01-31 22:07:01 UTC,P,,,2016-06-15,,HD,,,,US,,,,Public - Carte de crédit en tout temps,,public,CREDIT_CARD_ALWAYS,,STANDALONE_STATION,1,NONE,,,,,,,,,,Q,3600,HD,,,false,,,,,,true,,HD,
CNG,Clean Energy - Aviation CNG,9131 Aviation Blvd,,Inglewood,CA,90301,,866-809-4869,E,,Public - Credit card at all times,24 hours daily; call 866-809-4869 for Clean Energy card,A CleanEnergy Comdata D FuelMan M V Voyager Wright_Exp,,Q,3000 3600,,,,,,,200-9,33.952886,-118.377315,2023-06-12,65814,2024-01-31 22:07:01 UTC,P,,,2015-02-23,,HD,,,,US,,,,Public - Carte de crédit en tout temps,,public,CREDIT_CARD_ALWAYS,,STANDALONE_STATION,1,NONE,,,,,,,,,,Q,3000 3600,HD,,,false,,,,,,true,,HD,
CNG,Clean Energy - Cajalco Expressway,19295 Harvill Ave,,Perris,CA,92570,,866-809-4869,E,,Public - Credit card at all times,24 hours daily; call 866-809-4869 for Clean Energy card,A CleanEnergy Comdata D FuelMan M V Voyager Wright_Exp,,Q,3600,,,,,,,200-9,33.839783,-117.254204,2023-06-12,65815,2024-01-31 22:07:01 UTC,P,,,2015-02-23,,HD,,,,US,,,,Public - Carte de crédit en tout temps,,public,CREDIT_CARD_ALWAYS,,TRAVEL_CENTER,1,NONE,,,,,,,,,,Q,3600,HD,,,false,,,,,,true,,HD,
CNG,Siren Energy,7201 Big Blue Ave,,Midland,TX,79706,,800-577-5798,E,,Public - Credit card at all times,24 hours daily,Comdata D FuelMan M V Voyager Wright_Exp,,Q,3600,,,,,,,GPS,31.94055499274442,-102.169801723526,2023-06-12,66310,2024-05-24 19:20:46 UTC,P,,,2016-03-17,,HD,,,,US,,,,Public - Carte de crédit en tout temps,,public,CREDIT_CARD_ALWAYS,,STANDALONE_STATION,3,NONE,2540,86325,,,,,,,,Q,3600,HD,,,false,,,,,,true,,HD,
CNG,GAIN Clean Fuel - Dubois,301 Dubois St,"Downtown Dubois, 1.4 miles from exit 78 of I -80.",Dubois,PA,15801,,800-438-7912,E,,Public - Credit card at all times,24 hours daily; contact station before first fueling to arrange for required training; Also accepts Diners Club and JCB,A Comdata D EFS FleetOne FuelMan M Proprietor TCH Tchek V Voyager Wright_Exp,,Q,3600,,,,,,,200-9,41.125042,-78.765941,2023-04-06,66465,2024-01-31 22:07:01 UTC,P,,,2015-08-11,,HD,,,,US,,,,Public - Carte de crédit en tout temps,,public,CREDIT_CARD_ALWAYS,,STANDALONE_STATION,2,,730,36000,,,,,,,,Q,3600,HD,,,false,,,,,,,,HD,
CNG,Clean N' Green,1850 W Betteravia Rd,,Santa Maria,CA,93455,,800-331-3441,E,,Public - Credit card at all times,8am-5pm M-Sat,D FuelMan M Proprietor V Voyager Wright_Exp,,B,3600,,,,,,,200-9,34.919891,-120.47825,2023-07-11,66625,2024-04-02 14:10:10 UTC,P,,,2013-06-01,,HD,,,,US,,,,Public - Carte de crédit en tout temps,,public,CREDIT_CARD_ALWAYS,,STANDALONE_STATION,1,,,,,,,,,,,B,3600,HD,,,false,,,,,,,,HD,
CNG,Poteau CNG,34042 Old Wister Hwy,"Station is located next to Jamatt RV Sales, just before you get to the bypass.",Poteau,OK,74953,,918-649-5758,E,,Public - Credit card at all times,24 hours daily,A D FuelMan M V Voyager Wright_Exp,,Q,3600,,,,,,,200-8,35.02927,-94.647628,2023-06-12,66683,2024-01-31 22:07:01 UTC,P,,,2015-03-27,,HD,,,,US,,,,Public - Carte de crédit en tout temps,,public,CREDIT_CARD_ALWAYS,,STANDALONE_STATION,2,,,,,,,,,,,Q,3600,HD,,,false,,,,,,false,,HD,
CNG,Ross Plumbing,940 Thomas Ave,,Leesburg,FL,34748,,352-728-6053,E,,Public - Credit card at all times,7am-5pm M-F,M V,,Q,3600,,,,,,,200-8,28.823721,-81.904059,2023-09-14,66737,2024-01-31 22:07:01 UTC,P,,,2019-11-22,,HD,,,,US,,,,Public - Carte de crédit en tout temps,,public,CREDIT_CARD_ALWAYS,,STANDALONE_STATION,1,,,,,,,,,,,Q,3600,HD,,,false,,,,,,false,,HD,
CNG,CNG Pitstop,2204 State Route 39 NW,Located just west of I-77 on State Route 39,Dover,OH,44622,,330-343-1226,E,,Public - Credit card at all times,24 hours daily; Also accepts private Fuelmaster card,A D M V Voyager Wright_Exp,,Q,3600,,,,,,,200-8,40.524816,-81.499905,2023-06-12,66833,2024-01-31 22:07:01 UTC,P,,,2016-10-17,,HD,,,,US,,,,Public - Carte de crédit en tout temps,,public,CREDIT_CARD_ALWAYS,,STANDALONE_STATION,2,LANDFILL,1200,159000,,,,,,,,Q,3600,HD,,,false,,,,,,true,,HD,
CNG,OnCue #115 - C-Store,3201 S Kelly Ave,,Edmond,OK,73013,,405-359-1141,E,,Public - Credit card at all times,24 hours daily,FuelMan M V Voyager Wright_Exp,,Q,3600,,,,,,,200-8,35.626543,-97.496058,2023-10-12,67023,2024-01-31 22:07:01 UTC,P,,,2015-08-18,,HD,,,,US,,,,Public - Carte de crédit en tout temps,,public,CREDIT_CARD_ALWAYS,,CONVENIENCE_STORE,1,NONE,1000,,,,,,,,,Q,3600,HD,,,false,,,,,,true,,HD,
CNG,American Bulk Gas,8110 Southern Blvd,,Youngstown,OH,44512,,800-362-9365,E,,Public - Credit card at all times,24 hours daily,M V,,Q,3600,,,,,,,200-9,41.002876,-80.655403,2023-11-09,67029,2024-01-31 22:07:01 UTC,P,,,2014-04-27,,HD,,,,US,,,,Public - Carte de crédit en tout temps,,public,CREDIT_CARD_ALWAYS,,STANDALONE_STATION,2,,744,37071,,,,,,,,Q,3600,HD,,,false,,,,,,,,HD,
CNG,GAIN Clean Fuel - Kissimmee,1907 S Poinciana Blvd,,Kissimmee,FL,34758,,800-438-7912,E,,Public - Credit card at all times,24 hours daily,A CFN Comdata D EFS FleetOne FuelMan GasCard M TCH Tchek V Voyager Wright_Exp,,Q,3600,,,,,,,200-9,28.248652,-81.486722,2023-04-06,67071,2024-01-31 22:07:01 UTC,P,,,2015-12-02,,HD,,,,US,,,,Public - Carte de crédit en tout temps,,public,CREDIT_CARD_ALWAYS,,STANDALONE_STATION,2,,975,36000,,,,,,,,Q,3600,HD,,,false,,,,,,,,HD,
CNG,Sparq - Tulsa,13003 E Admiral Pl,Intersection of NE Admiral Pl and N 129th E Ave.,Tulsa,OK,74116,,844-772-7764,E,,Public - Credit card at all times,24 hours daily,A D FuelMan GasCard M V Voyager Wright_Exp,,Q,3600,,,,,,,200-9,36.161696,-95.829403,2024-02-12,67073,2024-02-12 21:24:44 UTC,P,,,2018-02-23,,HD,,,,US,,,,Public - Carte de crédit en tout temps,,public,CREDIT_CARD_ALWAYS,,STANDALONE_STATION,2,,,,,,,,,,,Q,3600,HD,,,false,,,,,,,,HD,
CNG,Clean Energy - Shipley Energy,714 Loucks Mill Rd,,York,PA,17403,,800-839-1849,E,,Public - Credit card at all times,24 hours daily,A CleanEnergy Comdata D M V Voyager Wright_Exp,,Q,3000 3600,,,,,,,200-9,39.974852,-76.723959,2023-09-14,67118,2024-01-31 22:07:01 UTC,P,,,2017-04-03,,HD,,,,US,,,,Public - Carte de crédit en tout temps,,public,CREDIT_CARD_ALWAYS,,STANDALONE_STATION,1,NONE,989,,,,,,,,,Q,3000 3600,HD,,,false,,,,,,true,,HD,
ELEC,The Co-op Farm and Garden,216 E Washington St,,Sequim,WA,98382,,360-683-4111,E,,Public,"8am-6pm M-F, 9am-5pm Sat, 10am-4pm Sun",,,,,,1,,,Non-Networked,,200-9,48.079897,-123.098996,2023-06-12,67125,2024-05-22 17:34:08 UTC,P,,,2015-01-01,,,,,J1772,US,,,,Public,,public,,,COOP,,,,,,,Free,,,,,,,,,,false,,,,,,,,HD,false
CNG,Ontario CNG - 76,1850 E Holt Blvd,,Ontario,CA,91761,,909-467-1809,E,,Public - Credit card at all times,24 hours daily,A D FuelMan M Proprietor V Voyager Wright_Exp,,Q,3600,,,,,,,200-9,34.063139,-117.61148,2023-07-11,67170,2024-01-31 22:07:01 UTC,P,,,2013-01-15,,HD,,,,US,,,,Public - Carte de crédit en tout temps,,public,CREDIT_CARD_ALWAYS,,CONVENIENCE_STORE,4,NONE,1000,62500,,,,,,,,Q,3600,HD,,,false,,,,,,true,,HD,
CNG,Clean Energy - Pilot Travel Center #524,4650 Kansas Ave,LCNG station; Behind a Pilot Travel Center that's west of the I-635 flyover.,Kansas City,KS,66106,,866-809-4869,E,,Public - Credit card at all times,24 hours daily; call 866-809-4869 for Clean Energy card; Also accepts PFGift Card,A CleanEnergy Comdata D EFS FleetOne FuelMan M TCH Tchek V Voyager Wright_Exp,,Q,3600,,,,,,,GPS,39.091195,-94.682103,2023-09-14,67198,2024-01-31 22:07:01 UTC,P,,,2015-11-18,,HD,,,,US,,,,Public - Carte de crédit en tout temps,,public,CREDIT_CARD_ALWAYS,,TRAVEL_CENTER,1,NONE,,,,,,,,,,Q,3600,HD,,,false,,,,,,true,,HD,
CNG,IGS CNG Services - Speedway South Bend,6161 W Brick Rd,Station is located at the State Route 31 exit (exit 72) off Indiana Toll Road Interstate 80/90.,South Bend,IN,46628,,877-742-4476,E,,Public - Credit card at all times,24 hours daily,A Comdata D FuelMan M Proprietor V Voyager Wright_Exp,,Q,3600,,,,,,,200-9,41.738117,-86.333532,2023-05-03,67298,2024-01-31 22:07:01 UTC,P,,,2015-10-21,,HD,,,,US,,,,Public - Carte de crédit en tout temps,,public,CREDIT_CARD_ALWAYS,,CONVENIENCE_STORE,2,NONE,,,,,,,,,,Q,3600,HD,,,false,,,,,,true,,HD,
CNG,GAIN Clean Fuel - Edwardsville,4120 Lakeview Corporate Dr,,Edwardsville,IL,62025,,800-438-7912,E,,Public - Credit card at all times,24 hours daily; station only has CT-5000 nozzles compatible for fueling heavy-duty vehicles; no light-duty fueling receptacles; Also accepts Diners Club and JCB,A Comdata D EFS FleetOne FuelMan M Proprietor TCH Tchek V Voyager Wright_Exp,,Q,3600,,,,,,,200-8,38.797138,-90.076424,2023-04-06,67830,2024-01-31 22:07:01 UTC,P,,,2015-06-15,,HD,,,,US,,,,Public - Carte de crédit en tout temps,,public,CREDIT_CARD_ALWAYS,,STANDALONE_STATION,2,,1463,36000,,,,,,,,Q,3600,HD,,,false,,,,,,,,HD,
CNG,Clean Energy - Carlisle Flying J #708,1501 Harrisburg Pike,LCNG station,Carlisle,PA,17013,,866-809-4869,E,,Public - Credit card at all times,24 hours daily; call 866-809-4869 for Clean Energy card; Also accepts PFGift Card,A CleanEnergy Comdata D EFS FleetOne FuelMan M TCH V Voyager Wright_Exp,,Q,3600,,,,,,,200-9,40.23601,-77.122908,2023-09-14,67844,2024-01-31 22:07:01 UTC,P,,,2015-06-10,,HD,,,,US,,,,Public - Carte de crédit en tout temps,,public,CREDIT_CARD_ALWAYS,,TRAVEL_CENTER,4,NONE,,,,,,,,,,Q,3600,HD,,,false,,,,,,true,,HD,
CNG,Sparq - Watonga,320 S Clarence Nash Blvd,,Watonga,OK,73772,,844-772-7764,E,,Public - Credit card at all times,24 hours daily,FuelMan GasCard M V Voyager Wright_Exp,,Q,3600,,,,,,,200-9,35.840761,-98.419831,2024-01-09,67845,2024-01-31 22:07:01 UTC,P,,,2015-12-28,,HD,,,,US,,,,Public - Carte de crédit en tout temps,,public,CREDIT_CARD_ALWAYS,,CONVENIENCE_STORE,2,NONE,,,,,,,,,,Q,3600,HD,,,false,,,,,,true,,HD,
CNG,Sparq - Eaton,250 E Collins St,,Eaton,CO,80615,,844-772-7764,E,,Public - Credit card at all times,24 hours daily,A D FuelMan GasCard M V Voyager Wright_Exp,,Q,3600,,,,,,,200-8,40.524528,-104.709098,2024-01-09,67979,2024-01-31 22:07:01 UTC,P,,,2016-06-06,,HD,,,,US,,,,Public - Carte de crédit en tout temps,,public,CREDIT_CARD_ALWAYS,,STANDALONE_STATION,2,NONE,200,,,,,,,,,Q,3600,HD,,,false,,,,,,true,,HD,
CNG,Sparq - Baton Rouge Airport,8420 Veterans Memorial Blvd,,Baton Rouge,LA,70807,,844-772-7764,T,2024-11-21,TEMPORARILY UNAVAILABLE (Public - Credit card at all times),24 hours daily,A D FuelMan GasCard M V Voyager Wright_Exp,,Q,3600,,,,,,,200-8,30.52562,-91.160978,2023-12-13,67981,2024-01-31 22:07:01 UTC,P,,,2023-10-03,,HD,,,,US,,,,TEMPORAIREMENT SUSPENDU (Public - Carte de crédit en tout temps),,public,CREDIT_CARD_ALWAYS,,AIRPORT,2,,,,,,,,,,,Q,3600,HD,,,false,,,,,,,,HD,
CNG,Greenville Utilities Commission - Fueling Facility #1,290 Easy St,NC-33 (Belvoir Highway) & Easy Street,Greenville,NC,27834,,252-551-1587,E,,Public - Credit card at all times,24 hours daily,D M V Voyager Wright_Exp,,Q,3600,,,,,,,200-8,35.651702,-77.369504,2023-11-09,68219,2024-01-31 22:07:01 UTC,T,,,2015-09-02,,HD,,,,US,,,,Public - Carte de crédit en tout temps,,public,CREDIT_CARD_ALWAYS,,STANDALONE_STATION,4,,924,60000,,,,,,,,Q,3600,HD,,,false,,,,,,false,,HD,
CNG,GAIN Clean Fuel - Centerville,350 N Fwy Service Rd,At the intersection of I-45 and Highway 7,Centerville,TX,75833,,903-753-0242  800-438-7912,E,,Public - Credit card at all times,24 hours daily; Also accepts Diners Club and JCB,A CFN Comdata D EFS FleetOne FuelMan GasCard M TCH Tchek V Voyager Wright_Exp,,Q,3600,,,,,,,GPS,31.207465,-95.996079,2023-04-06,68443,2024-01-31 22:07:01 UTC,P,,,2015-07-01,,HD,,,,US,,,,Public - Carte de crédit en tout temps,,public,CREDIT_CARD_ALWAYS,,STANDALONE_STATION,3,,2100,67000,,,,,,,,Q,3600,HD,,,false,,,,,,,,HD,
CNG,CNG Energy LLC,1269 E Tucker Rd,,Liberal,KS,67901,,620-655-2045,E,,Public - Credit card at all times,24 hours daily,A D M V Voyager Wright_Exp,,Q,3600,,,,,,,GPS,37.069631,-100.905444,2023-10-12,68444,2024-01-31 22:07:01 UTC,P,,,2015-07-15,,HD,,,,US,,,,Public - Carte de crédit en tout temps,,public,CREDIT_CARD_ALWAYS,,STANDALONE_STATION,4,,,,,,,,,,,Q,3600,HD,,,false,,,,,,false,,HD,
CNG,Clean and Green CNG Technologies Corp,3004 N Main St Ext,,Jamestown,NY,14701,,716-665-7893,E,,Public - Credit card at all times,24 hours daily,A CREDIT D FuelMan M V Voyager Wright_Exp,,Q,3600,,,,,,,200-9,42.128286,-79.239695,2024-04-14,68608,2024-04-14 22:11:34 UTC,P,,,2016-07-01,,HD,,,,US,,,,Public - Carte de crédit en tout temps,,public,CREDIT_CARD_ALWAYS,,STANDALONE_STATION,1,,,,,,,,,,,Q,3600,HD,,,false,,,,,,false,,HD,
CNG,GAIN Clean Fuel - Inglewood,11144 S La Cienega Blvd,,Inglewood,CA,90304,,800-438-7912,E,,Public - Credit card at all times,24 hours daily; Also accepts Diners Club and JCB,A CFN Comdata D EFS FleetOne FuelMan GasCard M Proprietor TCH Tchek V Voyager Wright_Exp,,Q,3600,,,,,,,200-8,33.933343,-118.370006,2023-04-06,68611,2024-01-31 22:07:01 UTC,P,,,2015-07-26,,HD,,,,US,,,,Public - Carte de crédit en tout temps,,public,CREDIT_CARD_ALWAYS,,STANDALONE_STATION,3,,1621,36000,,,,,,,,Q,3600,HD,,,false,,,,,,,,HD,
CNG,Allied Clean Fuels Plaza,231 Devlin Rd,,Napa,CA,94558,,707-252-5500,E,,Public,24 hours daily; contact station to arrange card key,A Cash CFN D Debit EFS FleetOne FuelMan M PacificPride TCH Tchek V Voyager Wright_Exp,,Q,3000 3600,,,,,,,GPS,38.2356194,-122.2655026,2023-11-09,69025,2024-01-31 22:07:01 UTC,P,,,2016-11-15,,HD,,,,US,,,,Public,,public,,,CONVENIENCE_STORE,3,,989,66728,,,,,,,,Q,3000 3600,HD,,,false,,,,,,,,HD,
CNG,Beyond6,445 Cherry Blossom Way,Cherry Blossom Spur On U.S. Route 620 and Triport Rd,Georgetown,KY,40324,,877-872-3966,E,,Public - Credit card at all times,24 hours daily,A Comdata D M V Wright_Exp,,Q,3600,,,,,,,200-8,38.273839,-84.550775,2023-04-06,69128,2024-01-31 22:07:01 UTC,P,,,2016-03-15,,HD,,,,US,,,,Public - Carte de crédit en tout temps,,public,CREDIT_CARD_ALWAYS,,STANDALONE_STATION,2,NONE,2000,,,,,,,,,Q,3600,HD,,,false,,,,,,true,,HD,
CNG,OnCue #117 - C-Store,7400 S Sooner Rd,NE Corner of I-240 & Sooner Rd,Oklahoma City,OK,73135,,405-733-1648,E,,Public - Credit card at all times,24 hours daily,FuelMan M V Voyager Wright_Exp,,Q,3600,,,,,,,200-9,35.392817,-97.422948,2023-10-12,69155,2024-01-31 22:07:01 UTC,P,,,2015-09-30,,HD,,,,US,,,,Public - Carte de crédit en tout temps,,public,CREDIT_CARD_ALWAYS,,CONVENIENCE_STORE,2,NONE,1000,,,,,,,,,Q,3600,HD,,,false,,,,,,true,,HD,
CNG,OnCue #122 - C-Store,1000 N Czech Hall Rd,Junction of N Czech Hall Rd and NW 10th St,Yukon,OK,73099,,405-324-2083,E,,Public - Credit card at all times,24 hours daily,FuelMan M V Voyager Wright_Exp,,Q,3600,,,,,,,200-9,35.478088,-97.741089,2023-11-09,69158,2024-01-31 22:07:01 UTC,P,,,2016-05-02,,HD,,,,US,,,,Public - Carte de crédit en tout temps,,public,CREDIT_CARD_ALWAYS,,CONVENIENCE_STORE,2,NONE,1000,,,,,,,,,Q,3600,HD,,,false,,,,,,true,,HD,
CNG,Lompoc Unified School District,596 E Central Ave,,Lompoc,CA,93436,,805-742-3180,E,,Public - Credit card at all times,24 hours daily,M V Voyager Wright_Exp,,Q,3000 3600,,,,,,,200-8,34.660758,-120.452355,2023-10-12,69160,2024-01-31 22:07:01 UTC,P,,,2015-08-12,,HD,,,,US,,,,Public - Carte de crédit en tout temps,,public,CREDIT_CARD_ALWAYS,,SCHOOL,1,,200,,,,,,,,,Q,3000 3600,HD,,,false,,,,,,false,,HD,
CNG,Trillium,637 Old Philadelphia Rd,"Hwy 40, Exit Old Philadelphia Rd",Aberdeen,MD,21001,,800-920-1166,E,,Public - Credit card at all times,24 hours daily,A D FuelMan M Trillium V Voyager Wright_Exp,,Q,3600,,,,,,,200-9,39.497643,-76.169957,2023-12-13,69829,2024-01-31 22:07:01 UTC,P,,,2016-09-30,,HD,,,,US,,,,Public - Carte de crédit en tout temps,,public,CREDIT_CARD_ALWAYS,,STANDALONE_STATION,2,,800,,,,,,,,,Q,3600,HD,,,false,,,,,,,,HD,
CNG,Trillium,7940 Joliet Rd,"I-55, Exit 282",McCook,IL,60534,,800-920-1166,E,,Public - Credit card at all times,24 hours daily,A D EFS M TCH Tchek Trillium V Voyager Wright_Exp,,Q,3600,,,,,,,200-9,41.805516,-87.818549,2023-12-13,69830,2024-01-31 22:07:01 UTC,P,,,2015-12-22,,HD,,,,US,,,,Public - Carte de crédit en tout temps,,public,CREDIT_CARD_ALWAYS,,STANDALONE_STATION,3,,1600,,,,,,,,,Q,3600,HD,,,false,,,,,,,,HD,
CNG,Crown Clean Fuels LLC,1066 W State Route 42,Located at Exit 23 on I-70. Station is 0.1 mile south of I-70 and 0.1 mile west of the intersection of IN 42 and IN 59.,Brazil,IN,47834,,317-650-6077,E,,Public - Credit card at all times,24 hours daily,A Comdata D EFS FuelMan M V Voyager Wright_Exp,,Q,3600,,,,,,,200-8,39.446197,-87.128195,2023-10-12,69925,2024-01-31 22:07:01 UTC,P,,,2016-03-22,,HD,,,,US,,,,Public - Carte de crédit en tout temps,,public,CREDIT_CARD_ALWAYS,,STANDALONE_STATION,1,NONE,500,111213,,,,,,,,Q,3600,HD,,,false,,,,,,true,,HD,
CNG,Alternative Vehicle Service Group - Worcester,20 Quinsigamond Ave,I-90 W to Exit 10A to Route 146 E to Quinsigamond Ave,Worcester,MA,01608,,617-242-8755,E,,Public - Credit card at all times,24 hours daily,M PHH V Voyager Wright_Exp,,Q,3600,,,,,,,200-8,42.251305,-71.805502,2023-07-11,70126,2024-01-31 22:07:01 UTC,P,,,2017-09-20,,HD,,,,US,,,,Public - Carte de crédit en tout temps,,public,CREDIT_CARD_ALWAYS,,STANDALONE_STATION,3,,1000,37000,,,,,,,,Q,3600,HD,,,false,,,,,,false,,HD,
CNG,City of Milwaukee - Congress Ave,3100 W Congress St,,Milwaukee,WI,53216,,414-286-2282,E,,Public - Credit card at all times,24 hours daily,A D FleetOne M V Voyager Wright_Exp,,Q,3000 3600,,,,,,,GPS,43.09717946830646,-87.95114243068849,2023-11-09,70560,2024-01-31 22:07:01 UTC,LG,,,2021-11-09,,HD,,,,US,,,,Public - Carte de crédit en tout temps,,public,CREDIT_CARD_ALWAYS,,MUNI_GOV,2,,500,36000,,,,,,,,Q,3000 3600,HD,,,false,,,,,,false,,HD,
CNG,GAIN Clean Fuel - Houston - American Fueling Systems,7530 E Orem Dr,,Houston,TX,77075,,470-315-2370  800-438-7912,E,,Public - Credit card at all times,24 hours daily; Also accepts Diners Club and JCB,A CFN Comdata D EFS FleetOne FuelMan GasCard M TCH Tchek V Voyager Wright_Exp,,Q,3600,,,,,,,200-8,29.6257,-95.288383,2023-04-06,71065,2024-01-31 22:07:01 UTC,P,,,2016-12-13,,HD,,,,US,,,,Public - Carte de crédit en tout temps,,public,CREDIT_CARD_ALWAYS,,STANDALONE_STATION,3,,1100,65000,,,,,,,,Q,3600,HD,,,false,,,,,,,,HD,
CNG,Shell Sioux-Per Center,1212 N Main Ave,,Sioux Center,IA,51250,,712-722-2565,T,2023-11-01,TEMPORARILY UNAVAILABLE (Public - Credit card after hours),"5am-12am M-F, 6am-12am Sat and Sun; 24 hours daily with pay at the pump",A Cash Checks D M V Voyager Wright_Exp,,Q,3600,,,,,,,200-9,43.090881,-96.174499,2023-08-10,71423,2024-04-01 16:00:57 UTC,P,,,2015-11-01,,HD,,,,US,,,,TEMPORAIREMENT SUSPENDU (Public - Carte de crédit après les heures d'ouverture),,public,CREDIT_CARD_AFTER_HOURS,,CONVENIENCE_STORE,2,,,24714,,,,,,,,Q,3600,HD,,,false,,,,,,,,HD,
CNG,City of Monterey Park,751 S Alhambra Ave,,Monterey Park,CA,91755,,626-307-1288,T,2023-07-01,TEMPORARILY UNAVAILABLE (Public - Credit card at all times),"7am-5pm & 8pm-11pm M-F, 9:30am-5pm & 7:30pm-11pm Sat, 7am-11pm Sun; station is not available from 5pm-7:30pm or 8pm M-Sat for city bus fueling",M V Voyager,,Q,3600,,,,,,,200-8,34.05305,-118.116522,2023-05-03,72094,2024-01-31 22:07:01 UTC,LG,,,2015-12-24,,HD,,,,US,,,,TEMPORAIREMENT SUSPENDU (Public - Carte de crédit en tout temps),,public,CREDIT_CARD_ALWAYS,,MUNI_GOV,1,NONE,,,,,,,,,,Q,3600,HD,,,false,,,,,,true,,HD,
CNG,Clean Energy - Vandalia Pilot Flying J #97,175 Northwoods Blvd,LCNG station,Vandalia,OH,45377,,866-809-4869,E,,Public - Credit card at all times,24 hours daily; call 866-809-4869 for Clean Energy card; Also accepts PFGift Card,A CleanEnergy Comdata D EFS FuelMan M TCH Tchek V Voyager,,Q,3600,,,,,,,200-9,39.902119,-84.192368,2023-09-14,72595,2024-01-31 22:07:01 UTC,P,,,2016-01-19,,HD,,,,US,,,,Public - Carte de crédit en tout temps,,public,CREDIT_CARD_ALWAYS,,TRAVEL_CENTER,1,NONE,,,,,,,,,,Q,3600,HD,,,false,,,,,,true,,HD,
CNG,City of Augusta,711 Scott Nixon Memorial Dr,,Augusta,GA,30907,,706-592-3224,E,,Public - Credit card at all times,24 hours daily,D M V Voyager Wright_Exp,,Q,3600,,,,,,,200-9,33.497956,-82.089662,2023-08-10,72596,2024-01-31 22:07:01 UTC,LG,,,2017-11-06,,HD,,,,US,,,,Public - Carte de crédit en tout temps,,public,CREDIT_CARD_ALWAYS,,MUNI_GOV,2,,1500,56000,,,,,,,,Q,3600,HD,,,false,,,,,,,,HD,
CNG,Capital CNG,3302 N Highway 99,3/4 of a mile north of the intersection of Highway 9 and Highway 99,Seminole,OK,74868,,405-382-0514,T,2024-10-10,TEMPORARILY UNAVAILABLE (Public - Credit card at all times),24 hours daily,A Comdata D FuelMan M V Wright_Exp,,Q,3600,,,,,,,200-8,35.25655,-96.671004,2023-10-12,73150,2024-01-31 22:07:01 UTC,P,,,2023-03-09,,HD,,,,US,,,,TEMPORAIREMENT SUSPENDU (Public - Carte de crédit en tout temps),,public,CREDIT_CARD_ALWAYS,,STANDALONE_STATION,1,,,,,,,,,,,Q,3600,HD,,,false,,,,,,,,HD,
CNG,OnCue #119 - C-Store,2837 NW 36th St,NW 36th St & N May Ave,Oklahoma City,OK,73112,,405-338-8552,E,,Public - Credit card at all times,24 hours daily,FuelMan M V Voyager Wright_Exp,,Q,3600,,,,,,,200-9,35.507948,-97.564657,2023-10-12,73696,2024-01-31 22:07:01 UTC,P,,,2016-03-31,,HD,,,,US,,,,Public - Carte de crédit en tout temps,,public,CREDIT_CARD_ALWAYS,,CONVENIENCE_STORE,2,NONE,1000,,,,,,,,,Q,3600,HD,,,false,,,,,,true,,HD,
CNG,Kwik Trip #273,6516 Grand Ave,,Duluth,MN,55807,,218-624-2616,E,,Public,24 hours daily,A Cash Checks Comdata D EFS FleetOne FuelMan M TCH Tchek V Voyager Wright_Exp,,Q,3600,,,,,,,200-8,46.731172,-92.180261,2023-05-03,73699,2024-05-09 20:32:20 UTC,P,,,2015-10-28,,HD,,,,US,,,,Public,,public,,,CONVENIENCE_STORE,2,,1400,,,,,,,,,Q,3600,HD,,,false,,,,,,false,,HD,
CNG,Clean Energy - Central Point Pilot #391,275 S Penninger Rd,,Central Point,OR,97502,,866-809-4869,E,,Public - Credit card at all times,24 hours daily; call 866-809-4869 for Clean Energy card; Also accepts PFGift Card,A CleanEnergy Comdata D EFS FleetOne FuelMan M Proprietor TCH Tchek V Voyager Wright_Exp,,Q,3600,,,,,,,200-9,42.37655,-122.898932,2023-12-13,73901,2024-01-31 22:07:01 UTC,P,,,2016-07-15,,HD,,,,US,,,,Public - Carte de crédit en tout temps,,public,CREDIT_CARD_ALWAYS,,TRAVEL_CENTER,2,NONE,,,,,,,,,,Q,3600,HD,,,false,,,,,,true,,HD,
CNG,City of Columbus - CNG West,5115 Krieger Ct,Off of I-270 and Georgesville Rd,Columbus,OH,43228,,614-645-8281  614-900-7470,E,,Public - Credit card at all times,6am-3pm M-F; call 614-645-8333 for after hour access; security fobs are available for sale to allow access after hours; email cng@columbus.gov for more information,M V,,Q,3600,,,,,,,200-9,39.916146,-83.134395,2023-07-11,74091,2024-01-31 22:07:01 UTC,LG,,,2018-07-10,,HD,,,,US,,,,Public - Carte de crédit en tout temps,,public,CREDIT_CARD_ALWAYS,,MUNI_GOV,4,,464,,,,,,,,,Q,3600,HD,,,false,,,,,,false,,HD,
CNG,Trillium,5420 N Fruit Valley Rd,"I-5, Exit 3.",Vancouver,WA,98660,,800-920-1166,E,,Public - Credit card at all times,24 hours daily,A D M Trillium V,,Q,3600,,,,,,,200-9,45.661567,-122.694375,2023-12-13,75107,2024-01-31 22:07:01 UTC,P,,,2016-06-15,,HD,,,,US,,,,Public - Carte de crédit en tout temps,,public,CREDIT_CARD_ALWAYS,,STANDALONE_STATION,1,,800,,,,,,,,,Q,3600,HD,,,false,,,,,,,,HD,
ELEC,Kroger Fuel Center,830 University City Blvd,Located in Kroger fuel center across the street from Panera Bread,Blacksburg,VA,24060,,540-951-3045,T,2024-01-01,TEMPORARILY UNAVAILABLE (Public),24 hours daily,,,,,,2,,,Non-Networked,,200-9,37.234356,-80.432667,2023-11-09,75315,2024-01-31 22:07:01 UTC,P,,,2016-04-01,,,,,J1772,US,,,,TEMPORAIREMENT SUSPENDU (Public),,public,,,FUEL_RESELLER,,,,,,,,,,,,,,,,,false,,,,,,,,HD,false
ELEC,Naples Town Office,23 Village Green Ln,,Naples,ME,04055,,207-693-6364,E,,Public,24 hours daily,,,,,,1,,,Non-Networked,,200-8,43.970783,-70.609685,2023-08-10,75577,2024-01-31 22:07:01 UTC,LG,,,2016-05-01,,,,,J1772,US,,,,Public,,public,,,MUNI_GOV,,,,,,,Free,,,,,,,,,,false,,,,,,,,HD,false
CNG,OnCue Express #126 - C-Store,300 S Council Rd,NE corner of I-40 and Council Rd,Oklahoma City,OK,73128,,405-338-8552,E,,Public - Credit card at all times,24 hours daily,FuelMan M Proprietor V Voyager Wright_Exp,,Q,3600,,,,,,,200-8,35.462338,-97.654087,2023-10-12,75638,2024-01-31 22:07:01 UTC,P,,,2016-09-22,,HD,,,,US,,,,Public - Carte de crédit en tout temps,,public,CREDIT_CARD_ALWAYS,,CONVENIENCE_STORE,1,NONE,989,,,,,,,,,Q,3600,HD,,,false,,,,,,true,,HD,
CNG,American Natural - Harmar Energy Centre,2 Rich Hill Rd,,Cheswick,PA,15024,,412-505-7985,E,,Public - Credit card at all times,24 hours daily,A D FuelMan M V Voyager Wright_Exp,,Q,3600,,,,,,,200-9,40.54965,-79.832323,2023-09-14,75666,2024-01-31 22:07:01 UTC,P,,,2016-07-04,,HD,,,,US,,,,Public - Carte de crédit en tout temps,,public,CREDIT_CARD_ALWAYS,,CONVENIENCE_STORE,2,,1400,16239,,,,,,,,Q,3600,HD,,,false,,,,,,,,HD,
CNG,SoCalGas - Murrieta,41376 Guava St,"Take I-15 towards San Diego, take exit 64 for Murrietta Hot Springs Rd., turn right onto Murrieta Hopt Springs Rd., turn left onto Jefferson Ave., turn left onto Guava Street.",Murrieta,CA,92562,,800-427-2000,E,,Public - Credit card at all times,24 hours daily,A D M V Voyager Wright_Exp,,Q,3600,,,,,,,200-8,33.545881,-117.191846,2023-05-03,75776,2024-01-31 22:07:01 UTC,T,,,2015-10-22,,HD,,,,US,,,,Public - Carte de crédit en tout temps,,public,CREDIT_CARD_ALWAYS,,UTILITY,2,NONE,524,31968,,,,,,,,Q,3600,HD,,,false,,,,,,true,,HD,
CNG,GAIN Clean Fuel - Greensburg,1564 Roseytown Rd,,Greensburg,PA,15601,,800-438-7912,E,,Public - Credit card at all times,24 hours daily; Also accepts Diners Club and JCB,A CFN Comdata D EFS FleetOne FuelMan GasCard M TCH Tchek V Voyager Wright_Exp,,Q,3600,,,,,,,200-9,40.30982,-79.508816,2023-04-06,75801,2024-01-31 22:07:01 UTC,P,,,2016-04-15,,HD,,,,US,,,,Public - Carte de crédit en tout temps,,public,CREDIT_CARD_ALWAYS,,STANDALONE_STATION,2,,506,75000,,,,,,,,Q,3600,HD,,,false,,,,,,,,HD,
CNG,Beyond6,1145 Chili Ave,Exit 19 off of I-390,Gates,NY,14624,,877-872-3966,E,,Public - Credit card at all times,24 hours daily,A D M V Wright_Exp,,Q,3600,,,,,,,200-9,43.139294,-77.666717,2023-04-06,75843,2024-01-31 22:07:01 UTC,P,,,2016-05-25,,HD,,,,US,,,,Public - Carte de crédit en tout temps,,public,CREDIT_CARD_ALWAYS,,STANDALONE_STATION,2,NONE,2000,,,,,,,,,Q,3600,HD,,,false,,,,,,true,,HD,
CNG,Beyond6,7253 Oswego Rd,Less than one mile from exit 38 on I-90,Liverpool,NY,13088,,877-872-3966,E,,Public - Credit card at all times,24 hours daily,A Comdata D M V Wright_Exp,,Q,3600,,,,,,,200-9,43.120271,-76.220444,2023-04-06,75845,2024-01-31 22:07:01 UTC,P,,,2017-07-03,,HD,,,,US,,,,Public - Carte de crédit en tout temps,,public,CREDIT_CARD_ALWAYS,,STANDALONE_STATION,2,NONE,,,,,,,,,,Q,3600,HD,,,false,,,,,,true,,HD,
CNG,Beyond6,1560 Winchester Hwy,,Fayetteville,TN,37334,,877-872-3966,E,,Public - Credit card at all times,24 hours daily,A Comdata D M V Wright_Exp,,Q,3600,,,,,,,200-9,35.165628,-86.535068,2023-04-06,75846,2024-01-31 22:07:01 UTC,P,,,2017-01-15,,HD,,,,US,,,,Public - Carte de crédit en tout temps,,public,CREDIT_CARD_ALWAYS,,STANDALONE_STATION,3,NONE,1000,129501,,,,,,,,Q,3600,HD,,,false,,,,,,true,,HD,
CNG,Love's Travel Stop #604,2700 E Highway 33,"I-35, Exit 157",Guthrie,OK,73044,,405-260-1493,E,,Public,24 hours daily,A Cash Checks D FuelMan GasCard M V Voyager Wright_Exp,,Q,3600,,,,,,,200-8,35.87844,-97.392471,2023-12-13,75900,2024-01-31 22:07:01 UTC,P,,,2016-05-25,,HD,,,,US,,,,Public,,public,,,CONVENIENCE_STORE,4,,,,,,,,,,,Q,3600,HD,,,false,,,,,,,,HD,
CNG,Beyond6,10405 E 40th Ave,,Denver,CO,80239,,877-872-3966,E,,Public - Credit card at all times,24 hours daily,A Comdata D EFS FuelMan M TCH Tchek V Wright_Exp,,Q,3600,,,,,,,200-9,39.773537,-104.867049,2023-04-06,75921,2024-01-31 22:07:01 UTC,P,,,2016-05-02,,HD,,,,US,,,,Public - Carte de crédit en tout temps,,public,CREDIT_CARD_ALWAYS,,STANDALONE_STATION,3,NONE,2970,69426,,,,,,,,Q,3600,HD,,,false,,,,,,true,,HD,
CNG,IGS CNG Services - Montgomery County Solid Waste,2750 Cardington Rd,located off of I75 just south of Dayton.,Moraine,OH,45439,,877-742-4476,E,,Public - Credit card at all times,24 hours daily,A Comdata D FuelMan M Proprietor V Voyager Wright_Exp,,Q,3600,,,,,,,200-8,39.713376,-84.214739,2023-05-03,76974,2024-01-31 22:07:01 UTC,LG,,,2016-06-29,,HD,,,,US,,,,Public - Carte de crédit en tout temps,,public,CREDIT_CARD_ALWAYS,,MUNI_GOV,3,NONE,1500,,,,,,,,,Q,3600,HD,,,false,,,,,,true,,HD,
CNG,Clean Energy - Bronx NY,1361 Ryawa Ave,,Bronx,NY,10474,,866-809-4869,E,,Public - Card key at all times,"5am-5pm M-F, 5am-1pm Sat",CleanEnergy,,Q,3600,,,,,,,200-9,40.805695,-73.880803,2023-09-14,77158,2024-01-31 22:07:01 UTC,P,,,2019-07-10,,HD,,,,US,,,,Public - Carte-clé en tout temps,,public,KEY_ALWAYS,,STANDALONE_STATION,1,NONE,,,,,,,,,,Q,3600,HD,,,false,,,,,,true,,HD,
CNG,Clean Energy - Salt Lake City,991 W 2100 S,LCNG station,Salt Lake City,UT,84101,,866-809-4869,E,,Public - Credit card at all times,24 hours daily; call 866-809-4869 for Clean Energy card; Also accepts PFGiftCard,A CleanEnergy Comdata D EFS FleetOne FuelMan M Proprietor TCH Tchek V Voyager Wright_Exp,,Q,3000 3600,,,,,,,200-8,40.725703,-111.920726,2023-09-14,77335,2024-01-31 22:07:01 UTC,P,,,2018-09-15,,HD,,,,US,,,,Public - Carte de crédit en tout temps,,public,CREDIT_CARD_ALWAYS,,STANDALONE_STATION,1,NONE,,,,,,,,,,Q,3000 3600,HD,,,false,,,,,,true,,HD,
CNG,Clean Energy - Homewood Disposal,1501 W 175th St,,Homewood,IL,60430,,708-798-1004,E,,Public - Credit card at all times,"6am-6pm M-F, 6am-11am Sat",A CleanEnergy D FleetOne FuelMan M Proprietor V Voyager Wright_Exp,,Q,3600,,,,,,,200-9,41.571315,-87.653619,2023-07-11,77601,2024-01-31 22:07:01 UTC,P,,,2016-08-11,,HD,,,,US,,,,Public - Carte de crédit en tout temps,,public,CREDIT_CARD_ALWAYS,,STANDALONE_STATION,1,NONE,,,,,,,,,,Q,3600,HD,,,false,,,,,,true,,HD,
CNG,United Parcel Service,1320 Shore St,"Highway 80, exit Harbor Street in Sacramento, go south to Port of Sacramento, take a left onto Del Monte Street, then left onto Shore, and go on the left inside the UPS yard. Check in with the UPS guard at the gate.",West Sacramento,CA,95691,,800-920-1166,E,,Public - Credit card at all times,24 hours daily,M Trillium V Voyager,,Q,3000 3600,,,,,,,200-8,38.572721,-121.546207,2023-12-13,77947,2024-01-31 22:07:01 UTC,P,,,1999-01-15,,HD,,,,US,,,,Public - Carte de crédit en tout temps,,public,CREDIT_CARD_ALWAYS,,STANDALONE_STATION,1,,,,,,,,,,,Q,3000 3600,HD,,,false,,,,,,,,HD,
CNG,Go Sparq - Lawton,2098 SW 6th St,,Lawton,OK,73501,,,E,,Public - Credit card at all times,24 hours daily; contact station at 844-772-7764 to arrange fuel card,A D EFS FuelMan GasCard M Tchek V Voyager Wright_Exp,,Q,3600,,,,,,,200-8,34.584172,-98.396813,2024-01-09,78148,2024-01-31 22:07:01 UTC,P,,,2016-12-22,,HD,,,,US,,,,Public - Carte de crédit en tout temps,,public,CREDIT_CARD_ALWAYS,,STANDALONE_STATION,2,,720,225,,,,,,,,Q,3600,HD,,,false,,,,,,false,,HD,
CNG,Knoxville Utilities Board,1820 3rd Creek Rd,,Knoxville,TN,37921,,,E,,Public - Credit card at all times,24 hours daily,D M V Voyager,,Q,3600,,,,,,,200-8,35.966518,-83.991825,2023-09-14,78289,2024-01-31 22:07:01 UTC,T,,,2017-01-13,,HD,,,,US,,,,Public - Carte de crédit en tout temps,,public,CREDIT_CARD_ALWAYS,,STANDALONE_STATION,4,,,,,,,,,,,Q,3600,HD,,,false,,,,,,false,,HD,
CNG,GAIN Clean Fuel - Laredo,15668 N Highway 83,Near the intersection of I-35 and Highway 83,Laredo,TX,78045,,903-753-0242  800-438-7912,E,,Public - Credit card at all times,24 hours daily; Also accepts Diners Club and JCB,A CFN Comdata D EFS FleetOne FuelMan GasCard M TCH Tchek V Voyager Wright_Exp,,Q,3600,,,,,,,GPS,27.7695094,-99.4462602,2023-04-06,78773,2024-01-31 22:07:01 UTC,P,,,2016-09-12,,HD,,,,US,,,,Public - Carte de crédit en tout temps,,public,CREDIT_CARD_ALWAYS,,STANDALONE_STATION,3,,2200,78000,,,,,,,,Q,3600,HD,,,false,,,,,,,,HD,
CNG,Trillium,700 S Stanfield Rd,S Stanfield Rd and Commerce Center Blvd,Troy,OH,45373,,800-920-1166,E,,Public - Credit card at all times,24 hours daily,A D EFS M TCH Tchek Trillium V Voyager Wright_Exp,,Q,3600,,,,,,,200-9,40.045441,-84.241394,2023-12-13,79264,2024-01-31 22:07:01 UTC,P,,,2015-11-20,,HD,,,,US,,,,Public - Carte de crédit en tout temps,,public,CREDIT_CARD_ALWAYS,,STANDALONE_STATION,2,,,,,,,,,,,Q,3600,HD,,,false,,,,,,,,HD,
CNG,Trillium - Cambria County Transit Authority,502 Maple Ave,,Johnstown,PA,15901,,800-920-1166,E,,Public - Credit card at all times,24 hours daily,A D M Trillium Voyager Wright_Exp,,Q,3600,,,,,,,200-9,40.334523,-78.900235,2023-12-13,79266,2024-01-31 22:07:01 UTC,SG,,,2017-04-20,,HD,,,,US,,,,Public - Carte de crédit en tout temps,,public,CREDIT_CARD_ALWAYS,,STANDALONE_STATION,1,,,,,,,,,,,Q,3600,HD,,,false,,,,,,,,HD,
CNG,Trillium - Central Pennsylvania Transportation Authority,415 N Zarfoss Dr,,York,PA,17404,,,E,,Public - Credit card at all times,24 hours daily,A D M Trillium V Voyager Wright_Exp,,Q,3600,,,,,,,200-9,39.944688,-76.793636,2023-12-13,79267,2024-01-31 22:07:01 UTC,SG,,,2017-06-15,,HD,,,,US,,,,Public - Carte de crédit en tout temps,,public,CREDIT_CARD_ALWAYS,,STANDALONE_STATION,2,,,,,,,,,,,Q,3600,HD,,,false,,,,,,,,HD,
CNG,Kentuckiana Cleanfuel,2490 Commerce Blvd,Just east of the I-75 and I-275 exit in northwest Cincinnati; Mosteller exit.,Sharonville,OH,45241,,502-452-6312,E,,Public - Credit card at all times,24 hours daily,A Comdata D EFS FuelMan M Proprietor V Voyager Wright_Exp,,Q,3600,,,,,,,200-9,39.289201,-84.425955,2023-06-12,79415,2024-01-31 22:07:01 UTC,P,,,2017-03-01,,HD,,,,US,,,,Public - Carte de crédit en tout temps,,public,CREDIT_CARD_ALWAYS,,STANDALONE_STATION,3,NONE,1854,,,,,,,,,Q,3600,HD,,,false,,,,,,true,,HD,
ELEC,Eastern Mennonite University,1307 Park Rd,,Harrisonburg,VA,22802,,540-432-4000,E,,Public,24 hours daily,,,,,,2,,,Non-Networked,,GPS,38.472406,-78.878672,2021-10-12,79862,2022-02-10 19:42:29 UTC,P,,,2016-07-01,,,,,J1772,US,,,,Public,,public,,,COLLEGE_CAMPUS,,,,,,,Free,,,,,,,,,,false,,,,,,,,HD,false
CNG,City of Chesapeake,905 Executive Blvd,,Chesapeake,VA,23320,,757-382-3375,E,,Public - Credit card at all times,24 hours daily,A CleanEnergy FleetOne M V Voyager Wright_Exp,,Q,3600,,,,,,,200-8,36.755694,-76.224619,2023-09-14,79934,2024-01-31 22:07:01 UTC,LG,,,2017-11-29,,HD,,,,US,,,,Public - Carte de crédit en tout temps,,public,CREDIT_CARD_ALWAYS,,MUNI_GOV,2,,898,,,,,,,,,Q,3600,HD,,,false,,,,,,false,,HD,
ELEC,Yellowstone Forever,308 E Park St,Located at the north entrance to Yellowstone National Park,Gardiner,MT,59030,,406-848-2400,E,,Public,24 hours daily,,,,,,2,,,Non-Networked,,200-8,45.029727,-110.70782,2023-04-06,80048,2024-01-31 22:07:01 UTC,P,,,2016-03-01,,,,,J1772,US,,,,Public,,public,,,NATL_PARK,,,,,,,Free,,,,,,,,,,false,,,,,Yellowstone National Park,,,HD,false
CNG,"Oreapolis Energy, LLC",108 E Bay Rd,,Plattsmouth,NE,68048,,800-755-4582,E,,Public - Credit card at all times,24 hours daily,A CREDIT D M V,,Q,3600,,,,,,,200-9,41.04622,-95.915192,2024-04-14,80512,2024-04-14 22:11:34 UTC,P,,,2019-07-01,,HD,,,,US,,,,Public - Carte de crédit en tout temps,,public,CREDIT_CARD_ALWAYS,,STANDALONE_STATION,2,,1483,13900,,,,,,,,Q,3600,HD,,,false,,,,,,false,,HD,
ELEC,Skagit General Store,500 Newhalem St,"Located behind store, east of Highway 20",Rockport,WA,98283,,206-386-4489  206-684-3000,E,,Public,24 hours daily,,,,,,1,,,Non-Networked,,GPS,48.6735,-121.244711,2024-01-09,81080,2024-01-31 22:07:01 UTC,T,,,2019-10-26,,,,,J1772,US,,,,Public,,public,,,SHOPPING_CENTER,,,,,,,Free,,,,,,,,,,false,,,,,,,,HD,true
ELEC,Lincoln County Museum,600 7th St,Located one block south of Highway 2,Davenport,WA,99122,,509-725-6711,E,,Public,24 hours daily,,,,,,1,,,Non-Networked,,GPS,47.652922,-118.150361,2024-01-09,81083,2024-01-31 22:07:01 UTC,LG,,,2016-10-01,,,,,J1772,US,,,,Public,,public,,,MUSEUM,,,,,,,Free,,,,,,,,,,false,,,,,,,,HD,false
CNG,Trillium - Gunnison Valley Rural Transportation Authority,201 E Tomichi Ave,U.S. Highway 50; in the parking lot of Gunnison Tire,Gunnison,CO,81230,,800-920-1166,E,,Public - Credit card at all times,24 hours daily,A D FuelMan M Trillium V Voyager Wright_Exp,,Q,3600,,,,,,,200-8,38.54421,-106.92517,2023-12-13,81564,2024-01-31 22:07:01 UTC,P,,,2017-12-12,,HD,,,,US,,,,Public - Carte de crédit en tout temps,,public,CREDIT_CARD_ALWAYS,,PARKING_LOT,2,,,,,,,,,,,Q,3600,HD,,,false,,,,,,,,HD,
CNG,Love's Trillium - Miami-Dade County Metrobus,2775 SW 74th Ave,,Miami,FL,33155,,,E,,Public - Credit card at all times,"24 hours daily; LEX, QuikQ",A APPLE_PAY CREDIT D Debit EFS M TCH Tchek Trillium,,Q,3600,,,,,,,200-9,25.745928,-80.313403,2023-12-13,81715,2024-01-31 22:07:01 UTC,P,,,2020-10-19,,HD,,,,US,,,,Public - Carte de crédit en tout temps,,public,CREDIT_CARD_ALWAYS,,STANDALONE_STATION,1,,,,,,,,,,,Q,3600,HD,,,false,,,,,,,,HD,
CNG,Beyond6,1529 N Turnersville Rd,Right off I-35 at exit 221,Buda,TX,78610,,877-872-3966,E,,Public - Credit card at all times,24 hours daily,A D FuelMan M V Wright_Exp,,Q,3600,,,,,,,GPS,30.0945515,-97.8111038,2023-04-06,81766,2024-01-31 22:07:01 UTC,P,,,2018-03-28,,HD,,,,US,,,,Public - Carte de crédit en tout temps,,public,CREDIT_CARD_ALWAYS,,STANDALONE_STATION,2,NONE,,,,,,,,,,Q,3600,HD,,,false,,,,,,true,,HD,
CNG,City of Panama City,620 E 27th St,Off of State Rd 77,Panama City,FL,32405,,850-872-3172,E,,Public - Credit card at all times,24 hours daily,CFN Comdata FleetOne FuelMan M V Voyager Wright_Exp,,Q,3600,,,,,,,200-8,30.196844,-85.65117,2023-09-14,81768,2024-01-31 22:07:01 UTC,LG,,,2017-03-01,,HD,,,,US,,,,Public - Carte de crédit en tout temps,,public,CREDIT_CARD_ALWAYS,,STANDALONE_STATION,2,,1384,12314,,,,,,,,Q,3600,HD,,,false,,,,,,false,,HD,
CNG,Snyder Brothers,90 Glade Dr,,Kittanning,PA,16201,,724-548-8101,E,,Public - Credit card at all times,24 hours daily,A D M V,,Q,3600,,,,,,,200-9,40.815644,-79.565628,2024-01-09,81857,2024-01-31 22:07:01 UTC,LG,,,2015-06-01,,HD,,,,US,,,,Public - Carte de crédit en tout temps,,public,CREDIT_CARD_ALWAYS,,STANDALONE_STATION,1,,2400,,,,,,,,,Q,3600,HD,,,false,,,,,,false,,HD,
ELEC,Juneau Hydropower,8585 Old Dairy Hwy,,Juneau,AK,99801,,907-789-2775,E,,Public,24 hours daily,,,,,,1,,,Non-Networked,,GPS,58.363727,-134.57555,2023-08-10,85589,2024-01-31 22:07:01 UTC,P,,,2015-08-01,,,,,J1772,US,,,,Public,,public,,,OFFICE_BLDG,,,,,,,Free,,,,,,,,,HYDRO,false,,,,,,,,HD,false
CNG,Beyond6,14512 Aliso Dr,,Fontana,CA,92337,,877-872-3966,E,,Public - Credit card at all times,24 hours daily,A Comdata D EFS FuelMan M TCH Tchek V Wright_Exp,,Q,3600,,,,,,,200-9,34.060637,-117.488248,2023-04-06,85854,2024-01-31 22:07:01 UTC,P,,,2017-08-09,,HD,,,,US,,,,Public - Carte de crédit en tout temps,,public,CREDIT_CARD_ALWAYS,,STANDALONE_STATION,3,NONE,,,,,,,,,,Q,3600,HD,,,false,,,,,,true,,HD,
CNG,Almeda Fuels,12317 Almeda Rd,,Houston,TX,77045,,713-539-3557,E,,Public - Credit card at all times,24 hours daily,A D Debit FuelMan M V,,B,3600,,,,,,,200-9,29.628285,-95.412268,2023-06-12,85912,2024-01-31 22:07:01 UTC,P,,,2017-06-20,,HD,,,,US,,,,Public - Carte de crédit en tout temps,,public,CREDIT_CARD_ALWAYS,,STANDALONE_STATION,3,NONE,1730,33982,,,,,,,,B,3600,HD,,,false,,,,,,true,,HD,
CNG,Piedmont Natural Gas - Hickory,3700 17th Avenue Cir SW,Near the intersection of I-40 and U.S. Highway 321,Hickory,NC,28602,,877-840-0043,E,,Public - Credit card at all times,24 hours daily,A Comdata D EFS FleetOne FuelMan M TCH Tchek V Voyager Wright_Exp,,Q,3600,,,,,,,GPS,35.70770467868316,-81.39436429101562,2023-07-11,86009,2024-01-31 22:07:01 UTC,T,,,2017-07-31,,HD,,,,US,,,,Public - Carte de crédit en tout temps,,public,CREDIT_CARD_ALWAYS,,UTILITY,3,NONE,,,,,,,,,,Q,3600,HD,,,false,,,,,,true,,HD,
CNG,City of Corpus Christi,5352 Ayers St,,Corpus Christi,TX,78415,,361-885-6910,E,,Public - Card key at all times,24 hours daily; contact Corpus Christi Gas Department for card key,Proprietor,,Q,3600,,,,,,,200-8,27.73125,-97.429745,2023-06-12,86108,2024-01-31 22:07:01 UTC,LG,,,2017-07-28,,HD,,,,US,,,,Public - Carte-clé en tout temps,,public,KEY_ALWAYS,,MUNI_GOV,2,,1465,,,,,,,,,Q,3600,HD,,,false,,,,,,false,,HD,
CNG,Energy Conservation Works - Lower Valley Energy,4000 S Highway 89,,Jackson,WY,83001,,307-733-2446,E,,Public - Credit card at all times,24 hours daily; customers may contact the station directly to set up payment accounts,Comdata M V,,Q,3600,,,,,,,200-9,43.420504,-110.774568,2023-03-08,86948,2024-05-09 20:32:20 UTC,P,,,2017-09-11,,HD,,,,US,,,,Public - Carte de crédit en tout temps,,public,CREDIT_CARD_ALWAYS,,STANDALONE_STATION,1,,425,58819,,,,,,,,Q,3600,HD,,,false,,,,,,false,,HD,
CNG,Clean Energy - Portage Area Regional Transportation Authority,2000 Summit Rd,Across the street from Dix Stadium on Summit Rd,Kent,OH,44240,,330-678-7745,E,,Public - Credit card at all times,"5am-11pm M-F, 8am-8pm Sat",A D M V,,Q,3600,,,,,,,200-9,41.136595,-81.319096,2023-07-11,86992,2024-01-31 22:07:01 UTC,LG,,,2018-11-28,,HD,,,,US,,,,Public - Carte de crédit en tout temps,,public,CREDIT_CARD_ALWAYS,,STANDALONE_STATION,2,,1100,35000,,,,,,,,Q,3600,HD,,,false,,,,,,false,,HD,
CNG,Beyond6,110 Jefferson Ridge Pkwy,Within a mile of the intersection of Lynchburg/Northwest Expressway (US-501) and US-221,Lynchburg,VA,24502,,877-872-3966,E,,Public - Credit card at all times,24 hours daily,A D FuelMan M V Wright_Exp,,Q,3600,,,,,,,200-8,37.39664,-79.229086,2023-04-06,87011,2024-01-31 22:07:01 UTC,P,,,2018-06-01,,HD,,,,US,,,,Public - Carte de crédit en tout temps,,public,CREDIT_CARD_ALWAYS,,STANDALONE_STATION,3,NONE,,,,,,,,,,Q,3600,HD,,,false,,,,,,true,,HD,
CNG,Alternative Vehicle Service Group - Concord,20 Broken Bridge Rd,Route I-93 to Exit 13. Turn right onto Route 3. Turn right onto Intregra Dr and then left on Broken Bridge Rd.,Concord,NH,03301,,617-242-8755,E,,Public - Credit card at all times,24 hours daily,M PHH V Voyager Wright_Exp,,Q,3600,,,,,,,200-9,43.182787,-71.495001,2023-07-11,87706,2024-01-31 22:07:01 UTC,P,,,2017-09-20,,HD,,,,US,,,,Public - Carte de crédit en tout temps,,public,CREDIT_CARD_ALWAYS,,STANDALONE_STATION,1,,300,37000,,,,,,,,Q,3600,HD,,,false,,,,,,false,,HD,
CNG,Quarles Fleet Fueling,2 Southlawn Ct,,Rockville,MD,20850,,877-444-3835,E,,Public - Credit card at all times,24 hours daily,A CleanEnergy Comdata FleetOne M Proprietor V Voyager Wright_Exp,,Q,3600,,,,,,,200-9,39.103618,-77.133408,2022-12-13,88077,2024-01-31 22:07:01 UTC,P,,,2017-10-15,,HD,,,,US,,,,Public - Carte de crédit en tout temps,,public,CREDIT_CARD_ALWAYS,,STANDALONE_STATION,2,NONE,,,,,,,,,,Q,3600,HD,,,false,,,,,,true,,HD,
CNG,Mid-Kansas CNG,636 Thompson St,,Kingman,KS,67068,,620-243-3250,E,,Public - Credit card at all times,24 hours daily,A CFN Comdata D FleetOne GasCard M V Voyager Wright_Exp,,Q,3600,,,,,,,200-9,37.648431,-98.094183,2023-10-12,88383,2024-01-31 22:07:01 UTC,P,,,2017-11-08,,HD,,,,US,,,,Public - Carte de crédit en tout temps,,public,CREDIT_CARD_ALWAYS,,STANDALONE_STATION,1,,,100000,,,,,,,,Q,3600,HD,,,false,,,,,,false,,HD,
CNG,Clean Energy - Midway Pilot #92,4255 NW Highway 326,,Ocala,FL,34482,,866-809-4869,E,,Public - Card key at all times,24 hours daily; Also accepts PFGiftCard,A CleanEnergy Comdata D EFS FleetOne FuelMan M TCH Tchek V Voyager Wright_Exp,,Q,3600,,,,,,,200-9,29.267909,-82.191578,2023-07-11,88505,2024-01-31 22:07:01 UTC,P,,,2017-11-17,,HD,,,,US,,,,Public - Carte-clé en tout temps,,public,KEY_ALWAYS,,TRAVEL_CENTER,1,NONE,,,,,,,,,,Q,3600,HD,,,false,,,,,,true,,HD,
CNG,Chesapeake Utilities Corp,"500 Energy Ln, Suite 100",Located right off Route 1 corridor and Route 13,Dover,DE,19901,,302-734-6700,E,,Public - Credit card at all times,24 hours daily,A D M V Wright_Exp,,Q,3600,,,,,,,GPS,39.1477777,-75.4988888,2023-11-09,88600,2024-01-31 22:07:01 UTC,T,,,2018-11-01,,HD,,,,US,,,,Public - Carte de crédit en tout temps,,public,CREDIT_CARD_ALWAYS,,STANDALONE_STATION,2,,989,,,,,,,,,Q,3600,HD,,,false,,,,,,false,,HD,
CNG,Fullerton Joint Union High School District,1050 S Leslie St,"Imperial Hwy and Leslie St, between Harbor Blvd and Euclid St",La Habra,CA,90631,,714-680-5613,E,,Public - Credit card at all times,24 hours daily,Comdata D Debit M V Voyager Wright_Exp,,Q,3600,,,,,,,200-9,33.919681,-117.940717,2023-05-03,89323,2024-01-31 22:07:01 UTC,LG,,,2017-12-05,,HD,,,,US,,,,Public - Carte de crédit en tout temps,,public,CREDIT_CARD_ALWAYS,,SCHOOL,4,NONE,800,34000,,,,,,,,Q,3600,HD,,,false,,,,,,true,,HD,
CNG,Beyond6,4383 Leckron Rd,,Modesto,CA,95357,,877-872-3966,E,,Public - Credit card at all times,24 hours daily,A Comdata D FuelMan M V Wright_Exp,,Q,3600,,,,,,,200-9,37.630952,-120.918922,2023-04-06,89813,2024-01-31 22:07:01 UTC,P,,,2020-05-01,,HD,,,,US,,,,Public - Carte de crédit en tout temps,,public,CREDIT_CARD_ALWAYS,,STANDALONE_STATION,3,NONE,,,,,,,,,,Q,3600,HD,,,false,,,,,,true,,HD,
CNG,South Jersey Gas - Riggins,461 Delsea Dr,,Malaga,NJ,08328,,866-278-3674,E,,Public - Credit card at all times,5am-10pm daily,A Comdata D Debit M V Voyager Wright_Exp,,Q,3600,,,,,,,200-9,39.572621,-75.053406,2023-12-13,89911,2024-01-31 22:07:01 UTC,T,,,2017-12-26,,HD,,,,US,,,,Public - Carte de crédit en tout temps,,public,CREDIT_CARD_ALWAYS,,UTILITY,1,,618,11121,,,,,,,,Q,3600,HD,,,false,,,,,,false,,HD,
CNG,Clean Energy - USA Hauling & Recycling,3 Shoham Rd,,East Windsor,CT,06088,,866-809-4869,E,,Public - Credit card at all times,24 hours daily; call 866-809-4869 for Clean Energy card,A CleanEnergy D FleetOne FuelMan M Proprietor V Voyager Wright_Exp,,Q,3600,,,,,,,GPS,41.93118217393383,-72.59761565410614,2023-10-12,91696,2024-04-29 18:02:20 UTC,P,,,2017-07-19,,HD,,,,US,,,,Public - Carte de crédit en tout temps,,public,CREDIT_CARD_ALWAYS,,FLEET_GARAGE,2,SOLAR,738,,,,,,,,,Q,3600,HD,,,false,,,,,,true,,HD,
CNG,Piedmont Natural Gas - Fayetteville,4740 Corporation Dr,,Fayetteville,NC,28306,,877-840-0043,E,,Public - Credit card at all times,24 hours daily,A Comdata D EFS FleetOne FuelMan M TCH Tchek V Voyager Wright_Exp,,Q,3600,,,,,,,200-9,34.953342,-78.890291,2023-07-11,91913,2024-01-31 22:07:01 UTC,T,,,2018-01-15,,HD,,,,US,,,,Public - Carte de crédit en tout temps,,public,CREDIT_CARD_ALWAYS,,UTILITY,1,NONE,,,,,,,,,,Q,3600,HD,,,false,,,,,,true,,HD,
CNG,Kwik Star #490,7500 Nordic Dr,Intersection of Nordic Dr and W Ridgeway Ave,Cedar Falls,IA,50613,,319-277-1025,E,,Public,24 hours daily,A Cash Checks D M V Voyager Wright_Exp,,Q,3000,,,,,,,200-8,42.47014,-92.44708,2023-05-03,92096,2024-05-09 20:32:20 UTC,P,,,2013-07-02,,HD,,,,US,,,,Public,,public,,,CONVENIENCE_STORE,2,,1400,,,,,,,,,Q,3000,HD,,,false,,,,,,false,,HD,
CNG,City of Columbus - Central Ohio Transit Authority,1396 McKinley Ave,,Columbus,OH,43222,,855-475-4637,E,,Public - Credit card at all times,24 hours daily,A D Debit M V,,Q,3600,,,,,,,200-9,39.964527,-83.039256,2023-08-10,94399,2024-01-31 22:07:01 UTC,LG,,,2018-03-08,,HD,,,,US,,,,Public - Carte de crédit en tout temps,,public,CREDIT_CARD_ALWAYS,,MUNI_GOV,3,,1000,,,,,,,,,Q,3600,HD,,,false,,,,,,,,HD,
CNG,Kwik Stop - 16th St,1210 E 16th St,,Dubuque,IA,52001,,563-582-5083,E,,Public - Credit card at all times,24 hours daily,A D M V,,Q,3600,,,,,,,200-8,42.511462,-90.656075,2023-10-12,94574,2024-03-28 14:43:38 UTC,P,,,2018-03-15,,HD,,,,US,,,,Public - Carte de crédit en tout temps,,public,CREDIT_CARD_ALWAYS,,CONVENIENCE_STORE,1,,,,,,,,,,,Q,3600,HD,,,false,,,,,,false,,HD,
CNG,B&H Construction,5500 W 55th St,,Tulsa,OK,74107,,918-271-5200,E,,Public - Credit card at all times,24 hours daily,A Comdata D M V Voyager Wright_Exp,,Q,3600,,,,,,,GPS,36.081743,-96.054325,2023-10-12,97026,2024-01-31 22:07:01 UTC,P,,,2018-05-11,,HD,,,,US,,,,Public - Carte de crédit en tout temps,,public,CREDIT_CARD_ALWAYS,,STANDALONE_STATION,1,NONE,,,,,,,,,,Q,3600,HD,,,false,,,,,,true,,HD,
CNG,Trillium - New Castle Transit Authority,311 Mahoning Ave,,New Castle,PA,16102,,800-920-1166,E,,Public - Credit card at all times,24 hours daily,A D Debit V,,Q,3600,,,,,,,200-9,40.982071,-80.356436,2023-12-13,98522,2024-01-31 22:07:01 UTC,J,,,2018-05-15,,HD,,,,US,,,,Public - Carte de crédit en tout temps,,public,CREDIT_CARD_ALWAYS,,STANDALONE_STATION,3,,,,,,,,,,,Q,3600,HD,,,false,,,,,,,,HD,
CNG,Rialto Unified School District,261 S Lilac Ave,,Rialto,CA,92376,,909-875-2649,E,,Public - Credit card at all times,24 hours daily; fleets may contact the station to set up a fueling account,A D Debit M V,,Q,3600,,,,,,,GPS,34.0973590799505,-117.3788299914017,2023-05-03,99695,2024-06-05 16:31:36 UTC,LG,,,2018-07-01,,HD,,,,US,,,,Public - Carte de crédit en tout temps,,public,CREDIT_CARD_ALWAYS,,SCHOOL,2,NONE,,,,,,,,,,Q,3600,HD,,,false,,,,,,true,,HD,
ELEC,Lake Metigoshe State Park,2 Lake Metigoshe State Park,Located between the swimming beach and the boat landing inside the Lake Metigoshe State Park,Bottineau,ND,58318,,701-228-2202,E,,Public,24 hours daily,,,,,,1,,,Non-Networked,,GPS,48.9833289212849,-100.34069650995637,2023-08-10,99955,2024-01-31 22:07:01 UTC,SG,,,2018-07-22,,,,,J1772,US,,,,Public,,public,,,PARK,,,,,,,Free,,,,,,,,,,false,,,,,,,,HD,false
CNG,GAIN Clean Fuel - Independence Fuel Systems,8181 S Lancaster Rd,"Along I-20, between I-35 East and I-45",Dallas,TX,75241,,800-438-7912,E,,Public - Credit card at all times,24 hours daily; Also accepts Diners Club and JCB,A CFN Comdata D EFS FleetOne FuelMan M Proprietor TCH Tchek V Voyager Wright_Exp,,Q,3600,,,,,,,200-9,32.648858,-96.782923,2023-04-06,100443,2024-01-31 22:07:01 UTC,P,,,2018-08-10,,HD,,,,US,,,,Public - Carte de crédit en tout temps,,public,CREDIT_CARD_ALWAYS,,STANDALONE_STATION,3,,,,,,,,,,,Q,3600,HD,,,false,,,,,,,,HD,
CNG,ASAP General Store 308,1835 SW Frank Phillips Blvd,"Intersection of Hwy 123 & 60, west side of Bartlesville",Bartlesville,OK,74003,,918-876-6300,E,,Public,24 hours daily,A Cash Comdata D Debit EFS FleetOne FuelMan M PHH TCH Tchek V Voyager Wright_Exp,,Q,3600,,,,,,,200-9,36.751521,-96.000152,2024-02-12,103895,2024-02-12 21:24:44 UTC,P,,,2018-09-28,,HD,,,,US,,,,Public,,public,,,TRUCK_STOP,1,NONE,390,33350,,,,,,,,Q,3600,HD,,,false,,,,,,true,,HD,
CNG,SoCalGas - Fontana Base,16231 Valley Blvd,Off I-10 in the Inland Empire,Fontana,CA,92335,,800-427-2000,E,,Public - Credit card at all times,24 hours daily,A M V Voyager Wright_Exp,,Q,3600,,,,,,,200-9,34.069321,-117.45157,2023-05-03,104021,2024-01-31 22:07:01 UTC,T,,,2018-10-01,,HD,,,,US,,,,Public - Carte de crédit en tout temps,,public,CREDIT_CARD_ALWAYS,,UTILITY,2,NONE,1200,33000,,,,,,,,Q,3600,HD,,,false,,,,,,true,,HD,
CNG,Trillium - Indiana County Transit Authority,1657 Saltsburg Ave,,Indiana,PA,15701,,800-920-1166,E,,Public - Credit card at all times,24 hours daily,A D FuelMan M Trillium V Voyager Wright_Exp,,Q,3600,,,,,,,200-9,40.612658,-79.172436,2023-12-13,104492,2024-01-31 22:07:01 UTC,J,,,2018-10-31,,HD,,,,US,,,,Public - Carte de crédit en tout temps,,public,CREDIT_CARD_ALWAYS,,STANDALONE_STATION,2,,,,,,,,,,,Q,3600,HD,,,false,,,,,,,,HD,
CNG,IGS CNG Services - Fairview,6411 Howard Dr,,Fairview,PA,16415,,877-742-4476,E,,Public - Credit card at all times,24 hours daily,A Comdata D FuelMan M Proprietor V Voyager Wright_Exp,,Q,3600,,,,,,,200-8,42.020202,-80.188497,2023-05-03,105075,2024-01-31 22:07:01 UTC,P,,,2018-12-03,,HD,,,,US,,,,Public - Carte de crédit en tout temps,,public,CREDIT_CARD_ALWAYS,,STANDALONE_STATION,2,NONE,,,,,,,,,,Q,3600,HD,,,false,,,,,,true,,HD,
CNG,Blue Mark Fuels,12585 E 46th St N,"On the north side of 46th St N, approximately 0.75 mile east of U.S. Highway 169",Tulsa,OK,74116,,918-238-2020  918-862-0181,E,,Public - Credit card at all times,24 hours daily,A Comdata D Debit FuelMan M V Voyager Wright_Exp,,Q,3600,,,,,,,GPS,36.2210036,-95.8366605,2024-02-12,105517,2024-02-12 21:24:44 UTC,P,,,2018-12-28,,HD,,,,US,,,,Public - Carte de crédit en tout temps,,public,CREDIT_CARD_ALWAYS,,STANDALONE_STATION,4,,1359,,,,,,,,,Q,3600,HD,,,false,,,,,,false,,HD,
CNG,Seneca Landfill - Lego-V,421 Hartmann Rd,,Evans City,PA,16033,,724-452-0899,E,,Public - Credit card at all times,24 hours daily,A M V,,Q,3600,,,,,,,200-9,40.812004,-80.078881,2023-08-10,117015,2024-01-31 22:07:01 UTC,P,,,2018-06-15,,HD,,,,US,,,,Public - Carte de crédit en tout temps,,public,CREDIT_CARD_ALWAYS,,STANDALONE_STATION,2,LANDFILL,,,,,,,,,,Q,3600,HD,,,false,,,,,,true,,HD,
ELEC,Craftsbury Outdoor Center,535 Lost Nation Rd,Far east end of first parking lot,Craftsbury Common,VT,05827,,802-586-7767,E,,Public,"24 hours daily; for visitor, member, and staff use only; Drivers must bring their own J1772 cordset for Level 1 charging",,,,,,7,,,Non-Networked,,200-9,44.680358,-72.36351,2023-06-12,117603,2024-01-31 22:07:01 UTC,P,,,2018-01-15,,,,,J1772,US,,,,Public,,public,,,REC_SPORTS_FACILITY,,,,,,,Free; donations encouraged,,,,,,,,,,true,,,,,,,,HD,true
CNG,Kwik Trip #1048,341 Jefferson St E,,West Salem,WI,54669,,608-786-0339,E,,Public,24 hours daily,A Cash Checks D M V Voyager Wright_Exp,,Q,3600,,,,,,,200-9,43.893228,-91.077717,2023-05-03,118326,2024-01-31 22:07:01 UTC,P,,,2019-02-01,,HD,,,,US,,,,Public,,public,,,CONVENIENCE_STORE,1,,,,,,,,,,,Q,3600,HD,,,false,,,,,,false,,HD,
CNG,Waste Management - Clean N' Green - White Tank,18605 W McDowell Rd,Just north of I-10,Goodyear,AZ,85395,,,E,,Public - Credit card at all times,24 hours daily,A CREDIT D FuelMan M Proprietor V Voyager Wright_Exp,,Q,3600,,,,,,,200-9,33.463568,-112.459255,2024-05-09,118517,2024-05-22 20:22:05 UTC,P,,,2024-05-08,,HD,,,,US,,,,Public - Carte de crédit en tout temps,,public,CREDIT_CARD_ALWAYS,,FLEET_GARAGE,1,,,,,,,,,,,Q,3600,HD,,,false,,,,,,,,HD,
CNG,Trillium - Erie Metropolitan Transportation Authority,127 E 14th St,,Erie,PA,16507,,,E,,Public - Credit card at all times,24 hours daily,A APPLE_PAY CREDIT D Debit M TCH Tchek Trillium V,,Q,3600,,,,,,,200-9,42.122459,-80.0774,2023-12-13,122986,2024-01-31 22:07:01 UTC,J,,,2019-12-15,,HD,,,,US,,,,Public - Carte de crédit en tout temps,,public,CREDIT_CARD_ALWAYS,,FLEET_GARAGE,1,,,,,,,,,,,Q,3600,HD,,,false,,,,,,,,HD,
CNG,Trillium,1720 W Jefferson Ave,,Naperville,IL,60540,,,E,,Public,24 hours daily,,,Q,3600,,,,,,,200-9,41.768307,-88.191536,2023-12-13,122987,2024-01-31 22:07:01 UTC,P,,,2020-12-01,,HD,,,,US,,,,Public,,public,,,FLEET_GARAGE,1,,,,,,,,,,,Q,3600,HD,,,false,,,,,,,,HD,
CNG,EMW Gas Association,612 E Highway 66,Along I-40,Moriarty,NM,87035,,,E,,Public,24 hours daily; Also accepts Visa Fleet and Mastercard Fleet,A D FleetOne M V Voyager Wright_Exp,,Q,3600,,,,,,,GPS,35.00461355709059,-106.0328366610214,2023-03-08,124245,2024-01-31 22:07:01 UTC,P,,,2023-02-01,,HD,,,,US,,,,Public,,public,,,UTILITY,1,,,,,,,,,,,Q,3600,HD,,,false,,,,,,false,,HD,
CNG,Sapphire Gas Solutions,670 Garnet Ave,LCNG station; N Indian Canyon Dr,Palm Springs,CA,92262,,760-238-1787,E,,Public - Credit card at all times,24 hours daily; gate closes at 8pm; accessible after 8pm by fleet customers only with code,A M V Wright_Exp,,Q,3600,,,,,,,200-9,33.904195,-116.552357,2023-07-11,124553,2024-01-31 22:07:01 UTC,P,,,2019-06-15,,HD,,,,US,,,,Public - Carte de crédit en tout temps,,public,CREDIT_CARD_ALWAYS,,STANDALONE_STATION,1,,,60000,,,,,,,,Q,3600,HD,,,false,,,,,,false,,HD,
ELEC,Ecker Hill - Park and Ride Lot,24602 W Kilby Rd,Exit 141 from I-80; head SE on frontage road; stations by bus shelters,Park City,UT,84098,,435-336-3200,E,,Public,24 hours daily; please move vehicle when done charging,,,,,,10,,,Non-Networked,,GPS,40.739544,-111.559906,2023-01-10,127974,2023-02-14 15:54:11 UTC,LG,,,2019-06-15,,,,,J1772,US,,,,Public,,public,,,PARKING_LOT,,,,,,,Free,,,,,,,,,,false,,,,,,,,HD,false
ELEC,City of Arvin,200 Campus Dr,Located on 4th and A street behind the Veteran's Hall and Adobe Complex,Arvin,CA,93203,,661-854-3134,E,,Public,24 hours daily,,,,,,10,,,Non-Networked,,200-9,35.210277,-118.832618,2024-05-09,131662,2024-05-09 20:32:20 UTC,LG,,,2019-07-18,,,,,J1772,US,,,,Public,,public,,,MUNI_GOV,,,,,,,$0.42 per kWh,,,,,,,,,,false,,,,,,,,HD,false
CNG,SoCalGas - Bakersfield Base,35118 McMurtrey Ave,Near the connection of Highways 99 and 65,Bakersfield,CA,93308,,800-427-2000,E,,Public - Credit card at all times,24 hours daily,A D M V Voyager Wright_Exp,,Q,3600,,,,,,,GPS,35.44379133130982,-119.0777034827728,2023-05-03,135483,2024-01-31 22:07:01 UTC,P,,,2020-01-30,,HD,,,,US,,,,Public - Carte de crédit en tout temps,,public,CREDIT_CARD_ALWAYS,,FLEET_GARAGE,1,NONE,1600,66000,,,,,,,,Q,3600,HD,,,false,,,,,,true,,HD,
CNG,SoCalGas - Branford Base,12475 Branford St,,Pacoima,CA,91331,,800-427-2000,E,,Public - Credit card at all times,24 hours daily,A M V Voyager Wright_Exp,,Q,3600,,,,,,,200-9,34.247415,-118.405835,2023-05-03,146957,2024-01-31 22:07:01 UTC,P,,,2019-10-01,,HD,,,,US,,,,Public - Carte de crédit en tout temps,,public,CREDIT_CARD_ALWAYS,,UTILITY,1,NONE,1000,33000,,,,,,,,Q,3600,HD,,,false,,,,,,true,,HD,
CNG,Ozinga Energy - Gary,2555 E 15th Ave,,Gary,IN,46403,,888-656-0141,E,,Public - Credit card at all times,24 hours daily; customers may set up a fuel account to pay for fuel; call 888-656-0141 to set up a fleet account,FuelMan M Proprietor V Wright_Exp,,B,3600,,,,,,,200-8,41.587098,-87.302188,2023-12-13,151885,2024-01-31 22:07:01 UTC,P,,,2019-08-01,,HD,,,,US,,,,Public - Carte de crédit en tout temps,,public,CREDIT_CARD_ALWAYS,,STANDALONE_STATION,2,,,,,,,,,,,B,3600,HD,,,false,,,,,,,,HD,
CNG,Love's Travel Stop #230,21948 Highway 46,"I-5, Exit 278",Lost Hills,CA,93249,,661-797-1800,E,,Public,"24 hours daily; Also accepts EBT/SNAP, QuickQ/Q-Check, ComCheck",A ANDROID_PAY APPLE_PAY Cash Comdata D EFS FleetOne M TCH Tchek Trillium V Voyager Wright_Exp,,Q,3600,,,,,,,200-9,35.61701,-119.658905,2023-12-13,151893,2024-01-31 22:07:01 UTC,P,,,2020-09-15,,HD,,,,US,,,,Public,,public,,,CONVENIENCE_STORE,2,,,,,,,,,,,Q,3600,HD,,,false,,,,,,,,HD,
CNG,Love's Travel Stop #392,2000 E Tehachapi Blvd,"Hwy 58, Exit 151",Tehachapi,CA,93561,,661-823-1484,E,,Public,"24 hours daily; Also accepts EBT/SNAP, QuickQ/Q-Check, ComCheck",A ANDROID_PAY APPLE_PAY Cash Comdata D EFS FleetOne M TCH Tchek Trillium V Voyager Wright_Exp,,Q,3600,,,,,,,200-9,35.125636,-118.408202,2023-12-13,151894,2024-01-31 22:07:01 UTC,P,,,2020-09-15,,HD,,,,US,,,,Public,,public,,,CONVENIENCE_STORE,2,,,,,,,,,,,Q,3600,HD,,,false,,,,,,,,HD,
CNG,Kruse Western Renewable Fuels,30981 Road 67,Intersection of Highway 99 and Betty Drive,Goshen,CA,93277,,559-901-6984,E,,Public - Credit card at all times,24 hours daily,A Comdata CREDIT D EFS FuelMan M Proprietor TCH V Voyager Wright_Exp,,Q,3600,,,,,,,200-9,36.352663,-119.42401,2023-05-03,153747,2024-01-31 22:07:01 UTC,P,,,2020-11-15,,HD,,,,US,,,,Public - Carte de crédit en tout temps,,public,CREDIT_CARD_ALWAYS,,STANDALONE_STATION,3,NONE,,,,,,,,,,Q,3600,HD,,,false,,,,,,true,,HD,
CNG,Codyco,2101 Dennisville-Petersburg Rd,,Woodbine,NJ,08270,,609-390-2127,E,,Public - Credit card at all times,24 hours daily,A D M V,,Q,3600,,,,,,,200-9,39.224956,-74.774461,2023-10-12,155590,2024-01-31 22:07:01 UTC,P,,,2019-01-15,,HD,,,,US,,,,Public - Carte de crédit en tout temps,,public,CREDIT_CARD_ALWAYS,,STANDALONE_STATION,4,,625,,,,,,,,,Q,3600,HD,,,false,,,,,,false,,HD,
ELEC,Nanticoke River Discovery Center,113 Old Ocean Gateway,,Vienna,MD,21869,,443-944-1175,E,,Public,24 hours daily,,,,,,2,4,,Non-Networked,,GPS,38.485467,-75.823919,2021-09-10,156124,2022-02-10 19:42:29 UTC,P,,,2019-11-01,,,,,CHADEMO J1772 J1772COMBO,US,,,,Public,,public,,,MUSEUM,,,,,,,,,,,,,,,,,false,,,,,,,,HD,false
CNG,South Jersey Gas,650 Shunpike Rd,,Burleigh,NJ,08210,,866-278-3674,E,,Public - Credit card at all times,24 hours daily,CleanEnergy D FuelMan M V Voyager Wright_Exp,,Q,3600,,,,,,,200-9,39.052532,-74.851683,2023-12-13,156339,2024-01-31 22:07:01 UTC,T,,,2020-05-07,,HD,,,,US,,,,Public - Carte de crédit en tout temps,,public,CREDIT_CARD_ALWAYS,,UTILITY,2,LANDFILL,1000,,,,,,,,,Q,3600,HD,,,false,,,,,,true,,HD,
CNG,ReFuel Salt Lake City,250 N Apollo Rd,,Salt Lake City,UT,84116,,801-534-4488,E,,Public - Credit card at all times,24 hours daily,A CFN Comdata D Debit EFS FleetOne FuelMan M PacificPride TCH Tchek V Voyager Wright_Exp,,Q,3600,,,,,,,200-9,40.773333,-112.026267,2023-11-09,163415,2024-01-31 22:07:01 UTC,P,,,2021-12-15,,HD,,,,US,,,,Public - Carte de crédit en tout temps,,public,CREDIT_CARD_ALWAYS,,STANDALONE_STATION,2,SOLAR,771,,,,,,,,,Q,3600,HD,,,false,,,,,,true,,HD,
CNG,Marlin Compression,5712 GA-21,,Port Wentworth,GA,31407,,912-298-0000,E,,Public - Credit card at all times,24 hours daily,Debit M Proprietor V,,Q,3600,,,,,,,200-8,32.137126,-81.173883,2024-01-09,165100,2024-01-31 22:07:01 UTC,T,,,2022-04-11,,HD,,,,US,,,,Public - Carte de crédit en tout temps,,public,CREDIT_CARD_ALWAYS,,TRUCK_STOP,2,,3200,53000,,,,,,,,Q,3600,HD,,,false,,,,,,false,,HD,
ELEC,76 - Norco,3198 Hamner Ave,,Norco,CA,92860,,914-309-2440,E,,Public,24 hours daily,,,,,,,2,,EVGATEWAY,http://evgateway.com/,200-8,33.928312,-117.558425,2024-04-14,166807,2024-04-14 22:11:34 UTC,P,,,2020-04-30,,,,,CHADEMO J1772COMBO,US,,,,Public,,public,,,GAS_STATION,,,,,,,$0.65 per kWh + a $0.50 flat fee,,,,,,,,,,false,,,,,,,,HD,false
CNG,Piedmont Natural Gas - Wilmington,141 Sutton Steam Plant Rd,Corner of Sutton Steam Plant Rd & US 421,Wilmington,NC,28401,,877-840-0043,E,,Public - Credit card at all times,24 hours daily,A Comdata D EFS FleetOne FuelMan M TCH Tchek V Voyager Wright_Exp,,Q,3600,,,,,,,GPS,34.28252976469934,-77.96360326452637,2023-07-11,169548,2024-01-31 22:07:01 UTC,T,,,2022-04-07,,HD,,,,US,,,,Public - Carte de crédit en tout temps,,public,CREDIT_CARD_ALWAYS,,UTILITY,1,NONE,,,,,,,,,,Q,3600,HD,,,false,,,,,,true,,HD,
ELEC,Barron Electric Co-op,1434 WI-25,,Barron,WI,54812,,800-322-1008,E,,Public,24 hours daily,,,,,,1,,,Non-Networked,,GPS,45.412634,-91.84859,2023-12-13,185014,2024-01-31 22:07:01 UTC,P,,,2021-02-08,,,,,J1772,US,,,,Public,,public,,,UTILITY,,,,,,,$0.25 per kWh,,,,,,,,,,false,,,,,,,,HD,false
ELEC,Segovia Truck Stop,465 Old Segovia Rd,,Junction,TX,76849,,325-446-3693,T,2024-06-26,TEMPORARILY UNAVAILABLE (Public),24 hours daily,,,,,,,3,,Non-Networked,,200-6,30.35815,-99.606129,2023-07-11,186211,2024-01-31 22:07:01 UTC,P,,,2021-10-29,,,,,CHADEMO J1772COMBO,US,,,,TEMPORAIREMENT SUSPENDU (Public),,public,,,TRUCK_STOP,,,,,,,,,,,,,,,,,false,,,,,,,,HD,false
CNG,GAIN Clean Fuel - Compton,435 E Weber Ave,Located on AJR Trucking yard,Compton,CA,90222,,800-438-7912,E,,Public - Credit card at all times,24 hours daily,A CFN Comdata D EFS FleetOne FuelMan GasCard M TCH Tchek V Voyager Wright_Exp,,B,3600,,,,,,,200-9,33.921013,-118.221077,2023-04-06,190038,2024-01-31 22:07:01 UTC,P,,,2021-01-15,,HD,,,,US,,,,Public - Carte de crédit en tout temps,,public,CREDIT_CARD_ALWAYS,,STANDALONE_STATION,2,,975,36000,,,,,,,,B,3600,HD,,,false,,,,,,,,HD,
CNG,Shell Food Mart #23,1600 Highway 11 S,,Meridian,MS,39305,,601-693-7305,E,,Public,24 hours daily,A APPLE_PAY Cash Comdata CREDIT D Debit EFS FleetOne FuelMan M TCH Tchek V Voyager Wright_Exp,,Q,3600,,,,,,,,32.347413,-88.736596,2023-07-11,213510,2024-01-31 22:07:01 UTC,P,,,2014-06-01,,HD,,,,US,,,,Public,,public,,,GAS_STATION,1,,215,36600,,,,,,,,Q,3600,HD,,,false,,,,,,,,HD,
CNG,Clean Energy - Southern Counties Express,2045 E Carson St,,Carson,CA,90810,,866-809-4869,E,,Public - Card key at all times,24 hours daily; call 866-809-4869 for required Clean Energy card,A CleanEnergy Debit EFS M V Voyager,,Q,3600,,,,,,,200-9,33.832757,-118.235208,2023-05-03,217236,2024-01-31 22:07:01 UTC,P,,,2021-05-01,,HD,,,,US,,,,Public - Carte-clé en tout temps,,public,KEY_ALWAYS,,STANDALONE_STATION,4,NONE,,,,,,,,,,Q,3600,HD,,,false,,,,,,true,,HD,
CNG,The Fuel Farm,325 C ST NW,,Auburn,WA,98002,,253-939-3570,E,,Public - Credit card at all times,24 hours daily,A CFN CREDIT D Debit M V,,Q,,,,,,,,200-9,47.31108,-122.23351,2023-09-14,222022,2024-01-31 22:07:01 UTC,P,,,2022-01-27,,HD,,,,US,,,,Public - Carte de crédit en tout temps,,public,CREDIT_CARD_ALWAYS,,FUEL_RESELLER,1,,,,,,,,,,,Q,,HD,,,false,,,,,,,,HD,
ELEC,Town Hall of Macedon,32 W Main St,,Macedon,NY,14502,,833-692-6787,E,,Public - Credit card at all times,24 hours daily,CREDIT Debit,,,,,1,,,AMPUP,https://ampup.io/,GPS,43.06707520319541,-77.30666418594913,2023-01-10,229395,2023-02-21 17:46:35 UTC,LG,,,2022-08-01,,,,,J1772,US,,,,Public - Carte de crédit en tout temps,,public,CREDIT_CARD_ALWAYS,,MUNI_GOV,,,,,,,Free,,,,,,,,,,false,,,,,,,,HD,false
RD,Pearson Fuels,735 W Capitol Expy,At intersection of W Capitol Expressway and Guadalupe Parkway HW 87.,San Jose,CA,95136,,408-979-7811 x10,E,,Public,24 hours daily,,,,,,,,,,,200-9,37.275418,-121.866073,2024-05-09,237274,2024-05-09 20:33:30 UTC,P,,,2022-12-07,,,,,,US,,,,Public,,public,,,CONVENIENCE_STORE,,,,,,,,,,,,,,,,,false,RD99,,N,,,,,HD,
RD,Western States Oil,2709 Teagarden St,,San Leandro,CA,94577,,510-895-1037,E,,Public,5am-7pm daily,A Cash CREDIT D Debit M V,,,,,,,,,,200-8,37.70687,-122.1594,2023-08-10,237288,2024-01-31 22:07:01 UTC,P,,,2022-12-07,,,,,,US,,,,Public,,public,,,CONVENIENCE_STORE,,,,,,,,,,,,,,,,,false,RD100,,N,,,,,HD,
RD,Western States Oil,1790 S 10th St,,San Jose,CA,95112,,408-292-1041,E,,Public,24 hours daily,A Cash CREDIT D Debit M V,,,,,,,,,,200-8,37.31412,-121.86017,2023-08-10,237289,2024-01-31 22:07:01 UTC,P,,,2022-12-07,,,,,,US,,,,Public,,public,,,CONVENIENCE_STORE,,,,,,,,,,,,,,,,,false,RD100,,N,,,,,HD,
RD,Star Oilco - SeQuential Biofuels,8445 N Kerby Ave,,Portland,OR,97217,,503-283-1256,E,,Public - Card key at all times,24 hours daily; contact station to arrange for card key,CFN,,,,,,,,,,200-8,45.584711,-122.672335,2023-05-03,237293,2024-01-31 22:07:01 UTC,P,,,2022-12-07,,,,,,US,,,,Public - Carte-clé en tout temps,,public,KEY_ALWAYS,,STANDALONE_STATION,,,,,,,,,,,,,,,,,false,RD99,,N,,,,,HD,
RD,76 - Circle K,22400 Van Buren Blvd,,March Air Reserve Base,CA,92518,,951-653-1400,E,,Public,24 hours daily,A Cash D M V,,,,,,,,,,GPS,33.88857607188687,-117.275542782959,2023-07-11,237294,2024-01-31 22:07:01 UTC,P,,,2022-11-07,,,,,,US,,,,Public,,public,,,CONVENIENCE_STORE,,,,,,,,,,,,,,,,,false,RD95,,Y,5,,,,HD,
RD,Petro Ontario,4325 E Guasti Rd,,Ontario,CA,91761,,909-390-7800,E,,Public - Card key at all times,24 hours daily,Comdata,,,,,,,,,,200-9,34.065605,-117.554952,2023-06-12,240725,2024-01-31 22:07:01 UTC,P,,,2022-12-06,,,,,,US,,,,Public - Carte-clé en tout temps,,public,KEY_ALWAYS,,CONVENIENCE_STORE,,,,,,,,,,,,,,,,,false,RD80,,Y,20,,,,HD,
RD,TravelCenters of America,12310 S Highway 33,,Santa Nella,CA,95322,,209-826-0741,E,,Public - Credit card at all times,24 hours daily,A Cash Checks D M V,,,,,,,,,,GPS,37.11009434875398,-121.0154753756714,2023-06-12,240726,2024-01-31 22:07:01 UTC,P,,,2022-12-06,,,,,,US,,,,Public - Carte de crédit en tout temps,,public,CREDIT_CARD_ALWAYS,,TRAVEL_CENTER,,,,,,,,,,,,,,,,,false,RD80,,Y,20,,,,HD,
RD,Allied Clean Fuels Plaza,231 Devlin Rd,,Napa,CA,94558,,707-252-5500,E,,Public,24 hours daily; contact station to arrange card key,A Cash D FleetOne M Trillium V,,,,,,,,,,GPS,38.2356194,-122.2655026,2023-11-09,240928,2024-01-31 22:07:01 UTC,P,,,2023-01-05,,,,,,US,,,,Public,,public,,,CONVENIENCE_STORE,,,,,,,,,,,,,,,,,false,"RD90, RD10",,N,,,,,HD,
CNG,Clean Energy - Mobile Pilot #302,6955 Theodore Dawes Rd,,Theodore,AL,36582,,866-809-4869,E,,Public - Credit card at all times,24 hours daily,A CleanEnergy Comdata D EFS FuelMan M Tchek V Voyager Wright_Exp,,,,,,,,,,200-9,30.559106,-88.205383,2023-12-13,251711,2024-01-31 22:07:01 UTC,P,,,2022-06-27,,HD,,,,US,,,,Public - Carte de crédit en tout temps,,public,CREDIT_CARD_ALWAYS,,TRAVEL_CENTER,1,NONE,,,,,,,,,,,,HD,,,false,,,,,,true,,HD,
CNG,Victor Valley Transit Authority,9600 E Ave,,Hesperia,CA,92345,,760-948-4021,E,,Public - Credit card at all times,24 hours daily,M V Voyager Wright_Exp,,Q,3600,,,,,,,GPS,34.4254316703283,-117.2911418096828,2023-02-13,252682,2024-04-22 14:37:40 UTC,LG,,,2022-08-29,,HD,,,,US,,,,Public - Carte de crédit en tout temps,,public,CREDIT_CARD_ALWAYS,,MUNI_GOV,1,,,,,,,,,,,Q,3600,HD,,,false,,,,,,,,HD,
CNG,Chevron CNG 386887/Valley Pacific,8835 W Goshen Ave,,Visalia,CA,93227,,,E,,Public - Card key at all times,24 hours daily,CFN FuelMan PacificPride,,Q,3600,,,,,,,200-8,36.34122,-119.38985,2023-04-06,254155,2024-01-31 22:07:01 UTC,P,,,2022-12-09,,HD,,,,US,,,,Public - Carte-clé en tout temps,,public,KEY_ALWAYS,,CONVENIENCE_STORE,2,LIVESTOCK,,,,,,,,,,Q,3600,HD,,,false,,,,,,true,,HD,
ELEC,Terminal Access Center,1265 Harbor Ave,,Long Beach,CA,90813,,866-816-7584,E,,Public,8am-5pm daily; available for trucks registered in the Ports Drayage Trucks Registry only,,,,,,,2,,EV Connect,http://evconnect.com/,200-8,33.7822,-118.2108,2023-03-08,254340,2024-01-31 22:07:01 UTC,LG,,,2022-07-11,,,,,CHADEMO J1772COMBO,US,,,,Public,,public,,,UTILITY,,,,,,,Free,,,,,,,,,NONE,true,,,,,,,,HD,false
ELEC,Button Chrysler Jeep Dodge Ram,1220 E Blvd,,Kokomo,IN,46902,,765-457-1189,E,,Public - Credit card at all times,8am-6pm M-Sat,A CREDIT D Debit M,,,,,2,,,Non-Networked,,200-8,40.46255,-86.11641,2023-04-06,256930,2024-01-31 22:07:01 UTC,P,,,2022-10-04,,,,,J1772,US,,,,Public - Carte de crédit en tout temps,,public,CREDIT_CARD_ALWAYS,,CAR_DEALER,,,,,,,,,,,,,,,,,false,,,,,,,,HD,true
ELEC,Swain County Visitors Center,2 Everett St,,Bryson City,NC,28713,,828-488-7857,E,,Public,24 hours daily,,,,,,4,,,Non-Networked,,200-8,35.42781,-83.44499,2023-04-06,257831,2024-01-31 22:07:01 UTC,LG,,,2023-03-22,,,,,J1772,US,,,,Public,,public,,,MUNI_GOV,,,,,,,Free,,,,,,,,,,false,,,,,,,,HD,false
ELEC,Travelers Rest Municipal Complex,125 Trailblazer Dr,,Travelers Rest,SC,29690,,,E,,Public,24 hours daily,,,,,,,2,,Non-Networked,,GPS,34.95504354495406,-82.4413218108368,2023-06-12,260945,2024-01-31 22:07:01 UTC,LG,,,2023-05-17,,,,,CHADEMO J1772COMBO,US,,,,Public,,public,,,MUNI_GOV,,,,,,,,,,,,,,,,,false,,,,,,,,HD,false
ELEC,Place One,777 W Germantown Pike,,Plymouth Meeting,PA,19462,,484-690-4318,E,,Public,24 hours daily,ACCOUNT_BALANCE,,,,,4,,,Non-Networked,,200-8,40.1216,-75.29016,2023-07-11,262618,2024-01-31 22:07:01 UTC,P,,,2023-04-10,,,,,J1772,US,,,,Public,,public,,,MULTI_UNIT_DWELLING,,,,,,,,,,,,,,,,,false,,,,,,,,HD,false
ELEC,GWIN Property Inc,2479 E Bayshore Rd,"Embarcadero Road, Palo Alto and East Bayshore Road, Palo Alto",Palo Alto,CA,94303,,855-699-9191,E,,Public,24 hours daily,,,,,,20,,,EVGATEWAY,http://evgateway.com/,200-8,37.44836,-122.11823,2024-05-09,302844,2024-05-09 20:32:20 UTC,P,,,2023-06-06,,,,,J1772,US,,,,Public,,public,,,PARKING_LOT,,,,,,,,,,,,,,,,NONE,false,,,,,,,,HD,false
RD,Conrad & Bischoff Inc,9250 Cherry Ln,,Nampa,ID,83687,,208-442-0515,E,,Public,24 hours daily,Cash CFN CREDIT Wright_Exp,,,,,,,,,,200-8,43.6214,-116.57939,2023-09-14,307472,2024-01-31 22:07:01 UTC,P,,,2020-08-26,,,,,,US,,,,Public,,public,,,GAS_STATION,,,,,,,,,,,,,,,,,false,RD75,,N,,,,,HD,
ELEC,City of Arco - Idaho Science Center,355 S Front St,,Arco,ID,83213,,800-636-0986;,E,,Public,24 hours daily,,,,,,,2,,CHARGELAB,http://www.chargelab.co/,GPS,43.63532848001559,-113.2974871467215,2023-10-12,310442,2024-01-31 22:07:01 UTC,P,,,2023-08-29,,,,,J1772COMBO,US,,,,Public,,public,,,MUSEUM,,,,,,,Free,,,,,,,,,NONE,false,,,,,,,,HD,false
ELEC,Jeffrey Gardens Public Access,47-14 217th St,,Bayside,NY,11361,,781-312-8846,E,,Public - Credit card at all times,24 hours daily,CREDIT,,,,,1,,,AMPED_UP,https://www.ampedup.net,200-8,40.75717,-73.76397,2023-11-09,310515,2024-01-31 22:07:01 UTC,J,,,2023-06-05,,,,,J1772,US,,,,Public - Carte de crédit en tout temps,,public,CREDIT_CARD_ALWAYS,,MULTI_UNIT_DWELLING,,,,,,,$0.39 per kWh,,,,,,,,,NONE,false,,,,,,,,HD,false
CNG,Love's Trillium - Miami Dade,2830-2898 SW 72nd Ave,,Miami,FL,33155,,800-920-1166,E,,Public,"24 hours daily; LEX, QuikQ",A APPLE_PAY Cash Comdata CREDIT D Debit EFS M TCH Tchek Trillium V,,Q,3600,,,,,,,200-8,25.74321,-80.31153,2023-12-13,310776,2024-01-31 22:07:01 UTC,P,,,2023-09-15,,HD,,,,US,,,,Public,,public,,,STANDALONE_STATION,2,NONE,,,,,,,,,,Q,3600,HD,,,false,,,,,,true,,HD,
CNG,Chevron,21981 Highway 46,,Lost Hills,CA,93249,,,E,,Public,24 hours daily,A CFN CREDIT D FuelMan M PacificPride V Wright_Exp,,Q,3600,,,,,,,200-8,35.6157,-119.65721,2023-10-12,312230,2024-01-31 22:07:01 UTC,P,,,2022-03-01,,HD,,,,US,,,,Public,,public,,,CONVENIENCE_STORE,2,NONE,,,,,,,,,,Q,3600,HD,,,false,,,,,,true,,HD,
CNG,Chevron,601 S Vail Ave,,Montebello,CA,90640,,,E,,Public,24 hours daily; Beyond6,Comdata CREDIT,,Q,3600,,,,,,,200-8,34.00562,-118.12381,2023-10-12,312233,2024-01-31 22:07:01 UTC,P,,,2023-09-27,,HD,,,,US,,,,Public,,public,,,GAS_STATION,3,NONE,,,,,,,,,,Q,3600,HD,,,false,,,,,,true,,HD,
CNG,Chevron CNG 386889 / Valley Pacific,1524 S Fresno Ave,,Stockton,CA,95206,,209-948-4451,E,,Public - Card key at all times,24 hours daily; Beyond 6,Comdata CREDIT Proprietor,,Q,3600,,,,,,,200-8,37.93507,-121.31174,2024-01-09,317955,2024-01-31 22:07:01 UTC,P,,,2023-11-06,,HD,,,,US,,,,Public - Carte-clé en tout temps,,public,KEY_ALWAYS,,CARWASH,2,NONE,,,,,,,,,,Q,3600,HD,,,false,,,,,,true,,HD,
CNG,South Jersey Gas,520 Green Ln,,Union,NJ,07083,,609-204-8062,E,,Public - Card key at all times,24 hours daily,A CREDIT D Debit M V Wright_Exp,,Q,3600,,,,,,,200-8,40.67626,-74.24808,2023-12-13,320206,2024-01-31 22:07:01 UTC,T,,,2023-11-17,,HD,,,,US,,,,Public - Carte-clé en tout temps,,public,KEY_ALWAYS,,OFFICE_BLDG,2,,,,,,,,,,,Q,3600,HD,,,false,,,,,,false,,HD,
ELEC,Alisal Ranch,1045 Alisal Rd,,Solvang,CA,93463,,,E,,Public,24 hours daily,A D M V,,,,,8,,,TURNONGREEN,https://turnongreen.com,200-8,34.56089,-120.14103,2024-02-12,320950,2024-02-12 21:24:44 UTC,P,,,2022-02-01,,,,,J1772,US,,,,Public,,public,,,HOTEL,,,,,,,,,,,,,,,,,false,,,,,,,,HD,false
ELEC,Avis Juneau,2104 Alex Holden Way,,Juneau,AK,99801,,,E,,Public,24 hours daily,A D M V,,,,,2,,,TURNONGREEN,https://turnongreen.com,200-8,58.36072,-134.58827,2024-02-12,320951,2024-02-12 21:24:44 UTC,P,,,2022-12-01,,,,,J1772,US,,,,Public,,public,,,FLEET_GARAGE,,,,,,,,,,,,,,,,,false,,,,,,,,HD,false
ELEC,Avis Anchorage,6607 Old Seward Hwy,,Anchorage,AK,99518,,,E,,Public,24 hours daily,A D M V,,,,,4,,,TURNONGREEN,https://turnongreen.com,200-8,61.16085,-149.86374,2024-02-12,320953,2024-02-12 21:24:44 UTC,P,,,2022-12-01,,,,,J1772,US,,,,Public,,public,,,FLEET_GARAGE,,,,,,,,,,,,,,,,,false,,,,,,,,HD,false
ELEC,Best Western Inn at Blakeslee-Pocono,107 Parkside Ave,,Blakeslee,PA,18610,,,E,,Public,24 hours daily,A D M V,,,,,4,,,TURNONGREEN,https://turnongreen.com,200-8,41.07986,-75.58099,2024-02-12,320954,2024-02-12 21:24:44 UTC,P,,,2023-06-01,,,,,J1772,US,,,,Public,,public,,,HOTEL,,,,,,,,,,,,,,,,,false,,,,,,,,HD,false
ELEC,Boulder City Public EV Charging,460 California Ave,,Boulder City,NV,89005,,702-293-9200,E,,Public,24 hours daily,A D M V,,,,,4,,,TURNONGREEN,https://turnongreen.com,200-8,35.97851,-114.83517,2024-02-12,320956,2024-02-12 21:24:44 UTC,P,,,2023-01-23,,,,,J1772,US,,,,Public,,public,,,MUNI_GOV,,,,,,,,,,,,,,,,,false,,,,,,,,HD,false
ELEC,Best Western Premier Park Hotel,22 S Carroll St,,Madison,WI,53703,,608-229-5984,E,,Public,24 hours daily,A D M V,,,,,3,,,TURNONGREEN,https://turnongreen.com,200-8,43.07297,-89.38481,2024-02-12,320957,2024-02-12 21:24:44 UTC,P,,,2023-08-23,,,,,J1772,US,,,,Public,,public,,,HOTEL,,,,,,,,,,,,,,,,,false,,,,,,,,HD,false
ELEC,Holiday Inn Express,2929 S Main St,,Maryville,MO,64468,,660-562-9949,E,,Public,24 hours daily,A D M V,,,,,2,,,TURNONGREEN,https://turnongreen.com,200-8,40.31694,-94.87345,2024-02-12,320958,2024-02-12 21:24:44 UTC,P,,,2023-06-23,,,,,J1772,US,,,,Public,,public,,,HOTEL,,,,,,,,,,,,,,,,,false,,,,,,,,HD,false
ELEC,Foxen Vineyard & Winery,7600 Foxen Canyon Rd,,Santa Maria,CA,93454,,805-610-2679,E,,Public,24 hours daily,A D M V,,,,,6,,,TURNONGREEN,https://turnongreen.com,200-8,34.81936,-120.23188,2024-02-12,320959,2024-02-12 21:24:44 UTC,P,,,2023-10-01,,,,,J1772,US,,,,Public,,public,,,BREWERY_DISTILLERY_WINERY,,,,,,,,,,,,,,,,,false,,,,,,,,HD,false
ELEC,"Best Western - Mattoon, IL",1416 Broadway Ave,,Mattoon,IL,61938,,201-939-2309,E,,Public,24 hours daily,A D M V,,,,,2,,,TURNONGREEN,https://turnongreen.com,200-8,39.48295,-88.37203,2024-02-12,320960,2024-02-12 21:24:44 UTC,P,,,2023-06-23,,,,,J1772,US,,,,Public,,public,,,HOTEL,,,,,,,,,,,,,,,,,false,,,,,,,,HD,false
ELEC,Best Western Iowa/Lake Charles East,204 E Frontage Rd,,Iowa,LA,70647,,337-582-2261,E,,Public,24 hours daily,A D M V,,,,,2,,,TURNONGREEN,https://turnongreen.com,200-8,30.25011,-93.01142,2024-02-12,320961,2024-02-12 21:24:44 UTC,P,,,2023-07-23,,,,,J1772,US,,,,Public,,public,,,HOTEL,,,,,,,,,,,,,,,,,false,,,,,,,,HD,false
ELEC,Lighthouse Apartments,2433 S Plum St,,Seattle,WA,98144,,206-602-2721,E,,Public,24 hours daily,A D M V,,,,,14,,,TURNONGREEN,https://turnongreen.com,200-8,47.58535,-122.30052,2024-02-12,320962,2024-02-12 21:24:44 UTC,P,,,2023-08-22,,,,,J1772,US,,,,Public,,public,,,MULTI_UNIT_DWELLING,,,,,,,,,,,,,,,,,false,,,,,,,,HD,false
ELEC,Purdue University - Grant Street Parking Garage,149 Andrew Pl,,West Lafayette,IN,47906,,765-496-8609,E,,Public,24 hours daily,A D M V,,,,,2,,,TURNONGREEN,https://turnongreen.com,200-8,40.42523,-86.90953,2024-02-12,320963,2024-02-12 21:24:44 UTC,P,,,2023-06-23,,,,,J1772,US,,,,Public,,public,,,COLLEGE_CAMPUS,,,,,,,,,,,,,,,,,false,,,,,,,,HD,false
ELEC,Purdue University - Harrison Street Parking Garage,719 Clinic Dr,,West Lafayette,IN,47907,,765-496-8610,E,,Public,24 hours daily,A D M V,,,,,2,,,TURNONGREEN,https://turnongreen.com,GPS,40.42102724475161,-86.9179219007492,2024-02-12,320964,2024-02-12 21:24:44 UTC,P,,,2023-06-24,,,,,J1772,US,,,,Public,,public,,,COLLEGE_CAMPUS,,,,,,,,,,,,,,,,,false,,,,,,,,HD,false
ELEC,Purdue University - Northwestern Avenue Garage,504 Northwestern Ave,,West Lafayette,IN,47906,,765-496-8611,E,,Public,24 hours daily,A D M V,,,,,4,,,TURNONGREEN,https://turnongreen.com,200-8,40.4297,-86.91118,2024-02-12,320965,2024-02-12 21:24:44 UTC,P,,,2023-06-25,,,,,J1772,US,,,,Public,,public,,,COLLEGE_CAMPUS,,,,,,,,,,,,,,,,,false,,,,,,,,HD,false
ELEC,Purdue University - University Garage,201 N University St,,West Lafayette,IN,47907,,765-496-8612,E,,Public,24 hours daily,A D M V,,,,,3,,,TURNONGREEN,https://turnongreen.com,200-8,40.42231,-86.91705,2024-02-12,320966,2024-02-12 21:24:44 UTC,P,,,2023-06-26,,,,,J1772,US,,,,Public,,public,,,COLLEGE_CAMPUS,,,,,,,,,,,,,,,,,false,,,,,,,,HD,false
ELEC,Ravel Hotel,8-08 Queens Pl S,,Long Island City,NY,11101,,718-289-6101,E,,Public,24 hours daily,A D M V,,,,,2,,,TURNONGREEN,https://turnongreen.com,200-8,40.75402,-73.9493,2024-02-12,320967,2024-02-12 21:24:44 UTC,P,,,2023-10-01,,,,,J1772,US,,,,Public,,public,,,HOTEL,,,,,,,,,,,,,,,,,false,,,,,,,,HD,false
ELEC,Best Western Novato Oaks Inn,215 Alameda Del Prado,,Novato,CA,94949,,415-891-5005,E,,Public,24 hours daily,A D M V,,,,,4,,,TURNONGREEN,https://turnongreen.com,200-8,38.05056,-122.5332,2024-02-12,320968,2024-02-12 21:24:44 UTC,P,,,2024-01-01,,,,,J1772,US,,,,Public,,public,,,HOTEL,,,,,,,,,,,,,,,,,false,,,,,,,,HD,false
ELEC,Sunrise Hills Commercial Association,975 Morning Star Dr,,Sonora,CA,95370,,510-657-2635,E,,Public,24 hours daily,A D M V,,,,,4,,,TURNONGREEN,https://turnongreen.com,200-8,37.98506,-120.36808,2024-02-12,320969,2024-02-12 21:24:44 UTC,P,,,2023-10-01,,,,,J1772,US,,,,Public,,public,,,HOTEL,,,,,,,,,,,,,,,,,false,,,,,,,,HD,false
ELEC,Tesco,9955 Crosspoint Blvd,,Indianapolis,IN,46256,,317-691-5294,E,,Public,24 hours daily,A D M V,,,,,2,,,TURNONGREEN,https://turnongreen.com,200-8,39.93482,-86.02704,2024-02-12,320970,2024-02-12 21:24:44 UTC,P,,,2023-01-01,,,,,J1772,US,,,,Public,,public,,,OFFICE_BLDG,,,,,,,,,,,,,,,,,false,,,,,,,,HD,true
ELEC,The Glen Centre,2936 N Beverly Glen Cir,,Bel Air,CA,90077,,510-657-2635,E,,Public,24 hours daily,A D M V,,,,,5,,,TURNONGREEN,https://turnongreen.com,200-8,34.12744,-118.44347,2024-02-12,320971,2024-02-12 21:24:44 UTC,P,,,2023-10-01,,,,,J1772,US,,,,Public,,public,,,SHOPPING_CENTER,,,,,,,,,,,,,,,,,false,,,,,,,,HD,false
ELEC,Best Western Milton Inn,201 Hwy 515 W,,Blairsville,GA,30512,,770-727-0995,E,,Public,24 hours daily,A D M V,,,,,2,,,TURNONGREEN,https://turnongreen.com,200-8,34.8753,-83.96176,2024-02-12,320972,2024-02-12 21:24:44 UTC,P,,,2023-08-23,,,,,J1772,US,,,,Public,,public,,,HOTEL,,,,,,,,,,,,,,,,,false,,,,,,,,HD,false
ELEC,Best Western Plus Clock Tower Inn,2511 1st Ave N,,Billings,MT,59101,,406-238-1798,E,,Public,24 hours daily,A D M V,,,,,2,,,TURNONGREEN,https://turnongreen.com,200-8,45.78365,-108.50294,2024-02-12,320973,2024-02-12 21:24:44 UTC,P,,,2023-10-01,,,,,J1772,US,,,,Public,,public,,,HOTEL,,,,,,,,,,,,,,,,,false,,,,,,,,HD,false
ELEC,E&J Gallo Winery - South Carolina,5948 Lancaster Hwy,,Fort Lawn,SC,29714,,803-370-2070,E,,Public,24 hours daily,A D M V,,,,,14,,,TURNONGREEN,https://turnongreen.com,200-8,34.70653,-80.88195,2024-02-12,320974,2024-02-12 21:24:44 UTC,P,,,2023-05-23,,,,,J1772,US,,,,Public,,public,,,BREWERY_DISTILLERY_WINERY,,,,,,,,,,,,,,,,,false,,,,,,,,HD,false
ELEC,Four Points by Sheraton Jacksonville Beachfront,11 First St N,,Jacksonville,FL,32250,,714-420-5196,E,,Public,24 hours daily,A D M V,,,,,8,,,TURNONGREEN,https://turnongreen.com,200-8,30.28921,-81.38927,2024-02-12,320975,2024-02-12 21:24:44 UTC,P,,,2023-05-23,,,,,J1772,US,,,,Public,,public,,,HOTEL,,,,,,,,,,,,,,,,,false,,,,,,,,HD,false
ELEC,Best Western Copper Hills Inn,1565 E South St,,Globe,AZ,85501,,928-812-1012,E,,Public,24 hours daily,A D M V,,,,,2,,,TURNONGREEN,https://turnongreen.com,200-8,33.39639,-110.76888,2024-02-12,320976,2024-02-12 21:24:44 UTC,P,,,2023-10-23,,,,,J1772,US,,,,Public,,public,,,HOTEL,,,,,,,,,,,,,,,,,false,,,,,,,,HD,false
ELEC,John Pantzer Parking Spot,925 E Westfield Blvd,,Indianapolis,IN,46220,,505-644-0971,E,,Public,24 hours daily,A D M V,,,,,1,,,TURNONGREEN,https://turnongreen.com,200-8,39.87052,-86.14224,2024-02-12,320977,2024-02-12 21:24:44 UTC,P,,,2023-04-23,,,,,J1772,US,,,,Public,,public,,,OFFICE_BLDG,,,,,,,,,,,,,,,,,false,,,,,,,,HD,true
ELEC,Best Western Native Inn,1057 N Service Rd,,Calera,OK,74730,,505-260-1209,E,,Public,24 hours daily,A D M V,,,,,1,,,TURNONGREEN,https://turnongreen.com,200-8,33.94423,-96.41932,2024-02-12,320979,2024-02-12 21:24:44 UTC,P,,,2023-10-23,,,,,J1772,US,,,,Public,,public,,,HOTEL,,,,,,,,,,,,,,,,,false,,,,,,,,HD,false
ELEC,Atlanta - Prestige,1155 Allgood Rd,,Marietta,GA,30062,,218-939-2309,E,,Public,24 hours daily,A D M V,,,,,1,,,TURNONGREEN,https://turnongreen.com,200-8,33.98079,-84.52217,2024-02-12,320980,2024-02-12 21:24:44 UTC,P,,,2023-04-23,,,,,J1772,US,,,,Public,,public,,,FLEET_GARAGE,,,,,,,,,,,,,,,,,false,,,,,,,,HD,false
ELEC,Boston - Automotion,15 Wareham St,,Middleborough,MA,02346,,218-939-2310,E,,Public,24 hours daily,A D M V,,,,,1,,,TURNONGREEN,https://turnongreen.com,200-8,41.89222,-70.90753,2024-02-12,320981,2024-02-12 21:24:44 UTC,P,,,2023-04-23,,,,,J1772,US,,,,Public,,public,,,FLEET_GARAGE,,,,,,,,,,,,,,,,,false,,,,,,,,HD,false
ELEC,Chicago - G.Schmitz,1089 Rock Road Ln,,East Dundee,IL,60118,,218-939-2311,E,,Public,24 hours daily,A D M V,,,,,1,,,TURNONGREEN,https://turnongreen.com,200-8,42.0898,-88.24391,2024-02-12,320982,2024-02-12 21:24:44 UTC,P,,,2023-04-23,,,,,J1772,US,,,,Public,,public,,,FLEET_GARAGE,,,,,,,,,,,,,,,,,false,,,,,,,,HD,false
ELEC,Dallas - Prestige,4305 Pinnacle Point Dr,,Dallas,TX,75211,,218-939-2312,E,,Public,24 hours daily,A D M V,,,,,1,,,TURNONGREEN,https://turnongreen.com,200-8,32.76062,-96.89269,2024-02-12,320983,2024-02-12 21:24:44 UTC,P,,,2023-04-23,,,,,J1772,US,,,,Public,,public,,,FLEET_GARAGE,,,,,,,,,,,,,,,,,false,,,,,,,,HD,false
ELEC,DC - G. Schmitz,2105 Emmorton Park Rd,,Edgewood,MD,21040,,218-939-2313,E,,Public,24 hours daily,A D M V,,,,,1,,,TURNONGREEN,https://turnongreen.com,200-8,39.4528,-76.31311,2024-02-12,320984,2024-02-12 21:24:44 UTC,P,,,2023-04-23,,,,,J1772,US,,,,Public,,public,,,FLEET_GARAGE,,,,,,,,,,,,,,,,,false,,,,,,,,HD,false
ELEC,Denver - AMS,3240 W 71st Ave,,Westminster,CO,80030,,218-939-2314,E,,Public,24 hours daily,A D M V,,,,,1,,,TURNONGREEN,https://turnongreen.com,200-8,39.824,-105.02929,2024-02-12,320985,2024-02-12 21:24:44 UTC,P,,,2023-04-23,,,,,J1772,US,,,,Public,,public,,,FLEET_GARAGE,,,,,,,,,,,,,,,,,false,,,,,,,,HD,false
ELEC,Detroit - TNT,989 Chicago Rd,,Troy,MI,48083,,218-939-2315,E,,Public,24 hours daily,A D M V,,,,,1,,,TURNONGREEN,https://turnongreen.com,200-8,42.54382,-83.11479,2024-02-12,320986,2024-02-12 21:24:44 UTC,P,,,2023-04-23,,,,,J1772,US,,,,Public,,public,,,FLEET_GARAGE,,,,,,,,,,,,,,,,,false,,,,,,,,HD,false
ELEC,Los Angeles - Page One Automotive,125 W Griffith St,,Carson,CA,90248,,218-939-2316,E,,Public,24 hours daily,A D M V,,,,,2,,,TURNONGREEN,https://turnongreen.com,200-8,33.86032,-118.2766,2024-02-12,320987,2024-02-12 21:24:44 UTC,P,,,2023-04-23,,,,,J1772,US,,,,Public,,public,,,FLEET_GARAGE,,,,,,,,,,,,,,,,,false,,,,,,,,HD,false
ELEC,Miami - Prestige,720 S Powerline Rd,,Deerfield Beach,FL,33442,,218-939-2317,E,,Public,24 hours daily,A D M V,,,,,1,,,TURNONGREEN,https://turnongreen.com,200-8,26.30703,-80.15168,2024-02-12,320988,2024-02-12 21:24:44 UTC,P,,,2023-04-23,,,,,J1772,US,,,,Public,,public,,,FLEET_GARAGE,,,,,,,,,,,,,,,,,false,,,,,,,,HD,false
ELEC,New York - FMI,225 Brae Blvd,,Park Ridge,NJ,07656,,218-939-2318,E,,Public,24 hours daily,A D M V,,,,,1,,,TURNONGREEN,https://turnongreen.com,200-8,41.04002,-74.06268,2024-02-12,320989,2024-02-12 21:24:44 UTC,P,,,2023-04-23,,,,,J1772,US,,,,Public,,public,,,FLEET_GARAGE,,,,,,,,,,,,,,,,,false,,,,,,,,HD,false
ELEC,Phoenix - Page One Automotive,220 S 54th St,,Chandler,AZ,85226,,218-939-2319,E,,Public,24 hours daily,A D M V,,,,,1,,,TURNONGREEN,https://turnongreen.com,200-8,33.30006,-111.96835,2024-02-12,320990,2024-02-12 21:24:44 UTC,P,,,2023-04-23,,,,,J1772,US,,,,Public,,public,,,FLEET_GARAGE,,,,,,,,,,,,,,,,,false,,,,,,,,HD,false
ELEC,Portland - Page One Automotive,5900 NE 152nd Ave,,Vancouver,WA,98682,,218-939-2320,E,,Public,24 hours daily,A D M V,,,,,1,,,TURNONGREEN,https://turnongreen.com,200-8,45.66531,-122.51758,2024-02-12,320991,2024-02-12 21:24:44 UTC,P,,,2023-04-23,,,,,J1772,US,,,,Public,,public,,,FLEET_GARAGE,,,,,,,,,,,,,,,,,false,,,,,,,,HD,false
ELEC,San Francisco - Page One Automotive,211 S Hill Dr,,Brisbane,CA,94005,,218-939-2318,E,,Public,24 hours daily,A D M V,,,,,1,,,TURNONGREEN,https://turnongreen.com,200-8,37.69209,-122.42348,2024-02-12,320992,2024-02-12 21:24:44 UTC,P,,,2023-04-23,,,,,J1772,US,,,,Public,,public,,,FLEET_GARAGE,,,,,,,,,,,,,,,,,false,,,,,,,,HD,false
ELEC,Seattle - Page One Automotive,420 S 96th St,,Seattle,WA,98108,,218-939-2318,E,,Public,24 hours daily,A D M V,,,,,1,,,TURNONGREEN,https://turnongreen.com,200-8,47.51799,-122.32796,2024-02-12,320993,2024-02-12 21:24:44 UTC,P,,,2023-04-23,,,,,J1772,US,,,,Public,,public,,,FLEET_GARAGE,,,,,,,,,,,,,,,,,false,,,,,,,,HD,false
ELEC,"PH Electric, Inc.",18267 4th Ave,,Jamestown,CA,95327,,209-559-1027,E,,Public,24 hours daily,A D M V,,,,,1,,,TURNONGREEN,https://turnongreen.com,200-8,37.95417,-120.41887,2024-02-12,320994,2024-02-12 21:24:44 UTC,P,,,2023-06-23,,,,,J1772,US,,,,Public,,public,,,OFFICE_BLDG,,,,,,,,,,,,,,,,,false,,,,,,,,HD,true
ELEC,Tru by Hilton Chesapeake Greenbrier,1570 Crossways Blvd,,Chesapeake,VA,23320,,757-635-5994,E,,Public,24 hours daily,A D M V,,,,,4,,,TURNONGREEN,https://turnongreen.com,200-8,36.77966,-76.23317,2024-02-12,320995,2024-02-12 21:24:44 UTC,P,,,2023-08-23,,,,,J1772,US,,,,Public,,public,,,HOTEL,,,,,,,,,,,,,,,,,false,,,,,,,,HD,false
ELEC,Red Lion Hotel Redding,1830 Hilltop Dr,,Redding,CA,96002,,505-864-8153,E,,Public,24 hours daily,A D M V,,,,,4,,,TURNONGREEN,https://turnongreen.com,200-8,40.58083,-122.35826,2024-02-12,320996,2024-02-12 21:24:44 UTC,P,,,2023-05-23,,,,,J1772,US,,,,Public,,public,,,HOTEL,,,,,,,,,,,,,,,,,false,,,,,,,,HD,false
CNG,Chevron CNG 387475/Valley Pacific,1005 South St,,Orland,CA,95963,,,E,,Public - Credit card at all times,24 hours daily; Beyond6 prop card,Comdata CREDIT D EFS FuelMan M Tchek V Voyager,,Q,3600,,,,,,,200-8,39.73956,-122.2024,2024-02-12,325460,2024-02-12 21:24:44 UTC,P,,,2023-10-06,,HD,,,,US,,,,Public - Carte de crédit en tout temps,,public,CREDIT_CARD_ALWAYS,,STANDALONE_STATION,2,NONE,,,,,,,,,,Q,3600,HD,,,false,,,,,,true,,HD,
CNG,Chevron CNG 387516,31109 7th Standard Rd,,Shafter,CA,93263,,,E,,Public - Credit card at all times,24 hours daily; Beyond6 prop card,Comdata CREDIT D EFS FuelMan M Tchek V Voyager,,Q,3600,,,,,,,GPS,35.441283519067,-119.2504291521149,2024-02-12,325461,2024-02-12 21:24:44 UTC,P,,,2023-12-18,,HD,,,,US,,,,Public - Carte de crédit en tout temps,,public,CREDIT_CARD_ALWAYS,,RESTAURANT,3,NONE,,,,,,,,,,Q,3600,HD,,,false,,,,,,true,,HD,
ELEC,Best Western Columbia River Waterfront Hotel Astoria,3420 Leif Erikson Dr,,Astoria,OR,97103,,503-580-3345,E,,Public,24 hours daily,A D M V,,,,,1,,,TURNONGREEN,https://turnongreen.com,200-8,46.19335,-123.80525,2024-03-14,328423,2024-03-14 18:02:10 UTC,P,,,2024-02-05,,,,,J1772,US,,,,Public,,public,,,HOTEL,,,,,,,,,,,,,,,,,false,,,,,,,,HD,false
ELEC,Best Western Kernersville,1570 Highway 66 S,,Kernersville,NC,27284,,469-358-6984,E,,Public,24 hours daily,A D M V,,,,,2,,,TURNONGREEN,https://turnongreen.com,200-9,36.08421,-80.06405,2024-03-14,328424,2024-03-14 18:02:10 UTC,P,,,2024-02-05,,,,,J1772,US,,,,Public,,public,,,HOTEL,,,,,,,,,,,,,,,,,false,,,,,,,,HD,false
ELEC,Cardiff by the Sea,142 Chesterfield Dr,,Cardiff by the Sea,CA,92007,,714-427-4333,E,,Public,24 hours daily,A D M V,,,,,1,,,TURNONGREEN,https://turnongreen.com,200-8,33.02008,-117.28097,2024-03-14,328427,2024-03-14 18:02:10 UTC,P,,,2023-01-23,,,,,J1772,US,,,,Public,,public,,,HOTEL,,,,,,,,,,,,,,,,,false,,,,,,,,HD,false
ELEC,Desert Regional Medical Center,1150 N Indian Canyon Dr,,Palm Springs,CA,92262,,760-323-6511,E,,Public,24 hours daily,A D M V,,,,,2,,,TURNONGREEN,https://turnongreen.com,200-8,33.83835,-116.54484,2024-03-14,328430,2024-03-14 18:02:10 UTC,P,,,2024-01-25,,,,,J1772,US,,,,Public,,public,,,HOSPITAL,,,,,,,,,,,,,,,,,true,,,,,,,,HD,false
ELEC,Hampton Inn & Suites Buellton/Santa Ynez Valley,600 McMurray Rd,,Buellton,CA,93427,,805-686-1555,E,,Public,24 hours daily,A D M V,,,,,4,,,TURNONGREEN,https://turnongreen.com,200-8,34.61812,-120.18705,2024-03-14,328432,2024-03-14 18:02:10 UTC,P,,,2023-05-23,,,,,J1772,US,,,,Public,,public,,,HOTEL,,,,,,,,,,,,,,,,,false,,,,,,,,HD,false
ELEC,Holiday Inn Express Jacksonville Beach,1101 Beach Blvd,,Jacksonville Beach,FL,33250,,904-435-3000,E,,Public,24 hours daily,A D M V,,,,,2,,,TURNONGREEN,https://turnongreen.com,200-8,30.28849,-81.40097,2024-03-14,328434,2024-03-14 18:02:10 UTC,P,,,2023-10-01,,,,,J1772,US,,,,Public,,public,,,HOTEL,,,,,,,,,,,,,,,,,false,,,,,,,,HD,false
CNG,Chevron CNG 387375,7905 Downing Ave,,Bakersfield,CA,93308,,,E,,Public - Credit card at all times,24 hours daily; Beyond6 prop card,Comdata CREDIT D EFS FuelMan M Tchek V Voyager,,Q,3600,,,,,,,200-8,35.39038,-119.09019,2024-03-14,328890,2024-03-14 18:02:10 UTC,P,,,2024-01-30,,HD,,,,US,,,,Public - Carte de crédit en tout temps,,public,CREDIT_CARD_ALWAYS,,STANDALONE_STATION,2,NONE,,,,,,,,,,Q,3600,HD,,,false,,,,,,true,,HD,
CNG,Clean Energy - North-Fort Worth,895 Railhead Dr,,Haslet,TX,76177,,,E,,Public - Credit card at all times,24 hours daily; Also accepts WRXP,A CleanEnergy Comdata CREDIT D EFS FleetOne FuelMan M Speedway TCH Tchek V Voyager,,Q,3600,,,,,,,200-8,32.98445,-97.33049,2024-04-14,329773,2024-04-14 22:11:34 UTC,P,,,2024-02-26,,HD,,,,US,,,,Public - Carte de crédit en tout temps,,public,CREDIT_CARD_ALWAYS,,TRUCK_STOP,82,NONE,,,,,,,,,,Q,3600,HD,,,false,,,,,,true,,HD,
CNG,Clean Energy - South Dallas,4480 Logistics Dr,,Dallas,TX,75241,,,E,,Public - Credit card at all times,24 hours daily; Also accepts WRXP,A CleanEnergy Comdata CREDIT D EFS FleetOne FuelMan M Speedway TCH Tchek V Voyager,,B,3600,,,,,,,200-8,32.62712,-96.74537,2024-04-14,329774,2024-04-14 22:11:34 UTC,P,,,2024-02-26,,HD,,,,US,,,,Public - Carte de crédit en tout temps,,public,CREDIT_CARD_ALWAYS,,STANDALONE_STATION,80,NONE,,,,,,,,,,B,3600,HD,,,false,,,,,,true,,HD,
CNG,Cumberland County Improvement Authority,169 Jesse Bridge Rd,,Millville,NJ,08332,,856-825-3700,E,,Public - Credit card at all times,24 hours daily; Also accepts WRXP,A CREDIT D FleetOne M V,,Q,3600,,,,,,,200-8,39.45187,-75.0998,2024-04-14,330877,2024-04-16 18:03:01 UTC,LG,,,2018-01-01,,HD,,,,US,,,,Public - Carte de crédit en tout temps,,public,CREDIT_CARD_ALWAYS,,MUNI_GOV,4,NONE,,1057,,,,,,,,Q,3600,HD,,,false,,,,,,true,,HD,
ELEC,"UnionBank - Modesto, CA #2",805 North H St,,Lompoc,CA,93436,,,E,,Public,24 hours daily,ANDROID_PAY APPLE_PAY CREDIT Debit V,,,,,,4,,LOOP,https://evloop.io,200-8,34.65054,-120.4583,,346617,2024-05-21 19:21:23 UTC,P,,,2023-08-11,,,,,J1772COMBO,US,,,,Public,,public,,,BANK,,,,,,,,,,,,,,,,,false,,,,,,,,HD,false
ELEC,"UnionBank - Capitola, CA #2",601 Bay Ave,,Capitola,CA,95010,,,E,,Public,24 hours daily,ANDROID_PAY APPLE_PAY CREDIT Debit V,,,,,,2,,LOOP,https://evloop.io,200-8,36.97874,-121.9536,,346618,2024-05-21 19:25:32 UTC,P,,,2023-08-23,,,,,J1772COMBO,US,,,,Public,,public,,,BANK,,,,,,,,,,,,,,,,,false,,,,,,,,HD,false
ELEC,UnionBank - Berkeley #2,2333 Shattuck Ave,,Berkeley,CA,94704,,,E,,Public,24 hours daily,ANDROID_PAY APPLE_PAY CREDIT Debit V,,,,,,4,,LOOP,https://evloop.io,200-8,37.86697,-122.26723,,346619,2024-05-21 19:49:58 UTC,P,,,2023-11-29,,,,,J1772COMBO,US,,,,Public,,public,,,BANK,,,,,,,,,,,,,,,,,false,,,,,,,,HD,false
ELEC,WattEV - Bakersfield (HWY65),18836 CA-65,,Bakersfield,CA,93308,,949-916-2751,E,,Public - Credit card at all times,24 hours daily,CREDIT,,,,,,50,,WATT_EV,https://www.wattev.com,200-8,35.46767,-119.07412,,347218,2024-06-07 18:17:59 UTC,P,,,2024-04-01,,,,,J1772COMBO,US,,,,Public - Carte de crédit en tout temps,,public,CREDIT_CARD_ALWAYS,,TRUCK_STOP,,,,,,,,,,,,,,,,,false,,,,,,,,HD,false
ELEC,WattEV - Gardena,14611 S Broadway,,Gardena,CA,90248,,949-916-2751,E,,Public - Credit card at all times,24 hours daily,CREDIT,,,,,,12,,WATT_EV,https://www.wattev.com,200-8,33.89859,-118.27977,,347220,2024-06-07 18:22:33 UTC,P,,,2024-04-01,,,,,J1772COMBO,US,,,,Public - Carte de crédit en tout temps,,public,CREDIT_CARD_ALWAYS,,STANDALONE_STATION,,,,,,,,,,,,,,,,,true,,,,,,,,HD,false
ELEC,WattEV - Port of Long Beach (Pier A),2410 Pier A Way,,Long Beach,CA,90802,,949-916-2751,E,,Public - Credit card at all times,24 hours daily,CREDIT,,,,,,26,,WATT_EV,https://www.wattev.com,200-6,33.7441,-118.19161,,347225,2024-06-07 18:20:39 UTC,P,,,2023-06-01,,,,,J1772COMBO,US,,,,Public - Carte de crédit en tout temps,,public,CREDIT_CARD_ALWAYS,,STANDALONE_STATION,,,,,,,,,,,,,,,,,true,,,,,,,,HD,false
ELEC,WattEV - San Bernardino,1388 S E St,,San Bernardino,CA,92408,,949-916-2751,E,,Public - Credit card at all times,24 hours daily,CREDIT,,,,,,24,,WATT_EV,https://www.wattev.com,200-8,34.07523,-117.29432,,347227,2024-06-07 18:21:42 UTC,P,,,2024-04-01,,,,,J1772COMBO,US,,,,Public - Carte de crédit en tout temps,,public,CREDIT_CARD_ALWAYS,,STANDALONE_STATION,,,,,,,,,,,,,,,,,true,,,,,,,,HD,false
