Fuel Type Code,Station Name,Street Address,Intersection Directions,City,State,ZIP,Plus4,Station Phone,Status Code,Expected Date,Groups With Access Code,Access Days Time,Cards Accepted,BD Blends,NG Fill Type Code,NG PSI,EV Level1 EVSE Num,EV Level2 EVSE Num,EV DC Fast Count,EV Other Info,EV Network,EV Network Web,Geocode Status,Latitude,Longitude,Date Last Confirmed,ID,Updated At,Owner Type Code,Federal Agency ID,Federal Agency Name,Open Date,Hydrogen Status Link,NG Vehicle Class,LPG Primary,E85 Blender Pump,EV Connector Types,Country,Intersection Directions (French),Access Days Time (French),BD Blends (French),Groups With Access Code (French),Hydrogen Is Retail,Access Code,Access Detail Code,Federal Agency Code,Facility Type,CNG Dispenser Num,CNG On-Site Renewable Source,CNG Total Compression Capacity,CNG Storage Capacity,LNG On-Site Renewable Source,E85 Other Ethanol Blends,EV Pricing,EV Pricing (French),LPG Nozzle Types,Hydrogen Pressures,Hydrogen Standards,CNG Fill Type Code,CNG PSI,CNG Vehicle Class,LNG Vehicle Class,EV On-Site Renewable Source,Restricted Access,RD Blends,RD Blends (French),RD Blended with Biodiesel,RD Maximum Biodiesel Level,NPS Unit Name,CNG Station Sells Renewable Natural Gas,LNG Station Sells Renewable Natural Gas,Maximum Vehicle Class,EV Workplace Charging
ELEC,Galpin Motors,15421 Roscoe Blvd,,Sepulveda,CA,91343,,800-256-6219,E,,Public - Call ahead,Dealership business hours; customer use only,,,,,,2,,,Non-Networked,,200-9,34.221665,-118.468371,8/10/2023,6405,2024-01-31 22:07:01 UTC,P,,,12/11/2012,,,,,J1772,US,,,,Public - Appeler à l'avance,,public,CALL,,CAR_DEALER,,,,,,,,,,,,,,,,,TRUE,,,,,,,,MD,FALSE
ELEC,Office Max - Home Depot,7075 Firestone Blvd,,Downey,CA,90241,,562-806-6600,E,,Public,24 hours daily,,,,,,4,,,Non-Networked,,200-8,33.94756,-118.153806,1/10/2022,7250,2022-02-10 19:42:29 UTC,T,,,6/15/1998,,,,,J1772,US,,,,Public,,public,,,SHOPPING_CENTER,,,,,,,Free,,,,,,,,,,FALSE,,,,,,,,MD,FALSE
ELEC,California State University - Channel Islands,1 University Dr,Located in lot A3,Camarillo,CA,93012,,805-437-8400,E,,Public,24 hours daily; parking pass required or day pass available for purchase,,,,,,5,,,Non-Networked,,GPS,34.16657602,-119.0458547,5/9/2024,21559,2024-05-09 20:32:20 UTC,P,,,5/30/2002,,,,,J1772,US,,,,Public,,public,,,COLLEGE_CAMPUS,,,,,,,Free; $6 for parking day pass for non-permit holders,,,,,,,,,,TRUE,,,,,,,,MD,FALSE
ELEC,Home Depot,1551 Froom Ranch Way,,San Luis Obispo,CA,93405,,805-596-0857,E,,Public,24 hours daily,,,,,,2,,,Non-Networked,,200-9,35.249929,-120.689683,5/3/2023,35560,2024-01-31 22:07:01 UTC,P,,,4/15/2000,,,,,J1772,US,,,,Public,,public,,,SHOPPING_CENTER,,,,,,,,,,,,,,,,,FALSE,,,,,,,,MD,FALSE
ELEC,Baker Electric Building,7100 Euclid Ave,Euclid Avenue and E 71st St,Cleveland,OH,44103,,216-407-7580,E,,Public,24 hours daily,,,,,,1,,,Non-Networked,,200-9,41.503373,-81.639054,7/12/2022,37097,2023-02-14 15:54:11 UTC,P,,,12/15/2010,,,,,J1772,US,,,,Public,,public,,,PARKING_LOT,,,,,,,Free,,,,,,,,,,FALSE,,,,,,,,MD,FALSE
ELEC,Town of Dyer - Town Hall,1 Town Square,Route 30/ Hart Street,Dyer,IN,46311,,219-865-6108,E,,Public,24 hours daily,,,,,,2,,,Non-Networked,,GPS,41.492057,-87.522819,1/10/2023,38774,2023-02-14 15:54:11 UTC,LG,,,10/15/2010,,,,,J1772,US,,,,Public,,public,,,PARKING_LOT,,,,,,,Free,,,,,,,,,,FALSE,,,,,,,,MD,FALSE
ELEC,City of Raleigh - Municipal Building,285 W Hargett St,Street pay parking at the curb,Raleigh,NC,27601,,919-996-3030,E,,Public,24 hours daily; metered parking,,,,,,2,,,Non-Networked,,200-8,35.778416,-78.64347,1/10/2023,39016,2023-02-14 15:54:11 UTC,LG,,,10/15/2010,,,,,J1772,US,,,,Public,,public,,,STREET_PARKING,,,,,,,Free; metered parking,,,,,,,,,,FALSE,,,,,,,,MD,FALSE
ELEC,Ferman Nissan - North Tampa,11001 N Florida Ave,,Tampa,FL,33612,,813-933-6641,E,,Public - Call ahead,Dealership business hours,,,,,,1,,,Non-Networked,,200-8,28.04892,-82.45832,2/12/2024,39979,2024-02-12 15:25:05 UTC,P,,,3/15/2011,,,,,J1772,US,,,,Public - Appeler à l'avance,,public,CALL,,CAR_DEALER,,,,,,,Free,,,,,,,,,,FALSE,,,,,,,,MD,FALSE
ELEC,South Carolina Technology and Aviation Center,2 Exchange St,,Greenville,SC,29605,,864-277-3152,E,,Public - Credit card at all times,24 hours daily,,,,,,1,,,Non-Networked,,200-9,34.756982,-82.383799,9/14/2022,40522,2023-02-14 15:54:11 UTC,P,,,7/15/2011,,,,,J1772,US,,,,Public - Carte de crédit en tout temps,,public,CREDIT_CARD_ALWAYS,,RESEARCH_FACILITY,,,,,,,Free,,,,,,,,,,FALSE,,,,,,,,MD,FALSE
ELEC,City of Auburn Hills - Log Cabin Streetside Parking,3388 Auburn Rd,Just west of/at intersection of Auburn Road  and N Squirrel Road; single unit in front of log cabin along Auburn Road southern roadside.,Auburn Hills,MI,48326,,313-235-7700,E,,Public,24 hours daily,,,,,,2,,,Non-Networked,,GPS,42.6336,-83.220931,6/12/2023,40596,2024-03-07 18:17:06 UTC,T,,,9/28/2011,,,,,J1772,US,,,,Public,,public,,,STREET_PARKING,,,,,,,$1 per hour,,,,,,,,,,FALSE,,,,,,,,MD,FALSE
ELEC,Richmond Ford Lincoln,4600 W Broad St,,Richmond,VA,23230,,804-358-5521,E,,Public - Call ahead,Dealership business hours,,,,,,3,,,Non-Networked,,200-9,37.578775,-77.489409,11/9/2023,40701,2024-01-31 22:07:01 UTC,P,,,8/15/2011,,,,,J1772,US,,,,Public - Appeler à l'avance,,public,CALL,,CAR_DEALER,,,,,,,Free,,,,,,,,,,FALSE,,,,,,,,MD,FALSE
ELEC,Wilkerson Nature Preserve Park,11408 Raven Ridge Rd,,Raleigh,NC,27614,,919-996-3030,E,,Public,24 hours daily,,,,,,2,,,Non-Networked,,200-9,35.92353,-78.599883,1/10/2023,41553,2023-02-14 15:54:11 UTC,LG,,,5/25/2011,,,,,J1772,US,,,,Public,,public,,,PARK,,,,,,,Free,,,,,,,,,,FALSE,,,,,,,,HD,FALSE
ELEC,City of Raleigh - Walnut Creek Wetland Center,950 Peterson St,,Raleigh,NC,27610,,919-996-3030,E,,Public,24 hours daily,,,,,,2,,,Non-Networked,,GPS,35.760503,-78.625345,1/10/2023,42398,2023-02-14 15:54:11 UTC,LG,,,11/14/2011,,,,,J1772,US,,,,Public,,public,,,PARK,,,,,,,Free,,,,,,,,,,FALSE,,,,,,,,HD,FALSE
ELEC,City of Raleigh - Optimist Park and Community Center,5910 Whittier Dr,,Raleigh,NC,27609,,919-996-3030,E,,Public,24 hours daily,,,,,,2,,,Non-Networked,,200-8,35.862603,-78.643641,1/10/2023,42399,2023-02-14 15:54:11 UTC,LG,,,11/14/2011,,,,,J1772,US,,,,Public,,public,,,REC_SPORTS_FACILITY,,,,,,,Free; requires GreenLots app,,,,,,,,,,FALSE,,,,,,,,MD,FALSE
ELEC,Alexander's Storage,101 W 8th St,Located behind the building,Columbia,TN,38401,,931-381-0954,E,,Public,24 hours daily,,,,,,1,,,Non-Networked,,200-9,35.61323,-87.034614,9/14/2023,42872,2024-01-31 22:07:01 UTC,P,,,12/31/2011,,,,,J1772,US,,,,Public,,public,,,STORAGE,,,,,,,Free,,,,,,,,,,FALSE,,,,,,,,MD,FALSE
ELEC,Taylor Automotive,1007 Hawkins Ave,Located on the right of the building,Sanford,NC,27330,,919-774-4037,E,,Public,24 hours daily,,,,,,1,,,Non-Networked,,200-9,35.49416,-79.180591,12/9/2021,43363,2022-02-10 19:42:29 UTC,P,,,2/3/2012,,,,,J1772,US,,,,Public,,public,,,CAR_DEALER,,,,,,,Free,,,,,,,,,,FALSE,,,,,,,,MD,FALSE
ELEC,Asheville Chamber of Commerce & Visitors Center,36 Montford Ave,,Asheville,NC,28801,,828-258-6101  828-258-6129,E,,Public,9am-5pm daily,,,,,,2,,,Non-Networked,,GPS,35.597527,-82.560582,1/9/2024,44376,2024-01-31 22:07:01 UTC,T,,,2/29/2012,,,,,J1772,US,,,,Public,,public,,,MUNI_GOV,,,,,,,Free,,,,,,,,,,FALSE,,,,,,,,MD,FALSE
ELEC,City of Charleston - Gaillard Auditorium,32 Alexander St,,Charleston,SC,29401,,843-724-5212,E,,Public - Credit card at all times,Garage business hours; pay lot,,,,,,4,,,Non-Networked,,200-8,32.787311,-79.930037,9/14/2022,45770,2023-02-14 15:54:11 UTC,LG,,,5/1/2017,,,,,J1772,US,,,,Public - Carte de crédit en tout temps,,public,CREDIT_CARD_ALWAYS,,PAY_GARAGE,,,,,,,$1 per half hour parking fee; maximum payment of $16,,,,,,,,,,FALSE,,,,,,,,MD,FALSE
ELEC,City of Charleston - Queen Street Garage,93 Queen St,,Charleston,SC,29401,,843-805-3232,E,,Public - Credit card at all times,Garage business hours; pay lot,,,,,,2,,,Non-Networked,,200-9,32.777245,-79.933619,9/14/2022,45771,2023-02-14 15:54:11 UTC,LG,,,2/1/2012,,,,,J1772,US,,,,Public - Carte de crédit en tout temps,,public,CREDIT_CARD_ALWAYS,,PAY_GARAGE,,,,,,,"$1 per half hour parking fee, Maximum payment of $16",,,,,,,,,,FALSE,,,,,,,,MD,FALSE
ELEC,City of Charleston - Visitor Center Garage,63 Mary St,,Charleston,SC,29403,,843-805-3232,E,,Public - Credit card at all times,Garage business hours; pay lot,,,,,,2,,,Non-Networked,,GPS,32.790806,-79.938,9/14/2022,45772,2023-02-14 15:54:11 UTC,LG,,,2/1/2012,,,,,J1772,US,,,,Public - Carte de crédit en tout temps,,public,CREDIT_CARD_ALWAYS,,PAY_GARAGE,,,,,,,"$1 per half hour parking fee, Maximum payment of $16",,,,,,,,,,FALSE,,,,,,,,MD,FALSE
ELEC,Tri-City Electric,6225 N Brady St,,Davenport,IA,52806,,855-443-3873,E,,Public,24 hours daily,,,,,,1,,,Non-Networked,,GPS,41.5829247,-90.5713513,3/7/2022,46790,2023-02-14 15:54:11 UTC,T,,,6/2/2011,,,,,J1772,US,,,,Public,,public,,,OFFICE_BLDG,,,,,,,Free,,,,,,,,,,FALSE,,,,,,,,MD,FALSE
ELEC,Oakes Mitsubishi,7301 State Ave,,Kansas City,KS,66112,,877-481-1738,E,,Public - Call ahead,Dealership business hours,,,,,,1,,,Non-Networked,,200-8,39.116404,-94.746998,1/10/2023,46848,2023-02-14 15:54:11 UTC,P,,,8/15/2018,,,,,J1772,US,,,,Public - Appeler à l'avance,,public,CALL,,CAR_DEALER,,,,,,,Free,,,,,,,,,,FALSE,,,,,,,,MD,FALSE
ELEC,Orange County - Robert and Pearl Seymour Center,2551 Homestead Rd,,Chapel Hill,NC,27516,,919-245-2625,E,,Public,24 hours daily,,,,,,2,,,Non-Networked,,200-9,35.950629,-79.063354,12/13/2023,47332,2024-01-31 22:07:01 UTC,LG,,,5/25/2012,,,,,J1772,US,,,,Public,,public,,,MUNI_GOV,,,,,,,Free,,,,,,,,,,FALSE,,,,,,,,HD,FALSE
ELEC,Nantucket Airport,14 Airport Rd,3 plugs located next door near the gas station,Nantucket,MA,2554,,508-325-5300,E,,Public,8am-5pm M-F,,,,,,3,,,Non-Networked,,200-9,41.258249,-70.063098,11/9/2023,47473,2024-01-31 22:07:01 UTC,T,,,9/28/2021,,,,,J1772,US,,,,Public,,public,,,AIRPORT,,,,,,,Free,,,,,,,,,,FALSE,,,,,,,,HD,FALSE
ELEC,Mayfair Town Center,900 Town Center Dr,Parking lot behind Pottery Barn,Wilmington,NC,28405,,910-256-5131,T,12/27/2022,TEMPORARILY UNAVAILABLE (Public),Shopping center hours,,,,,,2,,,Non-Networked,,200-9,34.242673,-77.83313,1/10/2022,47720,2022-02-10 19:42:29 UTC,T,,,4/12/2012,,,,,J1772,US,,,,TEMPORAIREMENT SUSPENDU (Public),,public,,,SHOPPING_CENTER,,,,,,,Free,,,,,,,,,,FALSE,,,,,,,,MD,FALSE
ELEC,Target,12076 Los Osos Valley Rd,,San Luis Obispo,CA,93401,,805-858-9902,E,,Public,8am-11pm daily,,,,,,6,,,Non-Networked,,GPS,35.25211177,-120.6859747,5/3/2023,48368,2024-01-31 22:07:01 UTC,P,,,6/30/2012,,,,,J1772,US,,,,Public,,public,,,SHOPPING_CENTER,,,,,,,,,,,,,,,,,FALSE,,,,,,,,HD,FALSE
ELEC,South Carolina Electric Co-op,808 Knox Abbott Dr,,Cayce,SC,29033,,803-796-6060,E,,Public - Credit card at all times,24 hours daily,,,,,,1,,,Non-Networked,,200-9,33.982717,-81.062436,9/14/2022,48631,2023-02-14 15:54:11 UTC,LG,,,5/30/2012,,,,,J1772,US,,,,Public - Carte de crédit en tout temps,,public,CREDIT_CARD_ALWAYS,,COOP,,,,,,,Free,,,,,,,,,,FALSE,,,,,,,,MD,FALSE
ELEC,Ocean Lakes Family Campground,6001 S Kings Hwy,Located at the intersection of Highway 544 & Bus 17,Myrtle Beach,SC,29575,,843-238-5636,E,,Public - Credit card at all times,8am-6pm daily; must obtain visitor pass from the main office; Drivers must bring their own J1772 cordset for Level 1 charging,Cash Checks D M V,,,,1,1,,,Non-Networked,,200-9,33.631596,-78.958897,9/14/2022,48640,2023-02-14 15:54:11 UTC,P,,,7/21/2011,,,,,J1772 NEMA1450,US,,,,Public - Carte de crédit en tout temps,,public,CREDIT_CARD_ALWAYS,,CAMPGROUND,,,,,,,$10 per session,,,,,,,,,,TRUE,,,,,,,,MD,FALSE
ELEC,Michaud Mitsubishi,80 Andover St,,Danvers,MA,1923,,978-774-4040,E,,Public - Call ahead,Dealership business hours; customer use only,,,,,,2,,,Non-Networked,,200-9,42.55235,-70.962101,10/12/2021,48856,2023-02-15 22:45:41 UTC,P,,,7/31/2012,,,,,J1772,US,,,,Public - Appeler à l'avance,,public,CALL,,CAR_DEALER,,,,,,,Free,,,,,,,,,,TRUE,,,,,,,,MD,FALSE
ELEC,City of Bowling Green - Parking Lot 1,119 E Court St,Space #120. Between N Main and N Prospect,Bowling Green,OH,43402,,419-354-6246,E,,Public,24 hours daily; pay lot,,,,,,1,,,Non-Networked,,GPS,41.375364,-83.649802,7/12/2022,49045,2023-02-14 15:54:11 UTC,LG,,,7/15/2012,,,,,J1772,US,,,,Public,,public,,,PARKING_LOT,,,,,,,Free,,,,,,,,,,FALSE,,,,,,,,MD,FALSE
ELEC,City of Bowling Green - Parking Lot 2,125 S Prospect St,Space #294.  Between E Wooster and Clough St,Bowling Green,OH,43402,,419-354-6246,E,,Public,24 hours daily; pay lot,,,,,,1,,,Non-Networked,,GPS,41.373994,-83.649364,7/12/2022,49046,2023-02-14 15:54:11 UTC,LG,,,7/15/2012,,,,,J1772,US,,,,Public,,public,,,PARKING_LOT,,,,,,,Free,,,,,,,,,,FALSE,,,,,,,,MD,FALSE
ELEC,City of Bowling Green - Parking Lot 3,132 S Church St,Space #300. Between W Wooster and W Washington St,Bowling Green,OH,43402,,419-354-6246,E,,Public,24 hours daily; pay lot,,,,,,1,,,Non-Networked,,GPS,41.373695,-83.651523,7/12/2022,49047,2023-02-14 15:54:11 UTC,LG,,,7/15/2012,,,,,J1772,US,,,,Public,,public,,,PARKING_LOT,,,,,,,Free,,,,,,,,,,FALSE,,,,,,,,MD,FALSE
ELEC,John T Lyle Center for Regenerative Studies,4105 University S Dr,,Walnut,CA,91768,,909-869-3061,E,,Public,24 hours daily; parking permit required,,,,,,2,,,Non-Networked,,GPS,34.049341,-117.82341,5/3/2023,49133,2024-01-31 22:07:01 UTC,P,,,7/16/2012,,,,,J1772,US,,,,Public,,public,,,COLLEGE_CAMPUS,,,,,,,Free,,,,,,,,,,TRUE,,,,,,,,MD,FALSE
ELEC,McNaughton McKay Electric Co,1357 E Lincoln Ave,East side of building near customer Will Call entrance,Madison Heights,MI,48071,,248-399-7500,E,,Public,24 hours daily,,,,,,2,,,Non-Networked,,GPS,42.484615,-83.09264,1/10/2022,49174,2022-02-10 19:42:29 UTC,T,,,10/31/2011,,,,,J1772,US,,,,Public,,public,,,UTILITY,,,,,,,Free,,,,,,,,,,FALSE,,,,,,,,MD,FALSE
ELEC,McMinnville Electric System,300 W Main St,,McMinnville,TN,37110,,931-473-3144,E,,Public,24 hours daily,,,,,,1,,,Non-Networked,,200-9,35.682046,-85.776576,2/12/2024,49211,2024-02-12 21:24:44 UTC,P,,,7/10/2014,,,,,J1772,US,,,,Public,,public,,,UTILITY,,,,,,,Free,,,,,,,,,,FALSE,,,,,,,,MD,FALSE
ELEC,IBEW-NECA Electrical Training Institute,1751 S Lawndale Ave,,Indianapolis,IN,46241,,317-270-5282,E,,Public,24 hours daily,,,,,,2,,,Non-Networked,,200-9,39.741073,-86.263254,10/12/2023,49520,2024-01-31 22:07:01 UTC,P,,,9/1/2012,,,,,J1772,US,,,,Public,,public,,,OFFICE_BLDG,,,,,,,Free,,,,,,,,,,FALSE,,,,,,,,MD,FALSE
ELEC,Tom Wood Nissan,4150 E 96th St,,Indianapolis,IN,46240,,317-848-8888,E,,Public - Call ahead,Dealership business hours,,,,,,5,1,,Non-Networked,,200-8,39.926954,-86.100509,10/12/2023,49668,2024-01-31 22:07:01 UTC,P,,,10/25/2012,,,,,CHADEMO J1772,US,,,,Public - Appeler à l'avance,,public,CALL,,CAR_DEALER,,,,,,,Free,,,,,,,,,,FALSE,,,,,,,,MD,FALSE
ELEC,City of Wilmington - Market Street Parking Deck,115 Market St,Intersection of Market and 2nd St. Located on the first floor.,Wilmington,NC,28401,,910-762-5678,E,,Public,24 hours daily,,,,,,2,,,ChargePoint Network,http://www.chargepoint.com/,200-9,34.235678,-77.948353,1/10/2022,49883,2022-02-10 19:42:29 UTC,T,,,5/31/2012,,,,,J1772,US,,,,Public,,public,,,PAY_GARAGE,,,,,,,Free,,,,,,,,,,FALSE,,,,,,,,MD,FALSE
ELEC,Siemens Ultra,685 E Middlefield Rd,,Mountain View,CA,94043,,,T,12/15/2023,TEMPORARILY UNAVAILABLE (Public),24 hours daily,,,,,,4,,,Non-Networked,,GPS,37.39120483,-122.0531,9/14/2023,49985,2024-01-31 22:07:01 UTC,P,,,10/15/2012,,,,,J1772,US,,,,TEMPORAIREMENT SUSPENDU (Public),,public,,,HOSPITAL,,,,,,,,,,,,,,,,,FALSE,,,,,,,,MD,TRUE
ELEC,Reasor's Foods,11116 S Memorial Dr,Located by the deli side,Bixby,OK,74008,,918-970-4900,E,,Public,24 hours daily,,,,,,1,,,Non-Networked,,GPS,36.00035,-95.889069,1/10/2022,50712,2022-02-10 19:42:29 UTC,P,,,10/31/2012,,,,,J1772,US,,,,Public,,public,,,GROCERY,,,,,,,Free,,,,,,,,,,FALSE,,,,,,,,MD,FALSE
ELEC,Wynne Ford,1020 W Mercury Blvd,Located at W Mercury Boulevard & N Armistead Avenue,Hampton,VA,23666,,757-838-3673,E,,Public - Call ahead,Dealership business hours,,,,,,2,,,Non-Networked,,200-9,37.044549,-76.380595,12/13/2023,51900,2024-01-31 22:07:01 UTC,P,,,9/30/2021,,,,,J1772,US,,,,Public - Appeler à l'avance,,public,CALL,,CAR_DEALER,,,,,,,Free,,,,,,,,,,FALSE,,,,,,,,MD,FALSE
ELEC,Magic City Ford Lincoln Isuzu,809 Williamson Rd NE,,Roanoke,VA,24016,,540-345-0911,E,,Public - Call ahead,Dealership business hours,,,,,,2,,,Non-Networked,,200-9,37.280149,-79.933227,11/9/2023,51902,2024-01-31 22:07:01 UTC,P,,,4/1/2013,,,,,J1772,US,,,,Public - Appeler à l'avance,,public,CALL,,CAR_DEALER,,,,,,,Free,,,,,,,,,,FALSE,,,,,,,,MD,FALSE
ELEC,Klaben Ford Lincoln,1089 W Main St,"Located on Rt 59, 1 mile West of Rt 43.",Kent,OH,44240,,,E,,Public,Dealership business hours,,,,,,1,,,Non-Networked,,200-9,41.151759,-81.380359,10/12/2023,52034,2024-01-31 22:07:01 UTC,P,,,4/1/2013,,,,,J1772,US,,,,Public,,public,,,CAR_DEALER,,,,,,,Free,,,,,,,,,,TRUE,,,,,,,,MD,FALSE
ELEC,Mountain View Solar,11500 Valley Rd,,Berkeley Springs,WV,25411,,304-258-4733,E,,Public,8am-5pm daily,,,,,,2,,,Non-Networked,,GPS,39.471928,-78.307944,1/10/2023,52269,2023-02-14 15:54:11 UTC,P,,,8/1/2012,,,,,J1772,US,,,,Public,,public,,,STANDALONE_STATION,,,,,,,Free,,,,,,,,,SOLAR,FALSE,,,,,,,,MD,FALSE
ELEC,Don Hinds Ford,12610 Ford Dr,Located in the customer parking area,Fishers,IN,46038,,317-849-9000,E,,Public - Call ahead,Dealership business hours,,,,,,2,,,Non-Networked,,200-9,39.972851,-86.005158,12/13/2023,52657,2024-01-31 22:07:01 UTC,P,,,1/1/2013,,,,,J1772,US,,,,Public - Appeler à l'avance,,public,CALL,,CAR_DEALER,,,,,,,Free,,,,,,,,,,FALSE,,,,,,,,MD,FALSE
ELEC,Saint Meinrad Archabbey,200 Hill Dr,"From State Rd 62, turn south onto 6th St. The Guest House parking lot is on the left.",St. Meinrad,IN,47577,,812-357-6611,E,,Public,School business hours; call 812-357-6611 if you wish to make a reservation,A Cash Checks D M V,,,,,2,,,Non-Networked,,200-8,38.165557,-86.813354,1/10/2022,52658,2022-02-10 19:42:29 UTC,P,,,8/1/2013,,,,,J1772,US,,,,Public,,public,,,SCHOOL,,,,,,,$1.50 per hour,,,,,,,,,,FALSE,,,,,,,,MD,FALSE
ELEC,Solano County - County Administration Center Parking Structure,675 Texas St,,Fairfield,CA,94533,,707-784-6335,E,,Public,24 hours daily,,,,,,8,,,Non-Networked,,200-8,38.24922,-122.041825,1/9/2024,52737,2024-04-18 19:38:54 UTC,LG,,,7/23/2013,,,,,J1772,US,,,,Public,,public,,,MUNI_GOV,,,,,,,Free,,,,,,,,,,FALSE,,,,,,,,MD,FALSE
ELEC,Safford Ford Lincoln of Salisbury,1902 N Salisbury Blvd,Located near the service entrance,Salisbury,MD,21801,,443-210-4835,E,,Public - Call ahead,Dealership business hours,,,,,,2,,,Non-Networked,,200-9,38.389455,-75.580663,9/14/2023,53423,2024-01-31 22:07:01 UTC,P,,,1/1/2013,,,,,J1772,US,,,,Public - Appeler à l'avance,,public,CALL,,CAR_DEALER,,,,,,,Free,,,,,,,,,,FALSE,,,,,,,,MD,FALSE
ELEC,Martin Horn,210 Carlton Rd,,Charlottesville,VA,22902,,434-293-6171,E,,Public - Call ahead,24 hours daily,,,,,,1,,,Non-Networked,,200-9,38.022977,-78.468836,12/13/2023,53699,2024-01-31 22:07:01 UTC,P,,,11/25/2013,,,,,J1772,US,,,,Public - Appeler à l'avance,,public,CALL,,OFFICE_BLDG,,,,,,,Free,,,,,,,,,,FALSE,,,,,,,,MD,FALSE
ELEC,Dahl Honda,500 4th St S,Located on the west side of the building.,La Crosse,WI,54601,,,T,6/1/2023,TEMPORARILY UNAVAILABLE (Public),Customer use only,,,,,,1,,,Non-Networked,,200-9,43.808298,-91.25224,12/13/2022,53703,2023-02-14 15:54:11 UTC,P,,,11/20/2013,,,,,J1772,US,,,,TEMPORAIREMENT SUSPENDU (Public),,public,,,CAR_DEALER,,,,,,,Free,,,,,,,,,,TRUE,,,,,,,,MD,FALSE
ELEC,Golf Mill Ford,9401 N Milwaukee Ave,,Niles,IL,60714,,847-470-9800,E,,Public - Call ahead,Dealership business hours,,,,,,1,,,Non-Networked,,200-9,42.051495,-87.833913,9/10/2021,53859,2022-02-10 19:42:29 UTC,P,,,1/1/2013,,,,,J1772,US,,,,Public - Appeler à l'avance,,public,CALL,,CAR_DEALER,,,,,,,Free,,,,,,,,,,FALSE,,,,,,,,MD,FALSE
ELEC,Marion Automotive Group,1025 N Main St,,Marion,VA,24354,,276-783-5116,E,,Public,Dealership business hours,,,,,,1,,,Non-Networked,,200-9,36.843713,-81.503731,10/12/2023,53952,2024-01-31 22:07:01 UTC,P,,,7/1/2013,,,,,J1772,US,,,,Public,,public,,,CAR_DEALER,,,,,,,Free,,,,,,,,,,FALSE,,,,,,,,MD,FALSE
ELEC,Sheehy Ford Lincoln,10601 Midlothian Turnpike,,Midlothian,VA,23235,,804-794-0500,E,,Public - Call ahead,Dealership business hours; for customer use only,Wright_Exp,,,,,1,,,Non-Networked,,GPS,37.506999,-77.592621,10/12/2023,53954,2024-01-31 22:07:01 UTC,P,,,9/1/2013,,,,,J1772,US,,,,Public - Appeler à l'avance,,public,CALL,,CAR_DEALER,,,,,,,Free,,,,,,,,,,TRUE,,,,,,,,MD,FALSE
ELEC,Casey Chevrolet,11700 Jefferson Ave,,Newport News,VA,23606,,757-320-1476,E,,Public - Call ahead,Dealership business hours; for Chevrolet use only,,,,,,2,,,Non-Networked,,200-9,37.075503,-76.474858,11/9/2023,53955,2024-01-31 22:07:01 UTC,P,,,10/1/2013,,,,,J1772,US,,,,Public - Appeler à l'avance,,public,CALL,,CAR_DEALER,,,,,,,Free,,,,,,,,,,TRUE,,,,,,,,MD,FALSE
ELEC,Whole Foods Market,1800 Laskin Rd,,Virginia Beach,VA,23454,,757-422-0444,E,,Public,8am-9pm daily,,,,,,2,,,Non-Networked,,200-9,36.850535,-76.027886,11/9/2023,53963,2024-01-31 22:07:01 UTC,P,,,8/1/2013,,,,,J1772,US,,,,Public,,public,,,GROCERY,,,,,,,Free,,,,,,,,,,FALSE,,,,,,,,MD,FALSE
ELEC,Sheehy Ford,11450 Washington Hwy,"one at the front side of building, one on southside of building",Ashland,VA,23005,,804-798-4791,E,,Public - Call ahead,Dealership business hours,,,,,,2,,,Non-Networked,,200-9,37.72489,-77.469528,10/12/2023,53998,2024-01-31 22:07:01 UTC,P,,,9/1/2013,,,,,J1772,US,,,,Public - Appeler à l'avance,,public,CALL,,CAR_DEALER,,,,,,,Free,,,,,,,,,,FALSE,,,,,,,,MD,FALSE
ELEC,Duncan Ford Lincoln,125 Jennelle Rd,,Blacksburg,VA,24060,,888-698-3530,E,,Public - Call ahead,Dealership business hours; Ford vehicle use only,,,,,,2,,,Non-Networked,,GPS,37.179806,-80.411408,12/13/2023,54001,2024-01-31 22:07:01 UTC,P,,,9/1/2013,,,,,J1772,US,,,,Public - Appeler à l'avance,,public,CALL,,CAR_DEALER,,,,,,,Free,,,,,,,,,,TRUE,,,,,,,,MD,FALSE
ELEC,Hampton Chevrolet,1073 W Mercury Blvd,,Hampton,VA,23666,,757-838-5450,E,,Public - Call ahead,Dealership business hours,,,,,,2,,,Non-Networked,,200-9,37.041065,-76.384783,12/13/2023,54012,2024-01-31 22:07:01 UTC,P,,,6/1/2013,,,,,J1772,US,,,,Public - Appeler à l'avance,,public,CALL,,CAR_DEALER,,,,,,,Free,,,,,,,,,,FALSE,,,,,,,,MD,FALSE
ELEC,Ambiente Modern Furniture,210 Hampton Woods Ln,,Raleigh,NC,27607,,919-821-7210,E,,Public,Store business hours; see front desk for access,,,,,,2,,,Non-Networked,,200-9,35.793985,-78.750329,1/10/2022,60264,2022-02-10 19:42:29 UTC,P,,,11/1/2013,,,,,J1772,US,,,,Public,,public,,,SHOPPING_CENTER,,,,,,,Free,,,,,,,,,,FALSE,,,,,,,,MD,FALSE
ELEC,Springfield Route 66 KOA,5775 W Farm Rd 140,,Springfield,MO,65802,,417-831-3645,E,,Public,8am-8pm daily,A Cash Checks D M V,,,,,1,,,Non-Networked,,GPS,37.199194,-93.402643,7/11/2023,60648,2024-01-31 22:07:01 UTC,P,,,5/15/2014,,,,,J1772,US,,,,Public,,public,,,CAMPGROUND,,,,,,,$15 per session,,,,,,,,,,FALSE,,,,,,,,HD,FALSE
ELEC,Haselwood Chevrolet Buick GMC,501 W Hills Blvd,,Bremerton,WA,98312,,360-479-4910,E,,Public,Dealership business hours; for Chevrolet vehicles only,,,,,,2,,,Non-Networked,,200-9,47.557801,-122.675335,9/14/2023,60718,2024-01-31 22:07:01 UTC,P,,,1/1/2014,,,,,J1772,US,,,,Public,,public,,,CAR_DEALER,,,,,,,Free,,,,,,,,,,TRUE,,,,,,,,HD,FALSE
ELEC,Bergstrom Ford Lincoln,525 S Green Bay Rd,,Neenah,WI,54956,,920-727-9000,E,,Public - Call ahead,Dealership business hours; for customer use only,,,,,,2,,,Non-Networked,,200-9,44.180546,-88.486672,12/13/2023,60722,2024-01-31 22:07:01 UTC,P,,,1/1/2014,,,,,J1772,US,,,,Public - Appeler à l'avance,,public,CALL,,CAR_DEALER,,,,,,,Free,,,,,,,,,,TRUE,,,,,,,,MD,FALSE
ELEC,Lakeside 24 Hour Fuel,16835 Lewis River Rd,,Cougar,WA,98616,,360-238-5202,E,,Public,6am-9pm daily (summer); 6am-6pm daily (winter),,,,,,1,,,Non-Networked,,200-9,46.051228,-122.301754,6/12/2023,60814,2024-01-31 22:07:01 UTC,P,,,3/6/2014,,,,,J1772,US,,,,Public,,public,,,GAS_STATION,,,,,,,$12 per session,,,,,,,,,,FALSE,,,,,,,,MD,FALSE
ELEC,City of Bellefontaine,126 W Chillicothe Ave,Located in public parking lot,Bellefontaine,OH,43311,,937-592-4376,E,,Public,24 hours daily; Drivers must bring their own J1772 cordset for Level 1 charging,,,,,2,2,,,Non-Networked,,GPS,40.360389,-83.76175,5/5/2022,62462,2023-02-14 15:54:11 UTC,LG,,,7/7/2014,,,,,J1772 NEMA520,US,,,,Public,,public,,,PARKING_LOT,,,,,,,Free; Pay to park,,,,,,,,,,FALSE,,,,,,,,MD,FALSE
ELEC,Maine Organic Farmers and Gardeners Association,294 Crosby Brook Rd,,Unity,ME,4988,,207-568-4142,E,,Public - Call ahead,Dawn to dusk daily,,,,,,2,,,Non-Networked,,GPS,44.590314,-69.289139,4/6/2023,62734,2024-01-31 22:07:01 UTC,P,,,6/5/2014,,,,,J1772,US,,,,Public - Appeler à l'avance,,public,CALL,,OFFICE_BLDG,,,,,,,Free,,,,,,,,,,FALSE,,,,,,,,HD,FALSE
ELEC,Ben Mynatt Chevrolet Cadillac,281 Concord Pkwy S,,Concord,NC,28027,,704-786-2151,E,,Public - Call ahead,Dealership business hours,,,,,,,1,,Non-Networked,,200-9,35.395326,-80.610927,12/13/2023,62828,2024-01-31 22:07:01 UTC,P,,,11/10/2023,,,,,J1772COMBO,US,,,,Public - Appeler à l'avance,,public,CALL,,CAR_DEALER,,,,,,,Free,,,,,,,,,,FALSE,,,,,,,,MD,FALSE
ELEC,Delaware Welcome Center and Travel Plaza,530 John F Kennedy Memorial Hwy,Located behind the Welcome Center in the truck stop area in the southwest section of the southbound side.,Newark,DE,19702,,302-731-8599,E,,Public,24 hours daily,,,,,,2,,,Non-Networked,,GPS,39.660766,-75.69348611,2/12/2024,62939,2024-02-12 21:24:44 UTC,P,,,8/1/2014,,,,,J1772,US,,,,Public,,public,,,REST_STOP,,,,,,,Free,,,,,,,,,,FALSE,,,,,,,,HD,FALSE
ELEC,Fort Ross State Historic Park,19005 Coast Hwy,,Jenner,CA,95450,,707-847-3437,E,,Public,10am-4:30pm daily,,,,,,2,,,Non-Networked,,GPS,38.51597466,-123.2467089,9/14/2023,63477,2024-01-31 22:07:01 UTC,P,,,4/1/2016,,,,,J1772,US,,,,Public,,public,,,PARK,,,,,,,Free,,,,,,,,,,FALSE,,,,,,,,MD,FALSE
ELEC,Tom Wood Porsche,3473 E 96th St,,Indianapolis,IN,46240,,317-848-5550,E,,Public,Dealership business hours; customers only,,,,,,1,,,Non-Networked,,200-9,39.926194,-86.108451,11/9/2023,63533,2024-01-31 22:07:01 UTC,P,,,9/30/2014,,,,,J1772,US,,,,Public,,public,,,CAR_DEALER,,,,,,,Free,,,,,,,,,,TRUE,,,,,,,,HD,FALSE
ELEC,Appalachian Mountain Club - Highland Center at Crawford Notch,Route 302,,Bretton Woods,NH,3575,,603-278-4453,E,,Public,24 hours daily; donations accepted,,,,,,4,,,Non-Networked,,GPS,44.220181,-71.411158,6/12/2023,63607,2024-01-31 22:07:01 UTC,P,,,9/1/2014,,,,,J1772,US,,,,Public,,public,,,REC_SPORTS_FACILITY,,,,,,,Free,,,,,,,,,,FALSE,,,,,,,,MD,FALSE
ELEC,Bill Utter Ford,4901 S I-35 E,,Denton,TX,76210,,940-321-7400,E,,Public - Call ahead,Dealership business hours,,,,,,1,,,Non-Networked,,GPS,33.16218,-97.071252,7/12/2022,63655,2023-02-14 15:54:11 UTC,P,,,9/1/2014,,,,,J1772,US,,,,Public - Appeler à l'avance,,public,CALL,,CAR_DEALER,,,,,,,Free,,,,,,,,,,FALSE,,,,,,,,MD,FALSE
ELEC,LA County DHS Olive View Lot K,14445 Olive View Dr,Located just East of the Sheriff substation. Enter off Cobalt St. Additional chargers located in the overflow lot,Sylmar,CA,91342,,833-479-7359,E,,Public,"24 hours daily; keypad activated, instructions on EVSE",Proprietor,,,,,14,,,POWERFLEX,https://www.powerflex.com,200-9,34.325912,-118.445513,1/9/2024,63738,2024-01-31 22:07:01 UTC,LG,,,10/1/2014,,,,,J1772,US,,,,Public,,public,,,HOSPITAL,,,,,,,$0.45 per kWh from 4pm-9pm; $0.30 per kWh all other times,,,,,,,,,,TRUE,,,,,,,,MD,FALSE
ELEC,Wayne State University - Lot #50,1200 W Warren,Located just west of the Warren Ave. entrance close to the parking booth.,Detroit,MI,48202,,313-577-1979,E,,Public,Garage business hours,,,,,,4,,,Non-Networked,,GPS,42.35358833,-83.07526072,1/9/2024,64736,2024-01-31 22:07:01 UTC,P,,,11/15/2014,,,,,J1772,US,,,,Public,,public,,,COLLEGE_CAMPUS,,,,,,,Free,,,,,,,,,,FALSE,,,,,,,,MD,FALSE
ELEC,Cape May - Lewes Ferry Terminal,43 Cape Henlopen Dr,,Lewes,DE,19958,,800-643-3779,E,,Public,Ferry operation hours,,,,,,2,,,Non-Networked,,200-9,38.782012,-75.118769,12/13/2023,65415,2024-01-31 22:07:01 UTC,P,,,1/21/2015,,,,,J1772,US,,,,Public,,public,,,TRAVEL_CENTER,,,,,,,Free,,,,,,,,,,FALSE,,,,,,,,MD,FALSE
ELEC,Lakewood City Hall,5050 Clark Ave,Located in front of Clark,Lakewood,CA,90712,,562-866-9771,E,,Public,24 hours daily; maximum session time of 90 minutes,,,,,,2,,,Non-Networked,,200-9,33.849737,-118.132994,1/10/2022,65659,2022-02-10 19:42:29 UTC,P,,,6/1/2014,,,,,J1772,US,,,,Public,,public,,,MUNI_GOV,,,,,,,Free,,,,,,,,,,FALSE,,,,,,,,MD,FALSE
ELEC,The Co-op Farm and Garden,216 E Washington St,,Sequim,WA,98382,,360-683-4111,E,,Public,"8am-6pm M-F, 9am-5pm Sat, 10am-4pm Sun",,,,,,1,,,Non-Networked,,200-9,48.079897,-123.098996,6/12/2023,67125,2024-05-22 17:34:08 UTC,P,,,1/1/2015,,,,,J1772,US,,,,Public,,public,,,COOP,,,,,,,Free,,,,,,,,,,FALSE,,,,,,,,HD,FALSE
ELEC,North County,4559 E Academy Blvd,,Denver,CO,80230,,720-532-0106,E,,Public,24 hours daily,,,,,,2,,,Non-Networked,,GPS,39.71945506,-104.8973918,12/13/2023,68154,2024-01-31 22:07:01 UTC,P,,,10/1/2014,,,,,J1772,US,,,,Public,,public,,,RESTAURANT,,,,,,,Free,,,,,,,,,,FALSE,,,,,,,,MD,FALSE
ELEC,Harrah's Ak-Chin Casino,15406 N Maricopa Rd,Farrell Road and Highway 347,Maricopa,AZ,85139,,480-802-5000,E,,Public,24 hours daily,,,,,,4,,,Non-Networked,,GPS,33.0238,-112.0502,12/13/2023,68409,2024-01-31 22:07:01 UTC,LG,,,5/1/2015,,,,,J1772,US,,,,Public,,public,,,OTHER_ENTERTAINMENT,,,,,,,Free,,,,,,,,,,FALSE,,,,,,,,MD,FALSE
ELEC,City of Gloucester - City Hall Annex,3 Pond Rd,,Gloucester,MA,1930,,978-325-5230,E,,Public,24 hours daily; 4 hour limit,,,,,,3,,,Non-Networked,,200-9,42.629952,-70.640756,11/9/2023,68430,2024-01-31 22:07:01 UTC,LG,,,5/5/2015,,,,,J1772,US,,,,Public,,public,,,MUNI_GOV,,,,,,,Free,,,,,,,,,,FALSE,,,,,,,,MD,FALSE
ELEC,Port of San Diego - Admin Building,3165 Pacific Hwy,,San Diego,CA,92101,,,E,,Public,8am-5pm daily,,,,,,1,,,Non-Networked,,GPS,32.735306,-117.176837,6/12/2023,70565,2024-01-31 22:07:01 UTC,LG,,,10/1/2014,,,,,J1772,US,,,,Public,,public,,,OFFICE_BLDG,,,,,,,Free,,,,,,,,,SOLAR,FALSE,,,,,,,,MD,FALSE
ELEC,Roof Power Solar,908 Park St,,Rich Hill,MO,64779,,417-395-2355,E,,Public,24 hours daily,,,,,,1,,,Non-Networked,,GPS,38.09618447,-94.3597852,1/10/2023,71073,2023-02-14 15:54:11 UTC,P,,,12/15/2017,,,,,J1772,US,,,,Public,,public,,,OFFICE_BLDG,,,,,,,Free,,,,,,,,,SOLAR,FALSE,,,,,,,,MD,FALSE
ELEC,University Of Wisconsin - Oshkosh,727 Algoma Blvd,,Oshkosh,WI,54901,,920-424-1234,E,,Public,24 hours daily,,,,,,4,,,Non-Networked,,GPS,44.024029,-88.5492,1/10/2022,72845,2022-02-10 19:42:29 UTC,P,,,1/25/2016,,,,,J1772,US,,,,Public,,public,,,COLLEGE_CAMPUS,,,,,,,Free charging; pay to park unless you have a parking permit,,,,,,,,,,FALSE,,,,,,,,MD,FALSE
ELEC,Whole Foods Market,12080 Jefferson Ave,,Newport News,VA,23606,,757-947-2460,E,,Public,24 hours daily,,,,,,2,,,Non-Networked,,200-9,37.102615,-76.489655,11/9/2023,73517,2024-01-31 22:07:01 UTC,P,,,2/1/2016,,,,,J1772,US,,,,Public,,public,,,GROCERY,,,,,,,Free,,,,,,,,,,FALSE,,,,,,,,MD,FALSE
ELEC,Rez Church,6502 E Crossroads Blvd,,Loveland,CO,80538,,970-667-5479,E,,Public,8am-8pm daily,,,,,,2,,,Non-Networked,,200-9,40.434103,-104.980231,12/9/2021,74038,2022-02-10 19:42:29 UTC,P,,,8/1/2015,,,,,J1772,US,,,,Public,,public,,,PLACE_OF_WORSHIP,,,,,,,Free,,,,,,,,,,FALSE,,,,,,,,MD,FALSE
ELEC,Brown Harris Wealth Management,309 N Main St,,Culpeper,VA,22701,,540-825-1588,E,,Public,24 hours daily,,,,,,2,,,Non-Networked,,200-9,38.475325,-77.995127,11/9/2023,75314,2024-01-31 22:07:01 UTC,P,,,4/1/2016,,,,,J1772,US,,,,Public,,public,,,OFFICE_BLDG,,,,,,,Free,,,,,,,,,,FALSE,,,,,,,,MD,FALSE
ELEC,Kroger Fuel Center,830 University City Blvd,Located in Kroger fuel center across the street from Panera Bread,Blacksburg,VA,24060,,540-951-3045,T,1/1/2024,TEMPORARILY UNAVAILABLE (Public),24 hours daily,,,,,,2,,,Non-Networked,,200-9,37.234356,-80.432667,11/9/2023,75315,2024-01-31 22:07:01 UTC,P,,,4/1/2016,,,,,J1772,US,,,,TEMPORAIREMENT SUSPENDU (Public),,public,,,FUEL_RESELLER,,,,,,,,,,,,,,,,,FALSE,,,,,,,,HD,FALSE
ELEC,Naples Town Office,23 Village Green Ln,,Naples,ME,4055,,207-693-6364,E,,Public,24 hours daily,,,,,,1,,,Non-Networked,,200-8,43.970783,-70.609685,8/10/2023,75577,2024-01-31 22:07:01 UTC,LG,,,5/1/2016,,,,,J1772,US,,,,Public,,public,,,MUNI_GOV,,,,,,,Free,,,,,,,,,,FALSE,,,,,,,,HD,FALSE
ELEC,Whole Foods Market,11660 Plaza America Dr,,Reston,VA,20190,,703-736-0600,E,,Public,24 hours daily,,,,,,3,,,Non-Networked,,200-9,38.951729,-77.349388,11/9/2023,75605,2024-01-31 22:07:01 UTC,P,,,5/1/2016,,,,,J1772,US,,,,Public,,public,,,GROCERY,,,,,,,Free,,,,,,,,,,FALSE,,,,,,,,MD,FALSE
ELEC,Ferndale Public Library,222 E Nine Mile Rd,"Located in the parking lot closest to Woodward St, near E Nine Mile and Bermuda",Ferndale,MI,48220,,248-546-2504,E,,Public,24 hours daily,,,,,,1,,,Non-Networked,,GPS,42.46006802,-83.13309717,1/10/2022,75777,2022-02-10 19:42:29 UTC,LG,,,1/1/2016,,,,,J1772,US,,,,Public,,public,,,LIBRARY,,,,,,,$1 per hour parking fee,,,,,,,,,,FALSE,,,,,,,,MD,FALSE
ELEC,Goodwin University,211 Riverside Dr,,East Hartford,CT,6118,,860-727-6756,E,,Public,24 hours daily,,,,,,2,,,Non-Networked,,200-8,41.743194,-72.640075,5/3/2023,76250,2024-01-31 22:07:01 UTC,P,,,5/1/2016,,,,,J1772,US,,,,Public,,public,,,COLLEGE_CAMPUS,,,,,,,Free,,,,,,,,,,FALSE,,,,,,,,MD,FALSE
ELEC,St. Joseph's College,278 Whites Bridge Rd,,Standish,ME,4084,,855-752-4636,E,,Public,24 hours daily,,,,,1,1,,,Non-Networked,,GPS,43.827491,-70.482252,1/10/2022,78343,2022-02-10 19:42:29 UTC,P,,,7/10/2016,,,,,J1772 NEMA515,US,,,,Public,,public,,,COLLEGE_CAMPUS,,,,,,,Free,,,,,,,,,,FALSE,,,,,,,,MD,FALSE
ELEC,Richmond Electricians' Joint Apprenticeship and Training Center,11255 Air Park Rd,,Ashland,VA,23005,,804-752-8266,E,,Public,24 hours daily,,,,,,2,,,Non-Networked,,GPS,37.708642,-77.444334,10/12/2023,79858,2024-01-31 22:07:01 UTC,P,,,12/1/2014,,,,,J1772,US,,,,Public,,public,,,OFFICE_BLDG,,,,,,,Free,,,,,,,,,,FALSE,,,,,,,,MD,FALSE
ELEC,Eastern Mennonite University,1307 Park Rd,,Harrisonburg,VA,22802,,540-432-4000,E,,Public,24 hours daily,,,,,,2,,,Non-Networked,,GPS,38.472406,-78.878672,10/12/2021,79862,2022-02-10 19:42:29 UTC,P,,,7/1/2016,,,,,J1772,US,,,,Public,,public,,,COLLEGE_CAMPUS,,,,,,,Free,,,,,,,,,,FALSE,,,,,,,,HD,FALSE
ELEC,Yellowstone Forever,308 E Park St,Located at the north entrance to Yellowstone National Park,Gardiner,MT,59030,,406-848-2400,E,,Public,24 hours daily,,,,,,2,,,Non-Networked,,200-8,45.029727,-110.70782,4/6/2023,80048,2024-01-31 22:07:01 UTC,P,,,3/1/2016,,,,,J1772,US,,,,Public,,public,,,NATL_PARK,,,,,,,Free,,,,,,,,,,FALSE,,,,,Yellowstone National Park,,,HD,FALSE
ELEC,Royal Chevrolet,4502 W Broad St,,Richmond,VA,23230,,804-441-9393,E,,Public - Call ahead,Dealership business hours; customer use only,,,,,,1,,,Non-Networked,,200-9,37.577354,-77.48773,1/10/2022,80573,2022-04-28 20:01:31 UTC,P,,,11/1/2016,,,,,J1772,US,,,,Public - Appeler à l'avance,,public,CALL,,CAR_DEALER,,,,,,,Free,,,,,,,,,,TRUE,,,,,,,,MD,FALSE
ELEC,Wright Point Office Park,5200 Springfield St,,Riverside,OH,45431,,937-233-1801,E,,Public,7am-7pm M-F; 8am-12pm Sat,,,,,,2,,,Non-Networked,,200-9,39.781661,-84.118916,6/14/2022,80630,2023-02-14 15:54:11 UTC,P,,,6/1/2014,,,,,J1772,US,,,,Public,,public,,,OFFICE_BLDG,,,,,,,Free,,,,,,,,,,FALSE,,,,,,,,MD,FALSE
ELEC,Twin Falls Resort State Park,97 RR WV-97,,Mullens,WV,25882,,304-294-4000,E,,Public,24 hours daily,,,,,,1,,,Non-Networked,,GPS,37.637667,-81.439539,9/14/2023,81074,2024-01-31 22:07:01 UTC,P,,,1/18/2017,,,,,J1772,US,,,,Public,,public,,,PARK,,,,,,,Free,,,,,,,,,,FALSE,,,,,,,,MD,FALSE
ELEC,Skagit General Store,500 Newhalem St,"Located behind store, east of Highway 20",Rockport,WA,98283,,206-386-4489  206-684-3000,E,,Public,24 hours daily,,,,,,1,,,Non-Networked,,GPS,48.6735,-121.244711,1/9/2024,81080,2024-01-31 22:07:01 UTC,T,,,10/26/2019,,,,,J1772,US,,,,Public,,public,,,SHOPPING_CENTER,,,,,,,Free,,,,,,,,,,FALSE,,,,,,,,HD,TRUE
ELEC,Lincoln County Museum,600 7th St,Located one block south of Highway 2,Davenport,WA,99122,,509-725-6711,E,,Public,24 hours daily,,,,,,1,,,Non-Networked,,GPS,47.652922,-118.150361,1/9/2024,81083,2024-01-31 22:07:01 UTC,LG,,,10/1/2016,,,,,J1772,US,,,,Public,,public,,,MUSEUM,,,,,,,Free,,,,,,,,,,FALSE,,,,,,,,HD,FALSE
ELEC,Dave White Chevrolet,5880 Monroe St,,Sylvania,OH,43560,,800-893-9036,E,,Public,24 hours daily,,,,,,1,1,,Non-Networked,,200-9,41.714389,-83.683956,8/10/2023,81164,2024-01-31 22:07:01 UTC,P,,,12/1/2016,,,,,J1772 J1772COMBO,US,,,,Public,,public,,,CAR_DEALER,,,,,,,Free,,,,,,,,,,FALSE,,,,,,,,MD,FALSE
ELEC,Hawks Nest State Park,49 Hawks Nest Park Rd,,Ansted,WV,25812,,304-658-5212,E,,Public,24 hours daily,,,,,,1,,,Non-Networked,,GPS,38.122022,-81.118689,9/14/2023,81612,2024-01-31 22:07:01 UTC,SG,,,2/1/2017,,,,,J1772,US,,,,Public,,public,,,PARK,,,,,,,Free,,,,,,,,,,FALSE,,,,,,,,MD,FALSE
ELEC,Davidson Ford,3690 State Route 31,Located in the front of the building,Clay,NY,13090,,315-870-7000,E,,Public - Call ahead,Dealership business hours,,,,,,2,,,Non-Networked,,GPS,43.181259,-76.256973,7/12/2022,82355,2024-03-08 20:38:29 UTC,P,,,4/1/2017,,,,,J1772,US,,,,Public - Appeler à l'avance,,public,CALL,,CAR_DEALER,,,,,,,Free,,,,,,,,,,FALSE,,,,,,,,MD,FALSE
ELEC,City of Tonasket - City Hall,209 N Whitcomb,Located behind City Hall,Tonasket,WA,98855,,509-486-2132,E,,Public,24 hours daily,,,,,,1,,,Non-Networked,,GPS,48.705586,-119.438406,1/9/2024,82397,2024-01-31 22:07:01 UTC,LG,,,4/1/2017,,,,,J1772,US,,,,Public,,public,,,MUNI_GOV,,,,,,,Free,,,,,,,,,HYDRO,FALSE,,,,,,,,MD,FALSE
ELEC,Centura Health - ER,750 Warner Dr,,Golden,CO,80401,,303-925-4340,E,,Public,24 hours daily; for guest and patient use only,,,,,,1,,,Non-Networked,,200-8,39.72949,-105.21025,1/10/2023,82464,2023-02-14 15:54:11 UTC,P,,,7/1/2015,,,,,J1772,US,,,,Public,,public,,,HOSPITAL,,,,,,,Free,,,,,,,,,,TRUE,,,,,,,,MD,FALSE
ELEC,Holiday Inn Express,17140 W Colfax Ave,,Golden,CO,80401,,303-278-2388,E,,Public,24 hours daily; for guest use only,,,,,,4,,,Non-Networked,,200-9,39.722082,-105.192637,12/13/2023,82465,2024-01-31 22:07:01 UTC,P,,,7/1/2016,,,,,J1772,US,,,,Public,,public,,,HOTEL,,,,,,,,,,,,,,,,,TRUE,,,,,,,,MD,FALSE
ELEC,Juneau Hydropower,8585 Old Dairy Hwy,,Juneau,AK,99801,,907-789-2775,E,,Public,24 hours daily,,,,,,1,,,Non-Networked,,GPS,58.363727,-134.57555,8/10/2023,85589,2024-01-31 22:07:01 UTC,P,,,8/1/2015,,,,,J1772,US,,,,Public,,public,,,OFFICE_BLDG,,,,,,,Free,,,,,,,,,HYDRO,FALSE,,,,,,,,HD,FALSE
ELEC,Park Cedar Rapids - 4th Avenue Ramp,349 4th Ave SE,,Cedar Rapids,IA,52401,,319-423-7060,E,,Public,24 hours daily; pay lot,,,,,,8,,,Non-Networked,,200-9,41.976826,-91.663729,3/14/2024,87916,2024-03-14 18:02:10 UTC,P,,,10/4/2017,,,,,J1772,US,,,,Public,,public,,,PARKING_GARAGE,,,,,,,Free,,,,,,,,,,FALSE,,,,,,,,MD,FALSE
ELEC,Village of Sodus,14-16 Mill St,Enter municipal lot from Main or Gaylord Streets,Sodus,NY,14551,,315-483-9821,E,,Public,24 hours daily,,,,,,2,,,Non-Networked,,200-9,43.235555,-77.061621,3/14/2024,92116,2024-03-14 18:02:10 UTC,LG,,,8/1/2017,,,,,J1772,US,,,,Public,,public,,,MUNI_GOV,,,,,,,Free,,,,,,,,,,FALSE,,,,,,,,MD,FALSE
ELEC,Green Acres Market,7777 S Highway 97,,Redmond,OR,97756,,541-678-7581,E,,Public,24 hours daily,A Cash Checks D Debit M V,,,,,1,,,Non-Networked,,200-9,44.204363,-121.227364,4/6/2023,98546,2024-01-31 22:07:01 UTC,P,,,5/1/2018,,,,,J1772,US,,,,Public,,public,,,GROCERY,,,,,,,Free,,,,,,,,,,FALSE,,,,,,,,MD,FALSE
ELEC,Lake Metigoshe State Park,2 Lake Metigoshe State Park,Located between the swimming beach and the boat landing inside the Lake Metigoshe State Park,Bottineau,ND,58318,,701-228-2202,E,,Public,24 hours daily,,,,,,1,,,Non-Networked,,GPS,48.98332892,-100.3406965,8/10/2023,99955,2024-01-31 22:07:01 UTC,SG,,,7/22/2018,,,,,J1772,US,,,,Public,,public,,,PARK,,,,,,,Free,,,,,,,,,,FALSE,,,,,,,,HD,FALSE
ELEC,McMinnville Electric System - Main Building,200 W Morford St,,McMinnville,TN,37110,,931-473-3144,E,,Public,24 hours daily,,,,,,1,,,Non-Networked,,200-9,35.682623,-85.774901,2/12/2024,100324,2024-02-12 21:24:44 UTC,T,,,3/1/2018,,,,,J1772,US,,,,Public,,public,,,UTILITY,,,,,,,Free,,,,,,,,,,FALSE,,,,,,,,MD,FALSE
ELEC,Queensbury Rest Area - Northbound,368 Big Boom Rd,I-87,Queensbury,NY,12804,,518-457-6195,E,,Public,24 hours daily,,,,,,,2,,Non-Networked,,GPS,43.273451,-73.674594,7/12/2022,104978,2024-05-16 17:00:43 UTC,SG,,,9/20/2018,,,,,CHADEMO J1772COMBO,US,,,,Public,,public,,,TRAVEL_CENTER,,,,,,,Free,,,,,,,,,,FALSE,,,,,,,,MD,FALSE
ELEC,Village of Bergen - Municipal Parking,18 Buffalo St,Located in the Village of Bergen Municipal Parking Lot between 16 & 18 Buffalo Street,Bergen,NY,14416,,585-494-1513,E,,Public,24 hours daily,,,,,,2,,,Non-Networked,,GPS,43.085186,-77.943321,5/9/2024,116923,2024-05-09 20:32:20 UTC,LG,,,11/19/2018,,,,,J1772,US,,,,Public,,public,,,PARKING_LOT,,,,,,,Free,,,,,,,,,,FALSE,,,,,,,,MD,FALSE
ELEC,Washington County Public Library,478 Pike St,,Marietta,OH,45750,,740-373-1057,E,,Public,24 hours daily,,,,,,1,,,Non-Networked,,200-9,39.409451,-81.43195,6/14/2022,117435,2023-02-14 15:54:11 UTC,LG,,,11/15/2018,,,,,J1772,US,,,,Public,,public,,,LIBRARY,,,,,,,Free,,,,,,,,,SOLAR,FALSE,,,,,,,,MD,FALSE
ELEC,Craftsbury Outdoor Center,535 Lost Nation Rd,Far east end of first parking lot,Craftsbury Common,VT,5827,,802-586-7767,E,,Public,"24 hours daily; for visitor, member, and staff use only; Drivers must bring their own J1772 cordset for Level 1 charging",,,,,,7,,,Non-Networked,,200-9,44.680358,-72.36351,6/12/2023,117603,2024-01-31 22:07:01 UTC,P,,,1/15/2018,,,,,J1772,US,,,,Public,,public,,,REC_SPORTS_FACILITY,,,,,,,Free; donations encouraged,,,,,,,,,,TRUE,,,,,,,,HD,TRUE
ELEC,Connecticut State Capitol,210 Capitol Ave,"Located on the north-west side of the parking lot, about half way around.",Hartford,CT,6106,,860-240-0100,E,,Public,24 hours daily,,,,,,2,,,Non-Networked,,GPS,41.764759,-72.682868,5/5/2022,121017,2023-02-14 15:54:11 UTC,SG,,,7/1/2016,,,,,J1772,US,,,,Public,,public,,,STATE_GOV,,,,,,,Free,,,,,,,,,,FALSE,,,,,,,,MD,FALSE
ELEC,Ecker Hill - Park and Ride Lot,24602 W Kilby Rd,Exit 141 from I-80; head SE on frontage road; stations by bus shelters,Park City,UT,84098,,435-336-3200,E,,Public,24 hours daily; please move vehicle when done charging,,,,,,10,,,Non-Networked,,GPS,40.739544,-111.559906,1/10/2023,127974,2023-02-14 15:54:11 UTC,LG,,,6/15/2019,,,,,J1772,US,,,,Public,,public,,,PARKING_LOT,,,,,,,Free,,,,,,,,,,FALSE,,,,,,,,HD,FALSE
ELEC,City of Arvin,200 Campus Dr,Located on 4th and A street behind the Veteran's Hall and Adobe Complex,Arvin,CA,93203,,661-854-3134,E,,Public,24 hours daily,,,,,,10,,,Non-Networked,,200-9,35.210277,-118.832618,5/9/2024,131662,2024-05-09 20:32:20 UTC,LG,,,7/18/2019,,,,,J1772,US,,,,Public,,public,,,MUNI_GOV,,,,,,,$0.42 per kWh,,,,,,,,,,FALSE,,,,,,,,HD,FALSE
ELEC,Kealing Middle School,1607 Pennsylvania Ave,,Austin,TX,78702,,512-414-3214,E,,Public - Call ahead,After school hours only,,,,,,1,,,Non-Networked,,200-9,30.271041,-97.721917,5/5/2022,145173,2023-02-14 15:54:11 UTC,P,,,11/14/2018,,,,,J1772,US,,,,Public - Appeler à l'avance,,public,CALL,,SCHOOL,,,,,,,$4.17 per month through Austin Energy’s Plug-In EVerywhere℠ program,,,,,,,,,WIND,FALSE,,,,,,,,MD,FALSE
ELEC,Plaza on the Lake,5001 Plaza on the Lake,,Austin,TX,78746,,,E,,Public,24 hours daily,,,,,,2,,,Non-Networked,,GPS,30.34747,-97.80102,7/12/2022,146713,2023-02-14 15:54:11 UTC,P,,,9/1/2019,,,,,J1772,US,,,,Public,,public,,,OFFICE_BLDG,,,,,,,Free,,,,,,,,,,FALSE,,,,,,,,MD,FALSE
ELEC,Midwest Renewable Energy Association,7558 Deer Rd,,Custer,WI,54423,,715-592-6595,E,,Public,24 hours daily,,,,,,6,,,Non-Networked,,200-9,44.509682,-89.407059,12/13/2023,149106,2024-01-31 22:07:01 UTC,P,,,11/1/2015,,,,,J1772,US,,,,Public,,public,,,MUNI_GOV,,,,,,,Free,,,,,,,,,SOLAR,FALSE,,,,,,,,MD,FALSE
ELEC,Pinelands Preservation Alliance,17 Pemberton Rd,,Southampton,NJ,8088,,609-859-8860,E,,Public,Business hours,,,,,,2,,,Non-Networked,,200-9,39.940736,-74.745646,11/9/2023,150443,2024-01-31 22:07:01 UTC,P,,,12/12/2019,,,,,J1772,US,,,,Public,,public,,,PARK,,,,,,,Free,,,,,,,,,,FALSE,,,,,,,,MD,TRUE
ELEC,Town of Albany,827 Main St,,Albany,VT,5820,,802-755-6100,E,,Public,24 hours daily,Cash Checks,,,,,2,,,Non-Networked,,200-9,44.731202,-72.379063,8/10/2022,153546,2024-05-22 17:12:04 UTC,LG,,,11/8/2019,,,,,J1772,US,,,,Public,,public,,,MUNI_GOV,,,,,,,$2 per hour,,,,,,,,,,FALSE,,,,,,,,MD,FALSE
ELEC,Price Electric Co-op,W6803 Springs Dr,,Phillips,WI,54555,,715-339-2155,E,,Public,24 hours daily,,,,,,2,,,Non-Networked,,200-9,45.664816,-90.384741,11/9/2023,153609,2024-01-31 22:07:01 UTC,T,,,10/1/2019,,,,,J1772,US,,,,Public,,public,,,UTILITY,,,,,,,Free,,,,,,,,,,FALSE,,,,,,,,MD,FALSE
ELEC,EV Charge Solutions - Headquarters,7464 W Henrietta Rd,,Rush,NY,14543,,585-533-4051,E,,Public,24 hours daily,,,,,,4,,,Non-Networked,,200-9,42.996895,-77.667425,3/14/2024,154200,2024-03-14 18:02:10 UTC,P,,,5/1/2018,,,,,J1772,US,,,,Public,,public,,,OFFICE_BLDG,,,,,,,Free,,,,,,,,,,FALSE,,,,,,,,MD,FALSE
ELEC,Nanticoke River Discovery Center,113 Old Ocean Gateway,,Vienna,MD,21869,,443-944-1175,E,,Public,24 hours daily,,,,,,2,4,,Non-Networked,,GPS,38.485467,-75.823919,9/10/2021,156124,2022-02-10 19:42:29 UTC,P,,,11/1/2019,,,,,CHADEMO J1772 J1772COMBO,US,,,,Public,,public,,,MUSEUM,,,,,,,,,,,,,,,,,FALSE,,,,,,,,HD,FALSE
ELEC,Tru By Hilton Denver Airport Tower Road,6951 N Yampa St,,Denver,CO,80249,,303-307-9500,E,,Public,24 hours daily; for customer use only,,,,,,1,,,Non-Networked,,GPS,39.823081,-104.775506,12/13/2023,164189,2024-01-31 22:07:01 UTC,P,,,7/10/2020,,,,,J1772,US,,,,Public,,public,,,HOTEL,,,,,,,Free,,,,,,,,,,TRUE,,,,,,,,MD,FALSE
ELEC,NYPA - Hawkins Point Visitors Center,21 Hawkins Point Rd,,Massena,NY,13662,,315-764-0226,E,,Public,24 hours daily,,,,,,6,,,Non-Networked,,GPS,44.999505,-74.797209,3/14/2024,165351,2024-03-14 18:02:10 UTC,P,,,8/10/2020,,,,,J1772,US,,,,Public,,public,,,MUNI_GOV,,,,,,,Free,,,,,,,,,,FALSE,,,,,,,,MD,FALSE
ELEC,Camp Hebron,957 Camp Hebron Rd,,Halifax,PA,17032,,717-896-3441,E,,Public,24 hours daily,,,,,,2,,,Non-Networked,,GPS,40.4358444,-76.8925421,8/10/2023,166454,2024-01-31 22:07:01 UTC,P,,,4/3/2019,,,,,J1772,US,,,,Public,,public,,,OTHER_ENTERTAINMENT,,,,,,,Free,,,,,,,,,,FALSE,,,,,,,,MD,FALSE
ELEC,76 - Norco,3198 Hamner Ave,,Norco,CA,92860,,914-309-2440,E,,Public,24 hours daily,,,,,,,2,,EVGATEWAY,http://evgateway.com/,200-8,33.928312,-117.558425,4/14/2024,166807,2024-04-14 22:11:34 UTC,P,,,4/30/2020,,,,,CHADEMO J1772COMBO,US,,,,Public,,public,,,GAS_STATION,,,,,,,$0.65 per kWh + a $0.50 flat fee,,,,,,,,,,FALSE,,,,,,,,HD,FALSE
ELEC,Museum of the Plains,1200 N Main St,00.69 miles North of the intersection of US Highway 83 & Brillhart Avenue,Perryton,TX,79070,,,E,,Public,24 hours daily,,,,,,1,,,Non-Networked,,200-9,36.410288,-100.802176,6/14/2022,167022,2023-02-14 15:54:11 UTC,T,,,9/1/2019,,,,,J1772,US,,,,Public,,public,,,MUSEUM,,,,,,,Free,,,,,,,,,,FALSE,,,,,,,,MD,FALSE
ELEC,City of Bowling Green - City Park,520 Conneaut Ave,,Bowling Green,OH,43402,,419-354-6223,E,,Public,24 hours daily,,,,,,1,,,Non-Networked,,GPS,41.37997,-83.658087,7/12/2022,167302,2023-02-14 15:54:11 UTC,P,,,9/28/2020,,,,,J1772,US,,,,Public,,public,,,PARK,,,,,,,,,,,,,,,,,FALSE,,,,,,,,MD,FALSE
ELEC,Pace Preparatory Academy - High School,6711 E 2nd St,,Prescott Valley,AZ,86314,,928-775-9675,E,,Public,School business hours,,,,,,4,,,Non-Networked,,GPS,34.580127,-112.348886,1/10/2022,168302,2022-02-10 19:42:29 UTC,P,,,11/2/2020,,,,,J1772,US,,,,Public,,public,,,SCHOOL,,,,,,,Free,,,,,,,,,,FALSE,,,,,,,,MD,FALSE
ELEC,Glass Nickel Pizza Co - Madison East,2916 Atwood Ave,,Madison,WI,53704,,608-245=0880,E,,Public,24 hours daily,,,,,,2,,,Non-Networked,,GPS,43.094361,-89.341337,1/10/2022,169489,2022-02-10 19:42:29 UTC,P,,,11/16/2020,,,,,J1772,US,,,,Public,,public,,,RESTAURANT,,,,,,,Free,,,,,,,,,,FALSE,,,,,,,,MD,FALSE
ELEC,EZ Trip Travel Center #1275,28577 Avenue 12,,Madera,CA,93637,,559-975-9001,E,,Public - Credit card at all times,24 hours daily,A D Debit M V,,,,,,10,,Non-Networked,,GPS,36.924196,-120.026783,7/11/2023,169546,2024-01-31 22:07:01 UTC,P,,,11/30/2020,,,,,CHADEMO J1772COMBO,US,,,,Public - Carte de crédit en tout temps,,public,CREDIT_CARD_ALWAYS,,TRAVEL_CENTER,,,,,,,,,,,,,,,,,FALSE,,,,,,,,MD,FALSE
ELEC,Best Western - Hawthorne Terrace,3434 N Broadway Ave,,Chicago,IL,60657,,773-244-3434,E,,Public,24 hours daily,,,,,,1,,,AMPUP,https://ampup.io/,200-9,41.944195,-87.645488,9/10/2021,169699,2023-06-05 13:19:04 UTC,P,,,12/1/2020,,,,,J1772,US,,,,Public,,public,,,HOTEL,,,,,,,,,,,,,,,,,FALSE,,,,,,,,MD,FALSE
ELEC,United States Postal Service,12 Main St,,Essex,CT,6426,,833-692-6787,E,,Public,24 hours daily,,,,,,2,,,AMPUP,https://ampup.io/,200-8,41.352602,-72.389958,4/6/2023,169701,2024-01-31 22:07:01 UTC,P,,,12/1/2020,,,,,J1772,US,,,,Public,,public,,,MUNI_GOV,,,,,,,Free,,,,,,,,,,FALSE,,,,,,,,MD,FALSE
ELEC,EVolve NY - Schroon Lake - Sunoco,1567 U.S. 9,,Schroon Lake,NY,12870,,914-287-4200,E,,Public,24 hours daily,,,,,,1,,,Non-Networked,,GPS,43.869511,-73.752705,7/12/2022,170565,2024-02-27 21:40:14 UTC,P,,,12/21/2020,,,,,J1772,US,,,,Public,,public,,,GAS_STATION,,,,,,,FREE,,,,,,,,,,FALSE,,,,,,,,MD,FALSE
ELEC,"Downtown Parking Lot - Woodstock, VA",118 S Church St,,Woodstock,VA,22664,,540-459-3621,E,,Public,24 hours daily,,,,,,2,,,Non-Networked,,GPS,38.881153,-78.504715,12/13/2022,170567,2023-02-14 15:54:11 UTC,P,,,12/21/2020,,,,,J1772 TESLA,US,,,,Public,,public,,,PARKING_LOT,,,,,,,Free,,,,,,,,,,FALSE,,,,,,,,MD,FALSE
ELEC,River County Convenience Store,26473 WI-27,,Holcombe,WI,54745,,715-595-4112,E,,Public,24 hours daily,,,,,,2,,,Non-Networked,,GPS,45.22733,-91.109815,12/13/2023,185013,2024-01-31 22:07:01 UTC,P,,,2/8/2021,,,,,J1772,US,,,,Public,,public,,,CONVENIENCE_STORE,,,,,,,Free; donations accepted,,,,,,,,,,FALSE,,,,,,,,MD,FALSE
ELEC,Barron Electric Co-op,1434 WI-25,,Barron,WI,54812,,800-322-1008,E,,Public,24 hours daily,,,,,,1,,,Non-Networked,,GPS,45.412634,-91.84859,12/13/2023,185014,2024-01-31 22:07:01 UTC,P,,,2/8/2021,,,,,J1772,US,,,,Public,,public,,,UTILITY,,,,,,,$0.25 per kWh,,,,,,,,,,FALSE,,,,,,,,HD,FALSE
ELEC,Normandy Square,7900 Normandy Blvd,,Jacksonville,FL,32221,,904-671-7720,E,,Public,24 hours daily,,,,,,,6,,eVgo Network,https://www.evgo.com/,GPS,30.29380884,-81.7795407,1/10/2022,185204,2022-02-10 19:42:29 UTC,P,,,11/1/2021,,,,,CHADEMO J1772COMBO,US,,,,Public,,public,,,SHOPPING_CENTER,,,,,,,Fee required via EVgo app,,,,,,,,,,FALSE,,,,,,,,MD,FALSE
ELEC,Love’s Travel Stop - Madera,3175 Avenue 17,,Madera,CA,93637,,866-816-7584,E,,Public - Credit card at all times,24 hours daily,A Debit M V,,,,,3,,,Non-Networked,,GPS,36.99628,-120.097911,7/11/2023,185672,2024-01-31 22:07:01 UTC,P,,,1/1/2021,,,,,J1772,US,,,,Public - Carte de crédit en tout temps,,public,CREDIT_CARD_ALWAYS,,TRUCK_STOP,,,,,,,$1 per hour; $1 to start,,,,,,,,,,FALSE,,,,,,,,MD,FALSE
ELEC,Molly's Spirits,8557 E Arapahoe Rd,,Greenwood Village,CO,80112,,720-990-5208,E,,Public,24 hours daily; Employees only,,,,,,5,,,Non-Networked,,GPS,39.596552,-104.891056,11/9/2023,186210,2024-01-31 22:07:01 UTC,P,,,11/29/2019,,,,,J1772,US,,,,Public,,public,,,SHOPPING_CENTER,,,,,,,Free,,,,,,,,,,TRUE,,,,,,,,MD,TRUE
ELEC,Segovia Truck Stop,465 Old Segovia Rd,,Junction,TX,76849,,325-446-3693,T,6/26/2024,TEMPORARILY UNAVAILABLE (Public),24 hours daily,,,,,,,3,,Non-Networked,,200-6,30.35815,-99.606129,7/11/2023,186211,2024-01-31 22:07:01 UTC,P,,,10/29/2021,,,,,CHADEMO J1772COMBO,US,,,,TEMPORAIREMENT SUSPENDU (Public),,public,,,TRUCK_STOP,,,,,,,,,,,,,,,,,FALSE,,,,,,,,HD,FALSE
ELEC,Ferguson Township,3147 Research Dr,,State College,PA,16801,,,E,,Public,"Mon-Th 8am-5pm, Fri 8am-4pm",,,,,,1,,,Non-Networked,,200-9,40.762901,-77.874672,1/9/2024,195877,2024-01-31 22:07:01 UTC,LG,,,11/7/2019,,,,,J1772,US,,,,Public,,public,,,MUNI_GOV,,,,,,,,,,,,,,,,,FALSE,,,,,,,,MD,TRUE
ELEC,ReCharge Alaska,Mile 214.5 Parks Hwy,Marked by signage on the north and south side,Denali National Park and Preserve,AK,99755,,907-354-0016,E,,Public - Credit card at all times,24 hours daily; NACS adapter provided,A D Debit M V,,,,,,1,,Non-Networked,,GPS,63.44725602,-148.8350632,5/9/2024,196541,2024-05-09 20:32:20 UTC,P,,,9/30/2021,,,,,CHADEMO J1772COMBO,US,,,,Public - Carte de crédit en tout temps,,public,CREDIT_CARD_ALWAYS,,NATL_PARK,,,,,,,$0.55 per kWh,,,,,,,,,,FALSE,,,,,Denali National Park,,,MD,FALSE
ELEC,Virginia City Central Parking Lot,204 W Wallace St,,Virginia City,MT,59755,,,E,,Public,24 hours daily,ACCOUNT_BALANCE,,,,,2,,,Non-Networked,,GPS,45.29325,-111.9466,1/10/2022,202570,2022-02-10 19:42:29 UTC,LG,,,5/1/2021,,,,,J1772,US,,,,Public,,public,,,PARKING_LOT,,,,,,,Free,,,,,,,,,,FALSE,,,,,,,,MD,FALSE
ELEC,Ginkgo Petrified Forest - Trees of Stone Trailhead,Vantage Hwy,"Parking lot for Ginkgo Petrified Forest Interpretive Trails, about 2.5 miles northwest of I-90, exit 136.",Ellensburg,WA,98926,,360-902-8844,E,,Public,24 hours daily; Discover Pass required,,,,,,2,,,Non-Networked,,200-6,46.97901,-120.25756,12/13/2022,204476,2023-05-26 13:34:09 UTC,P,,,10/27/2021,,,,,J1772,US,,,,Public,,public,,,STATE_GOV,,,,,,,Free,,,,,,,,,SOLAR,FALSE,,,,,Mount Rainier National Park,,,MD,FALSE
ELEC,"CircleK - Rock Hill, SC",2764 Cherry Rd,,Rock Hill,SC,29730,,833-505-2291,E,,Public - Credit card at all times,24 hours daily,A ANDROID_PAY APPLE_PAY CREDIT Debit M V,,,,,,4,,CIRCLE_K,https://www.circlek.com/charge/,GPS,34.976005,-80.983129,2/13/2023,222442,2023-02-14 15:54:11 UTC,P,,,5/19/2022,,,,,CHADEMO J1772COMBO,US,,,,Public - Carte de crédit en tout temps,,public,CREDIT_CARD_ALWAYS,,CONVENIENCE_STORE,,,,,,,$0.35 per kwh,,,,,,,,,,FALSE,,,,,,,,MD,FALSE
ELEC,Applegreen Electric I-95 Madison SB Service Plaza,1 South St,,Madison,CT,6443,,888-557-7099,E,,Public,24 hours daily,CREDIT Debit,,,,,,2,,Non-Networked,,GPS,41.29154072,-72.57949609,5/9/2024,223850,2024-05-09 20:32:20 UTC,P,,,5/27/2022,,,,,CHADEMO J1772COMBO,US,,,,Public,,public,,,REST_STOP,,,,,,,$0.59 per kWh,,,,,,,,,,FALSE,,,,,,,,MD,FALSE
ELEC,Express Inn & Suites,1100 E Palestine Ave,,Palastine,TX,75801,,866 350-2738,E,,Public,24 hours daily,A CREDIT D M V,,,,,2,,,UNIVERSAL,https://universalevcharging.com/,GPS,31.7752557,-95.620757,9/14/2022,225052,2023-02-14 15:54:11 UTC,P,,,6/14/2022,,,,,J1772,US,,,,Public,,public,,,HOTEL,,,,,,,$0.30 per kWh,,,,,,,,,,FALSE,,,,,,,,MD,FALSE
ELEC,Motel 6 Palestine,1101 E Palestine Ave,,Palastine,TX,75801,,866 350-2738,E,,Public,24 hours daily,A CREDIT D M V,,,,,2,,,UNIVERSAL,https://universalevcharging.com/,GPS,31.776005,-95.619839,9/14/2022,225053,2023-02-14 15:54:11 UTC,P,,,6/14/2022,,,,,J1772,US,,,,Public,,public,,,HOTEL,,,,,,,$0.30 per kWh,,,,,,,,,,FALSE,,,,,,,,MD,FALSE
ELEC,Fairfield Inn & Suites by Marriott Dallas Plano North,3415 Premier Dr,,Plano,TX,75023,,866 350-2738,E,,Public,24 hours daily,A CREDIT D M V,,,,,2,,,UNIVERSAL,https://universalevcharging.com/,GPS,33.0449766,-96.7029446,9/14/2022,225054,2023-02-14 15:54:11 UTC,P,,,6/24/2022,,,,,J1772,US,,,,Public,,public,,,HOTEL,,,,,,,$0.30 per kWh,,,,,,,,,,FALSE,,,,,,,,MD,FALSE
ELEC,Delux Inn,102 NE 10th St,,Grand Prairie,TX,75050,,866 350-2738,E,,Public,24 hours daily,A CREDIT D M V,,,,,2,,,UNIVERSAL,https://universalevcharging.com/,GPS,32.7465142,-96.9922104,9/14/2022,225055,2023-02-14 15:54:11 UTC,P,,,6/29/2022,,,,,J1772,US,,,,Public,,public,,,HOTEL,,,,,,,$0.30 per kWh,,,,,,,,,,FALSE,,,,,,,,MD,FALSE
ELEC,SLPS Community Center,1910 N Britain Rd,,Irving,TX,75061,,866 350-2738,E,,Public,24 hours daily,A CREDIT D M V,,,,,4,2,,UNIVERSAL,https://universalevcharging.com/,GPS,32.8342711,-96.9443721,9/14/2022,225056,2023-02-14 15:54:11 UTC,P,,,6/27/2022,,,,,J1772 J1772COMBO,US,,,,Public,,public,,,HOTEL,,,,,,,$0.30 per kWh,,,,,,,,,,FALSE,,,,,,,,MD,FALSE
ELEC,Ranger Inn & Suites,800 Six Flags Dr,,Arlington,TX,76011,,866 350-2738,E,,Public,24 hours daily,A CREDIT D M V,,,,,2,,,UNIVERSAL,https://universalevcharging.com/,GPS,32.7546119,-97.0665834,9/14/2022,225057,2023-02-14 15:54:11 UTC,P,,,7/26/2022,,,,,J1772,US,,,,Public,,public,,,HOTEL,,,,,,,$0.30 per kWh,,,,,,,,,,FALSE,,,,,,,,MD,FALSE
ELEC,Home2 Suites by Hilton Bedford DFW West,1916 Forest Ridge Dr,,Bedford,TX,76021,,866 350-2738,E,,Public,24 hours daily,A CREDIT D M V,,,,,2,,,UNIVERSAL,https://universalevcharging.com/,GPS,32.838573,-97.1417523,9/14/2022,225058,2023-02-14 15:54:11 UTC,P,,,7/25/2022,,,,,J1772,US,,,,Public,,public,,,HOTEL,,,,,,,$0.30 per kWh,,,,,,,,,,FALSE,,,,,,,,MD,FALSE
ELEC,Super 8 by Wyndham Arlington Near AT&T Stadium,2712 E Abram St,,Arlington,TX,76010,,866 350-2738,E,,Public,24 hours daily,A CREDIT D M V,,,,,2,,,UNIVERSAL,https://universalevcharging.com/,GPS,32.7353303,-97.0607227,9/14/2022,225059,2023-02-14 15:54:11 UTC,P,,,7/26/2022,,,,,J1772,US,,,,Public,,public,,,HOTEL,,,,,,,$0.30 per kWh,,,,,,,,,,FALSE,,,,,,,,MD,FALSE
ELEC,"Staybridge Suites Dallas - Grand Prairie, an IHG Hotel",4043 Lake Ridge Pkwy,,Grand Prairie,TX,75052,,866 350-2738,E,,Public,24 hours daily,A CREDIT D M V,,,,,2,,,UNIVERSAL,https://universalevcharging.com/,GPS,32.6740061,-97.0234693,9/14/2022,225060,2023-02-14 15:54:11 UTC,P,,,1/1/2021,,,,,J1772,US,,,,Public,,public,,,HOTEL,,,,,,,$0.30 per kWh,,,,,,,,,,FALSE,,,,,,,,MD,FALSE
ELEC,Best Western Plus Arlington North Hotel & Suites,2075 N State Highway 360,,Grand Prairie,TX,75050,,866 350-2738,E,,Public,24 hours daily,A CREDIT D M V,,,,,2,,,UNIVERSAL,https://universalevcharging.com/,GPS,32.7837441,-97.060696,9/14/2022,225061,2023-02-14 15:54:11 UTC,P,,,7/28/2022,,,,,J1772,US,,,,Public,,public,,,HOTEL,,,,,,,$0.30 per kWh,,,,,,,,,,FALSE,,,,,,,,MD,FALSE
ELEC,Days Inn By Wyndham Arlington,1901 W Pleasant Ridge Rd,,Arlington,TX,75015,,866 350-2738,E,,Public,24 hours daily,A CREDIT D M V,,,,,2,,,UNIVERSAL,https://universalevcharging.com/,GPS,32.6785706,-97.1390085,9/14/2022,225062,2023-02-14 15:54:11 UTC,P,,,1/1/2021,,,,,J1772,US,,,,Public,,public,,,HOTEL,,,,,,,$0.30 per kWh,,,,,,,,,,FALSE,,,,,,,,MD,FALSE
ELEC,Best Western Plus - Mansfield Inn & Suites,775 U.S. 287 Frontage Rd,,Mansfield,TX,76063,,866-350-2738,E,,Public,24 hours daily,A CREDIT D M V,,,,,2,,,UNIVERSAL,https://universalevcharging.com/,GPS,32.579125,-97.129547,9/14/2022,225642,2023-02-14 15:54:11 UTC,P,,,8/5/2022,,,,,J1772,US,,,,Public,,public,,,HOTEL,,,,,,,$0.30 per kWh,,,,,,,,,,FALSE,,,,,,,,MD,FALSE
ELEC,Best Western Executive Inn,1910 N Hwy 175,,Seagoville,TX,75159,,866-350-2738,E,,Public,24 hours daily,A CREDIT D M V,,,,,2,,,UNIVERSAL,https://universalevcharging.com/,GPS,32.660054,-96.5684054,9/14/2022,225643,2023-02-14 15:54:11 UTC,P,,,8/8/2022,,,,,J1772,US,,,,Public,,public,,,HOTEL,,,,,,,$0.30 per kWh,,,,,,,,,,FALSE,,,,,,,,MD,FALSE
ELEC,Comfort Inn & Suites Balch Springs - Se Dallas,4019 S Belt Line Rd,,Balch Springs,TX,75181,,866-350-2738,E,,Public,24 hours daily,A CREDIT D M V,,,,,2,,,UNIVERSAL,https://universalevcharging.com/,GPS,32.712428,-96.5863554,9/14/2022,225644,2023-02-14 15:54:11 UTC,P,,,8/9/2022,,,,,J1772,US,,,,Public,,public,,,HOTEL,,,,,,,$0.30 per kWh,,,,,,,,,,FALSE,,,,,,,,MD,FALSE
ELEC,Countryside Inn,501 E Fair St,,Kaufman,TX,75142,,866-350-2738,E,,Public,24 hours daily,A CREDIT D M V,,,,,2,,,UNIVERSAL,https://universalevcharging.com/,GPS,32.573143,-96.3049082,9/14/2022,225645,2023-02-14 15:54:11 UTC,P,,,8/10/2022,,,,,J1772,US,,,,Public,,public,,,HOTEL,,,,,,,$0.30 per kWh,,,,,,,,,,FALSE,,,,,,,,MD,FALSE
ELEC,Budget Host Inn,1000 E Division St,,Arlington,TX,76011,,866-350-2738,E,,Public,24 hours daily,A CREDIT D M V,,,,,2,,,UNIVERSAL,https://universalevcharging.com/,GPS,32.7391434,-97.0959872,9/14/2022,225646,2023-02-14 15:54:11 UTC,P,,,8/2/2022,,,,,J1772,US,,,,Public,,public,,,HOTEL,,,,,,,$0.30 per kWh,,,,,,,,,,FALSE,,,,,,,,MD,FALSE
ELEC,Motel 6 - Tyler,101 Mira Pl,,Terrell,TX,75160,,866-350-2738,E,,Public - Credit card at all times,24 hours daily,A CREDIT D M V,,,,,2,,,UNIVERSAL,https://universalevcharging.com/,GPS,32.703731,-96.2778278,9/14/2022,226193,2023-02-14 15:54:11 UTC,P,,,8/10/2022,,,,,J1772,US,,,,Public - Carte de crédit en tout temps,,public,CREDIT_CARD_ALWAYS,,HOTEL,,,,,,,$0.30 per kWh,,,,,,,,,,FALSE,,,,,,,,MD,FALSE
ELEC,Holiday Inn Express & Suites - Longview North,431 E Loop 281,,Longview,TX,75605,,866-350-2738,E,,Public - Credit card at all times,24 hours daily,A CREDIT D M V,,,,,2,,,UNIVERSAL,https://universalevcharging.com/,GPS,32.5427247,-94.7331817,9/14/2022,226194,2023-02-14 15:54:11 UTC,P,,,8/16/2022,,,,,J1772,US,,,,Public - Carte de crédit en tout temps,,public,CREDIT_CARD_ALWAYS,,HOTEL,,,,,,,$0.30 per kWh,,,,,,,,,,FALSE,,,,,,,,MD,FALSE
ELEC,Comfort Suites - Tyler South,303 E Rieck Rd,,Tyler,TX,75703,,866-350-2738,E,,Public - Credit card at all times,24 hours daily,A CREDIT D M V,,,,,2,,,UNIVERSAL,https://universalevcharging.com/,GPS,32.2884667,-95.2981184,9/14/2022,226195,2023-02-14 15:54:11 UTC,P,,,8/17/2022,,,,,J1772,US,,,,Public - Carte de crédit en tout temps,,public,CREDIT_CARD_ALWAYS,,HOTEL,,,,,,,$0.30 per kWh,,,,,,,,,,FALSE,,,,,,,,MD,FALSE
ELEC,Motel 6 - Tyler,3393 S SW Loop 323,,Tyler,TX,75701,,866-350-2738,E,,Public - Credit card at all times,24 hours daily,A CREDIT D M V,,,,,2,,,UNIVERSAL,https://universalevcharging.com/,GPS,32.3100435,-95.3410505,9/14/2022,226196,2023-02-14 15:54:11 UTC,P,,,8/17/2022,,,,,J1772,US,,,,Public - Carte de crédit en tout temps,,public,CREDIT_CARD_ALWAYS,,HOTEL,,,,,,,$0.30 per kWh,,,,,,,,,,FALSE,,,,,,,,MD,FALSE
ELEC,Super 8 by Wyndham Terrell,1618 TX-34 S,,Terrell,TX,75160,,866-350-2738,E,,Public - Credit card at all times,24 hours daily,A CREDIT D M V,,,,,2,,,UNIVERSAL,https://universalevcharging.com/,GPS,32.7358471,-96.2729153,10/11/2022,227754,2023-02-14 15:54:11 UTC,P,,,8/19/2022,,,,,J1772,US,,,,Public - Carte de crédit en tout temps,,public,CREDIT_CARD_ALWAYS,,HOTEL,,,,,,,$0.30 per kWh,,,,,,,,,,FALSE,,,,,,,,MD,FALSE
ELEC,"Holiday Inn Express & Suites Dallas Northeast - Arboretum, an IHG Hotel",11331 W Kingsley Rd,,Dallas,TX,75238,,866-350-2739,E,,Public - Credit card at all times,24 hours daily,A CREDIT D M V,,,,,2,,,UNIVERSAL,https://universalevcharging.com/,GPS,32.8788782,-96.6853215,10/11/2022,227755,2023-02-14 15:54:11 UTC,P,,,8/26/2022,,,,,J1772,US,,,,Public - Carte de crédit en tout temps,,public,CREDIT_CARD_ALWAYS,,HOTEL,,,,,,,$0.30 per kWh,,,,,,,,,,FALSE,,,,,,,,MD,FALSE
ELEC,Fairfield Community Arts Center,411 Wessel Dr,,Fairfield,OH,45014,,513-867-4200,E,,Public - Limited hours,24 hours daily,,,,,,2,,,AMPUP,https://ampup.io/,200-9,39.334096,-84.563876,11/10/2022,228898,2023-02-21 17:44:55 UTC,SG,,,8/1/2022,,,,,J1772,US,,,,Public - Heures limitées,,public,LIMITED_HOURS,,STATE_GOV,,,,,,,Free,,,,,,,,,,TRUE,,,,,,,,MD,FALSE
ELEC,Town Hall of Macedon,32 W Main St,,Macedon,NY,14502,,833-692-6787,E,,Public - Credit card at all times,24 hours daily,CREDIT Debit,,,,,1,,,AMPUP,https://ampup.io/,GPS,43.0670752,-77.30666419,1/10/2023,229395,2023-02-21 17:46:35 UTC,LG,,,8/1/2022,,,,,J1772,US,,,,Public - Carte de crédit en tout temps,,public,CREDIT_CARD_ALWAYS,,MUNI_GOV,,,,,,,Free,,,,,,,,,,FALSE,,,,,,,,HD,FALSE
ELEC,Holiday Inn Express & Suites - Granbury,1515 N Plaza Dr,,Granbury,TX,76048,,866-350-2738,E,,Public - Credit card at all times,24 hours daily,A CREDIT D M V,,,,,2,,,UNIVERSAL,https://universalevcharging.com/,GPS,32.4392324,-97.7614392,11/10/2022,234580,2023-02-14 15:54:11 UTC,P,,,10/7/2022,,,,,J1772,US,,,,Public - Carte de crédit en tout temps,,public,CREDIT_CARD_ALWAYS,,HOTEL,,,,,,,$0.30 per kWh,,,,,,,,,,FALSE,,,,,,,,MD,FALSE
ELEC,Motel 6 - Corsicana,2018 US-287,,Corsicana,TX,75110,,866-350-2738,E,,Public - Credit card at all times,24 hours daily,A CREDIT D M V,,,,,2,,,UNIVERSAL,https://universalevcharging.com/,GPS,32.097375,-96.441059,11/10/2022,234581,2023-02-14 15:54:11 UTC,P,,,9/30/2022,,,,,J1772,US,,,,Public - Carte de crédit en tout temps,,public,CREDIT_CARD_ALWAYS,,HOTEL,,,,,,,$0.30 per kWh,,,,,,,,,,FALSE,,,,,,,,MD,FALSE
ELEC,Best Western Plus - Executive Residency Pottstown,1600 Industrial Hwy,,Pottstown,PA,19464,,866-350-2738,E,,Public - Credit card at all times,24 hours daily,A CREDIT D M V,,,,,4,,,UNIVERSAL,https://universalevcharging.com/,GPS,40.2337342,-75.6070455,11/9/2023,234582,2024-01-31 22:07:01 UTC,P,,,9/24/2022,,,,,J1772,US,,,,Public - Carte de crédit en tout temps,,public,CREDIT_CARD_ALWAYS,,HOTEL,,,,,,,$0.30 per kWh,,,,,,,,,,FALSE,,,,,,,,MD,FALSE
ELEC,La Quinta Inn & Suites by Wyndham - Dallas Duncanville,835 E Highway 67,,Duncanville,TX,75137,,866-350-2738,E,,Public - Credit card at all times,24 hours daily,A CREDIT D M V,,,,,2,,,UNIVERSAL,https://universalevcharging.com/,GPS,32.6401193,-96.8916579,11/10/2022,234583,2023-02-14 15:54:11 UTC,P,,,10/4/2022,,,,,J1772,US,,,,Public - Carte de crédit en tout temps,,public,CREDIT_CARD_ALWAYS,,HOTEL,,,,,,,$0.30 per kWh,,,,,,,,,,FALSE,,,,,,,,MD,FALSE
ELEC,Comfort Inn,811 Northern Blvd,,Clarks Summit,PA,18411,,866-350-2738,E,,Public - Credit card at all times,24 hours daily,A CREDIT D M V,,,,,2,,,UNIVERSAL,https://universalevcharging.com/,GPS,41.4809,-75.6887,11/9/2023,234584,2024-01-31 22:07:01 UTC,P,,,9/2/2022,,,,,J1772,US,,,,Public - Carte de crédit en tout temps,,public,CREDIT_CARD_ALWAYS,,HOTEL,,,,,,,$0.30 per kWh,,,,,,,,,,FALSE,,,,,,,,MD,FALSE
ELEC,Holiday Inn Express & Suites - Stroudsburg-Poconos,1863 W Main St,,Stroudsburg,PA,18360,,866-350-2738,E,,Public - Credit card at all times,24 hours daily,A CREDIT D M V,,,,,4,,,UNIVERSAL,https://universalevcharging.com/,GPS,40.98223,-75.22111,11/10/2022,234585,2023-02-14 15:54:11 UTC,P,,,9/2/2022,,,,,J1772,US,,,,Public - Carte de crédit en tout temps,,public,CREDIT_CARD_ALWAYS,,HOTEL,,,,,,,$0.30 per kWh,,,,,,,,,,FALSE,,,,,,,,MD,FALSE
ELEC,Comfort Inn Horsham - Philadelphia,245 Easton Rd Building A,,Horsham,PA,19044,,866-350-2738,E,,Public - Credit card at all times,24 hours daily,A CREDIT D M V,,,,,4,,,UNIVERSAL,https://universalevcharging.com/,GPS,40.1755813,-75.1282515,11/10/2022,234586,2023-02-14 15:54:11 UTC,P,,,9/2/2022,,,,,J1772,US,,,,Public - Carte de crédit en tout temps,,public,CREDIT_CARD_ALWAYS,,HOTEL,,,,,,,$0.30 per kWh,,,,,,,,,,FALSE,,,,,,,,MD,FALSE
ELEC,Best Western - Burlington Inn,2020 County Rd 541,,Westampton,NJ,8060,,866-350-2738,E,,Public - Credit card at all times,24 hours daily,A CREDIT D M V,,,,,1,,,UNIVERSAL,https://universalevcharging.com/,GPS,40.0129036,-74.8053833,11/10/2022,234587,2023-02-14 15:54:11 UTC,P,,,9/24/2022,,,,,J1772,US,,,,Public - Carte de crédit en tout temps,,public,CREDIT_CARD_ALWAYS,,HOTEL,,,,,,,$0.30 per kWh,,,,,,,,,,FALSE,,,,,,,,MD,FALSE
ELEC,Comfort Inn & Suites - Wyomissing/Reading,635 Spring St,,Wyomissing,PA,19610,,866-350-2738,E,,Public - Credit card at all times,24 hours daily,A CREDIT D M V,,,,,4,,,UNIVERSAL,https://universalevcharging.com/,GPS,40.3462259,-75.9619347,11/9/2023,234588,2024-01-31 22:07:01 UTC,P,,,10/24/2022,,,,,J1772,US,,,,Public - Carte de crédit en tout temps,,public,CREDIT_CARD_ALWAYS,,HOTEL,,,,,,,$0.30 per kWh,,,,,,,,,,FALSE,,,,,,,,MD,FALSE
ELEC,Motel 6 - White Settlement,7960 West Fwy,,Fort Worth,TX,76108,,866-350-2738,E,,Public - Credit card at all times,24 hours daily,A CREDIT D M V,,,,,4,,,UNIVERSAL,https://universalevcharging.com/,GPS,32.737662,-97.485012,11/10/2022,234589,2023-02-14 15:54:11 UTC,P,,,9/26/2022,,,,,J1772,US,,,,Public - Carte de crédit en tout temps,,public,CREDIT_CARD_ALWAYS,,HOTEL,,,,,,,$0.30 per kWh,,,,,,,,,,FALSE,,,,,,,,MD,FALSE
ELEC,La Quinta Inn & Suites by Wyndham - Dallas Richardson,13175 N Central Expy,,Dallas,TX,75243,,866-350-2738,E,,Public - Credit card at all times,24 hours daily,A CREDIT D M V,,,,,2,,,UNIVERSAL,https://universalevcharging.com/,GPS,32.9280789,-96.7634954,11/10/2022,234590,2023-02-14 15:54:11 UTC,P,,,9/28/2022,,,,,J1772,US,,,,Public - Carte de crédit en tout temps,,public,CREDIT_CARD_ALWAYS,,HOTEL,,,,,,,$0.30 per kWh,,,,,,,,,,FALSE,,,,,,,,MD,FALSE
ELEC,Holiday Inn Express & Suites - Allentown West,5630 Tilghman St,,Allentown,PA,18104,,610-530-5545,E,,Public - Credit card at all times,24 hours daily,A CREDIT D M V,,,,,4,,,UNIVERSAL,https://universalevcharging.com/,GPS,40.5972083,-75.5294042,11/10/2022,234591,2023-02-14 15:54:11 UTC,P,,,9/28/2022,,,,,J1772,US,,,,Public - Carte de crédit en tout temps,,public,CREDIT_CARD_ALWAYS,,HOTEL,,,,,,,$0.30 per kWh,,,,,,,,,,FALSE,,,,,,,,MD,FALSE
ELEC,Home2 Suites by Hilton - Wilkes-Barre,872 Schechter Dr,,Wilkes-Barre,PA,18702,,866-350-2738,E,,Public - Credit card at all times,24 hours daily,A CREDIT D M V,,,,,4,,,UNIVERSAL,https://universalevcharging.com/,GPS,41.233542,-75.859458,11/10/2022,234706,2023-02-14 15:54:11 UTC,P,,,9/11/2022,,,,,J1772,US,,,,Public - Carte de crédit en tout temps,,public,CREDIT_CARD_ALWAYS,,HOTEL,,,,,,,$0.30 per kWh,,,,,,,,,,FALSE,,,,,,,,MD,FALSE
ELEC,Holiday Inn Express - Pittston Scranton Airport,400 PA-315,,Pittston,PA,18640,,866-350-2738,E,,Public - Credit card at all times,24 hours daily,A CREDIT D M V,,,,,4,,,UNIVERSAL,https://universalevcharging.com/,GPS,41.29823,-75.738725,11/10/2022,234707,2023-02-14 15:54:11 UTC,P,,,9/9/2022,,,,,J1772,US,,,,Public - Carte de crédit en tout temps,,public,CREDIT_CARD_ALWAYS,,HOTEL,,,,,,,$0.30 per kWh,,,,,,,,,,FALSE,,,,,,,,MD,FALSE
ELEC,Best Western Plus - Stephenville Inn,121 S Lockhart Rd,,Stephenville,TX,76401,,866-350-2738,E,,Public - Credit card at all times,24 hours daily,A CREDIT D M V,,,,,2,,,UNIVERSAL,https://universalevcharging.com/,GPS,32.2023714,-98.2404544,12/13/2022,236187,2023-02-14 15:54:11 UTC,P,,,10/12/2022,,,,,J1772,US,,,,Public - Carte de crédit en tout temps,,public,CREDIT_CARD_ALWAYS,,HOTEL,,,,,,,,,,,,,,,,,FALSE,,,,,,,,MD,FALSE
ELEC,Quality Inn,2700 S Cherry Ln,,Fort Worth,TX,76116,,866-350-2738,E,,Public - Credit card at all times,24 hours daily,A CREDIT D M V,,,,,2,,,UNIVERSAL,https://universalevcharging.com/,GPS,32.7353145,-97.4517544,12/13/2022,236188,2023-02-14 15:54:11 UTC,P,,,10/17/2022,,,,,J1772,US,,,,Public - Carte de crédit en tout temps,,public,CREDIT_CARD_ALWAYS,,HOTEL,,,,,,,,,,,,,,,,,FALSE,,,,,,,,MD,FALSE
ELEC,Motel 6,200 N Interstate 35 E Rd,,Waxahachie,TX,75165,,866-350-2738,E,,Public - Credit card at all times,24 hours daily,A CREDIT D M V,,,,,2,,,UNIVERSAL,https://universalevcharging.com/,GPS,32.407364,-96.873015,12/13/2022,236189,2023-02-14 15:54:11 UTC,P,,,10/19/2022,,,,,J1772,US,,,,Public - Carte de crédit en tout temps,,public,CREDIT_CARD_ALWAYS,,HOTEL,,,,,,,,,,,,,,,,,FALSE,,,,,,,,MD,FALSE
ELEC,La Quinta Inn & Suites by Wyndham - Waxahachie,311 Stadium Dr,,Waxahachie,TX,75165,,866-350-2738,E,,Public - Credit card at all times,24 hours daily,A CREDIT D M V,,,,,2,,,UNIVERSAL,https://universalevcharging.com/,GPS,32.4166242,-96.8361756,12/13/2022,236190,2023-02-14 15:54:11 UTC,P,,,10/20/2022,,,,,J1772,US,,,,Public - Carte de crédit en tout temps,,public,CREDIT_CARD_ALWAYS,,HOTEL,,,,,,,,,,,,,,,,,FALSE,,,,,,,,MD,FALSE
ELEC,Courtyard by Marriott - Longview North,1125 E Hawkins Pkwy,,Longview,TX,75605,,866-350-2738,E,,Public - Credit card at all times,24 hours daily,A CREDIT D M V,,,,,2,,,UNIVERSAL,https://universalevcharging.com/,GPS,32.5475638,-94.7228548,12/13/2022,236191,2023-02-14 15:54:11 UTC,P,,,10/21/2022,,,,,J1772,US,,,,Public - Carte de crédit en tout temps,,public,CREDIT_CARD_ALWAYS,,HOTEL,,,,,,,,,,,,,,,,,FALSE,,,,,,,,MD,FALSE
ELEC,Candlewood Suites - Longview,2904 Tuttle Blvd,,Longview,TX,75605,,866-350-2738,E,,Public - Credit card at all times,24 hours daily,A CREDIT D M V,,,,,2,,,UNIVERSAL,https://universalevcharging.com/,GPS,32.5441918,-94.7511658,12/13/2022,236192,2023-02-14 15:54:11 UTC,P,,,10/21/2022,,,,,J1772,US,,,,Public - Carte de crédit en tout temps,,public,CREDIT_CARD_ALWAYS,,HOTEL,,,,,,,,,,,,,,,,,FALSE,,,,,,,,MD,FALSE
ELEC,Holiday Inn Longview - North,300 Tuttle Cir,,Longview,TX,75605,,866-350-2738,E,,Public - Credit card at all times,24 hours daily,A CREDIT D M V,,,,,2,,,UNIVERSAL,https://universalevcharging.com/,GPS,32.544789,-94.752652,12/13/2022,236193,2023-02-14 15:54:11 UTC,P,,,10/24/2022,,,,,J1772,US,,,,Public - Carte de crédit en tout temps,,public,CREDIT_CARD_ALWAYS,,HOTEL,,,,,,,,,,,,,,,,,FALSE,,,,,,,,MD,FALSE
ELEC,Staybridge Suites - Longview,3409 N Fourth St,,Longview,TX,75605,,866-350-2738,E,,Public - Credit card at all times,24 hours daily,A CREDIT D M V,,,,,2,,,UNIVERSAL,https://universalevcharging.com/,GPS,32.5457144,-94.732903,12/13/2022,236194,2023-02-14 15:54:11 UTC,P,,,10/27/2022,,,,,J1772,US,,,,Public - Carte de crédit en tout temps,,public,CREDIT_CARD_ALWAYS,,HOTEL,,,,,,,,,,,,,,,,,FALSE,,,,,,,,MD,FALSE
ELEC,Quality Inn & Suites Terrell,103 Mira Pl,,Terrell,TX,75160,,866-350-2738,E,,Public - Credit card at all times,24 hours daily,A CREDIT D M V,,,,,2,,,UNIVERSAL,https://universalevcharging.com/,GPS,32.704029,-96.278688,12/13/2022,236196,2023-02-14 15:54:11 UTC,P,,,11/1/2022,,,,,J1772,US,,,,Public - Carte de crédit en tout temps,,public,CREDIT_CARD_ALWAYS,,HOTEL,,,,,,,,,,,,,,,,,FALSE,,,,,,,,MD,FALSE
ELEC,Inn of Rockwall Texas,1130 I-30,,Rockwall,TX,75087,,866-350-2738,E,,Public - Credit card at all times,24 hours daily,A CREDIT D M V,,,,,2,,,UNIVERSAL,https://universalevcharging.com/,GPS,32.9089211,-96.4503628,12/13/2022,236197,2023-02-14 15:54:11 UTC,P,,,11/2/2022,,,,,J1772,US,,,,Public - Carte de crédit en tout temps,,public,CREDIT_CARD_ALWAYS,,HOTEL,,,,,,,,,,,,,,,,,FALSE,,,,,,,,MD,FALSE
ELEC,Motel 6 - Ennis,100 I-45,,Ennis,TX,75119,,866-350-2738,E,,Public - Credit card at all times,24 hours daily,A CREDIT D M V,,,,,2,,,UNIVERSAL,https://universalevcharging.com/,GPS,32.324522,-96.608602,12/13/2022,236198,2023-02-14 15:54:11 UTC,P,,,11/3/2022,,,,,J1772,US,,,,Public - Carte de crédit en tout temps,,public,CREDIT_CARD_ALWAYS,,HOTEL,,,,,,,,,,,,,,,,,FALSE,,,,,,,,MD,FALSE
ELEC,Rose City Inn & Suites,"2631 W NW, Loop 323",,Tyler,TX,75702,,866-350-2738,E,,Public - Credit card at all times,24 hours daily,A CREDIT D M V,,,,,2,,,UNIVERSAL,https://universalevcharging.com/,GPS,32.381689,-95.3310569,12/13/2022,236199,2023-02-14 15:54:11 UTC,P,,,8/18/2022,,,,,J1772,US,,,,Public - Carte de crédit en tout temps,,public,CREDIT_CARD_ALWAYS,,HOTEL,,,,,,,,,,,,,,,,,FALSE,,,,,,,,MD,FALSE
ELEC,Sure Stay Plus by Best Western Plano,640 E Park Blvd,,Plano,TX,75074,,866-350-2738,E,,Public - Credit card at all times,24 hours daily,A CREDIT D M V,,,,,2,,,UNIVERSAL,https://universalevcharging.com/,GPS,33.0283241,-96.7076761,12/13/2022,236200,2023-02-14 15:54:11 UTC,P,,,11/8/2022,,,,,J1772,US,,,,Public - Carte de crédit en tout temps,,public,CREDIT_CARD_ALWAYS,,HOTEL,,,,,,,,,,,,,,,,,FALSE,,,,,,,,MD,FALSE
ELEC,Comfort Suites - Humble Houston IAH,7502 N Sam Houston Pkwy E,,Humble,TX,77396,,866-350-2738,E,,Public - Credit card at all times,24 hours daily,A CREDIT D M V,,,,,2,,,UNIVERSAL,https://universalevcharging.com/,GPS,29.9392434,-95.2738451,1/10/2023,238406,2023-02-14 15:54:11 UTC,P,,,12/8/2022,,,,,J1772,US,,,,Public - Carte de crédit en tout temps,,public,CREDIT_CARD_ALWAYS,,HOTEL,,,,,,,,,,,,,,,,,FALSE,,,,,,,,MD,FALSE
ELEC,Fairfield Inn & Suites by Marriott - Houston Channelview,15822 E Fwy,,Channel View,TX,77530,,866-350-2738,E,,Public - Credit card at all times,24 hours daily,A CREDIT D M V,,,,,2,,,UNIVERSAL,https://universalevcharging.com/,GPS,29.7729563,-95.1442199,1/10/2023,238407,2023-02-14 15:54:11 UTC,P,,,12/9/2022,,,,,J1772,US,,,,Public - Carte de crédit en tout temps,,public,CREDIT_CARD_ALWAYS,,HOTEL,,,,,,,,,,,,,,,,,FALSE,,,,,,,,MD,FALSE
ELEC,Holiday Inn Express & Suites - Houston North InterContinental,125 W Airtex Blvd,,Houston,TX,77090,,866-350-2738,E,,Public - Credit card at all times,24 hours daily,A CREDIT D M V,,,,,2,,,UNIVERSAL,https://universalevcharging.com/,GPS,29.98098,-95.4247465,1/10/2023,238408,2023-02-14 15:54:11 UTC,P,,,12/9/2022,,,,,J1772,US,,,,Public - Carte de crédit en tout temps,,public,CREDIT_CARD_ALWAYS,,HOTEL,,,,,,,,,,,,,,,,,FALSE,,,,,,,,MD,FALSE
ELEC,Holiday Inn Express & Suites - Stafford NW Sugar Land,12507 S Kirkwood Rd,,Stafford,TX,77477,,866-350-2738,E,,Public - Credit card at all times,24 hours daily,A CREDIT D M V,,,,,2,,,UNIVERSAL,https://universalevcharging.com/,GPS,29.640463,-95.5818721,1/10/2023,238409,2023-02-14 15:54:11 UTC,P,,,12/13/2022,,,,,J1772,US,,,,Public - Carte de crédit en tout temps,,public,CREDIT_CARD_ALWAYS,,HOTEL,,,,,,,,,,,,,,,,,FALSE,,,,,,,,MD,FALSE
ELEC,Red Roof Inn - Plano,1820 Central Expy,,Plano,TX,75074,,866-350-2738,E,,Public - Credit card at all times,24 hours daily,A CREDIT D M V,,,,,2,,,UNIVERSAL,https://universalevcharging.com/,GPS,33.0250973,-96.7093919,1/10/2023,238410,2023-02-14 15:54:11 UTC,P,,,11/29/2022,,,,,J1772,US,,,,Public - Carte de crédit en tout temps,,public,CREDIT_CARD_ALWAYS,,HOTEL,,,,,,,,,,,,,,,,,FALSE,,,,,,,,MD,FALSE
ELEC,Comfort Inn & Suites,1414 SW H K Dodgen Loop,,Temple,TX,76504,,866-350-2738,E,,Public - Credit card at all times,24 hours daily; customer use only,A CREDIT D M V,,,,,2,,,UNIVERSAL,https://universalevcharging.com/,GPS,31.0746536,-97.3703187,3/14/2024,238411,2024-03-14 18:02:10 UTC,P,,,12/1/2022,,,,,J1772,US,,,,Public - Carte de crédit en tout temps,,public,CREDIT_CARD_ALWAYS,,HOTEL,,,,,,,,,,,,,,,,,TRUE,,,,,,,,MD,FALSE
ELEC,Tru by Hilton - The Colony Dallas,5252 Memorial Dr,,The Colony,TX,75056,,866-350-2738,E,,Public - Credit card at all times,24 hours daily,A CREDIT D M V,,,,,2,,,UNIVERSAL,https://universalevcharging.com/,GPS,33.071597,-96.8828184,1/10/2023,238412,2023-02-14 15:54:11 UTC,P,,,12/2/2022,,,,,J1772,US,,,,Public - Carte de crédit en tout temps,,public,CREDIT_CARD_ALWAYS,,HOTEL,,,,,,,,,,,,,,,,,FALSE,,,,,,,,MD,FALSE
ELEC,La Quinta Inn & Suites by Wyndham - Fort Worth,3346 Forest Hill Cir,,Fort Worth,TX,76140,,866-350-2738,E,,Public - Credit card at all times,24 hours daily,A CREDIT D M V,,,,,2,,,UNIVERSAL,https://universalevcharging.com/,GPS,32.660179,-97.2825769,1/10/2023,238413,2023-02-14 15:54:11 UTC,P,,,12/2/2022,,,,,J1772,US,,,,Public - Carte de crédit en tout temps,,public,CREDIT_CARD_ALWAYS,,HOTEL,,,,,,,,,,,,,,,,,FALSE,,,,,,,,MD,FALSE
ELEC,Homewood Suites by Hilton - Houston IAH Airport Beltway 8,1340 N Sam Houston Pkwy E,,Houston,TX,77032,,866-350-2738,E,,Public - Credit card at all times,24 hours daily,A CREDIT D M V,,,,,2,,,UNIVERSAL,https://universalevcharging.com/,GPS,29.93728783,-95.36578007,6/12/2023,238414,2024-01-31 22:07:01 UTC,P,,,12/7/2022,,,,,J1772,US,,,,Public - Carte de crédit en tout temps,,public,CREDIT_CARD_ALWAYS,,HOTEL,,,,,,,,,,,,,,,,,FALSE,,,,,,,,MD,FALSE
ELEC,Fairfield Inn & Suites by Marriott - Fort Worth Southwest at Cityview,4880 Citylake Blvd E,,Fort Worth,TX,76132,,866-350-2738,E,,Public - Credit card at all times,24 hours daily,A CREDIT D M V,,,,,2,,,UNIVERSAL,https://universalevcharging.com/,GPS,32.6812638,-97.4123188,1/10/2023,238415,2023-02-14 15:54:11 UTC,P,,,11/10/2022,,,,,J1772,US,,,,Public - Carte de crédit en tout temps,,public,CREDIT_CARD_ALWAYS,,HOTEL,,,,,,,,,,,,,,,,,FALSE,,,,,,,,MD,FALSE
ELEC,Holiday Inn Express & Suites - Fort Worth West,2620 S Cherry Ln,,Fort Worth,TX,76116,,866-350-2738,E,,Public - Credit card at all times,24 hours daily,A CREDIT D M V,,,,,2,,,UNIVERSAL,https://universalevcharging.com/,GPS,32.7360275,-97.4522099,1/10/2023,238416,2023-02-14 15:54:11 UTC,P,,,11/10/2022,,,,,J1772,US,,,,Public - Carte de crédit en tout temps,,public,CREDIT_CARD_ALWAYS,,HOTEL,,,,,,,,,,,,,,,,,FALSE,,,,,,,,MD,FALSE
ELEC,Four Points by Sheraton - Fort Worth North,6828 N Fwy,,Fort Worth,TX,76137,,866-350-2738,E,,Public - Credit card at all times,24 hours daily,A CREDIT D M V,,,,,2,,,UNIVERSAL,https://universalevcharging.com/,GPS,32.8605191,-97.3139841,1/10/2023,238417,2023-02-14 15:54:11 UTC,P,,,11/17/2022,,,,,J1772,US,,,,Public - Carte de crédit en tout temps,,public,CREDIT_CARD_ALWAYS,,HOTEL,,,,,,,,,,,,,,,,,FALSE,,,,,,,,MD,FALSE
ELEC,Longhorn Inn & Suites - Fort Worth Fossil Creek,3751 NE Loop 820,,Fort Worth,TX,76137,,866-350-2738,E,,Public - Credit card at all times,24 hours daily,A CREDIT D M V,,,,,2,,,UNIVERSAL,https://universalevcharging.com/,GPS,32.8389865,-97.2948572,1/10/2023,238418,2023-02-14 15:54:11 UTC,P,,,11/17/2022,,,,,J1772,US,,,,Public - Carte de crédit en tout temps,,public,CREDIT_CARD_ALWAYS,,HOTEL,,,,,,,,,,,,,,,,,FALSE,,,,,,,,MD,FALSE
ELEC,SureStay Plus Hotelb by Best Western - Benbrook Fort Worth,590 Winscott Rd,,Benbrook,TX,76126,,866-350-2738,E,,Public - Credit card at all times,24 hours daily,A CREDIT D M V,,,,,2,,,UNIVERSAL,https://universalevcharging.com/,GPS,32.6858975,-97.4525245,1/10/2023,238419,2023-02-14 15:54:11 UTC,P,,,11/18/2022,,,,,J1772,US,,,,Public - Carte de crédit en tout temps,,public,CREDIT_CARD_ALWAYS,,HOTEL,,,,,,,,,,,,,,,,,FALSE,,,,,,,,MD,FALSE
ELEC,Best Western Plus - Woodway Waco South Inn & Suites,6808 Woodway Dr,,Woodway,TX,76712,,866-350-2738,E,,Public - Credit card at all times,24 hours daily,A CREDIT D M V,,,,,2,,,UNIVERSAL,https://universalevcharging.com/,GPS,31.5091657,-97.195853,1/10/2023,238420,2023-02-14 15:54:11 UTC,P,,,11/21/2022,,,,,J1772,US,,,,Public - Carte de crédit en tout temps,,public,CREDIT_CARD_ALWAYS,,HOTEL,,,,,,,,,,,,,,,,,FALSE,,,,,,,,MD,FALSE
ELEC,CircleK - Hilton Head Island,71 Matthews Dr,,Hilton Head Island,SC,29926,,833-505-2291,E,,Public - Credit card at all times,24 hours daily,CREDIT,,,,,,2,,CIRCLE_K,https://www.circlek.com/charge/,200-8,32.21563,-80.702,9/14/2023,251153,2024-01-31 22:07:01 UTC,P,,,5/1/2022,,,,,J1772COMBO,US,,,,Public - Carte de crédit en tout temps,,public,CREDIT_CARD_ALWAYS,,CONVENIENCE_STORE,,,,,,,,,,,,,,,,,FALSE,,,,,,,,MD,FALSE
ELEC,Baymont by Wyndham - Terrel,1604 TX-34 South,,Terrell,TX,75160,,866-350-2738,E,,Public - Credit card at all times,24 hours daily,A CREDIT D M V,,,,,2,,,UNIVERSAL,https://universalevcharging.com/,GPS,32.7054488,-96.2781926,2/13/2023,252539,2023-02-14 15:54:11 UTC,P,,,12/21/2022,,,,,J1772,US,,,,Public - Carte de crédit en tout temps,,public,CREDIT_CARD_ALWAYS,,HOTEL,,,,,,,,,,,,,,,,,FALSE,,,,,,,,MD,FALSE
ELEC,Days Inn & Suites by Wyndham - Tyler,3130 Troup Hwy,,Tyler,TX,75701,,866-350-2738,E,,Public - Credit card at all times,24 hours daily,A CREDIT D M V,,,,,2,,,UNIVERSAL,https://universalevcharging.com/,GPS,32.3155259,-95.2756138,2/13/2023,252540,2023-02-14 15:54:11 UTC,P,,,12/27/2022,,,,,J1772,US,,,,Public - Carte de crédit en tout temps,,public,CREDIT_CARD_ALWAYS,,HOTEL,,,,,,,,,,,,,,,,,FALSE,,,,,,,,MD,FALSE
ELEC,Baymont by Wyndham - Tyler,3913 Frankston Hwy,,Tyler,TX,75701,,866-350-2738,E,,Public - Credit card at all times,24 hours daily,A CREDIT D M V,,,,,2,,,UNIVERSAL,https://universalevcharging.com/,GPS,32.3074619,-95.3359182,2/13/2023,252541,2023-02-14 15:54:11 UTC,P,,,12/28/2022,,,,,J1772,US,,,,Public - Carte de crédit en tout temps,,public,CREDIT_CARD_ALWAYS,,HOTEL,,,,,,,,,,,,,,,,,FALSE,,,,,,,,MD,FALSE
ELEC,Motel 6 - Kilgore TX,3501 US-259 N,,Kilgore,TX,75662,,866-350-2738,E,,Public - Credit card at all times,24 hours daily,A CREDIT D M V,,,,,2,,,UNIVERSAL,https://universalevcharging.com/,GPS,32.4159455,-94.8481931,2/13/2023,252542,2023-02-14 15:54:11 UTC,P,,,12/29/2022,,,,,J1772,US,,,,Public - Carte de crédit en tout temps,,public,CREDIT_CARD_ALWAYS,,HOTEL,,,,,,,,,,,,,,,,,FALSE,,,,,,,,MD,FALSE
ELEC,La Quinta Inn & Suites by Wyndham - Lewisville,1657 S Stemmons Fwy,,Lewisville,TX,75067,,866-350-2738,E,,Public - Credit card at all times,24 hours daily,A CREDIT D M V,,,,,2,,,UNIVERSAL,https://universalevcharging.com/,GPS,33.0210488,-96.9847618,2/13/2023,252543,2023-02-14 15:54:11 UTC,P,,,12/30/2022,,,,,J1772,US,,,,Public - Carte de crédit en tout temps,,public,CREDIT_CARD_ALWAYS,,HOTEL,,,,,,,,,,,,,,,,,FALSE,,,,,,,,MD,FALSE
ELEC,La Quinta Inn & Suites by Wyndham - Alvarado,1165 US-67,,Alvarado,TX,76009,,866-350-2738,E,,Public - Credit card at all times,24 hours daily,A CREDIT D M V,,,,,2,,,UNIVERSAL,https://universalevcharging.com/,GPS,32.4148123,-97.223491,2/13/2023,252544,2023-02-14 15:54:11 UTC,P,,,1/4/2023,,,,,J1772,US,,,,Public - Carte de crédit en tout temps,,public,CREDIT_CARD_ALWAYS,,HOTEL,,,,,,,,,,,,,,,,,FALSE,,,,,,,,MD,FALSE
ELEC,Candlewood Suites - Cotulla,547 Las Palmas Blvd,,Cotulla,TX,78014,,866-350-2738,E,,Public - Credit card at all times,24 hours daily,A CREDIT D M V,,,,,2,,,UNIVERSAL,https://universalevcharging.com/,GPS,28.4450203,-99.2419164,2/13/2023,252545,2023-02-14 15:54:11 UTC,P,,,1/12/2023,,,,,J1772,US,,,,Public - Carte de crédit en tout temps,,public,CREDIT_CARD_ALWAYS,,HOTEL,,,,,,,,,,,,,,,,,FALSE,,,,,,,,MD,FALSE
ELEC,Holiday Inn Express & Suites - Austin NE Hutto,323 Ed Schmidt Blvd,,Hutto,TX,78364,,866-350-2738,E,,Public - Credit card at all times,24 hours daily,A CREDIT D M V,,,,,2,,,UNIVERSAL,https://universalevcharging.com/,GPS,30.5443836,-97.5615712,2/13/2023,252546,2023-02-14 15:54:11 UTC,P,,,1/16/2023,,,,,J1772,US,,,,Public - Carte de crédit en tout temps,,public,CREDIT_CARD_ALWAYS,,HOTEL,,,,,,,,,,,,,,,,,FALSE,,,,,,,,MD,FALSE
ELEC,Varsity Motel,1004 E 1st St,,Cameron,TX,76520,,866-350-2738,E,,Public - Credit card at all times,24 hours daily,A CREDIT D M V,,,,,2,,,UNIVERSAL,https://universalevcharging.com/,GPS,30.8486229,-96.9690504,2/13/2023,252547,2023-02-14 15:54:11 UTC,P,,,1/17/2023,,,,,J1772,US,,,,Public - Carte de crédit en tout temps,,public,CREDIT_CARD_ALWAYS,,HOTEL,,,,,,,,,,,,,,,,,FALSE,,,,,,,,MD,FALSE
ELEC,OYO Hotel - Groesbeck,302 S Ellis St,,Groesbeck,TX,76642,,866-350-2738,E,,Public - Credit card at all times,24 hours daily,A CREDIT D M V,,,,,2,,,UNIVERSAL,https://universalevcharging.com/,GPS,31.5217291,-96.5355601,2/13/2023,252548,2023-02-14 15:54:11 UTC,P,,,1/18/2023,,,,,J1772,US,,,,Public - Carte de crédit en tout temps,,public,CREDIT_CARD_ALWAYS,,HOTEL,,,,,,,,,,,,,,,,,FALSE,,,,,,,,MD,FALSE
ELEC,Terminal Access Center,1265 Harbor Ave,,Long Beach,CA,90813,,866-816-7584,E,,Public,8am-5pm daily; available for trucks registered in the Ports Drayage Trucks Registry only,,,,,,,2,,EV Connect,http://evconnect.com/,200-8,33.7822,-118.2108,3/8/2023,254340,2024-01-31 22:07:01 UTC,LG,,,7/11/2022,,,,,CHADEMO J1772COMBO,US,,,,Public,,public,,,UTILITY,,,,,,,Free,,,,,,,,,NONE,TRUE,,,,,,,,HD,FALSE
ELEC,Candlewood Suites - Fort Worth/West,402 Jim Wright Fwy #820,,White Settlement,TX,76108,,866-350-2738,E,,Public - Credit card at all times,24 hours daily,A CREDIT D M V,,,,,2,,,UNIVERSAL,https://universalevcharging.com/,GPS,32.753856,-97.47969,3/8/2023,254480,2024-01-31 22:07:01 UTC,P,,,1/19/2022,,,,,J1772,US,,,,Public - Carte de crédit en tout temps,,public,CREDIT_CARD_ALWAYS,,HOTEL,,,,,,,,,,,,,,,,,FALSE,,,,,,,,MD,FALSE
ELEC,Courtyard by Marriott - Lubbock Downtown/University Area,308 Ave V,,Lubbock,TX,79415,,866-350-2738,E,,Public - Credit card at all times,24 hours daily,A CREDIT D M V,,,,,2,,,UNIVERSAL,https://universalevcharging.com/,GPS,33.5935795,-101.8647941,3/8/2023,254481,2024-01-31 22:07:01 UTC,P,,,1/24/2023,,,,,J1772,US,,,,Public - Carte de crédit en tout temps,,public,CREDIT_CARD_ALWAYS,,HOTEL,,,,,,,,,,,,,,,,,FALSE,,,,,,,,MD,FALSE
ELEC,Microtel Inn & Suites by Wyndham,4620 I-27 Frontage Rd,,Lubbock,TX,79412,,866-350-2738,E,,Public - Credit card at all times,24 hours daily,A CREDIT D M V,,,,,2,,,UNIVERSAL,https://universalevcharging.com/,GPS,33.55111,-101.84624,3/8/2023,254482,2024-01-31 22:07:01 UTC,P,,,1/23/2023,,,,,J1772,US,,,,Public - Carte de crédit en tout temps,,public,CREDIT_CARD_ALWAYS,,HOTEL,,,,,,,,,,,,,,,,,FALSE,,,,,,,,MD,FALSE
ELEC,La Quinta Inn & Suites by Wyndham - Colorado City,880 I-20,,Colorado City,TX,79512,,866-350-2738,E,,Public - Credit card at all times,24 hours daily,A CREDIT D M V,,,,,2,,,UNIVERSAL,https://universalevcharging.com/,GPS,32.4101813,-100.8464124,3/8/2023,254483,2024-01-31 22:07:01 UTC,P,,,1/27/2023,,,,,J1772,US,,,,Public - Carte de crédit en tout temps,,public,CREDIT_CARD_ALWAYS,,HOTEL,,,,,,,,,,,,,,,,,FALSE,,,,,,,,MD,FALSE
ELEC,Motel 6 - North McKinney,2125 W White Ave,,McKinney,TX,75069,,866-350-2738,E,,Public - Credit card at all times,24 hours daily,A CREDIT D M V,,,,,2,,,UNIVERSAL,https://universalevcharging.com/,GPS,33.2085536,-96.6504673,3/8/2023,254484,2024-01-31 22:07:01 UTC,P,,,2/6/2023,,,,,J1772,US,,,,Public - Carte de crédit en tout temps,,public,CREDIT_CARD_ALWAYS,,HOTEL,,,,,,,,,,,,,,,,,FALSE,,,,,,,,MD,FALSE
ELEC,Homewood Suites by Hilton - Dallas/Lewisville,700 Hebron Pkwy,,Lewisville,TX,75057,,866-350-2738,E,,Public - Credit card at all times,24 hours daily,A CREDIT D M V,,,,,2,,,UNIVERSAL,https://universalevcharging.com/,GPS,33.0085597,-96.9685248,3/8/2023,254485,2024-01-31 22:07:01 UTC,P,,,2/3/2023,,,,,J1772,US,,,,Public - Carte de crédit en tout temps,,public,CREDIT_CARD_ALWAYS,,HOTEL,,,,,,,,,,,,,,,,,FALSE,,,,,,,,MD,FALSE
ELEC,Quality Inn & Suites - Richardson/Dallas,2458 N Central Expy,,Richardson,TX,75080,,866-350-2738,E,,Public - Credit card at all times,24 hours daily,A CREDIT D M V,,,,,2,,,UNIVERSAL,https://universalevcharging.com/,GPS,32.9849263,-96.7122611,3/8/2023,254486,2024-01-31 22:07:01 UTC,P,,,2/10/2023,,,,,J1772,US,,,,Public - Carte de crédit en tout temps,,public,CREDIT_CARD_ALWAYS,,HOTEL,,,,,,,,,,,,,,,,,FALSE,,,,,,,,MD,FALSE
ELEC,Quality Inn & Suites,1508 I-35,,Waco,TX,76705,,866-350-2738,E,,Public - Credit card at all times,24 hours daily,A CREDIT D M V,,,,,2,,,UNIVERSAL,https://universalevcharging.com/,GPS,31.5374892,-97.1282677,3/8/2023,254487,2024-01-31 22:07:01 UTC,P,,,2/22/2022,,,,,J1772,US,,,,Public - Carte de crédit en tout temps,,public,CREDIT_CARD_ALWAYS,,HOTEL,,,,,,,,,,,,,,,,,FALSE,,,,,,,,MD,FALSE
ELEC,Comfort Suites Lake Ray Hubbard,8701 E I-30,,Rowlett,TX,75088,,866-350-2738,E,,Public - Credit card at all times,24 hours daily,A CREDIT D M V,,,,,4,,,UNIVERSAL,https://universalevcharging.com/,GPS,32.897846,-96.550385,3/8/2023,254488,2024-01-31 22:07:01 UTC,P,,,2/15/2023,,,,,J1772,US,,,,Public - Carte de crédit en tout temps,,public,CREDIT_CARD_ALWAYS,,HOTEL,,,,,,,,,,,,,,,,,FALSE,,,,,,,,MD,FALSE
ELEC,Holiday Inn Express & Suites - Henderson/Traffic Star,300 Kilgore Dr,,Henderson,TX,75652,,866-350-2738,E,,Public - Credit card at all times,24 hours daily,A CREDIT D M V,,,,,2,,,UNIVERSAL,https://universalevcharging.com/,GPS,32.172196,-94.788588,3/8/2023,254489,2024-01-31 22:07:01 UTC,P,,,2/22/2023,,,,,J1772,US,,,,Public - Carte de crédit en tout temps,,public,CREDIT_CARD_ALWAYS,,HOTEL,,,,,,,,,,,,,,,,,FALSE,,,,,,,,MD,FALSE
ELEC,Button Chrysler Jeep Dodge Ram,1220 E Blvd,,Kokomo,IN,46902,,765-457-1189,E,,Public - Credit card at all times,8am-6pm M-Sat,A CREDIT D Debit M,,,,,2,,,Non-Networked,,200-8,40.46255,-86.11641,4/6/2023,256930,2024-01-31 22:07:01 UTC,P,,,10/4/2022,,,,,J1772,US,,,,Public - Carte de crédit en tout temps,,public,CREDIT_CARD_ALWAYS,,CAR_DEALER,,,,,,,,,,,,,,,,,FALSE,,,,,,,,HD,TRUE
ELEC,Swain County Visitors Center,2 Everett St,,Bryson City,NC,28713,,828-488-7857,E,,Public,24 hours daily,,,,,,4,,,Non-Networked,,200-8,35.42781,-83.44499,4/6/2023,257831,2024-01-31 22:07:01 UTC,LG,,,3/22/2023,,,,,J1772,US,,,,Public,,public,,,MUNI_GOV,,,,,,,Free,,,,,,,,,,FALSE,,,,,,,,HD,FALSE
ELEC,"CircleK - Boone, NC",1996 Blowing Rock Rd,,Boone,NC,28607,,833-505-2291,E,,Public,24 hours daily,,,,,,,4,,CIRCLE_K,https://www.circlek.com/charge/,200-8,36.19704,-81.65578,5/3/2023,258800,2024-01-31 22:07:01 UTC,P,,,3/31/2023,,,,,J1772COMBO,US,,,,Public,,public,,,CONVENIENCE_STORE,,,,,,,,,,,,,,,,,FALSE,,,,,,,,MD,FALSE
ELEC,Valero Petrol Pump,2031 N Galloway Ave,,Mesquite,TX,75149,,866-350-2738,E,,Public - Credit card at all times,24 hours daily,A CREDIT D M V,,,,,,2,,UNIVERSAL,https://universalevcharging.com/,GPS,32.7913935,-96.6111091,5/3/2023,259415,2024-01-31 22:07:01 UTC,P,,,3/8/2023,,,,,J1772COMBO,US,,,,Public - Carte de crédit en tout temps,,public,CREDIT_CARD_ALWAYS,,HOTEL,,,,,,,,,,,,,,,,,FALSE,,,,,,,,MD,FALSE
ELEC,Best Western Plus Classic Inn & Suites,210 Moffett Dr,,Center,TX,75935,,866-350-2738,E,,Public - Credit card at all times,24 hours daily,A CREDIT D M V,,,,,2,,,UNIVERSAL,https://universalevcharging.com/,GPS,31.8110544,-94.1952454,5/3/2023,259416,2024-01-31 22:07:01 UTC,P,,,3/22/2023,,,,,J1772,US,,,,Public - Carte de crédit en tout temps,,public,CREDIT_CARD_ALWAYS,,HOTEL,,,,,,,,,,,,,,,,,FALSE,,,,,,,,MD,FALSE
ELEC,Best Western Plus Fort Worth Forest Hill Inn & Suites,3230 Forest Hill Cir,,Fort Worth,TX,76140,,866-350-2738,E,,Public - Credit card at all times,24 hours daily,A CREDIT D M V,,,,,2,,,UNIVERSAL,https://universalevcharging.com/,GPS,32.6600682,-97.2820088,5/3/2023,259417,2024-01-31 22:07:01 UTC,P,,,3/29/2023,,,,,J1772,US,,,,Public - Carte de crédit en tout temps,,public,CREDIT_CARD_ALWAYS,,HOTEL,,,,,,,,,,,,,,,,,FALSE,,,,,,,,MD,FALSE
ELEC,Comfort Inn & Suites,111 TX-36,,Gatesville,TX,76528,,866-350-2738,E,,Public - Credit card at all times,24 hours daily,A CREDIT D M V,,,,,2,,,UNIVERSAL,https://universalevcharging.com/,GPS,31.4368992,-97.7132754,5/3/2023,259418,2024-01-31 22:07:01 UTC,P,,,3/29/2023,,,,,J1772,US,,,,Public - Carte de crédit en tout temps,,public,CREDIT_CARD_ALWAYS,,HOTEL,,,,,,,,,,,,,,,,,FALSE,,,,,,,,MD,FALSE
ELEC,Sandman Signature Plano - Frisco Hotel,8451 Parkwood Blvd,,Plano,TX,75024,,866-350-2738,E,,Public - Credit card at all times,24 hours daily,A CREDIT D M V,,,,,4,,,UNIVERSAL,https://universalevcharging.com/,GPS,33.0907369,-96.8138233,5/3/2023,259419,2024-01-31 22:07:01 UTC,P,,,2/16/2023,,,,,J1772,US,,,,Public - Carte de crédit en tout temps,,public,CREDIT_CARD_ALWAYS,,HOTEL,,,,,,,,,,,,,,,,,FALSE,,,,,,,,MD,FALSE
ELEC,Hampton Inn - Houston Deer Park Ship Area,1450 Center S,,Deer Park,TX,77536,,866-350-2738,E,,Public - Credit card at all times,24 hours daily,A CREDIT D M V,,,,,2,,,UNIVERSAL,https://universalevcharging.com/,GPS,29.6983163,-95.1238357,5/3/2023,259420,2024-01-31 22:07:01 UTC,P,,,2/27/2023,,,,,J1772,US,,,,Public - Carte de crédit en tout temps,,public,CREDIT_CARD_ALWAYS,,HOTEL,,,,,,,,,,,,,,,,,FALSE,,,,,,,,MD,FALSE
ELEC,Economy Inn & Suites,820 S Interstate 35,,Denton,TX,76205,,866-350-2738,E,,Public - Credit card at all times,24 hours daily,A CREDIT D M V,,,,,2,,,UNIVERSAL,https://universalevcharging.com/,GPS,33.195346,-97.130504,5/3/2023,259421,2024-01-31 22:07:01 UTC,P,,,3/9/2023,,,,,J1772,US,,,,Public - Carte de crédit en tout temps,,public,CREDIT_CARD_ALWAYS,,HOTEL,,,,,,,,,,,,,,,,,FALSE,,,,,,,,MD,FALSE
ELEC,Holiday Inn Abilene - North College Area,3525 W Lake Rd,,Abilene,TX,79601,,866-350-2738,E,,Public - Credit card at all times,24 hours daily,A CREDIT D M V,,,,,2,,,UNIVERSAL,https://universalevcharging.com/,GPS,32.4926381,-99.7221327,5/3/2023,259422,2024-01-31 22:07:01 UTC,P,,,3/14/2023,,,,,J1772,US,,,,Public - Carte de crédit en tout temps,,public,CREDIT_CARD_ALWAYS,,HOTEL,,,,,,,,,,,,,,,,,FALSE,,,,,,,,MD,FALSE
ELEC,Best Western Plus - Austin Airport Inn & Suites,1805 Airport Commerce Dr,,Austin,TX,78741,,866-350-2738,E,,Public - Credit card at all times,24 hours daily,A CREDIT D M V,,,,,2,,,UNIVERSAL,https://universalevcharging.com/,GPS,30.2219469,-97.6896583,5/3/2023,259423,2024-01-31 22:07:01 UTC,P,,,3/14/2023,,,,,J1772,US,,,,Public - Carte de crédit en tout temps,,public,CREDIT_CARD_ALWAYS,,HOTEL,,,,,,,,,,,,,,,,,FALSE,,,,,,,,MD,FALSE
ELEC,Super 8 - Temple,5505 S General Bruce Dr,,Temple,TX,76502,,866-350-2738,E,,Public - Credit card at all times,24 hours daily,A CREDIT D M V,,,,,2,,,UNIVERSAL,https://universalevcharging.com/,GPS,31.0803616,-97.4099485,9/14/2023,259424,2024-01-31 22:07:01 UTC,P,,,3/15/2023,,,,,J1772,US,,,,Public - Carte de crédit en tout temps,,public,CREDIT_CARD_ALWAYS,,HOTEL,,,,,,,,,,,,,,,,,FALSE,,,,,,,,MD,FALSE
ELEC,SureStay Hotel - San Antonio Riverwalk,900 N Main Ave,,San Antonio,TX,78212,,866-350-2738,E,,Public - Credit card at all times,24 hours daily,A CREDIT D M V,,,,,2,,,UNIVERSAL,https://universalevcharging.com/,GPS,29.436717,-98.49406,5/3/2023,259425,2024-01-31 22:07:01 UTC,P,,,3/3/2023,,,,,J1772,US,,,,Public - Carte de crédit en tout temps,,public,CREDIT_CARD_ALWAYS,,HOTEL,,,,,,,,,,,,,,,,,FALSE,,,,,,,,MD,FALSE
ELEC,Super 8 - San Angelo,410 W Ave L,,San Angelo,TX,76903,,866-350-2738,E,,Public - Credit card at all times,24 hours daily,A CREDIT D M V,,,,,2,,,UNIVERSAL,https://universalevcharging.com/,GPS,31.4453696,-100.4406009,5/3/2023,259426,2024-01-31 22:07:01 UTC,P,,,3/16/2023,,,,,J1772,US,,,,Public - Carte de crédit en tout temps,,public,CREDIT_CARD_ALWAYS,,HOTEL,,,,,,,,,,,,,,,,,FALSE,,,,,,,,MD,FALSE
ELEC,Baymont Hotel - Dallas Love Field,2370 W Northwest Hwy,,Dallas,TX,75220,,866-350-2738,E,,Public - Credit card at all times,24 hours daily,A CREDIT D M V,,,,,2,,,UNIVERSAL,https://universalevcharging.com/,GPS,32.8589082,-96.8863957,5/3/2023,259427,2024-01-31 22:07:01 UTC,P,,,2/20/2023,,,,,J1772,US,,,,Public - Carte de crédit en tout temps,,public,CREDIT_CARD_ALWAYS,,HOTEL,,,,,,,,,,,,,,,,,FALSE,,,,,,,,MD,FALSE
ELEC,Holiday Inn Express & Suites - Dallas Frisco NW Toyota Stadium,"9444 Frisco St, Frisco",,Frisco,TX,75033,,866-350-2738,E,,Public - Credit card at all times,24 hours daily,A CREDIT D M V,,,,,2,,,UNIVERSAL,https://universalevcharging.com/,GPS,33.1566889,-96.832991,5/3/2023,259428,2024-01-31 22:07:01 UTC,P,,,2/21/2023,,,,,J1772,US,,,,Public - Carte de crédit en tout temps,,public,CREDIT_CARD_ALWAYS,,HOTEL,,,,,,,,,,,,,,,,,FALSE,,,,,,,,MD,FALSE
ELEC,Sandman Signature Fort Worth Downtown Hotel,810 Houston St,,Fort Worth,TX,76102,,866-350-2738,E,,Public - Credit card at all times,24 hours daily,A CREDIT D M V,,,,,4,,,UNIVERSAL,https://universalevcharging.com/,GPS,32.7516746,-97.3306571,5/3/2023,259429,2024-01-31 22:07:01 UTC,P,,,3/24/2023,,,,,J1772,US,,,,Public - Carte de crédit en tout temps,,public,CREDIT_CARD_ALWAYS,,HOTEL,,,,,,,,,,,,,,,,,FALSE,,,,,,,,MD,FALSE
ELEC,SureStay Plus Hotel - Western Beeville,2001 US-59,,Beeville,TX,78102,,866-350-2738,E,,Public - Credit card at all times,24 hours daily,A CREDIT D M V,,,,,2,,,UNIVERSAL,https://universalevcharging.com/,GPS,28.410258,-97.727849,5/3/2023,259430,2024-01-31 22:07:01 UTC,P,,,3/4/2023,,,,,J1772,US,,,,Public - Carte de crédit en tout temps,,public,CREDIT_CARD_ALWAYS,,HOTEL,,,,,,,,,,,,,,,,,FALSE,,,,,,,,MD,FALSE
ELEC,Best Western Plus - Texoma Hotel & Suites,810 US-75,,Denison,TX,75020,,866-350-2738,E,,Public - Credit card at all times,24 hours daily,A CREDIT D M V,,,,,2,,,UNIVERSAL,https://universalevcharging.com/,GPS,33.7486589,-96.5852086,5/3/2023,259431,2024-01-31 22:07:01 UTC,P,,,4/5/2023,,,,,J1772,US,,,,Public - Carte de crédit en tout temps,,public,CREDIT_CARD_ALWAYS,,HOTEL,,,,,,,,,,,,,,,,,FALSE,,,,,,,,MD,FALSE
ELEC,Super 8 - Canton,17350 I-20,,Canton,TX,75103,,866-350-2738,E,,Public - Credit card at all times,24 hours daily,A CREDIT D M V,,,,,2,,,UNIVERSAL,https://universalevcharging.com/,GPS,32.5643365,-95.819312,5/3/2023,259432,2024-01-31 22:07:01 UTC,P,,,4/6/2023,,,,,J1772,US,,,,Public - Carte de crédit en tout temps,,public,CREDIT_CARD_ALWAYS,,HOTEL,,,,,,,,,,,,,,,,,FALSE,,,,,,,,MD,FALSE
ELEC,Quality Inn & Suites - Canton,2406 N Trade Days Blvd,,Canton,TX,75103,,866-350-2738,E,,Public - Credit card at all times,24 hours daily,A CREDIT D M V,,,,,2,,,UNIVERSAL,https://universalevcharging.com/,GPS,32.5804422,-95.8540759,5/3/2023,259433,2024-01-31 22:07:01 UTC,P,,,4/10/2023,,,,,J1772,US,,,,Public - Carte de crédit en tout temps,,public,CREDIT_CARD_ALWAYS,,HOTEL,,,,,,,,,,,,,,,,,FALSE,,,,,,,,MD,FALSE
ELEC,FairBridge Inn & Suites - Cleburne,2117 N Main St,,Cleburne,TX,76033,,866-350-2738,E,,Public - Credit card at all times,24 hours daily,A CREDIT D M V,,,,,2,,,UNIVERSAL,https://universalevcharging.com/,GPS,32.3787981,-97.3944795,5/3/2023,259919,2024-01-31 22:07:01 UTC,P,,,4/25/2023,,,,,J1772,US,,,,Public - Carte de crédit en tout temps,,public,CREDIT_CARD_ALWAYS,,HOTEL,,,,,,,,,,,,,,,,,FALSE,,,,,,,,MD,FALSE
ELEC,Sleep Inn/MainStay Suites - Dallas Northwest-Irving,2208 Royal Ln,,Dallas,TX,75229,,866-350-2738,E,,Public - Credit card at all times,24 hours daily,A CREDIT D M V,,,,,2,,,UNIVERSAL,https://universalevcharging.com/,GPS,32.8957715,-96.9033843,5/3/2023,259920,2024-01-31 22:07:01 UTC,P,,,4/23/2023,,,,,J1772,US,,,,Public - Carte de crédit en tout temps,,public,CREDIT_CARD_ALWAYS,,HOTEL,,,,,,,,,,,,,,,,,FALSE,,,,,,,,MD,FALSE
ELEC,Tru by Hilton - Harrisonburg,111 Pleasant Valley Rd,,Harrisonburg,VA,22801,,866-350-2738,E,,Public - Credit card at all times,24 hours daily,A CREDIT D M V,,,,,1,,,UNIVERSAL,https://universalevcharging.com/,GPS,38.4051548,-78.90633,5/3/2023,259921,2024-01-31 22:07:01 UTC,P,,,4/24/2023,,,,,J1772,US,,,,Public - Carte de crédit en tout temps,,public,CREDIT_CARD_ALWAYS,,HOTEL,,,,,,,,,,,,,,,,,FALSE,,,,,,,,MD,FALSE
ELEC,Tru by Hilton - North Richland Hills DFW West,1500 Weyland Dr,,North Richlands Hills,TX,76180,,866-350-2738,E,,Public - Credit card at all times,24 hours daily,A CREDIT D M V,,,,,2,,,UNIVERSAL,https://universalevcharging.com/,GPS,32.840093,-97.194927,9/14/2023,260206,2024-01-31 22:07:01 UTC,P,,,4/26/2023,,,,,J1772,US,,,,Public - Carte de crédit en tout temps,,public,CREDIT_CARD_ALWAYS,,HOTEL,,,,,,,,,,,,,,,,,FALSE,,,,,,,,MD,FALSE
ELEC,"CircleK - Palm Desert, CA",78005 Country Club Dr,,Palm Desert,CA,92211,,833-505-2291,E,,Public - Credit card at all times,24 hours daily,CREDIT,,,,,,4,,CIRCLE_K,https://www.circlek.com/charge/,200-8,33.75773,-116.30331,6/12/2023,260252,2024-01-31 22:07:01 UTC,P,,,5/3/2023,,,,,CHADEMO J1772COMBO,US,,,,Public - Carte de crédit en tout temps,,public,CREDIT_CARD_ALWAYS,,CONVENIENCE_STORE,,,,,,,,,,,,,,,,,FALSE,,,,,,,,MD,FALSE
ELEC,Comfort Suites,400 S I-45,,Ennis,TX,75119,,866-350-2738,E,,Public - Credit card at all times,24 hours daily,A CREDIT D M V,,,,,2,,,UNIVERSAL,https://universalevcharging.com/,GPS,32.3310053,-96.6121814,6/12/2023,260598,2024-01-31 22:07:01 UTC,P,,,5/2/2023,,,,,J1772,US,,,,Public - Carte de crédit en tout temps,,public,CREDIT_CARD_ALWAYS,,HOTEL,,,,,,,,,,,,,,,,,FALSE,,,,,,,,MD,FALSE
ELEC,Mendon Town Hall,20 Main St,,Mendon,MA,1756,,,E,,Public,24 hours daily,,,,,,2,,,Non-Networked,,200-8,42.10532,-71.55113,6/12/2023,260599,2024-01-31 22:07:01 UTC,LG,,,2/13/2023,,,,,J1772,US,,,,Public,,public,,,MUNI_GOV,,,,,,,Free,,,,,,,,,,FALSE,,,,,,,,MD,TRUE
ELEC,Travelers Rest Municipal Complex,125 Trailblazer Dr,,Travelers Rest,SC,29690,,,E,,Public,24 hours daily,,,,,,,2,,Non-Networked,,GPS,34.95504354,-82.44132181,6/12/2023,260945,2024-01-31 22:07:01 UTC,LG,,,5/17/2023,,,,,CHADEMO J1772COMBO,US,,,,Public,,public,,,MUNI_GOV,,,,,,,,,,,,,,,,,FALSE,,,,,,,,HD,FALSE
ELEC,Place One,777 W Germantown Pike,,Plymouth Meeting,PA,19462,,484-690-4318,E,,Public,24 hours daily,ACCOUNT_BALANCE,,,,,4,,,Non-Networked,,200-8,40.1216,-75.29016,7/11/2023,262618,2024-01-31 22:07:01 UTC,P,,,4/10/2023,,,,,J1772,US,,,,Public,,public,,,MULTI_UNIT_DWELLING,,,,,,,,,,,,,,,,,FALSE,,,,,,,,HD,FALSE
ELEC,"CircleK-Dobson, CA",2372 Zephyr Rd,,Dobson,NC,27017,,833-505-2291,E,,Public - Credit card at all times,24 hours daily,CREDIT,,,,,,4,,CIRCLE_K,https://www.circlek.com/charge/,200-8,36.39541,-80.78508,7/11/2023,262700,2024-01-31 22:07:01 UTC,P,,,5/24/2023,,,,,CHADEMO J1772COMBO,US,,,,Public - Carte de crédit en tout temps,,public,CREDIT_CARD_ALWAYS,,CONVENIENCE_STORE,,,,,,,,,,,,,,,,,FALSE,,,,,,,,MD,FALSE
ELEC,"CircleK-Victorville Mojave, CA",15825 Mojave Dr,,Victorville,CA,92394,,833-505-2291,E,,Public - Credit card at all times,24 hours daily,CREDIT,,,,,,4,,CIRCLE_K,https://www.circlek.com/charge/,200-8,34.52868,-117.31865,7/11/2023,262701,2024-01-31 22:07:01 UTC,P,,,5/25/2023,,,,,CHADEMO J1772COMBO,US,,,,Public - Carte de crédit en tout temps,,public,CREDIT_CARD_ALWAYS,,CONVENIENCE_STORE,,,,,,,,,,,,,,,,,FALSE,,,,,,,,MD,FALSE
ELEC,Parking Garage at 1901 S Bell St,1901 S Bell St,,Arlington,VA,22202,,,E,,Public,24 hours daily,,,,,,6,,,Non-Networked,,200-8,38.85647,-77.05073,7/11/2023,302090,2024-01-31 22:07:01 UTC,P,,,7/6/2023,,,,,J1772,US,,,,Public,,public,,,PARKING_GARAGE,,,,,,,,,,,,,,,,NONE,FALSE,,,,,,,,MD,FALSE
ELEC,Dave White Chevrolet,5880 Monroe St,,Sylvania,OH,43560,,800-893-9036,T,9/1/2023,TEMPORARILY UNAVAILABLE (Public),24 hours daily,,,,,,1,,,Non-Networked,,200-9,41.714389,-83.683956,8/10/2023,302281,2024-01-31 22:07:01 UTC,P,,,12/1/2016,,,,,J1772,US,,,,TEMPORAIREMENT SUSPENDU (Public),,public,,,CAR_DEALER,,,,,,,Free,,,,,,,,,,FALSE,,,,,,,,MD,FALSE
ELEC,Jordan Vineyard & Winery,1474 Alexander Valley Rd,,Healdsburg,CA,95448,,707-431-5250,E,,Public,"8am-4:30pm M-F, 9am-3:30pm Sat-Sun",,,,,,4,,,Non-Networked,,200-8,38.65435,-122.84469,10/12/2023,302679,2024-01-31 22:07:01 UTC,P,,,6/1/2022,,,,,J1772 TESLA,US,,,,Public,,public,,,BREWERY_DISTILLERY_WINERY,,,,,,,Free,,,,,,,,,,FALSE,,,,,,,,MD,FALSE
ELEC,GWIN Property Inc,2479 E Bayshore Rd,"Embarcadero Road, Palo Alto and East Bayshore Road, Palo Alto",Palo Alto,CA,94303,,855-699-9191,E,,Public,24 hours daily,,,,,,20,,,EVGATEWAY,http://evgateway.com/,200-8,37.44836,-122.11823,5/9/2024,302844,2024-05-09 20:32:20 UTC,P,,,6/6/2023,,,,,J1772,US,,,,Public,,public,,,PARKING_LOT,,,,,,,,,,,,,,,,NONE,FALSE,,,,,,,,HD,FALSE
ELEC,Super 8 by Wyndham - Universal City,200 Palisades Dr,,Universal City,TX,78148,,866-350-2738,E,,Public - Credit card at all times,24 hours daily,A CREDIT D M V,,,,,2,,,UNIVERSAL,https://universalevcharging.com/,GPS,29.554715,-98.3206019,9/14/2023,306618,2024-01-31 22:07:01 UTC,P,,,5/3/2023,,,,,J1772,US,,,,Public - Carte de crédit en tout temps,,public,CREDIT_CARD_ALWAYS,,HOTEL,,,,,,,,,,,,,,,,,FALSE,,,,,,,,MD,FALSE
ELEC,Holiday Inn Express & Suites - Dallas North Tollway,3101 Dallas Pkwy,,Plano,TX,75093,,866-350-2738,E,,Public - Credit card at all times,24 hours daily,A CREDIT D M V,,,,,2,,,UNIVERSAL,https://universalevcharging.com/,GPS,33.0350005,-96.8290818,9/14/2023,306619,2024-01-31 22:07:01 UTC,P,,,4/5/2023,,,,,J1772,US,,,,Public - Carte de crédit en tout temps,,public,CREDIT_CARD_ALWAYS,,HOTEL,,,,,,,,,,,,,,,,,FALSE,,,,,,,,MD,FALSE
ELEC,Super 8 by Wyndham - Harker Heights Killeen/Fort Hood,540 E Central Texas Expy,,Harker Heights,TX,76548,,866-350-2738,E,,Public - Credit card at all times,24 hours daily,A CREDIT D M V,,,,,2,,,UNIVERSAL,https://universalevcharging.com/,GPS,31.0753005,-97.6545125,9/14/2023,306620,2024-01-31 22:07:01 UTC,P,,,5/26/2023,,,,,J1772,US,,,,Public - Carte de crédit en tout temps,,public,CREDIT_CARD_ALWAYS,,HOTEL,,,,,,,,,,,,,,,,,FALSE,,,,,,,,MD,FALSE
ELEC,"CircleK - Jupiter, FL",126 W Indiantown Rd,,Jupiter,FL,33458,,833-505-2291,E,,Public,24 hours daily,CREDIT,,,,,,4,,CIRCLE_K,https://www.circlek.com/charge/,200-8,26.9338,-80.09509,9/14/2023,306869,2024-01-31 22:07:01 UTC,P,,,7/12/2023,,,,,CHADEMO J1772COMBO,US,,,,Public,,public,,,CONVENIENCE_STORE,,,,,,,Dynamic EV Pricing Rates,,,,,,,,,,FALSE,,,,,,,,MD,FALSE
ELEC,City of Arco - Idaho Science Center,355 S Front St,,Arco,ID,83213,,800-636-0986;,E,,Public,24 hours daily,,,,,,,2,,CHARGELAB,http://www.chargelab.co/,GPS,43.63532848,-113.2974871,10/12/2023,310442,2024-01-31 22:07:01 UTC,P,,,8/29/2023,,,,,J1772COMBO,US,,,,Public,,public,,,MUSEUM,,,,,,,Free,,,,,,,,,NONE,FALSE,,,,,,,,HD,FALSE
ELEC,Jeffrey Gardens Public Access,47-14 217th St,,Bayside,NY,11361,,781-312-8846,E,,Public - Credit card at all times,24 hours daily,CREDIT,,,,,1,,,AMPED_UP,https://www.ampedup.net,200-8,40.75717,-73.76397,11/9/2023,310515,2024-01-31 22:07:01 UTC,J,,,6/5/2023,,,,,J1772,US,,,,Public - Carte de crédit en tout temps,,public,CREDIT_CARD_ALWAYS,,MULTI_UNIT_DWELLING,,,,,,,$0.39 per kWh,,,,,,,,,NONE,FALSE,,,,,,,,HD,FALSE
ELEC,"CircleK - Hope Mills, NC",674 Chicken Foot Rd,,Hope Mills,NC,28348,,833-505-2291,E,,Public,24 hours daily,CREDIT,,,,,,4,,CIRCLE_K,https://www.circlek.com/charge/,200-8,34.93517,-78.92127,9/14/2023,310541,2024-01-31 22:07:01 UTC,P,,,8/15/2023,,,,,J1772COMBO,US,,,,Public,,public,,,CONVENIENCE_STORE,,,,,,,,,,,,,,,,,FALSE,,,,,,,,MD,FALSE
ELEC,"CircleK - Pine City, MN",715 13 St SW,,Pine City,MN,55063,,833-505-2291,E,,Public,24 hours daily,CREDIT,,,,,,4,,CIRCLE_K,https://www.circlek.com/charge/,200-8,45.82192,-92.9813,9/14/2023,310542,2024-01-31 22:07:01 UTC,P,,,9/7/2023,,,,,J1772COMBO,US,,,,Public,,public,,,CONVENIENCE_STORE,,,,,,,,,,,,,,,,,FALSE,,,,,,,,MD,FALSE
ELEC,"CircleK - Alexandria, MN",5310 Highway 29 S,,Alexandria,MN,56308,,833-505-2291,E,,Public,24 hours daily,CREDIT,,,,,,4,,CIRCLE_K,https://www.circlek.com/charge/,200-8,45.84171,-95.38932,11/9/2023,313733,2024-01-31 22:07:01 UTC,P,,,9/21/2023,,,,,J1772COMBO,US,,,,Public,,public,,,CONVENIENCE_STORE,,,,,,,,,,,,,,,,,FALSE,,,,,,,,MD,FALSE
ELEC,"CircleK - San Diego, CA",13007 Camino Del Sur,,San Diego,CA,92129,,833-505-2291,E,,Public,24 hours daily,CREDIT,,,,,,4,,CIRCLE_K,https://www.circlek.com/charge/,200-8,32.95712,-117.15241,11/9/2023,313734,2024-01-31 22:07:01 UTC,P,,,9/26/2023,,,,,J1772COMBO,US,,,,Public,,public,,,CONVENIENCE_STORE,,,,,,,,,,,,,,,,,FALSE,,,,,,,,MD,FALSE
ELEC,Motel 6 Hillsboro,1506 Hillview Dr,,Hillsboro,TX,76645,,866-350-2738,E,,Public - Credit card at all times,24 hours daily,A CREDIT D M V,,,,,4,,,UNIVERSAL,https://universalevcharging.com/,200-8,32.01054,-97.09291,11/9/2023,313735,2024-01-31 22:07:01 UTC,P,,,5/6/2023,,,,,J1772,US,,,,Public - Carte de crédit en tout temps,,public,CREDIT_CARD_ALWAYS,,HOTEL,,,,,,,,,,,,,,,,,FALSE,,,,,,,,MD,FALSE
ELEC,Americas Express Inn Rocky Mount,307 Mosley Ct,,Rocky Mount,NC,27804,,866-350-2738,E,,Public - Credit card at all times,24 hours daily,A CREDIT D M V,,,,,2,,,UNIVERSAL,https://universalevcharging.com/,200-8,35.97995,-77.78653,11/9/2023,313736,2024-01-31 22:07:01 UTC,P,,,9/15/2023,,,,,J1772,US,,,,Public - Carte de crédit en tout temps,,public,CREDIT_CARD_ALWAYS,,HOTEL,,,,,,,,,,,,,,,,,FALSE,,,,,,,,MD,FALSE
ELEC,Holiday Inn Express Hillsborough,202 Cardinal Dr,,Hillsborough,NC,27278,,866-350-2738,E,,Public - Credit card at all times,24 hours daily,A CREDIT D M V,,,,,2,,,UNIVERSAL,https://universalevcharging.com/,200-8,36.0566,-79.10704,11/9/2023,313737,2024-01-31 22:07:01 UTC,P,,,9/13/2023,,,,,J1772,US,,,,Public - Carte de crédit en tout temps,,public,CREDIT_CARD_ALWAYS,,HOTEL,,,,,,,,,,,,,,,,,FALSE,,,,,,,,MD,FALSE
ELEC,Comfort Inn,106 Holiday Inn Dr,,Kings Mountain,NC,28086,,866-350-2738,E,,Public - Credit card at all times,24 hours daily,A CREDIT D M V,,,,,2,,,UNIVERSAL,https://universalevcharging.com/,200-8,35.22655,-81.33491,11/9/2023,313738,2024-01-31 22:07:01 UTC,P,,,9/19/2023,,,,,J1772,US,,,,Public - Carte de crédit en tout temps,,public,CREDIT_CARD_ALWAYS,,HOTEL,,,,,,,,,,,,,,,,,FALSE,,,,,,,,MD,FALSE
ELEC,Sleep Inn - Salisbury,321 Bendix Dr,,Salisbury,NC,28146,,866-350-2738,E,,Public - Credit card at all times,24 hours daily,A CREDIT D M V,,,,,2,,,UNIVERSAL,https://universalevcharging.com/,200-8,35.65506,-80.46219,11/9/2023,313739,2024-01-31 22:07:01 UTC,P,,,9/21/2023,,,,,J1772,US,,,,Public - Carte de crédit en tout temps,,public,CREDIT_CARD_ALWAYS,,HOTEL,,,,,,,,,,,,,,,,,FALSE,,,,,,,,MD,FALSE
ELEC,Econo Lodge,1721 Broadcast St,,Gastonia,NC,28052,,866-350-2738,E,,Public - Credit card at all times,24 hours daily,A CREDIT D M V,,,,,2,,,UNIVERSAL,https://universalevcharging.com/,200-8,35.28611,-81.19036,11/9/2023,313740,2024-01-31 22:07:01 UTC,P,,,9/19/2023,,,,,J1772,US,,,,Public - Carte de crédit en tout temps,,public,CREDIT_CARD_ALWAYS,,HOTEL,,,,,,,,,,,,,,,,,FALSE,,,,,,,,MD,FALSE
ELEC,"CircleK - Gaffney, SC",403 Shelby Hwy,,Gaffney,SC,29340,,833-505-2291,E,,Public - Credit card at all times,24 Hours Daily,CREDIT,,,,,,4,,CIRCLE_K,https://www.circlek.com/charge/,200-8,35.10749,-81.60318,12/13/2023,319952,2024-01-31 22:07:01 UTC,P,,,10/19/2023,,,,,J1772COMBO,US,,,,Public - Carte de crédit en tout temps,,public,CREDIT_CARD_ALWAYS,,CONVENIENCE_STORE,,,,,,,,,,,,,,,,,FALSE,,,,,,,,MD,FALSE
ELEC,"CircleK - Macon, GA",1608 Bass Rd,,Macon,GA,31210,,833-505-2291,E,,Public - Credit card at all times,24 Hours Daily,CREDIT,,,,,,4,,CIRCLE_K,https://www.circlek.com/charge/,200-9,32.927261,-83.732541,12/13/2023,319953,2024-01-31 22:07:01 UTC,P,,,10/23/2023,,,,,J1772COMBO,US,,,,Public - Carte de crédit en tout temps,,public,CREDIT_CARD_ALWAYS,,CONVENIENCE_STORE,,,,,,,,,,,,,,,,,FALSE,,,,,,,,MD,FALSE
ELEC,"CircleK - Champaign, IL",3604 N Mattis Ave,,Champaign,IL,61822,,833-505-2291,E,,Public - Credit card at all times,24 Hours Daily,CREDIT,,,,,,4,,CIRCLE_K,https://www.circlek.com/charge/,200-8,40.15849,-88.2769,12/13/2023,319954,2024-01-31 22:07:01 UTC,P,,,10/31/2023,,,,,J1772COMBO,US,,,,Public - Carte de crédit en tout temps,,public,CREDIT_CARD_ALWAYS,,CONVENIENCE_STORE,,,,,,,,,,,,,,,,,FALSE,,,,,,,,MD,FALSE
ELEC,Alisal Ranch,1045 Alisal Rd,,Solvang,CA,93463,,,E,,Public,24 hours daily,A D M V,,,,,8,,,TURNONGREEN,https://turnongreen.com,200-8,34.56089,-120.14103,2/12/2024,320950,2024-02-12 21:24:44 UTC,P,,,2/1/2022,,,,,J1772,US,,,,Public,,public,,,HOTEL,,,,,,,,,,,,,,,,,FALSE,,,,,,,,HD,FALSE
ELEC,Avis Juneau,2104 Alex Holden Way,,Juneau,AK,99801,,,E,,Public,24 hours daily,A D M V,,,,,2,,,TURNONGREEN,https://turnongreen.com,200-8,58.36072,-134.58827,2/12/2024,320951,2024-02-12 21:24:44 UTC,P,,,12/1/2022,,,,,J1772,US,,,,Public,,public,,,FLEET_GARAGE,,,,,,,,,,,,,,,,,FALSE,,,,,,,,HD,FALSE
ELEC,Avis Anchorage,6607 Old Seward Hwy,,Anchorage,AK,99518,,,E,,Public,24 hours daily,A D M V,,,,,4,,,TURNONGREEN,https://turnongreen.com,200-8,61.16085,-149.86374,2/12/2024,320953,2024-02-12 21:24:44 UTC,P,,,12/1/2022,,,,,J1772,US,,,,Public,,public,,,FLEET_GARAGE,,,,,,,,,,,,,,,,,FALSE,,,,,,,,HD,FALSE
ELEC,Best Western Inn at Blakeslee-Pocono,107 Parkside Ave,,Blakeslee,PA,18610,,,E,,Public,24 hours daily,A D M V,,,,,4,,,TURNONGREEN,https://turnongreen.com,200-8,41.07986,-75.58099,2/12/2024,320954,2024-02-12 21:24:44 UTC,P,,,6/1/2023,,,,,J1772,US,,,,Public,,public,,,HOTEL,,,,,,,,,,,,,,,,,FALSE,,,,,,,,HD,FALSE
ELEC,Boulder City Public EV Charging,460 California Ave,,Boulder City,NV,89005,,702-293-9200,E,,Public,24 hours daily,A D M V,,,,,4,,,TURNONGREEN,https://turnongreen.com,200-8,35.97851,-114.83517,2/12/2024,320956,2024-02-12 21:24:44 UTC,P,,,1/23/2023,,,,,J1772,US,,,,Public,,public,,,MUNI_GOV,,,,,,,,,,,,,,,,,FALSE,,,,,,,,HD,FALSE
ELEC,Best Western Premier Park Hotel,22 S Carroll St,,Madison,WI,53703,,608-229-5984,E,,Public,24 hours daily,A D M V,,,,,3,,,TURNONGREEN,https://turnongreen.com,200-8,43.07297,-89.38481,2/12/2024,320957,2024-02-12 21:24:44 UTC,P,,,8/23/2023,,,,,J1772,US,,,,Public,,public,,,HOTEL,,,,,,,,,,,,,,,,,FALSE,,,,,,,,HD,FALSE
ELEC,Holiday Inn Express,2929 S Main St,,Maryville,MO,64468,,660-562-9949,E,,Public,24 hours daily,A D M V,,,,,2,,,TURNONGREEN,https://turnongreen.com,200-8,40.31694,-94.87345,2/12/2024,320958,2024-02-12 21:24:44 UTC,P,,,6/23/2023,,,,,J1772,US,,,,Public,,public,,,HOTEL,,,,,,,,,,,,,,,,,FALSE,,,,,,,,HD,FALSE
ELEC,Foxen Vineyard & Winery,7600 Foxen Canyon Rd,,Santa Maria,CA,93454,,805-610-2679,E,,Public,24 hours daily,A D M V,,,,,6,,,TURNONGREEN,https://turnongreen.com,200-8,34.81936,-120.23188,2/12/2024,320959,2024-02-12 21:24:44 UTC,P,,,10/1/2023,,,,,J1772,US,,,,Public,,public,,,BREWERY_DISTILLERY_WINERY,,,,,,,,,,,,,,,,,FALSE,,,,,,,,HD,FALSE
ELEC,"Best Western - Mattoon, IL",1416 Broadway Ave,,Mattoon,IL,61938,,201-939-2309,E,,Public,24 hours daily,A D M V,,,,,2,,,TURNONGREEN,https://turnongreen.com,200-8,39.48295,-88.37203,2/12/2024,320960,2024-02-12 21:24:44 UTC,P,,,6/23/2023,,,,,J1772,US,,,,Public,,public,,,HOTEL,,,,,,,,,,,,,,,,,FALSE,,,,,,,,HD,FALSE
ELEC,Best Western Iowa/Lake Charles East,204 E Frontage Rd,,Iowa,LA,70647,,337-582-2261,E,,Public,24 hours daily,A D M V,,,,,2,,,TURNONGREEN,https://turnongreen.com,200-8,30.25011,-93.01142,2/12/2024,320961,2024-02-12 21:24:44 UTC,P,,,7/23/2023,,,,,J1772,US,,,,Public,,public,,,HOTEL,,,,,,,,,,,,,,,,,FALSE,,,,,,,,HD,FALSE
ELEC,Lighthouse Apartments,2433 S Plum St,,Seattle,WA,98144,,206-602-2721,E,,Public,24 hours daily,A D M V,,,,,14,,,TURNONGREEN,https://turnongreen.com,200-8,47.58535,-122.30052,2/12/2024,320962,2024-02-12 21:24:44 UTC,P,,,8/22/2023,,,,,J1772,US,,,,Public,,public,,,MULTI_UNIT_DWELLING,,,,,,,,,,,,,,,,,FALSE,,,,,,,,HD,FALSE
ELEC,Purdue University - Grant Street Parking Garage,149 Andrew Pl,,West Lafayette,IN,47906,,765-496-8609,E,,Public,24 hours daily,A D M V,,,,,2,,,TURNONGREEN,https://turnongreen.com,200-8,40.42523,-86.90953,2/12/2024,320963,2024-02-12 21:24:44 UTC,P,,,6/23/2023,,,,,J1772,US,,,,Public,,public,,,COLLEGE_CAMPUS,,,,,,,,,,,,,,,,,FALSE,,,,,,,,HD,FALSE
ELEC,Purdue University - Harrison Street Parking Garage,719 Clinic Dr,,West Lafayette,IN,47907,,765-496-8610,E,,Public,24 hours daily,A D M V,,,,,2,,,TURNONGREEN,https://turnongreen.com,GPS,40.42102724,-86.9179219,2/12/2024,320964,2024-02-12 21:24:44 UTC,P,,,6/24/2023,,,,,J1772,US,,,,Public,,public,,,COLLEGE_CAMPUS,,,,,,,,,,,,,,,,,FALSE,,,,,,,,HD,FALSE
ELEC,Purdue University - Northwestern Avenue Garage,504 Northwestern Ave,,West Lafayette,IN,47906,,765-496-8611,E,,Public,24 hours daily,A D M V,,,,,4,,,TURNONGREEN,https://turnongreen.com,200-8,40.4297,-86.91118,2/12/2024,320965,2024-02-12 21:24:44 UTC,P,,,6/25/2023,,,,,J1772,US,,,,Public,,public,,,COLLEGE_CAMPUS,,,,,,,,,,,,,,,,,FALSE,,,,,,,,HD,FALSE
ELEC,Purdue University - University Garage,201 N University St,,West Lafayette,IN,47907,,765-496-8612,E,,Public,24 hours daily,A D M V,,,,,3,,,TURNONGREEN,https://turnongreen.com,200-8,40.42231,-86.91705,2/12/2024,320966,2024-02-12 21:24:44 UTC,P,,,6/26/2023,,,,,J1772,US,,,,Public,,public,,,COLLEGE_CAMPUS,,,,,,,,,,,,,,,,,FALSE,,,,,,,,HD,FALSE
ELEC,Ravel Hotel,8-08 Queens Pl S,,Long Island City,NY,11101,,718-289-6101,E,,Public,24 hours daily,A D M V,,,,,2,,,TURNONGREEN,https://turnongreen.com,200-8,40.75402,-73.9493,2/12/2024,320967,2024-02-12 21:24:44 UTC,P,,,10/1/2023,,,,,J1772,US,,,,Public,,public,,,HOTEL,,,,,,,,,,,,,,,,,FALSE,,,,,,,,HD,FALSE
ELEC,Best Western Novato Oaks Inn,215 Alameda Del Prado,,Novato,CA,94949,,415-891-5005,E,,Public,24 hours daily,A D M V,,,,,4,,,TURNONGREEN,https://turnongreen.com,200-8,38.05056,-122.5332,2/12/2024,320968,2024-02-12 21:24:44 UTC,P,,,1/1/2024,,,,,J1772,US,,,,Public,,public,,,HOTEL,,,,,,,,,,,,,,,,,FALSE,,,,,,,,HD,FALSE
ELEC,Sunrise Hills Commercial Association,975 Morning Star Dr,,Sonora,CA,95370,,510-657-2635,E,,Public,24 hours daily,A D M V,,,,,4,,,TURNONGREEN,https://turnongreen.com,200-8,37.98506,-120.36808,2/12/2024,320969,2024-02-12 21:24:44 UTC,P,,,10/1/2023,,,,,J1772,US,,,,Public,,public,,,HOTEL,,,,,,,,,,,,,,,,,FALSE,,,,,,,,HD,FALSE
ELEC,Tesco,9955 Crosspoint Blvd,,Indianapolis,IN,46256,,317-691-5294,E,,Public,24 hours daily,A D M V,,,,,2,,,TURNONGREEN,https://turnongreen.com,200-8,39.93482,-86.02704,2/12/2024,320970,2024-02-12 21:24:44 UTC,P,,,1/1/2023,,,,,J1772,US,,,,Public,,public,,,OFFICE_BLDG,,,,,,,,,,,,,,,,,FALSE,,,,,,,,HD,TRUE
ELEC,The Glen Centre,2936 N Beverly Glen Cir,,Bel Air,CA,90077,,510-657-2635,E,,Public,24 hours daily,A D M V,,,,,5,,,TURNONGREEN,https://turnongreen.com,200-8,34.12744,-118.44347,2/12/2024,320971,2024-02-12 21:24:44 UTC,P,,,10/1/2023,,,,,J1772,US,,,,Public,,public,,,SHOPPING_CENTER,,,,,,,,,,,,,,,,,FALSE,,,,,,,,HD,FALSE
ELEC,Best Western Milton Inn,201 Hwy 515 W,,Blairsville,GA,30512,,770-727-0995,E,,Public,24 hours daily,A D M V,,,,,2,,,TURNONGREEN,https://turnongreen.com,200-8,34.8753,-83.96176,2/12/2024,320972,2024-02-12 21:24:44 UTC,P,,,8/23/2023,,,,,J1772,US,,,,Public,,public,,,HOTEL,,,,,,,,,,,,,,,,,FALSE,,,,,,,,HD,FALSE
ELEC,Best Western Plus Clock Tower Inn,2511 1st Ave N,,Billings,MT,59101,,406-238-1798,E,,Public,24 hours daily,A D M V,,,,,2,,,TURNONGREEN,https://turnongreen.com,200-8,45.78365,-108.50294,2/12/2024,320973,2024-02-12 21:24:44 UTC,P,,,10/1/2023,,,,,J1772,US,,,,Public,,public,,,HOTEL,,,,,,,,,,,,,,,,,FALSE,,,,,,,,HD,FALSE
ELEC,E&J Gallo Winery - South Carolina,5948 Lancaster Hwy,,Fort Lawn,SC,29714,,803-370-2070,E,,Public,24 hours daily,A D M V,,,,,14,,,TURNONGREEN,https://turnongreen.com,200-8,34.70653,-80.88195,2/12/2024,320974,2024-02-12 21:24:44 UTC,P,,,5/23/2023,,,,,J1772,US,,,,Public,,public,,,BREWERY_DISTILLERY_WINERY,,,,,,,,,,,,,,,,,FALSE,,,,,,,,HD,FALSE
ELEC,Four Points by Sheraton Jacksonville Beachfront,11 First St N,,Jacksonville,FL,32250,,714-420-5196,E,,Public,24 hours daily,A D M V,,,,,8,,,TURNONGREEN,https://turnongreen.com,200-8,30.28921,-81.38927,2/12/2024,320975,2024-02-12 21:24:44 UTC,P,,,5/23/2023,,,,,J1772,US,,,,Public,,public,,,HOTEL,,,,,,,,,,,,,,,,,FALSE,,,,,,,,HD,FALSE
ELEC,Best Western Copper Hills Inn,1565 E South St,,Globe,AZ,85501,,928-812-1012,E,,Public,24 hours daily,A D M V,,,,,2,,,TURNONGREEN,https://turnongreen.com,200-8,33.39639,-110.76888,2/12/2024,320976,2024-02-12 21:24:44 UTC,P,,,10/23/2023,,,,,J1772,US,,,,Public,,public,,,HOTEL,,,,,,,,,,,,,,,,,FALSE,,,,,,,,HD,FALSE
ELEC,John Pantzer Parking Spot,925 E Westfield Blvd,,Indianapolis,IN,46220,,505-644-0971,E,,Public,24 hours daily,A D M V,,,,,1,,,TURNONGREEN,https://turnongreen.com,200-8,39.87052,-86.14224,2/12/2024,320977,2024-02-12 21:24:44 UTC,P,,,4/23/2023,,,,,J1772,US,,,,Public,,public,,,OFFICE_BLDG,,,,,,,,,,,,,,,,,FALSE,,,,,,,,HD,TRUE
ELEC,Best Western Native Inn,1057 N Service Rd,,Calera,OK,74730,,505-260-1209,E,,Public,24 hours daily,A D M V,,,,,1,,,TURNONGREEN,https://turnongreen.com,200-8,33.94423,-96.41932,2/12/2024,320979,2024-02-12 21:24:44 UTC,P,,,10/23/2023,,,,,J1772,US,,,,Public,,public,,,HOTEL,,,,,,,,,,,,,,,,,FALSE,,,,,,,,HD,FALSE
ELEC,Atlanta - Prestige,1155 Allgood Rd,,Marietta,GA,30062,,218-939-2309,E,,Public,24 hours daily,A D M V,,,,,1,,,TURNONGREEN,https://turnongreen.com,200-8,33.98079,-84.52217,2/12/2024,320980,2024-02-12 21:24:44 UTC,P,,,4/23/2023,,,,,J1772,US,,,,Public,,public,,,FLEET_GARAGE,,,,,,,,,,,,,,,,,FALSE,,,,,,,,HD,FALSE
ELEC,Boston - Automotion,15 Wareham St,,Middleborough,MA,2346,,218-939-2310,E,,Public,24 hours daily,A D M V,,,,,1,,,TURNONGREEN,https://turnongreen.com,200-8,41.89222,-70.90753,2/12/2024,320981,2024-02-12 21:24:44 UTC,P,,,4/23/2023,,,,,J1772,US,,,,Public,,public,,,FLEET_GARAGE,,,,,,,,,,,,,,,,,FALSE,,,,,,,,HD,FALSE
ELEC,Chicago - G.Schmitz,1089 Rock Road Ln,,East Dundee,IL,60118,,218-939-2311,E,,Public,24 hours daily,A D M V,,,,,1,,,TURNONGREEN,https://turnongreen.com,200-8,42.0898,-88.24391,2/12/2024,320982,2024-02-12 21:24:44 UTC,P,,,4/23/2023,,,,,J1772,US,,,,Public,,public,,,FLEET_GARAGE,,,,,,,,,,,,,,,,,FALSE,,,,,,,,HD,FALSE
ELEC,Dallas - Prestige,4305 Pinnacle Point Dr,,Dallas,TX,75211,,218-939-2312,E,,Public,24 hours daily,A D M V,,,,,1,,,TURNONGREEN,https://turnongreen.com,200-8,32.76062,-96.89269,2/12/2024,320983,2024-02-12 21:24:44 UTC,P,,,4/23/2023,,,,,J1772,US,,,,Public,,public,,,FLEET_GARAGE,,,,,,,,,,,,,,,,,FALSE,,,,,,,,HD,FALSE
ELEC,DC - G. Schmitz,2105 Emmorton Park Rd,,Edgewood,MD,21040,,218-939-2313,E,,Public,24 hours daily,A D M V,,,,,1,,,TURNONGREEN,https://turnongreen.com,200-8,39.4528,-76.31311,2/12/2024,320984,2024-02-12 21:24:44 UTC,P,,,4/23/2023,,,,,J1772,US,,,,Public,,public,,,FLEET_GARAGE,,,,,,,,,,,,,,,,,FALSE,,,,,,,,HD,FALSE
ELEC,Denver - AMS,3240 W 71st Ave,,Westminster,CO,80030,,218-939-2314,E,,Public,24 hours daily,A D M V,,,,,1,,,TURNONGREEN,https://turnongreen.com,200-8,39.824,-105.02929,2/12/2024,320985,2024-02-12 21:24:44 UTC,P,,,4/23/2023,,,,,J1772,US,,,,Public,,public,,,FLEET_GARAGE,,,,,,,,,,,,,,,,,FALSE,,,,,,,,HD,FALSE
ELEC,Detroit - TNT,989 Chicago Rd,,Troy,MI,48083,,218-939-2315,E,,Public,24 hours daily,A D M V,,,,,1,,,TURNONGREEN,https://turnongreen.com,200-8,42.54382,-83.11479,2/12/2024,320986,2024-02-12 21:24:44 UTC,P,,,4/23/2023,,,,,J1772,US,,,,Public,,public,,,FLEET_GARAGE,,,,,,,,,,,,,,,,,FALSE,,,,,,,,HD,FALSE
ELEC,Los Angeles - Page One Automotive,125 W Griffith St,,Carson,CA,90248,,218-939-2316,E,,Public,24 hours daily,A D M V,,,,,2,,,TURNONGREEN,https://turnongreen.com,200-8,33.86032,-118.2766,2/12/2024,320987,2024-02-12 21:24:44 UTC,P,,,4/23/2023,,,,,J1772,US,,,,Public,,public,,,FLEET_GARAGE,,,,,,,,,,,,,,,,,FALSE,,,,,,,,HD,FALSE
ELEC,Miami - Prestige,720 S Powerline Rd,,Deerfield Beach,FL,33442,,218-939-2317,E,,Public,24 hours daily,A D M V,,,,,1,,,TURNONGREEN,https://turnongreen.com,200-8,26.30703,-80.15168,2/12/2024,320988,2024-02-12 21:24:44 UTC,P,,,4/23/2023,,,,,J1772,US,,,,Public,,public,,,FLEET_GARAGE,,,,,,,,,,,,,,,,,FALSE,,,,,,,,HD,FALSE
ELEC,New York - FMI,225 Brae Blvd,,Park Ridge,NJ,7656,,218-939-2318,E,,Public,24 hours daily,A D M V,,,,,1,,,TURNONGREEN,https://turnongreen.com,200-8,41.04002,-74.06268,2/12/2024,320989,2024-02-12 21:24:44 UTC,P,,,4/23/2023,,,,,J1772,US,,,,Public,,public,,,FLEET_GARAGE,,,,,,,,,,,,,,,,,FALSE,,,,,,,,HD,FALSE
ELEC,Phoenix - Page One Automotive,220 S 54th St,,Chandler,AZ,85226,,218-939-2319,E,,Public,24 hours daily,A D M V,,,,,1,,,TURNONGREEN,https://turnongreen.com,200-8,33.30006,-111.96835,2/12/2024,320990,2024-02-12 21:24:44 UTC,P,,,4/23/2023,,,,,J1772,US,,,,Public,,public,,,FLEET_GARAGE,,,,,,,,,,,,,,,,,FALSE,,,,,,,,HD,FALSE
ELEC,Portland - Page One Automotive,5900 NE 152nd Ave,,Vancouver,WA,98682,,218-939-2320,E,,Public,24 hours daily,A D M V,,,,,1,,,TURNONGREEN,https://turnongreen.com,200-8,45.66531,-122.51758,2/12/2024,320991,2024-02-12 21:24:44 UTC,P,,,4/23/2023,,,,,J1772,US,,,,Public,,public,,,FLEET_GARAGE,,,,,,,,,,,,,,,,,FALSE,,,,,,,,HD,FALSE
ELEC,San Francisco - Page One Automotive,211 S Hill Dr,,Brisbane,CA,94005,,218-939-2318,E,,Public,24 hours daily,A D M V,,,,,1,,,TURNONGREEN,https://turnongreen.com,200-8,37.69209,-122.42348,2/12/2024,320992,2024-02-12 21:24:44 UTC,P,,,4/23/2023,,,,,J1772,US,,,,Public,,public,,,FLEET_GARAGE,,,,,,,,,,,,,,,,,FALSE,,,,,,,,HD,FALSE
ELEC,Seattle - Page One Automotive,420 S 96th St,,Seattle,WA,98108,,218-939-2318,E,,Public,24 hours daily,A D M V,,,,,1,,,TURNONGREEN,https://turnongreen.com,200-8,47.51799,-122.32796,2/12/2024,320993,2024-02-12 21:24:44 UTC,P,,,4/23/2023,,,,,J1772,US,,,,Public,,public,,,FLEET_GARAGE,,,,,,,,,,,,,,,,,FALSE,,,,,,,,HD,FALSE
ELEC,"PH Electric, Inc.",18267 4th Ave,,Jamestown,CA,95327,,209-559-1027,E,,Public,24 hours daily,A D M V,,,,,1,,,TURNONGREEN,https://turnongreen.com,200-8,37.95417,-120.41887,2/12/2024,320994,2024-02-12 21:24:44 UTC,P,,,6/23/2023,,,,,J1772,US,,,,Public,,public,,,OFFICE_BLDG,,,,,,,,,,,,,,,,,FALSE,,,,,,,,HD,TRUE
ELEC,Tru by Hilton Chesapeake Greenbrier,1570 Crossways Blvd,,Chesapeake,VA,23320,,757-635-5994,E,,Public,24 hours daily,A D M V,,,,,4,,,TURNONGREEN,https://turnongreen.com,200-8,36.77966,-76.23317,2/12/2024,320995,2024-02-12 21:24:44 UTC,P,,,8/23/2023,,,,,J1772,US,,,,Public,,public,,,HOTEL,,,,,,,,,,,,,,,,,FALSE,,,,,,,,HD,FALSE
ELEC,Red Lion Hotel Redding,1830 Hilltop Dr,,Redding,CA,96002,,505-864-8153,E,,Public,24 hours daily,A D M V,,,,,4,,,TURNONGREEN,https://turnongreen.com,200-8,40.58083,-122.35826,2/12/2024,320996,2024-02-12 21:24:44 UTC,P,,,5/23/2023,,,,,J1772,US,,,,Public,,public,,,HOTEL,,,,,,,,,,,,,,,,,FALSE,,,,,,,,HD,FALSE
ELEC,Solano County - County Administration Center Parking Structure,675 Texas St,,Fairfield,CA,94533,,707-784-6335,E,,Public,24 hours daily,,,,,,8,,,Non-Networked,,200-8,38.2491,-122.0416,1/9/2024,322626,2024-01-31 22:07:01 UTC,LG,,,7/23/2013,,,,,J1772,US,,,,Public,,public,,,MUNI_GOV,,,,,,,Free,,,,,,,,,,FALSE,,,,,,,,MD,FALSE
ELEC,CircleK - Irmo,7710 Broad River Rd,,Irmo,SC,29063,,833-505-2291,E,,Public,24 hours daily,CREDIT,,,,,,4,,CIRCLE_K,https://www.circlek.com/charge/,200-8,34.10021,-81.17841,1/9/2024,323709,2024-01-31 22:07:01 UTC,P,,,11/16/2023,,,,,J1772COMBO,US,,,,Public,,public,,,CONVENIENCE_STORE,,,,,,,,,,,,,,,,,FALSE,,,,,,,,MD,FALSE
ELEC,CircleK - Jordan,255 Triangle Ln,,Jordan,MN,55352,,833-505-2291,E,,Public - Credit card at all times,24 hours daily,CREDIT,,,,,,4,,CIRCLE_K,https://www.circlek.com/charge/,200-8,44.67047,-93.63847,1/9/2024,323710,2024-01-31 22:07:01 UTC,P,,,11/30/2023,,,,,J1772COMBO,US,,,,Public - Carte de crédit en tout temps,,public,CREDIT_CARD_ALWAYS,,CONVENIENCE_STORE,,,,,,,,,,,,,,,,,FALSE,,,,,,,,MD,FALSE
ELEC,La Quinta Inn & Suites by Wyndham Glen Rose,101 Bo Gibbs Blvd,,Glen Rose,TX,76043,,866-350-2738,E,,Public - Credit card at all times,24 hours daily,A CREDIT D M V,,,,,4,,,UNIVERSAL,https://universalevcharging.com/,GPS,32.238361,-97.757884,2/12/2024,325522,2024-02-12 21:24:44 UTC,P,,,9/13/2023,,,,,J1772,US,,,,Public - Carte de crédit en tout temps,,public,CREDIT_CARD_ALWAYS,,HOTEL,,,,,,,,,,,,,,,,,FALSE,,,,,,,,MD,FALSE
ELEC,Comfort Suites Airport North,14202 San Pedro Ave,,San Antonio,TX,78232,,866-350-2738,E,,Public - Credit card at all times,24 hours daily,A CREDIT D M V,,,,,2,,,UNIVERSAL,https://universalevcharging.com/,GPS,29.570049,-98.478232,2/12/2024,325524,2024-02-12 21:24:44 UTC,P,,,11/15/2023,,,,,J1772,US,,,,Public - Carte de crédit en tout temps,,public,CREDIT_CARD_ALWAYS,,HOTEL,,,,,,,,,,,,,,,,,FALSE,,,,,,,,MD,FALSE
ELEC,Scottish Inn and Suites Hankamer,25941 I-10,,Hankamer,TX,77560,,866-350-2738,E,,Public - Credit card at all times,24 Hours Daily,A CREDIT D M V,,,,,2,,,UNIVERSAL,https://universalevcharging.com/,GPS,29.841493,-94.645754,2/12/2024,325532,2024-02-12 21:24:44 UTC,P,,,8/29/2023,,,,,J1772,US,,,,Public - Carte de crédit en tout temps,,public,CREDIT_CARD_ALWAYS,,HOTEL,,,,,,,,,,,,,,,,,FALSE,,,,,,,,MD,FALSE
ELEC,Best Western Brady Inn,2200 S Bridge St,,Brady,TX,76825,,866-350-2738,E,,Public - Credit card at all times,24 Hours Daily,A CREDIT D M V,,,,,4,,,UNIVERSAL,https://universalevcharging.com/,GPS,31.110918,-99.335222,2/12/2024,325533,2024-02-12 21:24:44 UTC,P,,,11/16/2023,,,,,J1772,US,,,,Public - Carte de crédit en tout temps,,public,CREDIT_CARD_ALWAYS,,HOTEL,,,,,,,,,,,,,,,,,FALSE,,,,,,,,MD,FALSE
ELEC,Best Western Lubbock West Inn & Suites,5310 Englewood Ave,,Lubbock,TX,79424,,866-350-2738,E,,Public - Credit card at all times,24 Hours Daily,A CREDIT D M V,,,,,4,,,UNIVERSAL,https://universalevcharging.com/,GPS,33.544632,-101.938248,2/12/2024,325534,2024-02-12 21:24:44 UTC,P,,,11/10/2023,,,,,J1772,US,,,,Public - Carte de crédit en tout temps,,public,CREDIT_CARD_ALWAYS,,HOTEL,,,,,,,,,,,,,,,,,FALSE,,,,,,,,MD,FALSE
ELEC,"Country Inn & Suites by Radisson, Lubbock Southwest",6225 62nd St,,Lubbock,TX,79424,,866-350-2738,E,,Public - Credit card at all times,24 Hours Daily,A CREDIT D M V,,,,,4,,,UNIVERSAL,https://universalevcharging.com/,GPS,33.536792,-101.953465,2/12/2024,325535,2024-02-12 21:24:44 UTC,P,,,10/13/2023,,,,,J1772,US,,,,Public - Carte de crédit en tout temps,,public,CREDIT_CARD_ALWAYS,,HOTEL,,,,,,,,,,,,,,,,,FALSE,,,,,,,,MD,FALSE
ELEC,Wingate by Wyndham Lubbock near Texas Tech Univ. Medical Ctr,5214 2nd Dr,,Lubbock,TX,79416,,866-350-2738,E,,Public - Credit card at all times,24 Hours Daily,A CREDIT D M V,,,,,3,,,UNIVERSAL,https://universalevcharging.com/,GPS,33.597516,-101.926135,2/12/2024,325536,2024-02-12 21:24:44 UTC,P,,,10/19/2023,,,,,J1772,US,,,,Public - Carte de crédit en tout temps,,public,CREDIT_CARD_ALWAYS,,HOTEL,,,,,,,,,,,,,,,,,FALSE,,,,,,,,MD,FALSE
ELEC,Days Inn by Wyndham Hillsboro,307 Interstate 35 Hwy NW,,Hillsboro,TX,76645,,866-350-2738,E,,Public - Credit card at all times,24 Hours Daily,A CREDIT D M V,,,,,4,,,UNIVERSAL,https://universalevcharging.com/,GPS,32.007629,-97.093561,2/12/2024,325537,2024-02-12 21:24:44 UTC,P,,,5/26/2023,,,,,J1772,US,,,,Public - Carte de crédit en tout temps,,public,CREDIT_CARD_ALWAYS,,HOTEL,,,,,,,,,,,,,,,,,FALSE,,,,,,,,MD,FALSE
ELEC,Best Western Plus Downtown North,2131 N PanAm Expy,,San Antonio,TX,78208,,866-350-2738,E,,Public - Credit card at all times,24 Hours Daily,A CREDIT D M V,,,,,2,,,UNIVERSAL,https://universalevcharging.com/,GPS,29.439982,-98.461584,2/12/2024,325538,2024-02-12 21:24:44 UTC,P,,,12/15/2023,,,,,J1772,US,,,,Public - Carte de crédit en tout temps,,public,CREDIT_CARD_ALWAYS,,HOTEL,,,,,,,,,,,,,,,,,FALSE,,,,,,,,MD,FALSE
ELEC,Days Inn by Wyndham San Antonio at Palo Alto,"9403 Poteet Jourdanton Fwy Acc Rd,",,San Antonio,TX,78244,,866-350-2738,E,,Public - Credit card at all times,24 Hours Daily,A CREDIT D M V,,,,,2,,,UNIVERSAL,https://universalevcharging.com/,GPS,29.328976,-98.551614,2/12/2024,325539,2024-02-12 21:24:44 UTC,P,,,12/14/2023,,,,,J1772,US,,,,Public - Carte de crédit en tout temps,,public,CREDIT_CARD_ALWAYS,,HOTEL,,,,,,,,,,,,,,,,,FALSE,,,,,,,,MD,FALSE
ELEC,Quality Inn,1505 Hillview Dr,,Hillsboro,TX,76645,,866-350-2738,E,,Public - Credit card at all times,24 Hours Daily,A CREDIT D M V,,,,,2,,,UNIVERSAL,https://universalevcharging.com/,GPS,32.011256,-97.093362,2/12/2024,325540,2024-02-12 21:24:44 UTC,P,,,12/12/2023,,,,,J1772,US,,,,Public - Carte de crédit en tout temps,,public,CREDIT_CARD_ALWAYS,,HOTEL,,,,,,,,,,,,,,,,,FALSE,,,,,,,,MD,FALSE
ELEC,Candlewood Suites Amarillo-Western Crossing,18 Western Plaza Dr,,Amarillo,TX,79109,,866-350-2738,E,,Public - Credit card at all times,24 Hours Daily,A CREDIT D M V,,,,,4,,,UNIVERSAL,https://universalevcharging.com/,GPS,35.188097,-101.880159,2/12/2024,325541,2024-02-12 21:24:44 UTC,P,,,1/12/2023,,,,,J1772,US,,,,Public - Carte de crédit en tout temps,,public,CREDIT_CARD_ALWAYS,,HOTEL,,,,,,,,,,,,,,,,,FALSE,,,,,,,,MD,FALSE
ELEC,Staybridge Suites Amarillo-Western Crossing,36 Western Plaza Dr,,Amarillo,TX,79109,,866-350-2738,E,,Public - Credit card at all times,24 Hours Daily,A CREDIT D M V,,,,,4,,,UNIVERSAL,https://universalevcharging.com/,GPS,35.188077,-101.882452,2/12/2024,325542,2024-02-12 21:24:44 UTC,P,,,12/18/2023,,,,,J1772,US,,,,Public - Carte de crédit en tout temps,,public,CREDIT_CARD_ALWAYS,,HOTEL,,,,,,,,,,,,,,,,,FALSE,,,,,,,,MD,FALSE
ELEC,Holiday Inn Temple-Belton,5247 S General Bruce Dr,,Temple,TX,76502,,866-350-2738,E,,Public - Credit card at all times,24 Hours Daily,A CREDIT D M V,,,,,4,,,UNIVERSAL,https://universalevcharging.com/,GPS,31.083163,-97.407327,2/12/2024,325543,2024-02-12 21:24:44 UTC,P,,,11/30/2023,,,,,J1772,US,,,,Public - Carte de crédit en tout temps,,public,CREDIT_CARD_ALWAYS,,HOTEL,,,,,,,,,,,,,,,,,FALSE,,,,,,,,MD,FALSE
ELEC,Best Western Plus Monica Royale Inn & Suites,3001 Mustang Crossing Annex,,Greenville,TX,75402,,866-350-2738,E,,Public - Credit card at all times,24 Hours Daily,A CREDIT D M V,,,,,4,,,UNIVERSAL,https://universalevcharging.com/,GPS,33.092415,-96.113441,2/12/2024,325544,2024-02-12 21:24:44 UTC,P,,,5/12/2023,,,,,J1772,US,,,,Public - Carte de crédit en tout temps,,public,CREDIT_CARD_ALWAYS,,HOTEL,,,,,,,,,,,,,,,,,FALSE,,,,,,,,MD,FALSE
ELEC,Comfort Suites,12 Western Plaza Dr,,Amarillo,TX,79109,,866-350-2738,E,,Public - Credit card at all times,24 Hours Daily,A CREDIT D M V,,,,,2,,,UNIVERSAL,https://universalevcharging.com/,GPS,35.189052,-101.880096,2/12/2024,325545,2024-02-12 21:24:44 UTC,P,,,10/11/2023,,,,,J1772,US,,,,Public - Carte de crédit en tout temps,,public,CREDIT_CARD_ALWAYS,,HOTEL,,,,,,,,,,,,,,,,,FALSE,,,,,,,,MD,FALSE
ELEC,Super 8 by Wyndham Corsicana,2021 Regal Dr,,Corsicana,TX,75109,,866-350-2738,E,,Public - Credit card at all times,24 Hours Daily,A CREDIT D M V,,,,,4,,,UNIVERSAL,https://universalevcharging.com/,GPS,32.099982,-96.43948,2/12/2024,326506,2024-02-12 21:24:44 UTC,P,,,,,,,,J1772,US,,,,Public - Carte de crédit en tout temps,,public,CREDIT_CARD_ALWAYS,,HOTEL,,,,,,,,,,,,,,,,,FALSE,,,,,,,,MD,FALSE
ELEC,La Quinta Inn & Suites by Wyndham Dallas Plano - The Colony,3750 Market St,,The Colony,TX,75056,,866-350-2738,E,,Public - Credit card at all times,24 Hours Daily,A CREDIT D M V,,,,,2,,,UNIVERSAL,https://universalevcharging.com/,GPS,33.063707,-96.89677,2/12/2024,326507,2024-02-12 21:24:44 UTC,P,,,,,,,,J1772,US,,,,Public - Carte de crédit en tout temps,,public,CREDIT_CARD_ALWAYS,,HOTEL,,,,,,,,,,,,,,,,,FALSE,,,,,,,,MD,FALSE
ELEC,Super 8 by Wyndham Ft Stockton,3200 W Dickinson Blvd,,Fort Stockton,TX,79735,,866-350-2738,E,,Public - Credit card at all times,24 Hours Daily,A CREDIT D M V,,,,,4,,,UNIVERSAL,https://universalevcharging.com/,GPS,30.894796,-102.91521,2/12/2024,326508,2024-02-12 21:24:44 UTC,P,,,1/17/2024,,,,,J1772,US,,,,Public - Carte de crédit en tout temps,,public,CREDIT_CARD_ALWAYS,,HOTEL,,,,,,,,,,,,,,,,,FALSE,,,,,,,,MD,FALSE
ELEC,La Quinta Inn & Suites by Wyndham Fort Stockton Northeast,836 W I-10,,Fort Stockton,TX,79735,,866-350-2738,E,,Public - Credit card at all times,24 Hours Daily,A CREDIT D M V,,,,,2,,,UNIVERSAL,https://universalevcharging.com/,GPS,30.909108,-102.88616,2/12/2024,326509,2024-02-12 21:24:44 UTC,P,,,1/17/2024,,,,,J1772,US,,,,Public - Carte de crédit en tout temps,,public,CREDIT_CARD_ALWAYS,,HOTEL,,,,,,,,,,,,,,,,,FALSE,,,,,,,,MD,FALSE
ELEC,Best Western BCS,4613 S Texas Ave,,Bryan,TX,77802,,866-350-2738,E,,Public - Credit card at all times,24 Hours Daily,A CREDIT D M V,,,,,4,,,UNIVERSAL,https://universalevcharging.com/,GPS,30.630071,-96.33685,2/12/2024,326510,2024-02-12 21:24:44 UTC,P,,,9/1/2024,,,,,J1772,US,,,,Public - Carte de crédit en tout temps,,public,CREDIT_CARD_ALWAYS,,HOTEL,,,,,,,,,,,,,,,,,FALSE,,,,,,,,MD,FALSE
ELEC,Hampton Inn & Suites Amarillo East,7777 I-40,,Amarillo,TX,79118,,866-350-2738,E,,Public - Credit card at all times,24 Hours Daily,A CREDIT D M V,,,,,2,,,UNIVERSAL,https://universalevcharging.com/,GPS,35.193859,-101.75237,2/12/2024,326511,2024-02-12 21:24:44 UTC,P,,,12/16/2023,,,,,J1772,US,,,,Public - Carte de crédit en tout temps,,public,CREDIT_CARD_ALWAYS,,HOTEL,,,,,,,,,,,,,,,,,FALSE,,,,,,,,MD,FALSE
ELEC,Velkommen Inn (Formerly Best Western),1215 N Avenue G,,Clifton,TX,76634,,866-350-2738,E,,Public - Credit card at all times,24 Hours Daily,A CREDIT D M V,,,,,4,,,UNIVERSAL,https://universalevcharging.com/,GPS,31.795585,-97.58811,2/12/2024,326512,2024-02-12 21:24:44 UTC,P,,,1/12/2023,,,,,J1772,US,,,,Public - Carte de crédit en tout temps,,public,CREDIT_CARD_ALWAYS,,HOTEL,,,,,,,,,,,,,,,,,FALSE,,,,,,,,MD,FALSE
ELEC,La Quinta Inn & Suites by Wyndham Dumas,1912 S Dumas Ave,,Dumas,TX,79029,,866-350-2738,E,,Public - Credit card at all times,24 Hours Daily,A CREDIT D M V,,,,,4,,,UNIVERSAL,https://universalevcharging.com/,GPS,35.842038,-101.97551,2/12/2024,326513,2024-02-12 21:24:44 UTC,P,,,12/15/2023,,,,,J1772,US,,,,Public - Carte de crédit en tout temps,,public,CREDIT_CARD_ALWAYS,,HOTEL,,,,,,,,,,,,,,,,,FALSE,,,,,,,,MD,FALSE
ELEC,7-Eleven - Canyon Rim,3235 3300 South,,Salt Lake City,UT,84109,,844-384-3577,E,,Public,24 Hours Daily,A ANDROID_PAY APPLE_PAY CREDIT D M V,,,,,,4,,EVPOWER,https://www.evpowerexchange.com,200-8,40.70026,-111.8024,3/14/2024,328334,2024-03-14 18:02:10 UTC,P,,,12/21/2023,,,,,CHADEMO J1772COMBO,US,,,,Public,,public,,,CONVENIENCE_STORE,,,,,,,,,,,,,,,,,FALSE,,,,,,,,MD,TRUE
ELEC,Speedway - 23rd and 33rd,3301 S 2300 E,,Salt Lake City,UT,84109,,844-384-3577,E,,Public,24 hours daily,A ANDROID_PAY APPLE_PAY CREDIT D M V,,,,,,4,,EVPOWER,https://www.evpowerexchange.com,200-8,40.69961,-111.82416,3/14/2024,328335,2024-03-14 18:02:10 UTC,P,,,12/10/2023,,,,,CHADEMO J1772COMBO,US,,,,Public,,public,,,SHOPPING_CENTER,,,,,,,,,,,,,,,,,FALSE,,,,,,,,MD,TRUE
ELEC,Vasa Fitness - Van Wrinkle,5546 Van Wrinkle Expwy,,Salt Lake City,UT,84117,,844-384-3577,E,,Public,24 hours daily,A ANDROID_PAY APPLE_PAY CREDIT D M V,,,,,,4,,EVPOWER,https://www.evpowerexchange.com,200-8,40.64996,-111.85057,3/14/2024,328336,2024-03-14 18:02:10 UTC,P,,,12/22/2023,,,,,CHADEMO J1772COMBO,US,,,,Public,,public,,,SHOPPING_CENTER,,,,,,,,,,,,,,,,,FALSE,,,,,,,,MD,TRUE
ELEC,Dick's Sporting Goods - Fort Union,7170 S 1000 E,,Midvale,UT,84047,,844-384-3577,E,,Public,24 hours daily,A ANDROID_PAY APPLE_PAY CREDIT D M V,,,,,,4,,EVPOWER,https://www.evpowerexchange.com,200-9,40.61751,-111.86257,3/14/2024,328337,2024-03-14 18:02:10 UTC,P,,,11/16/2023,,,,,CHADEMO J1772COMBO,US,,,,Public,,public,,,SHOPPING_CENTER,,,,,,,,,,,,,,,,,FALSE,,,,,,,,MD,TRUE
ELEC,Olive Garden - Riverdale Shopping Center,4087 Riverdale Rd,,Ogden,UT,84405,,844-384-3577,E,,Public,24 hours daily,A ANDROID_PAY APPLE_PAY CREDIT D M V,,,,,,4,,EVPOWER,https://www.evpowerexchange.com,200-8,41.18947,-111.98267,3/14/2024,328338,2024-03-14 18:02:10 UTC,P,,,12/25/2023,,,,,CHADEMO J1772COMBO,US,,,,Public,,public,,,SHOPPING_CENTER,,,,,,,,,,,,,,,,,FALSE,,,,,,,,MD,TRUE
ELEC,Best Western Columbia River Waterfront Hotel Astoria,3420 Leif Erikson Dr,,Astoria,OR,97103,,503-580-3345,E,,Public,24 hours daily,A D M V,,,,,1,,,TURNONGREEN,https://turnongreen.com,200-8,46.19335,-123.80525,3/14/2024,328423,2024-03-14 18:02:10 UTC,P,,,2/5/2024,,,,,J1772,US,,,,Public,,public,,,HOTEL,,,,,,,,,,,,,,,,,FALSE,,,,,,,,HD,FALSE
ELEC,Best Western Kernersville,1570 Highway 66 S,,Kernersville,NC,27284,,469-358-6984,E,,Public,24 hours daily,A D M V,,,,,2,,,TURNONGREEN,https://turnongreen.com,200-9,36.08421,-80.06405,3/14/2024,328424,2024-03-14 18:02:10 UTC,P,,,2/5/2024,,,,,J1772,US,,,,Public,,public,,,HOTEL,,,,,,,,,,,,,,,,,FALSE,,,,,,,,HD,FALSE
ELEC,Cardiff by the Sea,142 Chesterfield Dr,,Cardiff by the Sea,CA,92007,,714-427-4333,E,,Public,24 hours daily,A D M V,,,,,1,,,TURNONGREEN,https://turnongreen.com,200-8,33.02008,-117.28097,3/14/2024,328427,2024-03-14 18:02:10 UTC,P,,,1/23/2023,,,,,J1772,US,,,,Public,,public,,,HOTEL,,,,,,,,,,,,,,,,,FALSE,,,,,,,,HD,FALSE
ELEC,Desert Regional Medical Center,1150 N Indian Canyon Dr,,Palm Springs,CA,92262,,760-323-6511,E,,Public,24 hours daily,A D M V,,,,,2,,,TURNONGREEN,https://turnongreen.com,200-8,33.83835,-116.54484,3/14/2024,328430,2024-03-14 18:02:10 UTC,P,,,1/25/2024,,,,,J1772,US,,,,Public,,public,,,HOSPITAL,,,,,,,,,,,,,,,,,TRUE,,,,,,,,HD,FALSE
ELEC,Hampton Inn & Suites Buellton/Santa Ynez Valley,600 McMurray Rd,,Buellton,CA,93427,,805-686-1555,E,,Public,24 hours daily,A D M V,,,,,4,,,TURNONGREEN,https://turnongreen.com,200-8,34.61812,-120.18705,3/14/2024,328432,2024-03-14 18:02:10 UTC,P,,,5/23/2023,,,,,J1772,US,,,,Public,,public,,,HOTEL,,,,,,,,,,,,,,,,,FALSE,,,,,,,,HD,FALSE
ELEC,Holiday Inn Express Jacksonville Beach,1101 Beach Blvd,,Jacksonville Beach,FL,33250,,904-435-3000,E,,Public,24 hours daily,A D M V,,,,,2,,,TURNONGREEN,https://turnongreen.com,200-8,30.28849,-81.40097,3/14/2024,328434,2024-03-14 18:02:10 UTC,P,,,10/1/2023,,,,,J1772,US,,,,Public,,public,,,HOTEL,,,,,,,,,,,,,,,,,FALSE,,,,,,,,HD,FALSE
ELEC,CircleK - Myrtle Beach,511 Highway 17 S,,North Myrtle Beach,SC,29582,,833-505-2291,E,,Public,24 hours daily,CREDIT,,,,,,4,,CIRCLE_K,https://www.circlek.com/charge/,200-8,33.82486,-78.68394,3/14/2024,328626,2024-03-14 18:02:10 UTC,P,,,12/5/2023,,,,,J1772COMBO,US,,,,Public,,public,,,CONVENIENCE_STORE,,,,,,,,,,,,,,,,,FALSE,,,,,,,,MD,FALSE
ELEC,CircleK - Rochester,1851 Assisi Dr NW,,Rochester,MN,55901,,833-505-2291,E,,Public,24 Hours Daily,CREDIT,,,,,,4,,CIRCLE_K,https://www.circlek.com/charge/,200-8,44.04307,-92.4863,3/14/2024,328627,2024-03-14 18:02:10 UTC,P,,,1/9/2023,,,,,J1772COMBO,US,,,,Public,,public,,,CONVENIENCE_STORE,,,,,,,,,,,,,,,,,FALSE,,,,,,,,MD,FALSE
ELEC,CircleK - Pasco,4823 Broadmoor Blvd,,Pasco,WA,99301,,833-505-2291,E,,Public,24 Hours Daily,CREDIT,,,,,,4,,CIRCLE_K,https://www.circlek.com/charge/,200-8,46.27125,-119.22106,3/14/2024,328628,2024-03-14 18:02:10 UTC,P,,,1/11/2024,,,,,J1772COMBO,US,,,,Public,,public,,,CONVENIENCE_STORE,,,,,,,,,,,,,,,,,FALSE,,,,,,,,MD,FALSE
ELEC,CircleK - Northlake,18501 I-35 W,,Northlake,TX,76262,,833-505-2291,E,,Public,24 hours daily,CREDIT,,,,,,4,,CIRCLE_K,https://www.circlek.com/charge/,200-8,33.02793,-97.2704,3/14/2024,328629,2024-03-14 18:02:10 UTC,P,,,1/18/2023,,,,,J1772COMBO,US,,,,Public,,public,,,CONVENIENCE_STORE,,,,,,,,,,,,,,,,,FALSE,,,,,,,,MD,FALSE
ELEC,CircleK - St Cloud,4255 Roosevelt Rd,,Saint Cloud,MN,56301,,833-505-2291,E,,Public,24 hours daily,CREDIT,,,,,,4,,CIRCLE_K,https://www.circlek.com/charge/,200-8,45.49793,-94.15106,3/14/2024,328630,2024-03-14 18:02:10 UTC,P,,,2/8/2023,,,,,J1772COMBO,US,,,,Public,,public,,,CONVENIENCE_STORE,,,,,,,,,,,,,,,,,FALSE,,,,,,,,MD,FALSE
ELEC,Executive Inn,901 E Dickinson Blvd,,Fort Stockton,TX,79735,,866-350-2738,E,,Public - Credit card at all times,24 hours daily,A CREDIT D M V,,,,,2,,,UNIVERSAL,https://universalevcharging.com/,200-8,30.89364,-102.87008,3/14/2024,330190,2024-03-14 18:02:10 UTC,P,,,1/24/2024,,,,,J1772,US,,,,Public - Carte de crédit en tout temps,,public,CREDIT_CARD_ALWAYS,,HOTEL,,,,,,,,,,,,,,,,,FALSE,,,,,,,,MD,FALSE
ELEC,Econo Lodge,606 E Central Tx Expwy,,Killeen,TX,76542,,866-350-2738,E,,Public - Credit card at all times,24 hours daily,A CREDIT D M V,,,,,4,,,UNIVERSAL,https://universalevcharging.com/,200-8,31.09534,-97.73681,3/14/2024,330191,2024-03-14 18:02:10 UTC,P,,,6/2/2024,,,,,J1772,US,,,,Public - Carte de crédit en tout temps,,public,CREDIT_CARD_ALWAYS,,HOTEL,,,,,,,,,,,,,,,,,FALSE,,,,,,,,MD,FALSE
ELEC,Best Western Medical Center North Inn & Suites,4800 Woodstone Dr,,San Antonio,TX,78230,,866-350-2738,E,,Public - Credit card at all times,24 hours daily,A CREDIT D M V,,,,,2,,,UNIVERSAL,https://universalevcharging.com/,200-8,29.55208,-98.58327,3/14/2024,330192,2024-03-14 18:02:10 UTC,P,,,7/2/2023,,,,,J1772,US,,,,Public - Carte de crédit en tout temps,,public,CREDIT_CARD_ALWAYS,,HOTEL,,,,,,,,,,,,,,,,,FALSE,,,,,,,,MD,FALSE
ELEC,CircleK - Benton,920 W Main St,,West City,IL,62812,,833-505-2291,E,,Public,24 hours daily,CREDIT,,,,,,4,,CIRCLE_K,https://www.circlek.com/charge/,200-8,37.99641,-88.93807,3/14/2024,330193,2024-03-14 18:02:10 UTC,P,,,2/15/2023,,,,,J1772COMBO,US,,,,Public,,public,,,CONVENIENCE_STORE,,,,,,,,,,,,,,,,,FALSE,,,,,,,,MD,FALSE
ELEC,CircleK - Greenville,821 E Butler Rd,,Mauldin,SC,29607,,833-505-2291,E,,Public,24 hours daily,CREDIT,,,,,,4,,CIRCLE_K,https://www.circlek.com/charge/,200-8,34.80308,-82.28558,3/14/2024,330194,2024-03-14 18:02:10 UTC,P,,,2/20/2023,,,,,J1772COMBO,US,,,,Public,,public,,,CONVENIENCE_STORE,,,,,,,,,,,,,,,,,FALSE,,,,,,,,MD,FALSE
ELEC,CircleK - Spartanburg,8697 Asheville Hwy,,Spartanburg,SC,29316,,833-505-2291,E,,Public,24 hours daily,CREDIT,,,,,,4,,CIRCLE_K,https://www.circlek.com/charge/,200-8,35.00171,-82.00731,3/14/2024,330195,2024-03-14 18:02:10 UTC,P,,,2/22/2023,,,,,J1772COMBO,US,,,,Public,,public,,,CONVENIENCE_STORE,,,,,,,,,,,,,,,,,FALSE,,,,,,,,MD,FALSE
ELEC,CircleK - Mission Veijo,26052 Marguerite Pkwy,,Mission Viejo,CA,92692,,833-505-2291,E,,Public,24 hours daily,CREDIT,,,,,,4,,CIRCLE_K,https://www.circlek.com/charge/,200-8,33.58486,-117.65934,3/14/2024,330196,2024-03-14 18:02:10 UTC,P,,,2/29/2024,,,,,J1772COMBO,US,,,,Public,,public,,,CONVENIENCE_STORE,,,,,,,,,,,,,,,,,FALSE,,,,,,,,MD,FALSE
ELEC,CircleK - Cherry Valley,2301 S Perryville Rd,,Cherry Valley,IL,61016,,833-505-2291,E,,Public,24 hours daily,CREDIT,,,,,,4,,CIRCLE_K,https://www.circlek.com/charge/,200-8,42.24248,-88.98008,3/14/2024,330197,2024-03-14 18:02:10 UTC,P,,,3/5/2024,,,,,J1772COMBO,US,,,,Public,,public,,,CONVENIENCE_STORE,,,,,,,,,,,,,,,,,FALSE,,,,,,,,MD,FALSE
ELEC,South San Fransisco Taco Bell,465 El Camino Real,Taco Bell Parking Lot,South San Francisco,CA,94080,,424-408-1064,E,,Public - Credit card at all times,24 hours daily,A CREDIT D M V,,,,,,6,,CHARGENET,https://chargenetstations.com/,GPS,37.6468,-122.42917,4/14/2024,331046,2024-04-14 22:11:34 UTC,P,,,10/18/2022,,,,,CHADEMO J1772COMBO TESLA,US,,,,Public - Carte de crédit en tout temps,,public,CREDIT_CARD_ALWAYS,,RESTAURANT,,,,,,,$0.34-$0.53 per kW depending on time of day and payment method,,,,,,,,,SOLAR,FALSE,,,,,,,,MD,FALSE
ELEC,Rohnert Parl Taco Bell,5000 Redwood Dr,Taco Bell Parking Lot,Rohnert Park,CA,94928,,424-408-1064,E,,Public - Credit card at all times,24 hours daily,A CREDIT D M V,,,,,,6,,CHARGENET,https://chargenetstations.com/,GPS,38.36471,-122.71321,4/14/2024,331048,2024-04-14 22:11:34 UTC,P,,,3/6/2024,,,,,CHADEMO J1772COMBO TESLA,US,,,,Public - Carte de crédit en tout temps,,public,CREDIT_CARD_ALWAYS,,RESTAURANT,,,,,,,$0.44 per kW,,,,,,,,,SOLAR,FALSE,,,,,,,,MD,FALSE
ELEC,CircleK - Cherry Valley,536 Edwardsville Rd,,Troy,IL,62294,,833-505-2291,E,,Public,24 hours daily,CREDIT,,,,,,4,,CIRCLE_K,https://www.circlek.com/charge/,200-8,38.73192,-89.89832,4/14/2024,332164,2024-04-14 22:11:34 UTC,P,,,3/7/2024,,,,,J1772COMBO,US,,,,Public,,public,,,CONVENIENCE_STORE,,,,,,,,,,,,,,,,,FALSE,,,,,,,,MD,FALSE
ELEC,"UnionBank - Modesto, CA #2",805 North H St,,Lompoc,CA,93436,,,E,,Public,24 hours daily,ANDROID_PAY APPLE_PAY CREDIT Debit V,,,,,,4,,LOOP,https://evloop.io,200-8,34.65054,-120.4583,,346617,2024-05-21 19:21:23 UTC,P,,,8/11/2023,,,,,J1772COMBO,US,,,,Public,,public,,,BANK,,,,,,,,,,,,,,,,,FALSE,,,,,,,,HD,FALSE
ELEC,"UnionBank - Capitola, CA #2",601 Bay Ave,,Capitola,CA,95010,,,E,,Public,24 hours daily,ANDROID_PAY APPLE_PAY CREDIT Debit V,,,,,,2,,LOOP,https://evloop.io,200-8,36.97874,-121.9536,,346618,2024-05-21 19:25:32 UTC,P,,,8/23/2023,,,,,J1772COMBO,US,,,,Public,,public,,,BANK,,,,,,,,,,,,,,,,,FALSE,,,,,,,,HD,FALSE
ELEC,UnionBank - Berkeley #2,2333 Shattuck Ave,,Berkeley,CA,94704,,,E,,Public,24 hours daily,ANDROID_PAY APPLE_PAY CREDIT Debit V,,,,,,4,,LOOP,https://evloop.io,200-8,37.86697,-122.26723,,346619,2024-05-21 19:49:58 UTC,P,,,11/29/2023,,,,,J1772COMBO,US,,,,Public,,public,,,BANK,,,,,,,,,,,,,,,,,FALSE,,,,,,,,HD,FALSE
ELEC,"CircleK - Goldsboro, NC",2707 N William St,,Goldsboro,NC,27534,,833-505-2291,E,,Public,24 hours daily,CREDIT,,,,,,4,,CIRCLE_K,https://www.circlek.com/charge/,200-8,35.42199,-77.98096,,346746,2024-05-23 17:50:26 UTC,P,,,4/17/2024,,,,,J1772COMBO,US,,,,Public,,public,,,CONVENIENCE_STORE,,,,,,,,,,,,,,,,,FALSE,,,,,,,,MD,FALSE
ELEC,"CircleK - Hickory, NC",2350 Hwy 70 SE,,Hickory,NC,28602,,833-505-2291,E,,Public,24 hours daily,CREDIT,,,,,,4,,CIRCLE_K,https://www.circlek.com/charge/,200-8,35.70134,-81.29351,,346747,2024-05-23 17:53:56 UTC,P,,,4/18/2024,,,,,J1772COMBO,US,,,,Public,,public,,,CONVENIENCE_STORE,,,,,,,,,,,,,,,,,FALSE,,,,,,,,MD,FALSE
ELEC,CircleK - Plymouth,3020 Fernbrook Ln,,Plymouth,MN,55447,,833-505-2291,E,,Public,24 hours daily,CREDIT,,,,,,4,,CIRCLE_K,https://www.circlek.com/charge/,200-8,45.01375,-93.46062,,346748,2024-05-23 17:59:41 UTC,P,,,4/25/2024,,,,,J1772COMBO,US,,,,Public,,public,,,CONVENIENCE_STORE,,,,,,,,,,,,,,,,,FALSE,,,,,,,,MD,FALSE
